rank	gene	geary_c	pval_norm	var_norm	pval_norm_fdr_bh
1	Nrgn	0.1264812714	0	0.0001307333572	0
2	Mbp	0.1328545824	0	0.0001307333572	0
3	Camk2n1	0.1351057919	0	0.0001307333572	0
4	Slc17a7	0.1388196322	0	0.0001307333572	0
5	Ttr	0.1561555649	0	0.0001307333572	0
6	Prkcd	0.176517919	0	0.0001307333572	0
7	Pmch	0.1802396872	0	0.0001307333572	0
8	Agrp	0.1839202051	0	0.0001307333572	0
9	Fth1	0.1889310362	0	0.0001307333572	0
10	Mobp	0.1892864628	0	0.0001307333572	0
11	Cck	0.1895506909	0	0.0001307333572	0
12	Tcf7l2	0.2053847667	0	0.0001307333572	0
13	Ddn	0.2151851471	0	0.0001307333572	0
14	Olfm1	0.2381488998	0	0.0001307333572	0
15	Agt	0.2403483392	0	0.0001307333572	0
16	Tnnt1	0.2461196489	0	0.0001307333572	0
17	Sparc	0.24850813	0	0.0001307333572	0
18	Nptxr	0.2495406393	0	0.0001307333572	0
19	Hcrt	0.2520356788	0	0.0001307333572	0
20	Plp1	0.2533149436	0	0.0001307333572	0
21	Psd	0.2580471793	0	0.0001307333572	0
22	Gal	0.2603008973	0	0.0001307333572	0
23	Baiap3	0.2606647073	0	0.0001307333572	0
24	Pcp4	0.2677468307	0	0.0001307333572	0
25	Itpka	0.2749034607	0	0.0001307333572	0
26	Mef2c	0.2757178383	0	0.0001307333572	0
27	Snap25	0.2761581315	0	0.0001307333572	0
28	Ctxn1	0.2842869533	0	0.0001307333572	0
29	Gpx3	0.2873037897	0	0.0001307333572	0
30	Gm5741	0.2905639786	0	0.0001307333572	0
31	Nnat	0.2907673048	0	0.0001307333572	0
32	Trf	0.2951010011	0	0.0001307333572	0
33	Plekhb1	0.2960240376	0	0.0001307333572	0
34	Calm1	0.3004529153	0	0.0001307333572	0
35	Fezf1	0.3033673464	0	0.0001307333572	0
36	Ppp3ca	0.3038128545	0	0.0001307333572	0
37	Cnp	0.3074523077	0	0.0001307333572	0
38	Stx1a	0.3116553365	0	0.0001307333572	0
39	Chn1	0.3141058251	0	0.0001307333572	0
40	Ctxn3	0.3167423256	0	0.0001307333572	0
41	Tmsb4x	0.3169036448	0	0.0001307333572	0
42	Hpcal4	0.3182606335	0	0.0001307333572	0
43	Mal	0.3204898576	0	0.0001307333572	0
44	Cldn11	0.326706606	0	0.0001307333572	0
45	Calb2	0.327639495	0	0.0001307333572	0
46	Dbi	0.3304132399	0	0.0001307333572	0
47	Hpca	0.3319514046	0	0.0001307333572	0
48	3110035E14Rik	0.3329909136	0	0.0001307333572	0
49	Selenow	0.3355843763	0	0.0001307333572	0
50	Cplx2	0.3360032855	0	0.0001307333572	0
51	Slc30a3	0.3360198241	0	0.0001307333572	0
52	Synpo2	0.3360752689	0	0.0001307333572	0
53	Shox2	0.33868654	0	0.0001307333572	0
54	Zic1	0.338819168	0	0.0001307333572	0
55	Hap1	0.3388352104	0	0.0001307333572	0
56	Cbln1	0.3398450317	0	0.0001307333572	0
57	Snca	0.3423207557	0	0.0001307333572	0
58	Gpm6a	0.3437171677	0	0.0001307333572	0
59	Lamp5	0.3465700911	0	0.0001307333572	0
60	Resp18	0.3483367875	0	0.0001307333572	0
61	6330403K07Rik	0.3488049794	0	0.0001307333572	0
62	Zcchc12	0.3495550034	0	0.0001307333572	0
63	Ramp3	0.3508363079	0	0.0001307333572	0
64	Mag	0.3517647976	0	0.0001307333572	0
65	Calm2	0.3521967722	0	0.0001307333572	0
66	Nsmf	0.3522330613	0	0.0001307333572	0
67	Rtn1	0.3533238123	0	0.0001307333572	0
68	Qdpr	0.3539160348	0	0.0001307333572	0
69	Ttc9b	0.3602462719	0	0.0001307333572	0
70	Ly6h	0.3616637653	0	0.0001307333572	0
71	Slc17a6	0.3624432164	0	0.0001307333572	0
72	Bcas1	0.3634853238	0	0.0001307333572	0
73	Sptbn2	0.3641836008	0	0.0001307333572	0
74	Rps27a	0.3654645876	0	0.0001307333572	0
75	Nov	0.3657855843	0	0.0001307333572	0
76	Dlk1	0.3666235986	0	0.0001307333572	0
77	AW551984	0.3666455441	0	0.0001307333572	0
78	1110008P14Rik	0.3686594978	0	0.0001307333572	0
79	Ngb	0.3687753917	0	0.0001307333572	0
80	Tbr1	0.369194408	0	0.0001307333572	0
81	Amotl1	0.3719407271	0	0.0001307333572	0
82	Spink8	0.3722404719	0	0.0001307333572	0
83	Cryab	0.372339155	0	0.0001307333572	0
84	Arhgap36	0.3725257242	0	0.0001307333572	0
85	Ptgds	0.3729394568	0	0.0001307333572	0
86	Rasgrp1	0.3734874098	0	0.0001307333572	0
87	Defb11	0.3748257286	0	0.0001307333572	0
88	Mog	0.3749403733	0	0.0001307333572	0
89	Uchl1	0.3757872932	0	0.0001307333572	0
90	2900040C04Rik	0.3761229443	0	0.0001307333572	0
91	Rps12	0.3774384723	0	0.0001307333572	0
92	Arpp21	0.3784741644	0	0.0001307333572	0
93	Lypd1	0.379679284	0	0.0001307333572	0
94	Cplx1	0.3807677039	0	0.0001307333572	0
95	Pcsk1n	0.3825523766	0	0.0001307333572	0
96	Icam5	0.3837390248	0	0.0001307333572	0
97	1500015O10Rik	0.3856793679	0	0.0001307333572	0
98	Plekhg1	0.3859663754	0	0.0001307333572	0
99	Adora2a	0.3861328112	0	0.0001307333572	0
100	Baiap2	0.3861845893	0	0.0001307333572	0
101	Folr1	0.3864493321	0	0.0001307333572	0
102	Sept4	0.3866213407	0	0.0001307333572	0
103	Irs4	0.3888199651	0	0.0001307333572	0
104	Atp1a1	0.3889377731	0	0.0001307333572	0
105	Hpcal1	0.3906404034	0	0.0001307333572	0
106	Ntng1	0.391038105	0	0.0001307333572	0
107	Sv2b	0.392065082	0	0.0001307333572	0
108	Ngef	0.3937305382	0	0.0001307333572	0
109	Adcy1	0.3943186069	0	0.0001307333572	0
110	Ndrg4	0.3943421839	0	0.0001307333572	0
111	Prkcb	0.3950971487	0	0.0001307333572	0
112	Rps8	0.3985458618	0	0.0001307333572	0
113	Ptk2b	0.3986232869	0	0.0001307333572	0
114	Gda	0.3987268941	0	0.0001307333572	0
115	Fbxl16	0.3987511105	0	0.0001307333572	0
116	Dnm1	0.4001349786	0	0.0001307333572	0
117	Scn1b	0.4005600376	0	0.0001307333572	0
118	Rpl35a	0.4006046424	0	0.0001307333572	0
119	Crym	0.4010666461	0	0.0001307333572	0
120	Eef1a1	0.4011380461	0	0.0001307333572	0
121	Penk	0.4020151551	0	0.0001307333572	0
122	Pdp1	0.4023619215	0	0.0001307333572	0
123	Cabp1	0.4035085842	0	0.0001307333572	0
124	Pou4f1	0.403529445	0	0.0001307333572	0
125	Rpl17	0.4037832394	0	0.0001307333572	0
126	Cartpt	0.4066414919	0	0.0001307333572	0
127	Enpp2	0.4066685432	0	0.0001307333572	0
128	Calml4	0.4085570738	0	0.0001307333572	0
129	Arf3	0.4087447016	0	0.0001307333572	0
130	Wfdc2	0.4101868742	0	0.0001307333572	0
131	Rora	0.4105731985	0	0.0001307333572	0
132	Tspan2	0.4106923313	0	0.0001307333572	0
133	Clic6	0.4111864831	0	0.0001307333572	0
134	Gfap	0.4115819189	0	0.0001307333572	0
135	Enc1	0.4118457457	0	0.0001307333572	0
136	Prr32	0.4141181233	0	0.0001307333572	0
137	Slc6a11	0.4153513697	0	0.0001307333572	0
138	Lmo4	0.4154479649	0	0.0001307333572	0
139	Kcnj13	0.4180513156	0	0.0001307333572	0
140	Rprml	0.418675172	0	0.0001307333572	0
141	Trh	0.4188725227	0	0.0001307333572	0
142	Tmem88b	0.4191262308	0	0.0001307333572	0
143	Tmsb10	0.4198704025	0	0.0001307333572	0
144	Nap1l5	0.4199485569	0	0.0001307333572	0
145	Slc16a8	0.4213076419	0	0.0001307333572	0
146	Gap43	0.4223431783	0	0.0001307333572	0
147	Cbln4	0.4226194573	0	0.0001307333572	0
148	Gm38534	0.4228539174	0	0.0001307333572	0
149	Oxt	0.4235322506	0	0.0001307333572	0
150	Syt1	0.4244217955	0	0.0001307333572	0
151	Vsnl1	0.4245833441	0	0.0001307333572	0
152	Ermn	0.42588286	0	0.0001307333572	0
153	Rpl9	0.426074773	0	0.0001307333572	0
154	Ncdn	0.4261702602	0	0.0001307333572	0
155	Apod	0.4274167415	0	0.0001307333572	0
156	Rims3	0.4279883871	0	0.0001307333572	0
157	Dlgap1	0.4286228792	0	0.0001307333572	0
158	Adarb1	0.4303519852	0	0.0001307333572	0
159	Ppp3r1	0.4304409543	0	0.0001307333572	0
160	Kcne2	0.430612786	0	0.0001307333572	0
161	Igfbp6	0.4311232229	0	0.0001307333572	0
162	Ecel1	0.4327458517	0	0.0001307333572	0
163	Tmem72	0.4328950892	0	0.0001307333572	0
164	Rgs4	0.4335638785	0	0.0001307333572	0
165	Ppp1r14a	0.4339568956	0	0.0001307333572	0
166	Zbtb18	0.4357894944	0	0.0001307333572	0
167	Cga	0.4359582422	0	0.0001307333572	0
168	Bc1	0.438086821	0	0.0001307333572	0
169	Atp2b1	0.4382549472	0	0.0001307333572	0
170	Epop	0.4382671457	0	0.0001307333572	0
171	Prkcg	0.4399967838	0	0.0001307333572	0
172	Otp	0.4410863964	0	0.0001307333572	0
173	Kcnh3	0.4419810747	0	0.0001307333572	0
174	Slc4a5	0.4422075597	0	0.0001307333572	0
175	Ndn	0.4428621033	0	0.0001307333572	0
176	Ywhah	0.4444314389	0	0.0001307333572	0
177	Tmem132a	0.4446118464	0	0.0001307333572	0
178	Ghrh	0.4459019549	0	0.0001307333572	0
179	Syn2	0.4462533467	0	0.0001307333572	0
180	Opalin	0.4466354702	0	0.0001307333572	0
181	Pdlim2	0.4468645162	0	0.0001307333572	0
182	Gpr88	0.4484729076	0	0.0001307333572	0
183	Ugt8a	0.4485837821	0	0.0001307333572	0
184	Nptx1	0.4487743715	0	0.0001307333572	0
185	Pde1a	0.4493222128	0	0.0001307333572	0
186	Nrsn2	0.449377959	0	0.0001307333572	0
187	Kalrn	0.4494109792	0	0.0001307333572	0
188	Nrn1	0.450078453	0	0.0001307333572	0
189	Gsn	0.4503766089	0	0.0001307333572	0
190	Zwint	0.4528491055	0	0.0001307333572	0
191	Dkk3	0.4536659772	0	0.0001307333572	0
192	Ppp1r1a	0.4537577431	0	0.0001307333572	0
193	Fa2h	0.4539993832	0	0.0001307333572	0
194	Rps11	0.454266039	0	0.0001307333572	0
195	Cnih2	0.4555052194	0	0.0001307333572	0
196	Aqp1	0.4555897961	0	0.0001307333572	0
197	Csrp1	0.4560660414	0	0.0001307333572	0
198	Pllp	0.4566812122	0	0.0001307333572	0
199	Dgkz	0.4567514421	0	0.0001307333572	0
200	Rpl14	0.4569727374	0	0.0001307333572	0
201	Tac1	0.457438221	0	0.0001307333572	0
202	Fam131a	0.4588229332	0	0.0001307333572	0
203	Basp1	0.4590049186	0	0.0001307333572	0
204	Fxyd6	0.4591983388	0	0.0001307333572	0
205	Lbhd2	0.4591994869	0	0.0001307333572	0
206	Myh7	0.4609509263	0	0.0001307333572	0
207	Camkv	0.4611250912	0	0.0001307333572	0
208	2010300C02Rik	0.4613010776	0	0.0001307333572	0
209	Lmo3	0.4613848972	0	0.0001307333572	0
210	Mpped1	0.4617485787	0	0.0001307333572	0
211	Lingo1	0.4630136728	0	0.0001307333572	0
212	Gm32468	0.4635870916	0	0.0001307333572	0
213	Ptpn3	0.4636417724	0	0.0001307333572	0
214	Trbc2	0.4645925326	0	0.0001307333572	0
215	Dclk1	0.4662442414	0	0.0001307333572	0
216	Cx3cl1	0.4664038037	0	0.0001307333572	0
217	Rasgef1a	0.4674771935	0	0.0001307333572	0
218	Foxg1	0.4674986728	0	0.0001307333572	0
219	Neurod6	0.4677003017	0	0.0001307333572	0
220	Rgs7bp	0.4679445359	0	0.0001307333572	0
221	H2-Q2	0.4689796838	0	0.0001307333572	0
222	Crabp1	0.4697167034	0	0.0001307333572	0
223	Gatm	0.4697970153	0	0.0001307333572	0
224	Prr18	0.4698697637	0	0.0001307333572	0
225	Ahi1	0.4699404	0	0.0001307333572	0
226	F5	0.4701793438	0	0.0001307333572	0
227	Thy1	0.4710800238	0	0.0001307333572	0
228	Prkar1b	0.4730473499	0	0.0001307333572	0
229	Rps9	0.4735015355	0	0.0001307333572	0
230	Gabrq	0.4735154549	0	0.0001307333572	0
231	Atp1b1	0.4743765275	0	0.0001307333572	0
232	Igsf1	0.4751600994	0	0.0001307333572	0
233	Pld3	0.4758604796	0	0.0001307333572	0
234	Bsn	0.4766178447	0	0.0001307333572	0
235	Cabp7	0.4768946444	0	0.0001307333572	0
236	Gpr37	0.4769381329	0	0.0001307333572	0
237	Six3	0.4769390283	0	0.0001307333572	0
238	Rps3a1	0.4777655722	0	0.0001307333572	0
239	Arpp19	0.4789050656	0	0.0001307333572	0
240	Gria2	0.4793525918	0	0.0001307333572	0
241	Rps5	0.4810053863	0	0.0001307333572	0
242	Itih3	0.4821287244	0	0.0001307333572	0
243	Clstn1	0.4832250766	0	0.0001307333572	0
244	Foxp2	0.4837363326	0	0.0001307333572	0
245	Steap1	0.4843642295	0	0.0001307333572	0
246	Zfhx3	0.4850173141	0	0.0001307333572	0
247	Ndrg1	0.485776946	0	0.0001307333572	0
248	Car2	0.4865312696	0	0.0001307333572	0
249	Tppp3	0.4869059377	0	0.0001307333572	0
250	Cldn2	0.4870223502	0	0.0001307333572	0
251	Rprm	0.4871345553	0	0.0001307333572	0
252	Bex2	0.487388035	0	0.0001307333572	0
253	Tmem130	0.4900363833	0	0.0001307333572	0
254	Dynll1	0.4905599511	0	0.0001307333572	0
255	Rpl11	0.4907068957	0	0.0001307333572	0
256	Kcnj4	0.4907464616	0	0.0001307333572	0
257	Rpl22l1	0.4914331448	0	0.0001307333572	0
258	Atp2a2	0.4933088783	0	0.0001307333572	0
259	Kcnip2	0.493603459	0	0.0001307333572	0
260	Sostdc1	0.4952867384	0	0.0001307333572	0
261	Patj	0.4953202542	0	0.0001307333572	0
262	Six6	0.495790891	0	0.0001307333572	0
263	Tmem212	0.4970677836	0	0.0001307333572	0
264	Rpl8	0.498145254	0	0.0001307333572	0
265	Calb1	0.498447908	0	0.0001307333572	0
266	Ppp1r1b	0.4985552858	0	0.0001307333572	0
267	Lbp	0.4989881023	0	0.0001307333572	0
268	Syt5	0.5005559537	0	0.0001307333572	0
269	Sst	0.5013449526	0	0.0001307333572	0
270	Bhlhe22	0.5014753754	0	0.0001307333572	0
271	Syp	0.5023844229	0	0.0001307333572	0
272	Rab3a	0.5038034412	0	0.0001307333572	0
273	Ipcef1	0.5042070458	0	0.0001307333572	0
274	Kl	0.5051251962	0	0.0001307333572	0
275	Nkx2-4	0.5051611533	0	0.0001307333572	0
276	Fxyd7	0.5051914633	0	0.0001307333572	0
277	Frmpd1os	0.5053861537	0	0.0001307333572	0
278	Gm11549	0.5054638106	0	0.0001307333572	0
279	Atp2b4	0.5064838899	0	0.0001307333572	0
280	Cpne6	0.5067844035	0	0.0001307333572	0
281	Snrpn	0.5074236883	0	0.0001307333572	0
282	Avp	0.5082500869	0	0.0001307333572	0
283	Wfs1	0.5083194366	0	0.0001307333572	0
284	Cyp26b1	0.5085962078	0	0.0001307333572	0
285	Rpl10	0.5088435409	0	0.0001307333572	0
286	Dkkl1	0.5104280323	0	0.0001307333572	0
287	Rab37	0.5104400489	0	0.0001307333572	0
288	Grb14	0.5115028829	0	0.0001307333572	0
289	Neurl1a	0.512001871	0	0.0001307333572	0
290	Pvalb	0.5130718643	0	0.0001307333572	0
291	Vamp1	0.5131869472	0	0.0001307333572	0
292	Tubb2a	0.5137690088	0	0.0001307333572	0
293	Cacng3	0.5138030361	0	0.0001307333572	0
294	Chrm1	0.5145755717	0	0.0001307333572	0
295	Syn1	0.5147028526	0	0.0001307333572	0
296	Gnas	0.5147500445	0	0.0001307333572	0
297	Wdr6	0.5149031514	0	0.0001307333572	0
298	Krt18	0.5151640334	0	0.0001307333572	0
299	Ptpn4	0.5152062943	0	0.0001307333572	0
300	Mapk1	0.5153405154	0	0.0001307333572	0
301	Gaa	0.5164903275	0	0.0001307333572	0
302	Ncald	0.5165705868	0	0.0001307333572	0
303	Gabrd	0.5169157469	0	0.0001307333572	0
304	Bok	0.5173052236	0	0.0001307333572	0
305	Egr3	0.5180568006	0	0.0001307333572	0
306	Chrnb4	0.5184580917	0	0.0001307333572	0
307	Rps6	0.5188327047	0	0.0001307333572	0
308	Aldoa	0.5190465783	0	0.0001307333572	0
309	Scg2	0.5212097495	0	0.0001307333572	0
310	Stmn3	0.5214228606	0	0.0001307333572	0
311	Neurod2	0.5214392016	0	0.0001307333572	0
312	Olig1	0.5232555777	0	0.0001307333572	0
313	Stmn2	0.5235208325	0	0.0001307333572	0
314	Col8a2	0.5237743942	0	0.0001307333572	0
315	Wipf3	0.5241935138	0	0.0001307333572	0
316	Slc24a2	0.5243659719	0	0.0001307333572	0
317	Evi2a	0.525052829	0	0.0001307333572	0
318	Plekhh1	0.5251001444	0	0.0001307333572	0
319	Calcr	0.5251234537	0	0.0001307333572	0
320	Rhog	0.5253080136	0	0.0001307333572	0
321	Synpr	0.5255506303	0	0.0001307333572	0
322	Aspa	0.5256143299	0	0.0001307333572	0
323	Gabbr2	0.52694227	0	0.0001307333572	0
324	Cit	0.5282059035	0	0.0001307333572	0
325	C1qtnf4	0.5292522234	0	0.0001307333572	0
326	Lpar1	0.5303773253	0	0.0001307333572	0
327	Gabre	0.5306726843	0	0.0001307333572	0
328	Rasgrf2	0.5313301953	0	0.0001307333572	0
329	Adgrb2	0.5320565533	0	0.0001307333572	0
330	Hs3st2	0.5335898591	0	0.0001307333572	0
331	Myl4	0.5336247438	0	0.0001307333572	0
332	Wasf1	0.5338297039	0	0.0001307333572	0
333	Necab2	0.5351367797	0	0.0001307333572	0
334	Cyfip2	0.5355369508	0	0.0001307333572	0
335	Fibcd1	0.5358769238	0	0.0001307333572	0
336	Rpl3	0.536045426	0	0.0001307333572	0
337	Gjb1	0.5365678171	0	0.0001307333572	0
338	Ccdc136	0.5367931544	0	0.0001307333572	0
339	Ywhaz	0.5368906584	0	0.0001307333572	0
340	Osbpl1a	0.5370879143	0	0.0001307333572	0
341	Ogfrl1	0.537278301	0	0.0001307333572	0
342	Rgs16	0.5375166691	0	0.0001307333572	0
343	Mmp17	0.5375299607	0	0.0001307333572	0
344	Otx2	0.5375929682	0	0.0001307333572	0
345	Rps15a	0.5378815022	0	0.0001307333572	0
346	Tmem91	0.5398046093	0	0.0001307333572	0
347	Gng3	0.5409566929	0	0.0001307333572	0
348	Vat1l	0.5418003459	0	0.0001307333572	0
349	Hlf	0.5422813907	0	0.0001307333572	0
350	Mmd	0.5425501187	0	0.0001307333572	0
351	Nkx6-2	0.5426478887	0	0.0001307333572	0
352	Caly	0.5432573282	0	0.0001307333572	0
353	Cd59a	0.5434013576	0	0.0001307333572	0
354	Plcb4	0.5441999454	0	0.0001307333572	0
355	Nsf	0.5448505258	0	0.0001307333572	0
356	Tagln3	0.5449205313	0	0.0001307333572	0
357	Stxbp1	0.5453712119	0	0.0001307333572	0
358	Dynlrb2	0.5454731797	0	0.0001307333572	0
359	Cmtm5	0.545557791	0	0.0001307333572	0
360	Gabra1	0.5456568424	0	0.0001307333572	0
361	Ccdc153	0.545940877	0	0.0001307333572	0
362	Tuba4a	0.5459827759	0	0.0001307333572	0
363	Itm2c	0.5462980385	0	0.0001307333572	0
364	Npy	0.5463226955	0	0.0001307333572	0
365	Ak5	0.5463970588	0	0.0001307333572	0
366	Atp1a3	0.5464882417	0	0.0001307333572	0
367	Fam183b	0.5468049379	0	0.0001307333572	0
368	Cpne9	0.548038854	0	0.0001307333572	0
369	Serpini1	0.5500611808	0	0.0001307333572	0
370	Tyrp1	0.5501297517	0	0.0001307333572	0
371	Nr5a1	0.5502075437	0	0.0001307333572	0
372	Drc7	0.550241809	0	0.0001307333572	0
373	Efnb3	0.5505758998	0	0.0001307333572	0
374	Chgb	0.5513053809	0	0.0001307333572	0
375	Nts	0.5513914092	0	0.0001307333572	0
376	Wdr86	0.5515276519	0	0.0001307333572	0
377	Lrrc10b	0.5518323543	0	0.0001307333572	0
378	Atp1a2	0.5523960939	0	0.0001307333572	0
379	Pnck	0.5527119562	0	0.0001307333572	0
380	Ephx4	0.5532699077	0	0.0001307333572	0
381	Nr4a2	0.5537068614	0	0.0001307333572	0
382	Ins2	0.553962648	0	0.0001307333572	0
383	Abca4	0.5542490994	0	0.0001307333572	0
384	Diras2	0.5545253974	0	0.0001307333572	0
385	Gapdh	0.5549310526	0	0.0001307333572	0
386	Cacnb3	0.5554041337	0	0.0001307333572	0
387	Plxnd1	0.5556114908	0	0.0001307333572	0
388	Pacs2	0.5557155003	0	0.0001307333572	0
389	Ttyh2	0.5557864874	0	0.0001307333572	0
390	Kcnab2	0.5560894888	0	0.0001307333572	0
391	Pgrmc1	0.5562900898	0	0.0001307333572	0
392	Atp6v1g2	0.5563298953	0	0.0001307333572	0
393	Pcsk2	0.5575680279	0	0.0001307333572	0
394	Nefh	0.5583225481	0	0.0001307333572	0
395	Asb4	0.5586774431	0	0.0001307333572	0
396	C1ql2	0.5595623395	0	0.0001307333572	0
397	Phldb1	0.559746139	0	0.0001307333572	0
398	Camk4	0.5600966207	0	0.0001307333572	0
399	Car12	0.5601125535	0	0.0001307333572	0
400	Nefl	0.5605262363	0	0.0001307333572	0
401	Camk2b	0.561145733	0	0.0001307333572	0
402	Aldh1a1	0.5612947265	0	0.0001307333572	0
403	Cers2	0.5615820886	0	0.0001307333572	0
404	Hcn2	0.5620947082	0	0.0001307333572	0
405	Itpr1	0.5621622141	0	0.0001307333572	0
406	Slc44a1	0.5621765802	0	0.0001307333572	0
407	Syt7	0.5623223569	0	0.0001307333572	0
408	Cfap126	0.5624119744	0	0.0001307333572	0
409	Prkce	0.5626564343	0	0.0001307333572	0
410	Trnp1	0.5632391647	0	0.0001307333572	0
411	Gjc2	0.5649633254	0	0.0001307333572	0
412	Rasd1	0.5652334709	0	0.0001307333572	0
413	Desi1	0.5654067966	0	0.0001307333572	0
414	Gna12	0.5655297165	0	0.0001307333572	0
415	Gabra4	0.5662007199	0	0.0001307333572	0
416	AI593442	0.56622173	0	0.0001307333572	0
417	Mia	0.5666650375	0	0.0001307333572	0
418	Myrf	0.5666708034	0	0.0001307333572	0
419	Nptn	0.5668073472	0	0.0001307333572	0
420	Bex1	0.5671799288	0	0.0001307333572	0
421	Nkx2-1	0.5675803813	0	0.0001307333572	0
422	Ppp1r17	0.5676152469	0	0.0001307333572	0
423	Rab3c	0.5677255185	0	0.0001307333572	0
424	Plppr4	0.5680357073	0	0.0001307333572	0
425	Pgm2l1	0.5681750858	0	0.0001307333572	0
426	Plk2	0.5682609126	0	0.0001307333572	0
427	Arhgap33	0.5685119262	0	0.0001307333572	0
428	Fam163b	0.5686615481	0	0.0001307333572	0
429	Tmem63a	0.5692248952	6.29030318e-311	0.0001307333572	5.86508455e-310
430	Cox8b	0.5694838665	1.477122024e-310	0.0001307333572	1.374066999e-309
431	Phf24	0.5695306159	1.723135262e-310	0.0001307333572	1.599197459e-309
432	Satb2	0.570301003	2.176579338e-309	0.0001307333572	2.015351238e-308
433	Nefm	0.5704030926	3.045008562e-309	0.0001307333572	2.812940934e-308
434	Rax	0.5705379537	4.744132132e-309	0.0001307333572	4.372472011e-308
435	Tac2	0.5705834336	5.509141159e-309	0.0001307333572	5.065876928e-308
436	Ccl27a	0.5708724144	1.423878781e-308	0.0001307333572	1.306310808e-307
437	Gpr101	0.57095157	1.846644409e-308	0.0001307333572	1.690292365e-307
438	Thra	0.5710806826	2.821690929e-308	0.0001307333572	2.576886693e-307
439	Nexn	0.5714079683	8.260383997e-308	0.0001307333572	7.526545783e-307
440	Grm1	0.5729454169	1.269453055e-305	0.0001307333572	1.154048232e-304
441	Pcp4l1	0.5733553789	4.845678712e-305	0.0001307333572	4.395173435e-304
442	Rtn4r	0.5734836604	7.366685493e-305	0.0001307333572	6.666683704e-304
443	Eno2	0.5735199909	8.29435917e-305	0.0001307333572	7.489263359e-304
444	Vstm2l	0.5742116814	7.918669931e-304	0.0001307333572	7.133936875e-303
445	Krt12	0.5749103863	7.706299673e-303	0.0001307333572	6.927010942e-302
446	Chst1	0.5750782721	1.330604542e-302	0.0001307333572	1.193367303e-301
447	Ldha	0.5753651027	3.381354702e-302	0.0001307333572	3.025820763e-301
448	Nrip3	0.5755804808	6.80852094e-302	0.0001307333572	6.079036554e-301
449	Gjc3	0.5756224836	7.803928303e-302	0.0001307333572	6.952274658e-301
450	Zdhhc22	0.5769234101	5.307001009e-300	0.0001307333572	4.71733423e-299
451	Pifo	0.5774797177	3.211966321e-299	0.0001307333572	2.848750617e-298
452	Prkacb	0.5777742326	8.323622415e-299	0.0001307333572	7.366037535e-298
453	Tesc	0.5781219033	2.559303026e-298	0.0001307333572	2.259870222e-297
454	Myoc	0.5785021017	8.731934268e-298	0.0001307333572	7.693334157e-297
455	Nr2f2	0.579468033	1.963643925e-296	0.0001307333572	1.726280373e-295
456	Gprasp2	0.5797130706	4.320497698e-296	0.0001307333572	3.789910261e-295
457	Eps8l2	0.579791493	5.560281791e-296	0.0001307333572	4.866767432e-295
458	Kcnv1	0.5806877339	9.903199906e-295	0.0001307333572	8.649082887e-294
459	Sowaha	0.5807668217	1.276474989e-294	0.0001307333572	1.112396504e-293
460	Trim54	0.5818645551	4.304738935e-293	0.0001307333572	3.743251248e-292
461	Camkk2	0.5818832615	4.570350501e-293	0.0001307333572	3.965596964e-292
462	Spint2	0.5820193216	7.063898894e-293	0.0001307333572	6.115929778e-292
463	Satb1	0.5820222096	7.129473902e-293	0.0001307333572	6.159372701e-292
464	Nsg2	0.5821444952	1.054278021e-292	0.0001307333572	9.08860363e-292
465	Plcb1	0.5823368008	1.950000845e-292	0.0001307333572	1.677420082e-291
466	Abhd12b	0.5832038536	3.109556425e-291	0.0001307333572	2.669147146e-290
467	Sox10	0.583404109	5.889955515e-291	0.0001307333572	5.044929778e-290
468	Litaf	0.5837271087	1.649236231e-290	0.0001307333572	1.409603616e-289
469	Cdh26	0.5840485654	4.591699778e-290	0.0001307333572	3.916161858e-289
470	Gltp	0.5851247072	1.406598285e-288	0.0001307333572	1.197104924e-287
471	Peg3	0.5852953365	2.418038131e-288	0.0001307333572	2.053535568e-287
472	Ptprn	0.5853853868	3.218111333e-288	0.0001307333572	2.727212994e-287
473	Cnksr2	0.5856920838	8.515164231e-288	0.0001307333572	7.20098455e-287
474	Pla2g16	0.5863885951	7.740036819e-287	0.0001307333572	6.531676641e-286
475	Rpl6	0.5866791089	1.941229924e-286	0.0001307333572	1.634719936e-285
476	Cnih3	0.587786764	6.427833914e-285	0.0001307333572	5.401541104e-284
477	Plcxd2	0.5879459044	1.061968415e-284	0.0001307333572	8.90539551e-284
478	Ndufa4	0.5882273586	2.579535929e-284	0.0001307333572	2.158607472e-283
479	Crip2	0.5883138556	3.387971791e-284	0.0001307333572	2.829204001e-283
480	Slc12a2	0.5883920028	4.333984135e-284	0.0001307333572	3.611653446e-283
481	Anln	0.5885757992	7.732858171e-284	0.0001307333572	6.430651286e-283
482	Rtl8a	0.5887581754	1.373216653e-283	0.0001307333572	1.139598882e-282
483	Cd9	0.5897326017	2.940310823e-282	0.0001307333572	2.435040019e-281
484	Pitx2	0.5901352634	1.040730842e-281	0.0001307333572	8.601081339e-281
485	Bsx	0.5901379684	1.049601433e-281	0.0001307333572	8.656506662e-281
486	Pantr1	0.5914838455	7.110976397e-280	0.0001307333572	5.852655471e-279
487	Tuba1c	0.5915271754	8.142814908e-280	0.0001307333572	6.688143662e-279
488	Cd82	0.5924786434	1.589894254e-278	0.0001307333572	1.303192011e-277
489	Gm19935	0.5925571059	2.030778776e-278	0.0001307333572	1.661168733e-277
490	Fzd5	0.5928874678	5.68832567e-278	0.0001307333572	4.643531159e-277
491	Syt4	0.5929085393	6.074404082e-278	0.0001307333572	4.94859803e-277
492	Tmbim1	0.5930603726	9.748982321e-278	0.0001307333572	7.926001887e-277
493	Clic4	0.5931209871	1.177495638e-277	0.0001307333572	9.553717148e-277
494	Rps4x	0.5936394758	5.913973082e-277	0.0001307333572	4.788642171e-276
495	Igfbp2	0.5944295523	6.89016721e-276	0.0001307333572	5.567811887e-275
496	Lypd6b	0.5945983543	1.163562921e-275	0.0001307333572	9.383571947e-275
497	Lct	0.5959232823	7.057089343e-274	0.0001307333572	5.679749974e-273
498	Bcl11a	0.5959917408	8.721388377e-274	0.0001307333572	7.005131227e-273
499	Tmem255a	0.5961685564	1.50670946e-273	0.0001307333572	1.207783134e-272
500	Negr1	0.5965853867	5.462305486e-273	0.0001307333572	4.369844389e-272
501	Klk8	0.5966911664	7.572347692e-273	0.0001307333572	6.04578658e-272
502	Igfbp4	0.5977196341	1.805128017e-271	0.0001307333572	1.438349018e-270
503	Htr2c	0.5977459127	1.957280909e-271	0.0001307333572	1.556485813e-270
504	Ppia	0.5983729793	1.347766919e-270	0.0001307333572	1.069656285e-269
505	Pcbd1	0.5988261921	5.425496749e-270	0.0001307333572	4.297423168e-269
506	Rbm47	0.598855478	5.936068321e-270	0.0001307333572	4.692544127e-269
507	Gng11	0.5995478272	4.966769305e-269	0.0001307333572	3.918555665e-268
508	Khdrbs3	0.599851484	1.259515102e-268	0.0001307333572	9.917441751e-268
509	Trpv4	0.5999705782	1.813925665e-268	0.0001307333572	1.425481859e-267
510	A730017C20Rik	0.6002880199	4.793382467e-268	0.0001307333572	3.75951566e-267
511	Vat1	0.6003573025	5.925233084e-268	0.0001307333572	4.638147228e-267
512	Tmem59l	0.6009570737	3.706977301e-267	0.0001307333572	2.896076016e-266
513	Tmem178	0.6021778837	1.535314721e-265	0.0001307333572	1.197126488e-264
514	Scg5	0.6021816763	1.553151174e-265	0.0001307333572	1.208677957e-264
515	Tiam1	0.6025466923	4.718199058e-265	0.0001307333572	3.664620628e-264
516	Lef1	0.6026492244	6.445363355e-265	0.0001307333572	4.996405702e-264
517	Apoc1	0.6032939004	4.573298663e-264	0.0001307333572	3.538335523e-263
518	Tcf4	0.6035420105	9.713395359e-264	0.0001307333572	7.500691397e-263
519	Vav3	0.6035921365	1.130938498e-263	0.0001307333572	8.716289001e-263
520	Mdh1	0.604013345	4.057687648e-263	0.0001307333572	3.121298191e-262
521	Msx1	0.6043170471	1.018513558e-262	0.0001307333572	7.819681827e-262
522	Ubb	0.6052429427	1.677278704e-261	0.0001307333572	1.285271037e-260
523	Stum	0.6052797549	1.874641411e-261	0.0001307333572	1.433760161e-260
524	Kcna2	0.6054472768	3.10970771e-261	0.0001307333572	2.373822679e-260
525	Napb	0.6055181812	3.852330262e-261	0.0001307333572	2.935108771e-260
526	Cbln2	0.6056284764	5.374799828e-261	0.0001307333572	4.087300249e-260
527	Gbx2	0.6056548684	5.820580785e-261	0.0001307333572	4.417898129e-260
528	Carhsp1	0.6068297305	2.009312649e-259	0.0001307333572	1.522206552e-258
529	Dbndd2	0.6068883039	2.396676941e-259	0.0001307333572	1.812232091e-258
530	Lynx1	0.6072003995	6.128601935e-259	0.0001307333572	4.625359951e-258
531	Slc32a1	0.6073122393	8.578296579e-259	0.0001307333572	6.461993657e-258
532	Sipa1l1	0.6074084301	1.145442157e-258	0.0001307333572	8.612347043e-258
533	Gpr50	0.6077556964	3.251289501e-258	0.0001307333572	2.43999212e-257
534	Pnmal2	0.6079273223	5.442898289e-258	0.0001307333572	4.07707737e-257
535	Sprn	0.6082080978	1.263888792e-257	0.0001307333572	9.449635831e-257
536	Ensa	0.608238705	1.385406665e-257	0.0001307333572	1.033885571e-256
537	Fkbp1a	0.6095139059	6.307673177e-256	0.0001307333572	4.698453018e-255
538	Slc13a4	0.6096645253	9.894202253e-256	0.0001307333572	7.356284203e-255
539	Krt8	0.609921011	2.128818783e-255	0.0001307333572	1.57982841e-254
540	Grm4	0.6106545173	1.899178812e-254	0.0001307333572	1.40679912e-253
541	Hs3st4	0.6106912049	2.118635028e-254	0.0001307333572	1.566458431e-253
542	Mical2	0.6108758181	3.672497621e-254	0.0001307333572	2.710330348e-253
543	Trp53i11	0.6117960173	5.676637773e-253	0.0001307333572	4.181685284e-252
544	Prdm8	0.6130101864	2.08354738e-251	0.0001307333572	1.532020133e-250
545	Efhd1	0.6133315919	5.397379519e-251	0.0001307333572	3.961379463e-250
546	Calm3	0.6135205022	9.440438102e-251	0.0001307333572	6.916071869e-250
547	Cited1	0.6144314012	1.393547499e-249	0.0001307333572	1.019047532e-248
548	Josd2	0.6146436551	2.607065188e-249	0.0001307333572	1.902967291e-248
549	R3hdm4	0.6152716108	1.659894851e-248	0.0001307333572	1.209395155e-247
550	Gpr151	0.6152772694	1.687792459e-248	0.0001307333572	1.227485425e-247
551	Grin1	0.6153470084	2.072616589e-248	0.0001307333572	1.504621843e-247
552	Fam212b	0.6158214381	8.373599306e-248	0.0001307333572	6.067825584e-247
553	Homer1	0.6159143237	1.100390157e-247	0.0001307333572	7.959422477e-247
554	Gucy1a1	0.6159953161	1.396264181e-247	0.0001307333572	1.008132983e-246
555	Grin2a	0.6166699739	1.012994072e-246	0.0001307333572	7.300858178e-246
556	Elmo1	0.6168456475	1.696134057e-246	0.0001307333572	1.220240329e-245
557	Slc6a9	0.6172387019	5.369592532e-246	0.0001307333572	3.856080813e-245
558	Brinp1	0.6173214333	6.842565772e-246	0.0001307333572	4.90506507e-245
559	Elovl1	0.6179467956	4.26846986e-245	0.0001307333572	3.05436126e-244
560	Ndrg3	0.6181009866	6.700439346e-245	0.0001307333572	4.786028104e-244
561	Rarres2	0.6187853399	4.946715314e-244	0.0001307333572	3.527069743e-243
562	Podxl2	0.6191646355	1.495704093e-243	0.0001307333572	1.064558073e-242
563	Dsp	0.6193945542	2.923457124e-243	0.0001307333572	2.077056571e-242
564	Rbfox3	0.6197321921	7.816099862e-243	0.0001307333572	5.543333236e-242
565	Cpne7	0.6204773487	6.827051222e-242	0.0001307333572	4.8333106e-241
566	Fezf2	0.6206141687	1.015913751e-241	0.0001307333572	7.179602482e-241
567	Grp	0.6206466291	1.116355493e-241	0.0001307333572	7.875523759e-241
568	Fgfr2	0.6206984986	1.297847202e-241	0.0001307333572	9.139769028e-241
569	Dact2	0.6213084103	7.617513288e-241	0.0001307333572	5.355018129e-240
570	Bex3	0.6214122233	1.029228442e-240	0.0001307333572	7.222655735e-240
571	Gad1	0.6218472888	3.629626092e-240	0.0001307333572	2.542645248e-239
572	Snhg11	0.6225686442	2.924187269e-239	0.0001307333572	2.044886202e-238
573	Slc39a10	0.6232062379	1.842857723e-238	0.0001307333572	1.286462634e-237
574	Epn3	0.6234061231	3.279839229e-238	0.0001307333572	2.28560225e-237
575	Zmat4	0.6234707725	3.951837768e-238	0.0001307333572	2.749104534e-237
576	Shisa6	0.6236239178	6.144610928e-238	0.0001307333572	4.267090922e-237
577	Kcnc2	0.6237415305	8.623032362e-238	0.0001307333572	5.977838726e-237
578	Hapln2	0.6242573782	3.807009709e-237	0.0001307333572	2.634608795e-236
579	Impact	0.6244756994	7.132929684e-237	0.0001307333572	4.927757986e-236
580	Sh3gl2	0.6245331415	8.413700838e-237	0.0001307333572	5.802552302e-236
581	Cacna1g	0.6246353277	1.128610538e-236	0.0001307333572	7.770124186e-236
582	Frmd8	0.6248205107	1.921393013e-236	0.0001307333572	1.320545026e-235
583	Ache	0.6248753741	2.24932977e-236	0.0001307333572	1.54327943e-235
584	Slc25a22	0.6253696012	9.291899819e-236	0.0001307333572	6.364314945e-235
585	Camta2	0.625678479	2.252720453e-235	0.0001307333572	1.540321677e-234
586	Magel2	0.6260000671	5.659786707e-235	0.0001307333572	3.863335636e-234
587	Eif4a2	0.6272867095	2.239227037e-233	0.0001307333572	1.52587873e-232
588	Pitpnc1	0.6278065283	9.859778872e-233	0.0001307333572	6.707332566e-232
589	Elmod1	0.6278150714	1.010275635e-232	0.0001307333572	6.860955073e-232
590	Wscd1	0.6279083364	1.317790615e-232	0.0001307333572	8.934173659e-232
591	Gprasp1	0.6293014774	6.922889354e-231	0.0001307333572	4.68554271e-230
592	Car14	0.6295283757	1.317899824e-230	0.0001307333572	8.904728542e-230
593	Gabra5	0.6297954194	2.810138026e-230	0.0001307333572	1.895539984e-229
594	Smim22	0.6299942154	4.936022891e-230	0.0001307333572	3.323921138e-229
595	Syngr1	0.6300651192	6.033976171e-230	0.0001307333572	4.056454569e-229
596	Cadps2	0.6302353988	9.772704898e-230	0.0001307333572	6.558862348e-229
597	Slc22a17	0.6306528695	3.184317444e-229	0.0001307333572	2.133546026e-228
598	Cyp46a1	0.6308864491	6.163029291e-229	0.0001307333572	4.122427619e-228
599	Stk32c	0.6310965833	1.115918035e-228	0.0001307333572	7.451873358e-228
600	Fbxw7	0.6319394442	1.20327059e-227	0.0001307333572	8.021803935e-227
601	Nwd2	0.6331129362	3.267983387e-226	0.0001307333572	2.175030541e-225
602	1700001C02Rik	0.633314664	5.758578309e-226	0.0001307333572	3.82629788e-225
603	Efhd2	0.6333963331	7.242422506e-226	0.0001307333572	4.804260369e-225
604	Epha4	0.6338597386	2.65726512e-225	0.0001307333572	1.759778225e-224
605	Cntn2	0.633897405	2.953189288e-225	0.0001307333572	1.952521844e-224
606	Fam49a	0.6342467672	7.859456676e-225	0.0001307333572	5.187760182e-224
607	Gm29538	0.634290062	8.872482091e-225	0.0001307333572	5.846775678e-224
608	1810041L15Rik	0.6345010743	1.601683214e-224	0.0001307333572	1.053738957e-223
609	Nell1	0.6351807562	1.071208573e-223	0.0001307333572	7.035852697e-223
610	Kcnab3	0.6352168745	1.184915806e-223	0.0001307333572	7.769939709e-223
611	Pth2	0.6360724725	1.289160758e-222	0.0001307333572	8.439677629e-222
612	Mlf1	0.6360996191	1.390456617e-222	0.0001307333572	9.087951747e-222
613	Syt9	0.6361846133	1.761950733e-222	0.0001307333572	1.149723154e-221
614	Gria1	0.6365024653	4.269308756e-222	0.0001307333572	2.781308636e-221
615	Nell2	0.6372045905	3.00757675e-221	0.0001307333572	1.95614748e-220
616	St6galnac5	0.6372844449	3.754414132e-221	0.0001307333572	2.437931255e-220
617	Tnfaip6	0.6373483431	4.483374617e-221	0.0001307333572	2.906563771e-220
618	Kcnf1	0.6374381775	5.753401217e-221	0.0001307333572	3.723884283e-220
619	Nsg1	0.6374762937	6.395521793e-221	0.0001307333572	4.132808913e-220
620	Necab1	0.637483359	6.522183934e-221	0.0001307333572	4.207860603e-220
621	Atp6ap2	0.6374979562	6.791868739e-221	0.0001307333572	4.374794679e-220
622	Krt90	0.6376124195	9.331342523e-221	0.0001307333572	6.000863359e-220
623	Ppp3cb	0.6377577788	1.39660391e-220	0.0001307333572	8.966959293e-220
624	Fndc5	0.6378860472	1.993210012e-220	0.0001307333572	1.277698726e-219
625	Kitl	0.6379402871	2.316649393e-220	0.0001307333572	1.482655611e-219
626	Map2k1	0.6384219957	8.798943266e-220	0.0001307333572	5.622327966e-219
627	Sncg	0.6384912401	1.065808041e-219	0.0001307333572	6.79941334e-219
628	Unc5b	0.6385718092	1.33205595e-219	0.0001307333572	8.484432801e-219
629	Doc2a	0.6386820245	1.807030866e-219	0.0001307333572	1.149145225e-218
630	Nlk	0.6387750685	2.337453385e-219	0.0001307333572	1.484097387e-218
631	Rnf13	0.6391568771	6.716197885e-219	0.0001307333572	4.257494697e-218
632	Arhgef25	0.6400058499	6.992373333e-218	0.0001307333572	4.425552742e-217
633	Col8a1	0.640187515	1.153562583e-217	0.0001307333572	7.289494994e-217
634	Fam19a1	0.6406042658	3.634075371e-217	0.0001307333572	2.292792032e-216
635	Meis2	0.641014013	1.121527404e-216	0.0001307333572	7.064739554e-216
636	Nxph3	0.641166278	1.704270113e-216	0.0001307333572	1.071867996e-215
637	Gria3	0.6415243907	4.556623518e-216	0.0001307333572	2.861302052e-215
638	Mllt11	0.6415844245	5.372804483e-216	0.0001307333572	3.368529456e-215
639	Hdc	0.641717325	7.736965911e-216	0.0001307333572	4.84317115e-215
640	Gad2	0.6429107438	2.032686761e-214	0.0001307333572	1.270429226e-213
641	Sirt2	0.6429347575	2.170625051e-214	0.0001307333572	1.354524213e-213
642	Syt17	0.6431932143	4.399064647e-214	0.0001307333572	2.740850247e-213
643	Etv1	0.6431953461	4.424760235e-214	0.0001307333572	2.752572464e-213
644	Slain1	0.6432401594	5.001014403e-214	0.0001307333572	3.106220126e-213
645	Ccdc42	0.6433495908	6.743168193e-214	0.0001307333572	4.181809732e-213
646	Serp2	0.6434673383	9.300147396e-214	0.0001307333572	5.758605199e-213
647	Th	0.6435415929	1.138984538e-213	0.0001307333572	7.041635475e-213
648	Sulf1	0.643867197	2.768866093e-213	0.0001307333572	1.7091766e-212
649	Car10	0.6439595382	3.561608739e-213	0.0001307333572	2.195136357e-212
650	Gls	0.6441264751	5.613706796e-213	0.0001307333572	3.454588797e-212
651	Syt2	0.6443292462	9.753171186e-213	0.0001307333572	5.992731911e-212
652	Jph4	0.6443782355	1.114510204e-212	0.0001307333572	6.837485916e-212
653	Tmem158	0.6445393052	1.727906903e-212	0.0001307333572	1.058442207e-211
654	Hrh3	0.644720809	2.831478192e-212	0.0001307333572	1.731790943e-211
655	Olfm2	0.6447754939	3.285609035e-212	0.0001307333572	2.0064788e-211
656	Chrna4	0.6451780448	9.814511777e-212	0.0001307333572	5.9844584e-211
657	Serpinb1a	0.645228253	1.124881949e-211	0.0001307333572	6.848596338e-211
658	Ddit4l	0.6456268095	3.319310548e-211	0.0001307333572	2.017817962e-210
659	Rasgrf1	0.6459435563	7.837011137e-211	0.0001307333572	4.75691116e-210
660	Rsph1	0.6459834311	8.73164696e-211	0.0001307333572	5.291907248e-210
661	Mb21d2	0.6460014071	9.167652666e-211	0.0001307333572	5.547747453e-210
662	Rnd2	0.6461402058	1.33542762e-210	0.0001307333572	8.069049066e-210
663	Bcl11b	0.6463470806	2.338770858e-210	0.0001307333572	1.411023142e-209
664	Mal2	0.6469698813	1.261224585e-209	0.0001307333572	7.597738465e-209
665	Golga7b	0.6471684158	2.156772857e-209	0.0001307333572	1.297306982e-208
666	Spock3	0.6475771651	6.503169168e-209	0.0001307333572	3.905807308e-208
667	1700012B09Rik	0.6478715492	1.43877091e-208	0.0001307333572	8.628311306e-208
668	Ddr1	0.647874641	1.450815189e-208	0.0001307333572	8.6875161e-208
669	Ctxn2	0.6484324325	6.520219982e-208	0.0001307333572	3.898487284e-207
670	Erbin	0.6487883763	1.699020515e-207	0.0001307333572	1.014340606e-206
671	Myo5b	0.6498169174	2.689875843e-206	0.0001307333572	1.603502738e-205
672	Kcnmb4	0.6498723091	3.120564095e-206	0.0001307333572	1.857478628e-205
673	Timp2	0.650108318	5.874073459e-206	0.0001307333572	3.491276945e-205
674	Dbndd1	0.6504987273	1.670923647e-205	0.0001307333572	9.916460811e-205
675	Rgs14	0.6505612468	1.975219065e-205	0.0001307333572	1.170500187e-204
676	Sytl4	0.6506028989	2.208081412e-205	0.0001307333572	1.306557048e-204
677	Scn3b	0.6507631347	3.389656522e-205	0.0001307333572	2.002751269e-204
678	A830009L08Rik	0.651270323	1.314552658e-204	0.0001307333572	7.75547291e-204
679	Ctgf	0.6513211556	1.505654006e-204	0.0001307333572	8.869832139e-204
680	Dmtn	0.6514546993	2.150532931e-204	0.0001307333572	1.265019371e-203
681	Lhx9	0.6514979574	2.413701891e-204	0.0001307333572	1.417739731e-203
682	Wnt4	0.6517777714	5.091523648e-204	0.0001307333572	2.986230879e-203
683	Slc29a4	0.6524829966	3.331942136e-203	0.0001307333572	1.951357034e-202
684	Egr1	0.6527445826	6.681857325e-203	0.0001307333572	3.907518904e-202
685	Pkig	0.6530731277	1.600038757e-202	0.0001307333572	9.343292014e-202
686	Mast3	0.6532170417	2.344957029e-202	0.0001307333572	1.367321883e-201
687	Celf5	0.653434656	4.178512138e-202	0.0001307333572	2.432903719e-201
688	Phlda3	0.6541775849	2.994733067e-201	0.0001307333572	1.741123876e-200
689	Sept3	0.6543111418	4.265092441e-201	0.0001307333572	2.476105917e-200
690	Nat8l	0.6547474175	1.352592945e-200	0.0001307333572	7.841118522e-200
691	Matk	0.6547837379	1.488906093e-200	0.0001307333572	8.618848586e-200
692	Esyt3	0.6555757334	1.205269604e-199	0.0001307333572	6.966876321e-199
693	Cckbr	0.655950924	3.240452079e-199	0.0001307333572	1.87039081e-198
694	Ace	0.6559937749	3.627705252e-199	0.0001307333572	2.090896399e-198
695	Ptms	0.6564933525	1.351314708e-198	0.0001307333572	7.77735084e-198
696	Smim5	0.6566875274	2.251731799e-198	0.0001307333572	1.294098735e-197
697	Synpo	0.6570651978	6.074102509e-198	0.0001307333572	3.485855098e-197
698	Spaca9	0.6574993159	1.897912182e-197	0.0001307333572	1.087628758e-196
699	Galnt9	0.6579843938	6.767256838e-197	0.0001307333572	3.872536102e-196
700	Scrt1	0.6585698678	3.131730937e-196	0.0001307333572	1.789560535e-195
701	Tshz2	0.6586926989	4.317513284e-196	0.0001307333572	2.463630975e-195
702	Rasl10a	0.6589882546	9.344808402e-196	0.0001307333572	5.324677152e-195
703	Sez6	0.6593544027	2.429960082e-195	0.0001307333572	1.382623091e-194
704	Tctex1d4	0.6593973057	2.71769412e-195	0.0001307333572	1.544144386e-194
705	Itgb4	0.6595639799	4.197152234e-195	0.0001307333572	2.38136297e-194
706	Syt13	0.6597734237	7.244585407e-195	0.0001307333572	4.104580967e-194
707	Gal3st1	0.6599427324	1.126001791e-194	0.0001307333572	6.37059005e-194
708	Slc24a3	0.6602441582	2.467645835e-194	0.0001307333572	1.394150189e-193
709	Pou3f1	0.6604785577	4.539927833e-194	0.0001307333572	2.561313305e-193
710	Amigo2	0.6612308342	3.202963642e-193	0.0001307333572	1.804486559e-192
711	Slc8a2	0.6613890566	4.82807785e-193	0.0001307333572	2.7162182e-192
712	Tprn	0.661469514	5.947986011e-193	0.0001307333572	3.341565175e-192
713	Scn2a	0.662347628	5.777449328e-192	0.0001307333572	3.241205794e-191
714	Cnr1	0.662395881	6.545132646e-192	0.0001307333572	3.666740978e-191
715	1110017D15Rik	0.662472126	7.971070787e-192	0.0001307333572	4.4593403e-191
716	Rasal1	0.6635540846	1.300540091e-190	0.0001307333572	7.265587101e-190
717	Gab1	0.6639401181	3.514238463e-190	0.0001307333572	1.96052355e-189
718	Lypd6	0.6641266887	5.679353669e-190	0.0001307333572	3.163985331e-189
719	Lrrc23	0.6641939032	6.75108966e-190	0.0001307333572	3.755821786e-189
720	C1ql3	0.6643059924	9.006125083e-190	0.0001307333572	5.003402824e-189
721	Kcng1	0.6644026666	1.154663925e-189	0.0001307333572	6.405902495e-189
722	Igsf21	0.6650116472	5.51503862e-189	0.0001307333572	3.055423058e-188
723	Cd83	0.6650394976	5.923465956e-189	0.0001307333572	3.277159588e-188
724	Snap91	0.6653074114	1.177389901e-188	0.0001307333572	6.504916582e-188
725	Tmem125	0.6653186025	1.211650368e-188	0.0001307333572	6.684967546e-188
726	Marcksl1	0.665948396	6.077760406e-188	0.0001307333572	3.348628323e-187
727	Cap2	0.6661434186	1.000813052e-187	0.0001307333572	5.506536735e-187
728	Gamt	0.6661484743	1.013833294e-187	0.0001307333572	5.570512606e-187
729	Sub1	0.6662030287	1.165563539e-187	0.0001307333572	6.395410364e-187
730	Camk2d	0.6662335303	1.26007472e-187	0.0001307333572	6.904519015e-187
731	Rnf112	0.6664197315	2.027843526e-187	0.0001307333572	1.109627101e-186
732	Fam19a2	0.6664384874	2.127367493e-187	0.0001307333572	1.162495898e-186
733	Rph3a	0.6668006286	5.362648199e-187	0.0001307333572	2.926411023e-186
734	Pde1b	0.6671152277	1.196324158e-186	0.0001307333572	6.519477702e-186
735	Rasl11b	0.6671756094	1.39538423e-186	0.0001307333572	7.593927783e-186
736	Gabbr1	0.6672843946	1.841165793e-186	0.0001307333572	1.000633583e-185
737	Pdyn	0.6674689524	2.946213263e-186	0.0001307333572	1.599030265e-185
738	Fxyd1	0.6675231585	3.382279242e-186	0.0001307333572	1.833213681e-185
739	Cpne4	0.6681063872	1.491323119e-185	0.0001307333572	8.072114314e-185
740	Pde8a	0.6683931743	3.090336086e-185	0.0001307333572	1.670451939e-184
741	Frrs1l	0.6684166337	3.280031997e-185	0.0001307333572	1.770597569e-184
742	Plppr2	0.6685832878	5.007510558e-185	0.0001307333572	2.699466608e-184
743	A2m	0.6687688406	8.018515249e-185	0.0001307333572	4.316831897e-184
744	Zcchc18	0.6687841543	8.336118541e-185	0.0001307333572	4.481784162e-184
745	Hopx	0.6688786031	1.059239591e-184	0.0001307333572	5.687192434e-184
746	Aqp4	0.668978476	1.364478251e-184	0.0001307333572	7.316237271e-184
747	Gm2115	0.6689796799	1.368648994e-184	0.0001307333572	7.328776407e-184
748	Pcdh8	0.6694735889	4.782538414e-184	0.0001307333572	2.557507174e-183
749	Spock1	0.6700360463	1.983588452e-183	0.0001307333572	1.059326276e-182
750	Unc13c	0.6701113537	2.399319985e-183	0.0001307333572	1.279637326e-182
751	Arhgdig	0.6701254065	2.486030859e-183	0.0001307333572	1.324117635e-182
752	Prlr	0.670426019	5.3109764e-183	0.0001307333572	2.824987447e-182
753	Pip5k1c	0.6706287704	8.858356614e-183	0.0001307333572	4.705634323e-182
754	Lrtm2	0.6706932699	1.042327748e-182	0.0001307333572	5.529590175e-182
755	Thbs4	0.6707267717	1.134216234e-182	0.0001307333572	6.009092629e-182
756	2410004P03Rik	0.6712320527	4.051673281e-182	0.0001307333572	2.143742477e-181
757	Arsg	0.6712612757	4.361016594e-182	0.0001307333572	2.304368082e-181
758	Vim	0.671409249	6.329115118e-182	0.0001307333572	3.339902437e-181
759	Fnbp1	0.6714950824	7.854841386e-182	0.0001307333572	4.139573853e-181
760	Gabra2	0.6717582788	1.522625043e-181	0.0001307333572	8.013816014e-181
761	Ces1d	0.6720459304	3.136858556e-181	0.0001307333572	1.648808702e-180
762	Necab3	0.6721220244	3.797406581e-181	0.0001307333572	1.993389281e-180
763	Gng8	0.6721525253	4.099658796e-181	0.0001307333572	2.149231348e-180
764	Cd63	0.6722422127	5.134898092e-181	0.0001307333572	2.68842832e-180
765	1700024G13Rik	0.6723395538	6.555871168e-181	0.0001307333572	3.427906493e-180
766	Rap1gap2	0.6725056199	9.944078526e-181	0.0001307333572	5.192730301e-180
767	Fhl2	0.6725414131	1.087803178e-180	0.0001307333572	5.673028306e-180
768	Alcam	0.6726259154	1.344537823e-180	0.0001307333572	7.002801162e-180
769	Gfra2	0.6726464361	1.415520971e-180	0.0001307333572	7.362917926e-180
770	Gucy1b1	0.6729768568	3.239613828e-180	0.0001307333572	1.682916275e-179
771	Arhgef10	0.6730474796	3.866346257e-180	0.0001307333572	2.005886515e-179
772	Sema4d	0.6732130328	5.851770941e-180	0.0001307333572	3.032005669e-179
773	Hbb-bs	0.6732601494	6.584078156e-180	0.0001307333572	3.407026213e-179
774	Stxbp6	0.6733839468	8.974424096e-180	0.0001307333572	4.637945269e-179
775	Isl1	0.6738203476	2.671594742e-179	0.0001307333572	1.378887609e-178
776	S100a6	0.6739992169	4.17610576e-179	0.0001307333572	2.152631835e-178
777	Rab15	0.6743301611	9.53745022e-179	0.0001307333572	4.909884283e-178
778	Cdk17	0.6743893622	1.105485919e-178	0.0001307333572	5.683732233e-178
779	Maged1	0.6744740148	1.365275933e-178	0.0001307333572	7.010402737e-178
780	Adcyap1	0.6745362302	1.594322419e-178	0.0001307333572	8.176012403e-178
781	S1pr5	0.6746590123	2.165034702e-178	0.0001307333572	1.1088526e-177
782	Atp6v1d	0.6751737288	7.798395867e-178	0.0001307333572	3.988949293e-177
783	Meig1	0.6753564825	1.228562842e-177	0.0001307333572	6.276183102e-177
784	Gprin1	0.6758036887	3.73213216e-177	0.0001307333572	1.904149061e-176
785	Mapk10	0.675843497	4.119838407e-177	0.0001307333572	2.099280717e-176
786	Fndc3c1	0.6764327143	1.776587568e-176	0.0001307333572	9.041158106e-176
787	C4b	0.6765004211	2.101100215e-176	0.0001307333572	1.06790354e-175
788	Fam81a	0.676635267	2.934342789e-176	0.0001307333572	1.489514106e-175
789	Svop	0.6769191073	5.924647968e-176	0.0001307333572	3.003623812e-175
790	Peg10	0.6770489123	8.168164507e-176	0.0001307333572	4.135779497e-175
791	Cpne5	0.6770531822	8.25488533e-176	0.0001307333572	4.174404718e-175
792	Atp6ap1l	0.6771244743	9.846507842e-176	0.0001307333572	4.972983759e-175
793	Cdc42ep2	0.677424245	2.065693346e-175	0.0001307333572	1.041963857e-174
794	Tmie	0.6774337674	2.114865181e-175	0.0001307333572	1.065423265e-174
795	Stac2	0.6775737329	2.988268897e-175	0.0001307333572	1.503531521e-174
796	Klk6	0.6783951685	2.265897339e-174	0.0001307333572	1.138641879e-173
797	Rit2	0.678553227	3.344076231e-174	0.0001307333572	1.67833186e-173
798	Rd3	0.678582696	3.595693342e-174	0.0001307333572	1.802352552e-173
799	Trim59	0.678637695	4.116959411e-174	0.0001307333572	2.061056026e-173
800	Zbtb20	0.6786596021	4.345027358e-174	0.0001307333572	2.172513679e-173
801	Scn4b	0.6786977461	4.772652118e-174	0.0001307333572	2.383346875e-173
802	Ina	0.6791124067	1.323203154e-173	0.0001307333572	6.599516978e-173
803	Dpp10	0.6799423318	1.014592083e-172	0.0001307333572	5.054007887e-172
804	Jam3	0.680336599	2.665403479e-172	0.0001307333572	1.326071383e-171
805	Sfrp5	0.6804019917	3.128139862e-172	0.0001307333572	1.554355211e-171
806	Prnp	0.6805183356	4.158567559e-172	0.0001307333572	2.06380524e-171
807	Got1	0.680787311	8.028893376e-172	0.0001307333572	3.979624969e-171
808	Atp2a1	0.681264071	2.573307476e-171	0.0001307333572	1.273914592e-170
809	Mapk3	0.6814138684	3.709103394e-171	0.0001307333572	1.833920096e-170
810	Slc2a12	0.6814675402	4.228049926e-171	0.0001307333572	2.087925889e-170
811	Cldn1	0.6815182811	4.785164794e-171	0.0001307333572	2.360130601e-170
812	Lefty1	0.6817812855	9.086495366e-171	0.0001307333572	4.476106092e-170
813	Col9a3	0.6818252815	1.011491033e-170	0.0001307333572	4.976585647e-170
814	Dbpht2	0.6818295593	1.022090573e-170	0.0001307333572	5.022558096e-170
815	Rnf130	0.6820522357	1.758206411e-170	0.0001307333572	8.629233919e-170
816	Nr0b1	0.6820559317	1.774102612e-170	0.0001307333572	8.696581434e-170
817	Kcnab1	0.6820806814	1.884309088e-170	0.0001307333572	9.225503493e-170
818	Rasgef1c	0.6821487559	2.223987317e-170	0.0001307333572	1.087524361e-169
819	Aldh3b2	0.6822480599	2.832084031e-170	0.0001307333572	1.383191224e-169
820	Limd2	0.6827242224	9.015731632e-170	0.0001307333572	4.397917869e-169
821	Grm2	0.6832098544	2.931716869e-169	0.0001307333572	1.428363883e-168
822	Zfp423	0.6833600894	4.220785412e-169	0.0001307333572	2.053910176e-168
823	Lamb3	0.6841869081	3.126792853e-168	0.0001307333572	1.51970491e-167
824	Rbp1	0.6845359565	7.270625941e-168	0.0001307333572	3.529430068e-167
825	Lhx2	0.6858138491	1.584190395e-166	0.0001307333572	7.680923129e-166
826	Kcnq5	0.6862375394	4.388425471e-166	0.0001307333572	2.125145506e-165
827	Ak7	0.6864215842	6.828717724e-166	0.0001307333572	3.302886445e-165
828	Cdkl5	0.6869689053	2.539478469e-165	0.0001307333572	1.226801193e-164
829	Lrrn2	0.6869800444	2.608213442e-165	0.0001307333572	1.258486583e-164
830	Id2	0.6874050127	7.219947391e-165	0.0001307333572	3.479492718e-164
831	Gabrg2	0.6875488736	1.018801227e-164	0.0001307333572	4.903977025e-164
832	Epha7	0.6875775569	1.091188824e-164	0.0001307333572	5.246100116e-164
833	Pamr1	0.6877522659	1.657355231e-164	0.0001307333572	7.958488506e-164
834	Vipr2	0.6880353049	3.260369317e-164	0.0001307333572	1.563726291e-163
835	Sbpl	0.6882270141	5.154047343e-164	0.0001307333572	2.469004715e-163
836	Lmx1a	0.6885827365	1.20463766e-163	0.0001307333572	5.763816555e-163
837	Mkl2	0.6886921995	1.563978942e-163	0.0001307333572	7.474212386e-163
838	Chga	0.6888034643	2.039063806e-163	0.0001307333572	9.733001461e-163
839	Timp3	0.6891114575	4.247200071e-163	0.0001307333572	2.024886804e-162
840	Car11	0.6892881221	6.467710197e-163	0.0001307333572	3.079861998e-162
841	Pebp1	0.6893017071	6.680228218e-163	0.0001307333572	3.177278582e-162
842	Tcap	0.6897683049	2.026155656e-162	0.0001307333572	9.625442545e-162
843	Tanc1	0.6897718161	2.043131502e-162	0.0001307333572	9.694574148e-162
844	Lrrtm1	0.6898080909	2.227043348e-162	0.0001307333572	1.055470781e-161
845	Slc4a2	0.6898587845	2.512075077e-162	0.0001307333572	1.189147965e-161
846	Ptpn5	0.6900096202	3.594257953e-162	0.0001307333572	1.699412744e-161
847	Plekhg3	0.6901851018	5.451442953e-162	0.0001307333572	2.574471289e-161
848	Padi2	0.6901949955	5.580944588e-162	0.0001307333572	2.632521032e-161
849	Tyro3	0.6907698306	2.180546115e-161	0.0001307333572	1.027347993e-160
850	Dusp14	0.6909787086	3.575667638e-161	0.0001307333572	1.682667124e-160
851	Erc2	0.6910770303	4.512450356e-161	0.0001307333572	2.121010743e-160
852	Sphkap	0.6911216136	5.014466407e-161	0.0001307333572	2.354209581e-160
853	Dpp6	0.6920232381	4.219766921e-160	0.0001307333572	1.978788709e-159
854	Rgs9	0.6921557499	5.767900728e-160	0.0001307333572	2.701592847e-159
855	Pon1	0.6923921281	1.006910418e-159	0.0001307333572	4.710692012e-159
856	D430041D05Rik	0.6924626945	1.189026598e-159	0.0001307333572	5.556199058e-159
857	Mlip	0.6925179334	1.35424843e-159	0.0001307333572	6.320879485e-159
858	C2cd2l	0.6929024957	3.348160973e-159	0.0001307333572	1.560914207e-158
859	Fhad1	0.6930558665	4.802292189e-159	0.0001307333572	2.236224535e-158
860	Dgkk	0.6931263357	5.667540943e-159	0.0001307333572	2.636065555e-158
861	Gpr153	0.6936603889	1.986576548e-158	0.0001307333572	9.229159342e-158
862	Sema3b	0.6940322092	4.751019464e-158	0.0001307333572	2.204649403e-157
863	Pcolce	0.6946058655	1.820242449e-157	0.0001307333572	8.436813203e-157
864	Lin7b	0.6949346679	3.926370767e-157	0.0001307333572	1.817764244e-156
865	Ube2ql1	0.6952217187	7.6765484e-157	0.0001307333572	3.549848971e-156
866	Btbd3	0.695273454	8.661946308e-157	0.0001307333572	4.000898988e-156
867	Cda	0.6960177409	4.911275412e-156	0.0001307333572	2.265871009e-155
868	Trhr	0.6966711482	2.24514335e-155	0.0001307333572	1.034628272e-154
869	Enpp6	0.6969271868	4.069108408e-155	0.0001307333572	1.873007323e-154
870	Rapgefl1	0.6969381305	4.173811739e-155	0.0001307333572	1.918993903e-154
871	Fam19a4	0.6971595334	6.977007796e-155	0.0001307333572	3.20413676e-154
872	Syngr3	0.6973577916	1.104947534e-154	0.0001307333572	5.068566668e-154
873	Rab3b	0.6975069486	1.56126521e-154	0.0001307333572	7.153563388e-154
874	Pitpnm2	0.6975190158	1.605534693e-154	0.0001307333572	7.347984863e-154
875	Synj1	0.6977465704	2.719662992e-154	0.0001307333572	1.243274511e-153
876	Ano3	0.6978900283	3.790791908e-154	0.0001307333572	1.730955209e-153
877	Adra1b	0.6981069601	6.261477773e-154	0.0001307333572	2.855862154e-153
878	Sh3bgrl3	0.6988030879	3.126133488e-153	0.0001307333572	1.4242066e-152
879	Cplx3	0.6989131229	4.029430416e-153	0.0001307333572	1.833642965e-152
880	Etl4	0.6991435865	6.854853284e-153	0.0001307333572	3.115842402e-152
881	Disp2	0.699230109	8.367283938e-153	0.0001307333572	3.798993842e-152
882	Dcn	0.6997104587	2.52834615e-152	0.0001307333572	1.146642245e-151
883	Npc2	0.7001293164	6.621926635e-152	0.0001307333572	2.999740265e-151
884	Rap1gap	0.7001512642	6.964322927e-152	0.0001307333572	3.151277342e-151
885	Pja2	0.7001958317	7.714953918e-152	0.0001307333572	3.486984822e-151
886	Nr4a3	0.7003163752	1.017508606e-151	0.0001307333572	4.593718311e-151
887	Sccpdh	0.7004159341	1.278736e-151	0.0001307333572	5.766565953e-151
888	Cadm3	0.7005651696	1.800864226e-151	0.0001307333572	8.112001017e-151
889	Foxj1	0.7009362333	4.215927973e-151	0.0001307333572	1.896930472e-150
890	Otof	0.7011467826	6.828138475e-151	0.0001307333572	3.068826281e-150
891	Zeb2	0.7019069727	3.882859716e-150	0.0001307333572	1.743146898e-149
892	Prmt8	0.7021262723	6.405519717e-150	0.0001307333572	2.872430366e-149
893	Inf2	0.7022547463	8.587029594e-150	0.0001307333572	3.846373838e-149
894	Adssl1	0.7023582943	1.087416114e-149	0.0001307333572	4.865396482e-149
895	Ifi27	0.7023600583	1.091798551e-149	0.0001307333572	4.879546599e-149
896	Rab40b	0.7028206236	3.117793939e-149	0.0001307333572	1.391872294e-148
897	Nckap1	0.7028816104	3.582100822e-149	0.0001307333572	1.597369374e-148
898	Gabrb3	0.703330914	9.952471684e-149	0.0001307333572	4.433172242e-148
899	Syndig1l	0.7033574041	1.057000808e-148	0.0001307333572	4.703006933e-148
900	Tusc3	0.7041561577	6.476033698e-148	0.0001307333572	2.878237199e-147
901	Hba-a1	0.7044052942	1.138726482e-147	0.0001307333572	5.055389488e-147
902	Abr	0.7046217207	1.85858023e-147	0.0001307333572	8.242040933e-147
903	Atp6v1c1	0.7055443586	1.494355019e-146	0.0001307333572	6.619512818e-146
904	Pdxp	0.705556392	1.535472232e-146	0.0001307333572	6.794124921e-146
905	Scn8a	0.7057599425	2.429814282e-146	0.0001307333572	1.073951064e-145
906	Ap1s2	0.705801152	2.666315987e-146	0.0001307333572	1.177181451e-145
907	Gm1673	0.7058191574	2.776736617e-146	0.0001307333572	1.224580647e-145
908	Lhx1os	0.7058628666	3.06415876e-146	0.0001307333572	1.349849674e-145
909	Myl12b	0.706029155	4.456499692e-146	0.0001307333572	1.96105597e-145
910	Pla2g5	0.7067228468	2.121554788e-145	0.0001307333572	9.325515554e-145
911	Pgr15l	0.7067407289	2.208523419e-145	0.0001307333572	9.697139052e-145
912	Rtn4rl1	0.7067819445	2.42277093e-145	0.0001307333572	1.062618829e-144
913	Gm2694	0.7072162027	6.421511971e-145	0.0001307333572	2.813367786e-144
914	Nenf	0.7072650138	7.164408536e-145	0.0001307333572	3.13540855e-144
915	Coro1a	0.7076092576	1.549732866e-144	0.0001307333572	6.774788486e-144
916	Tekt1	0.7077569844	2.157392712e-144	0.0001307333572	9.420928874e-144
917	Slc22a6	0.707999274	3.710327096e-144	0.0001307333572	1.618463292e-143
918	Pgbd5	0.7081710306	5.447856335e-144	0.0001307333572	2.37379361e-143
919	Gnal	0.7083707459	8.512756693e-144	0.0001307333572	3.705225982e-143
920	Prkca	0.7084266602	9.645332847e-144	0.0001307333572	4.193622977e-143
921	Ucp2	0.7086693838	1.658374769e-143	0.0001307333572	7.202496283e-143
922	Camk1d	0.7086779355	1.690330355e-143	0.0001307333572	7.333320411e-143
923	Scn5a	0.7090294066	3.701958873e-143	0.0001307333572	1.604315871e-142
924	Slc38a8	0.7094334649	9.105943121e-143	0.0001307333572	3.941966719e-142
925	Nrep	0.7097241833	1.738746776e-142	0.0001307333572	7.518904978e-142
926	Ier5	0.7097360676	1.785310239e-142	0.0001307333572	7.711923277e-142
927	Cacng5	0.7098247388	2.174374722e-142	0.0001307333572	9.382415196e-142
928	Ephb6	0.7099730385	3.023249398e-142	0.0001307333572	1.30312474e-141
929	Unc5a	0.7104454797	8.629585043e-142	0.0001307333572	3.715644798e-141
930	Tmem98	0.7105660296	1.127463691e-141	0.0001307333572	4.849306198e-141
931	Unc13a	0.7107936319	1.867221509e-141	0.0001307333572	8.02243398e-141
932	Hapln4	0.7111671704	4.269695495e-141	0.0001307333572	1.832487337e-140
933	Mcam	0.7115392538	9.721618546e-141	0.0001307333572	4.167896483e-140
934	Plxdc1	0.7115853892	1.076500313e-140	0.0001307333572	4.610279713e-140
935	Lmo1	0.7116913771	1.360512792e-140	0.0001307333572	5.820375579e-140
936	Ldb2	0.7118745577	2.038753156e-140	0.0001307333572	8.712620323e-140
937	Gsg1l	0.7119225707	2.266671251e-140	0.0001307333572	9.67629136e-140
938	Cdhr4	0.7119696351	2.514755331e-140	0.0001307333572	1.072390333e-139
939	Tspan15	0.7120047629	2.717427061e-140	0.0001307333572	1.157583413e-139
940	Vgf	0.712008503	2.739944167e-140	0.0001307333572	1.165933688e-139
941	Tsc22d1	0.7121952846	4.136750604e-140	0.0001307333572	1.758448716e-139
942	Matn2	0.7131389361	3.302263255e-139	0.0001307333572	1.402234928e-138
943	Dgkb	0.7132129346	3.885357916e-139	0.0001307333572	1.648083951e-138
944	Nt5dc3	0.7132187145	3.935014248e-139	0.0001307333572	1.667378919e-138
945	Fmod	0.7134495409	6.532973658e-139	0.0001307333572	2.765279855e-138
946	Dbn1	0.7134522149	6.571437226e-139	0.0001307333572	2.778620391e-138
947	Hk1	0.7140843468	2.628355238e-138	0.0001307333572	1.110181727e-137
948	Ido1	0.7141466145	3.01241169e-138	0.0001307333572	1.271059785e-137
949	Cobl	0.7143870637	5.099333133e-138	0.0001307333572	2.149350109e-137
950	Eef1g	0.7143944163	5.18203908e-138	0.0001307333572	2.181911192e-137
951	Spag16	0.7145491726	7.269840901e-138	0.0001307333572	3.05776694e-137
952	Chrna3	0.7146813385	9.705647722e-138	0.0001307333572	4.078003245e-137
953	Celf6	0.7147883901	1.226405417e-137	0.0001307333572	5.147556838e-137
954	Igf2	0.7157868567	1.08271135e-136	0.0001307333572	4.539670231e-136
955	Cdh13	0.7158240073	1.173931731e-136	0.0001307333572	4.916991542e-136
956	Crlf1	0.715842598	1.222420638e-136	0.0001307333572	5.114730701e-136
957	Sh3gl3	0.7159203634	1.447895282e-136	0.0001307333572	6.051808911e-136
958	Agpat4	0.7162732641	3.119635702e-136	0.0001307333572	1.30256188e-135
959	Hbb-bt	0.7165484666	5.672657813e-136	0.0001307333572	2.36607208e-135
960	Kcnip4	0.7176958628	6.819766183e-135	0.0001307333572	2.841569243e-134
961	Nat14	0.7179554635	1.195396664e-134	0.0001307333572	4.97563648e-134
962	Pfn2	0.7180592719	1.495948401e-134	0.0001307333572	6.220159673e-134
963	Sort1	0.7182095922	2.069667072e-134	0.0001307333572	8.596747961e-134
964	Cmbl	0.7182793103	2.405818369e-134	0.0001307333572	9.982648833e-134
965	Odf3b	0.7183045644	2.540593682e-134	0.0001307333572	1.053095827e-133
966	Lhfp	0.7184697463	3.628433728e-134	0.0001307333572	1.50245703e-133
967	Kcnc1	0.7185460887	4.277847779e-134	0.0001307333572	1.769533724e-133
968	Dnali1	0.7189116228	9.404489736e-134	0.0001307333572	3.886152783e-133
969	Gpr26	0.7190565947	1.284974048e-133	0.0001307333572	5.304330434e-133
970	Lzts1	0.7195657328	3.840807568e-133	0.0001307333572	1.583838173e-132
971	Hivep2	0.719694137	5.060747347e-133	0.0001307333572	2.084756889e-132
972	Hba-a2	0.7197500147	5.705944952e-133	0.0001307333572	2.348125495e-132
973	Fgf13	0.7199672792	9.096099327e-133	0.0001307333572	3.739403629e-132
974	Slc5a7	0.7201254275	1.276962036e-132	0.0001307333572	5.244197272e-132
975	Mat2b	0.7202750168	1.759751744e-132	0.0001307333572	7.219494335e-132
976	Atp6v1a	0.7208038209	5.460007773e-132	0.0001307333572	2.237708104e-131
977	Gng2	0.7211337581	1.105443114e-131	0.0001307333572	4.525867405e-131
978	Galnt16	0.7211561327	1.159572466e-131	0.0001307333572	4.742627673e-131
979	Kcnh7	0.721317207	1.635726167e-131	0.0001307333572	6.683252979e-131
980	Rab26	0.7214538534	2.189759705e-131	0.0001307333572	8.937794714e-131
981	Pafah1b3	0.7215447204	2.658309802e-131	0.0001307333572	1.08391837e-130
982	Prmt2	0.7215773221	2.849783656e-131	0.0001307333572	1.160808006e-130
983	Cacna2d1	0.7216405919	3.261541529e-131	0.0001307333572	1.327178649e-130
984	Lrrc4c	0.7219539108	6.360265937e-131	0.0001307333572	2.585473958e-130
985	Hemk1	0.7222019042	1.078505197e-130	0.0001307333572	4.379716535e-130
986	Tmem121b	0.7223357548	1.433917101e-130	0.0001307333572	5.817107917e-130
987	Mtfp1	0.7223466114	1.467421446e-130	0.0001307333572	5.946996742e-130
988	Actr3b	0.7224717802	1.915026609e-130	0.0001307333572	7.753144167e-130
989	Eno1	0.7229093311	4.852187944e-130	0.0001307333572	1.962462263e-129
990	Slc6a13	0.7229183564	4.946058816e-130	0.0001307333572	1.998407602e-129
991	Reps2	0.7229657827	5.469954688e-130	0.0001307333572	2.207852548e-129
992	Cfap161	0.7231254475	7.675930561e-130	0.0001307333572	3.095133291e-129
993	Usp29	0.7239405231	4.315078493e-129	0.0001307333572	1.738198789e-128
994	Gpr158	0.7247185485	2.232057387e-128	0.0001307333572	8.982122283e-128
995	Cygb	0.7247353275	2.312465721e-128	0.0001307333572	9.296344608e-128
996	Strn4	0.7249292125	3.480256596e-128	0.0001307333572	1.397693412e-127
997	Rgs3	0.7249974161	4.018222925e-128	0.0001307333572	1.612125547e-127
998	Aak1	0.7252257085	6.499270388e-128	0.0001307333572	2.604917991e-127
999	Nxph4	0.7253088027	7.741624484e-128	0.0001307333572	3.099749543e-127
1000	4833427G06Rik	0.7253219373	7.958626133e-128	0.0001307333572	3.183450453e-127
1001	Aebp1	0.7253720661	8.844113944e-128	0.0001307333572	3.534111466e-127
1002	Prg4	0.7257284031	1.87109259e-127	0.0001307333572	7.469431497e-127
1003	Igfn1	0.7257465426	1.943796179e-127	0.0001307333572	7.751928928e-127
1004	Gpr62	0.7257971587	2.161926611e-127	0.0001307333572	8.613253432e-127
1005	Tunar	0.7258087789	2.215358067e-127	0.0001307333572	8.817345541e-127
1006	Foxp1	0.7262299013	5.362878654e-127	0.0001307333572	2.132357318e-126
1007	3300002A11Rik	0.7262916864	6.104926534e-127	0.0001307333572	2.424995644e-126
1008	Nppa	0.7265980565	1.160320372e-126	0.0001307333572	4.604445919e-126
1009	Wnt9b	0.7269731956	2.544800815e-126	0.0001307333572	1.008840759e-125
1010	Atp6v0e2	0.7269826553	2.595664404e-126	0.0001307333572	1.027985903e-125
1011	Cox6a2	0.727393593	6.12807361e-126	0.0001307333572	2.424559292e-125
1012	Aldh1a2	0.7276448373	1.035484875e-125	0.0001307333572	4.092825593e-125
1013	Rdh5	0.7280460563	2.390679547e-125	0.0001307333572	9.43999821e-125
1014	Tmem35a	0.7281457648	2.942679356e-125	0.0001307333572	1.160820259e-124
1015	Irx2	0.7282594918	3.729142701e-125	0.0001307333572	1.469612887e-124
1016	Tceal3	0.728289811	3.972148419e-125	0.0001307333572	1.56383796e-124
1017	Mgp	0.7285346488	6.611667016e-125	0.0001307333572	2.600459003e-124
1018	Kcnc4	0.7285810237	7.281189767e-125	0.0001307333572	2.860978298e-124
1019	1700011I03Rik	0.7290377052	1.880839362e-124	0.0001307333572	7.383078948e-124
1020	Brk1	0.729148804	2.368712734e-124	0.0001307333572	9.289069546e-124
1021	Akap5	0.7292177048	2.732808002e-124	0.0001307333572	1.070639766e-123
1022	Osbp2	0.7294277623	4.224990427e-124	0.0001307333572	1.653616606e-123
1023	Nmral1	0.729524219	5.160164036e-124	0.0001307333572	2.017659447e-123
1024	Tspan13	0.7299940794	1.365295734e-123	0.0001307333572	5.333186462e-123
1025	Phyhip	0.7301198281	1.770896321e-123	0.0001307333572	6.910814913e-123
1026	Vstm2a	0.7302151944	2.156902797e-123	0.0001307333572	8.408977767e-123
1027	Slitrk6	0.730378014	3.019744595e-123	0.0001307333572	1.176142004e-122
1028	Plk5	0.7304338387	3.388876321e-123	0.0001307333572	1.318628919e-122
1029	Dock10	0.7309439308	9.710200932e-123	0.0001307333572	3.774616494e-122
1030	Xylt2	0.7311033902	1.348861699e-122	0.0001307333572	5.238297861e-122
1031	Ppm1e	0.7312245155	1.731154434e-122	0.0001307333572	6.716409057e-122
1032	Rspo1	0.7318471033	6.231384515e-122	0.0001307333572	2.415265316e-121
1033	Cacna1e	0.7318981601	6.92060467e-122	0.0001307333572	2.679808197e-121
1034	Tshb	0.7326752664	3.40809643e-121	0.0001307333572	1.318412545e-120
1035	Nr5a1os	0.7329958571	6.569929487e-121	0.0001307333572	2.539103183e-120
1036	Vip	0.7334219878	1.570078978e-120	0.0001307333572	6.062080994e-120
1037	B630019K06Rik	0.7336235817	2.369771841e-120	0.0001307333572	9.140874989e-120
1038	Gm10714	0.7336387224	2.444155024e-120	0.0001307333572	9.418709148e-120
1039	Slc6a20a	0.7336562617	2.533240138e-120	0.0001307333572	9.752608809e-120
1040	Kcnj3	0.7340250701	5.374872302e-120	0.0001307333572	2.067258578e-119
1041	Prkch	0.7342891852	9.205451328e-120	0.0001307333572	3.537157091e-119
1042	Gng4	0.7343437705	1.028752256e-119	0.0001307333572	3.949144935e-119
1043	C130021I20Rik	0.7343474653	1.036519467e-119	0.0001307333572	3.975146567e-119
1044	L1cam	0.7348498733	2.879714996e-119	0.0001307333572	1.103339079e-118
1045	Lum	0.7349146595	3.284835292e-119	0.0001307333572	1.257353222e-118
1046	Ociad2	0.7349695202	3.672053646e-119	0.0001307333572	1.404227016e-118
1047	Tmem179	0.7350023279	3.92505387e-119	0.0001307333572	1.499543026e-118
1048	Tmx4	0.7350217027	4.082560418e-119	0.0001307333572	1.558229167e-118
1049	Unc5d	0.7351770564	5.596249601e-119	0.0001307333572	2.133936931e-118
1050	Hspa12a	0.7354510734	9.756264059e-119	0.0001307333572	3.716672022e-118
1051	Ccdc146	0.7355825294	1.273494533e-118	0.0001307333572	4.846791751e-118
1052	Gstm6	0.7357042045	1.629483663e-118	0.0001307333572	6.195755374e-118
1053	Slc39a4	0.735924242	2.54401763e-118	0.0001307333572	9.663884633e-118
1054	Plekhd1	0.7360308177	3.156240493e-118	0.0001307333572	1.197814229e-117
1055	Klhl2	0.7360531011	3.301764582e-118	0.0001307333572	1.25185387e-117
1056	Caln1	0.7362080164	4.516420497e-118	0.0001307333572	1.71076534e-117
1057	Sorl1	0.7362738052	5.15877647e-118	0.0001307333572	1.952233291e-117
1058	Prph	0.7362851634	5.278566805e-118	0.0001307333572	1.995677431e-117
1059	Hcn4	0.7365519065	9.047277633e-118	0.0001307333572	3.417290891e-117
1060	Rbp4	0.7367387933	1.319243197e-117	0.0001307333572	4.978276216e-117
1061	Pianp	0.7368191381	1.551356842e-117	0.0001307333572	5.848659159e-117
1062	Slc29a1	0.7370328792	2.387028961e-117	0.0001307333572	8.990692887e-117
1063	Drd2	0.7371028481	2.748448958e-117	0.0001307333572	1.034223502e-116
1064	Tceal9	0.7371799011	3.209949155e-117	0.0001307333572	1.206747802e-116
1065	Zic4	0.737228474	3.539830562e-117	0.0001307333572	1.329513826e-116
1066	Neurod1	0.7378978182	1.360279355e-116	0.0001307333572	5.104237731e-116
1067	Gabra3	0.7384825111	4.396616653e-116	0.0001307333572	1.648216177e-115
1068	Riiad1	0.7385492789	5.026048725e-116	0.0001307333572	1.882415253e-115
1069	Elavl2	0.7387399123	7.362984326e-116	0.0001307333572	2.755092358e-115
1070	Gng7	0.7390901813	1.483986123e-115	0.0001307333572	5.547611675e-115
1071	Mgat5b	0.7393270881	2.382681687e-115	0.0001307333572	8.898904528e-115
1072	Olfr570	0.7394250439	2.897595312e-115	0.0001307333572	1.08119228e-114
1073	Sh3d19	0.7396734386	4.757347282e-115	0.0001307333572	1.773475222e-114
1074	Nol4	0.7397048103	5.064605727e-115	0.0001307333572	1.886259116e-114
1075	Napa	0.7399873203	8.895461837e-115	0.0001307333572	3.309939288e-114
1076	Nme9	0.7401697073	1.279249361e-114	0.0001307333572	4.755573834e-114
1077	Shisa7	0.7402204548	1.415266584e-114	0.0001307333572	5.256329001e-114
1078	Sema3e	0.7405080711	2.508351687e-114	0.0001307333572	9.307427411e-114
1079	Oca2	0.7405596783	2.779437595e-114	0.0001307333572	1.030375383e-113
1080	Serpina3n	0.7406718367	3.473662919e-114	0.0001307333572	1.286541822e-113
1081	Snx10	0.7408912113	5.371081372e-114	0.0001307333572	1.987449166e-113
1082	Gpr4	0.7410298013	7.072182464e-114	0.0001307333572	2.614485199e-113
1083	Ankrd63	0.741082234	7.847730345e-114	0.0001307333572	2.898515363e-113
1084	Cdc42ep1	0.741335209	1.296133943e-113	0.0001307333572	4.782782076e-113
1085	Serinc5	0.7414107933	1.505618574e-113	0.0001307333572	5.550667553e-113
1086	St3gal5	0.741418429	1.528575646e-113	0.0001307333572	5.630112877e-113
1087	Parpbp	0.7418138248	3.344537808e-113	0.0001307333572	1.230740684e-112
1088	Id3	0.741829852	3.452303019e-113	0.0001307333572	1.269229051e-112
1089	Grasp	0.7418729001	3.759218828e-113	0.0001307333572	1.380796631e-112
1090	Cfap52	0.742192873	7.076837761e-113	0.0001307333572	2.597004683e-112
1091	Tceal6	0.7422099904	7.320274304e-113	0.0001307333572	2.683876922e-112
1092	B4galnt1	0.7424763577	1.238702687e-112	0.0001307333572	4.537372482e-112
1093	Tmem198	0.7424928034	1.27956807e-112	0.0001307333572	4.682774274e-112
1094	Ogn	0.7425979891	1.574712661e-112	0.0001307333572	5.75763313e-112
1095	Syt6	0.742741778	2.091031621e-112	0.0001307333572	7.638471676e-112
1096	Olig2	0.7428867972	2.782942621e-112	0.0001307333572	1.015672489e-111
1097	Tceal5	0.7435219742	9.714616769e-112	0.0001307333572	3.542248594e-111
1098	Syt16	0.7435376807	1.001922112e-111	0.0001307333572	3.649989479e-111
1099	Sorbs2	0.7438856237	1.984518809e-111	0.0001307333572	7.222998394e-111
1100	Ppp1r32	0.7441725209	3.484159237e-111	0.0001307333572	1.266966995e-110
1101	Usp11	0.7443771645	5.203458231e-111	0.0001307333572	1.89044804e-110
1102	Pcdh20	0.7444143154	5.596291103e-111	0.0001307333572	2.031321635e-110
1103	Ets2	0.7445801217	7.743075588e-111	0.0001307333572	2.808005653e-110
1104	Trim9	0.7446174409	8.329900905e-111	0.0001307333572	3.018080038e-110
1105	Tmprss11a	0.7446822851	9.457035497e-111	0.0001307333572	3.423361266e-110
1106	Crmp1	0.7446944485	9.684828968e-111	0.0001307333572	3.502650621e-110
1107	Tmem184a	0.7448676473	1.359030902e-110	0.0001307333572	4.910680765e-110
1108	Hrk	0.7449225421	1.513015125e-110	0.0001307333572	5.462148466e-110
1109	Ptpro	0.745147987	2.350581138e-110	0.0001307333572	8.478200677e-110
1110	Chrnb3	0.7452965268	3.141570438e-110	0.0001307333572	1.132097455e-109
1111	Gm17660	0.7455442571	5.094196928e-110	0.0001307333572	1.834094304e-109
1112	Kctd1	0.745781274	8.086034792e-110	0.0001307333572	2.908645609e-109
1113	Dnajb13	0.7458101933	8.554725917e-110	0.0001307333572	3.074474723e-109
1114	Apoc3	0.745970039	1.167916629e-109	0.0001307333572	4.193596513e-109
1115	1700047M11Rik	0.7460480048	1.359341691e-109	0.0001307333572	4.87656212e-109
1116	Sema6a	0.7461954118	1.81092286e-109	0.0001307333572	6.490762939e-109
1117	Robo2	0.7462857229	2.158662766e-109	0.0001307333572	7.730215814e-109
1118	1700037H04Rik	0.7463691226	2.538678665e-109	0.0001307333572	9.082929034e-109
1119	Slc4a10	0.7464330483	2.874558072e-109	0.0001307333572	1.027545334e-108
1120	Mas1	0.7465218323	3.415830761e-109	0.0001307333572	1.219939557e-108
1121	Ovol2	0.7467256104	5.074191054e-109	0.0001307333572	1.810594489e-108
1122	Opcml	0.7467310586	5.128141813e-109	0.0001307333572	1.82821455e-108
1123	Coch	0.7468194638	6.0880519e-109	0.0001307333572	2.168495779e-108
1124	Ddc	0.7468371075	6.300099425e-109	0.0001307333572	2.242028265e-108
1125	Nhlh2	0.7471158091	1.081642858e-108	0.0001307333572	3.845841272e-108
1126	Rbms3	0.7472156843	1.312626605e-108	0.0001307333572	4.662971952e-108
1127	Tmeff2	0.747496831	2.262471174e-108	0.0001307333572	8.030066277e-108
1128	Mgst1	0.747524914	2.388835367e-108	0.0001307333572	8.471047401e-108
1129	Jpt1	0.7476052993	2.790833295e-108	0.0001307333572	9.887806182e-108
1130	Slit1	0.7478338308	4.341618063e-108	0.0001307333572	1.536855952e-107
1131	Pnmal1	0.7479353884	5.283026634e-108	0.0001307333572	1.868444433e-107
1132	Cilp	0.7484868798	1.53150772e-107	0.0001307333572	5.411688058e-107
1133	Nbdy	0.7485334721	1.675423832e-107	0.0001307333572	5.915000288e-107
1134	Pja1	0.7491066268	5.050813053e-107	0.0001307333572	1.781591906e-106
1135	Arhgap6	0.749415729	9.148745394e-107	0.0001307333572	3.224227452e-106
1136	Otud7b	0.7499217701	2.415784254e-106	0.0001307333572	8.506282583e-106
1137	Sv2c	0.7499425328	2.513865696e-106	0.0001307333572	8.84385469e-106
1138	Gpr83	0.7500241979	2.939750142e-106	0.0001307333572	1.033304092e-105
1139	Ly6e	0.7502908219	4.898496273e-106	0.0001307333572	1.720279639e-105
1140	Medag	0.7503191363	5.171282087e-106	0.0001307333572	1.814484943e-105
1141	S100a10	0.7505789933	8.501025148e-106	0.0001307333572	2.980201629e-105
1142	Kcnc3	0.7506453917	9.651503972e-106	0.0001307333572	3.380561812e-105
1143	Atp5g1	0.7507658889	1.215050007e-105	0.0001307333572	4.252143507e-105
1144	Dagla	0.7508353095	1.387342123e-105	0.0001307333572	4.850846583e-105
1145	Prelp	0.7508798773	1.510592734e-105	0.0001307333572	5.277179856e-105
1146	Npy2r	0.7513419227	3.647306475e-105	0.0001307333572	1.273056361e-104
1147	Cadm1	0.7514104975	4.156513416e-105	0.0001307333572	1.449525167e-104
1148	Ezr	0.7518239743	9.133114092e-105	0.0001307333572	3.182269719e-104
1149	Npvf	0.7520856069	1.501969409e-104	0.0001307333572	5.228788194e-104
1150	Iscu	0.7521080431	1.567390179e-104	0.0001307333572	5.451791926e-104
1151	B3galt2	0.7531519822	1.13466942e-103	0.0001307333572	3.943247331e-103
1152	Grin2b	0.7531592308	1.150339446e-103	0.0001307333572	3.994234189e-103
1153	Grm5	0.7532835445	1.455310387e-103	0.0001307333572	5.048778445e-103
1154	Grik3	0.7533601552	1.682168299e-103	0.0001307333572	5.830739338e-103
1155	Tspan18	0.7535990774	2.642110072e-103	0.0001307333572	9.150164752e-103
1156	Grina	0.7537252362	3.352834226e-103	0.0001307333572	1.160150251e-102
1157	Cpn1	0.7537924204	3.806163189e-103	0.0001307333572	1.315873186e-102
1158	Prox1	0.7539658253	5.279218972e-103	0.0001307333572	1.823564412e-102
1159	Rwdd2a	0.7541086328	6.910454793e-103	0.0001307333572	2.384971456e-102
1160	A830018L16Rik	0.7542433399	8.907353502e-103	0.0001307333572	3.071501207e-102
1161	Kctd4	0.7547031551	2.116414004e-102	0.0001307333572	7.291693383e-102
1162	Nrp2	0.7547922305	2.502243899e-102	0.0001307333572	8.613576245e-102
1163	Sec14l1	0.7549120258	3.134004464e-102	0.0001307333572	1.077903513e-101
1164	1110032F04Rik	0.7550370115	3.963281572e-102	0.0001307333572	1.36195243e-101
1165	Robo3	0.7550421921	4.002025807e-102	0.0001307333572	1.374086114e-101
1166	Kcnq3	0.7550912135	4.387866465e-102	0.0001307333572	1.505271515e-101
1167	Rcn1	0.7554127669	8.02158869e-102	0.0001307333572	2.749473416e-101
1168	Tbca	0.7555048013	9.532096866e-102	0.0001307333572	3.264416735e-101
1169	Crabp2	0.755734102	1.46469464e-101	0.0001307333572	5.01178662e-101
1170	Rgs8	0.755865279	1.872380805e-101	0.0001307333572	6.401301899e-101
1171	Col1a2	0.7559814806	2.327118796e-101	0.0001307333572	7.949167535e-101
1172	Actl6b	0.7563884128	4.978919339e-101	0.0001307333572	1.699289877e-100
1173	Ucn3	0.7565951719	7.324131141e-101	0.0001307333572	2.497572427e-100
1174	Igha	0.7569006161	1.294560935e-100	0.0001307333572	4.410769796e-100
1175	Arpc1b	0.7569087435	1.31431757e-100	0.0001307333572	4.474272579e-100
1176	Fndc9	0.7569316332	1.371590994e-100	0.0001307333572	4.665275489e-100
1177	Lpl	0.7570348297	1.662335124e-100	0.0001307333572	5.649397194e-100
1178	Fabp7	0.7574733986	3.759768917e-100	0.0001307333572	1.276661772e-99
1179	Tmem163	0.7577249733	6.000549268e-100	0.0001307333572	2.03580976e-99
1180	Smoc2	0.7582053398	1.463124874e-99	0.0001307333572	4.959745336e-99
1181	Camkk1	0.7582296445	1.530545962e-99	0.0001307333572	5.183898263e-99
1182	Spon1	0.7583362039	1.864670528e-99	0.0001307333572	6.310221752e-99
1183	Tspyl2	0.7584017736	2.105483752e-99	0.0001307333572	7.119133567e-99
1184	Spp1	0.7585392372	2.715769768e-99	0.0001307333572	9.174897864e-99
1185	Cib2	0.7586108676	3.100770295e-99	0.0001307333572	1.046673517e-98
1186	Pdzrn3	0.7586576677	3.381258721e-99	0.0001307333572	1.1403908e-98
1187	Rapgef5	0.7587214081	3.804423422e-99	0.0001307333572	1.282029797e-98
1188	Bex4	0.7587409353	3.94434351e-99	0.0001307333572	1.328061788e-98
1189	Rspo2	0.758788802	4.309430529e-99	0.0001307333572	1.449766368e-98
1190	Pomc	0.7589165968	5.457879619e-99	0.0001307333572	1.834581384e-98
1191	Acta2	0.7589208822	5.501278521e-99	0.0001307333572	1.847616632e-98
1192	Madd	0.7589941905	6.299354719e-99	0.0001307333572	2.113877422e-98
1193	Amph	0.7592277587	9.69669141e-99	0.0001307333572	3.251195779e-98
1194	1700007K13Rik	0.7592359937	9.845209628e-99	0.0001307333572	3.298227681e-98
1195	Cd34	0.7592609171	1.03086744e-98	0.0001307333572	3.45060231e-98
1196	Pkia	0.7593551668	1.226681485e-98	0.0001307333572	4.102613663e-98
1197	Garnl3	0.7593565114	1.229728164e-98	0.0001307333572	4.109367298e-98
1198	Rogdi	0.7597876648	2.722362571e-98	0.0001307333572	9.089691388e-98
1199	Large1	0.7598141186	2.858262597e-98	0.0001307333572	9.535488229e-98
1200	Cds1	0.7598578024	3.097651713e-98	0.0001307333572	1.032550571e-97
1201	Tnfrsf8	0.7601021423	4.856188537e-98	0.0001307333572	1.617381694e-97
1202	Arhgef9	0.760427595	8.832263568e-98	0.0001307333572	2.939189207e-97
1203	Rassf3	0.7604495456	9.195606127e-98	0.0001307333572	3.057558147e-97
1204	Emx1	0.7604515692	9.229842985e-98	0.0001307333572	3.066393018e-97
1205	Capsl	0.7605116915	1.030720163e-97	0.0001307333572	3.421477721e-97
1206	Ypel3	0.7607896445	1.7165146e-97	0.0001307333572	5.693249087e-97
1207	Pak6	0.760815177	1.798796675e-97	0.0001307333572	5.961215162e-97
1208	Rac3	0.7612242207	3.805901238e-97	0.0001307333572	1.260232198e-96
1209	Tmem56	0.7612574128	4.044306532e-97	0.0001307333572	1.338066677e-96
1210	Doc2b	0.7617528406	1.000594452e-96	0.0001307333572	3.307750253e-96
1211	Galnt6	0.761772824	1.037790381e-96	0.0001307333572	3.427879045e-96
1212	Asphd2	0.7618030102	1.096609316e-96	0.0001307333572	3.619172659e-96
1213	Glra3	0.7618955532	1.298475547e-96	0.0001307333572	4.281864952e-96
1214	Sntn	0.762019685	1.628618464e-96	0.0001307333572	5.36612344e-96
1215	Dmkn	0.7622464249	2.462630646e-96	0.0001307333572	8.107425995e-96
1216	Gm10419	0.7623098894	2.764605364e-96	0.0001307333572	9.094096591e-96
1217	Gm34466	0.7625646253	4.396724111e-96	0.0001307333572	1.445102419e-95
1218	Fam159b	0.7632083399	1.416932241e-95	0.0001307333572	4.653307853e-95
1219	Id4	0.7632578785	1.550256256e-95	0.0001307333572	5.08697705e-95
1220	Kcng4	0.7637229335	3.602787748e-95	0.0001307333572	1.181241885e-94
1221	Ryr2	0.7637652815	3.890026141e-95	0.0001307333572	1.274373838e-94
1222	Ubxn10	0.7639530439	5.464969043e-95	0.0001307333572	1.788860571e-94
1223	4833423E24Rik	0.7642654629	9.615677048e-95	0.0001307333572	3.144947522e-94
1224	Etnppl	0.7644286439	1.291288239e-94	0.0001307333572	4.219896206e-94
1225	Apba2	0.7644333235	1.30224847e-94	0.0001307333572	4.252239902e-94
1226	Il16	0.7646014817	1.764199358e-94	0.0001307333572	5.755952228e-94
1227	Adora1	0.7646319178	1.863814761e-94	0.0001307333572	6.076005742e-94
1228	Lrrc55	0.7646443454	1.906085139e-94	0.0001307333572	6.20874638e-94
1229	Kcng2	0.7651057452	4.379067689e-94	0.0001307333572	1.42524579e-93
1230	Cyb561	0.765209886	5.282238559e-94	0.0001307333572	1.717801157e-93
1231	Tiam2	0.7653162088	6.396222968e-94	0.0001307333572	2.078382768e-93
1232	Cyp2f2	0.7657269875	1.338598695e-93	0.0001307333572	4.34609966e-93
1233	Nos1	0.7658616036	1.704645193e-93	0.0001307333572	5.53007362e-93
1234	Asgr1	0.7659252703	1.91101905e-93	0.0001307333572	6.194551217e-93
1235	Enkur	0.7662820404	3.623555842e-93	0.0001307333572	1.173621325e-92
1236	Cfap206	0.766372113	4.258151655e-93	0.0001307333572	1.378042607e-92
1237	Kcnq2	0.7666949948	7.589918802e-93	0.0001307333572	2.454298723e-92
1238	Lgi1	0.7668734371	1.044273317e-92	0.0001307333572	3.374065646e-92
1239	Pmp22	0.7671927322	1.847197103e-92	0.0001307333572	5.963509615e-92
1240	Fkbp1b	0.7674362799	2.852480409e-92	0.0001307333572	9.201549705e-92
1241	Galnt17	0.7676249885	3.993058749e-92	0.0001307333572	1.287045528e-91
1242	Hcn1	0.7677413767	4.912982277e-92	0.0001307333572	1.582280926e-91
1243	Car4	0.7678983501	6.496970628e-92	0.0001307333572	2.090738738e-91
1244	Nr3c2	0.7680704829	8.824768646e-92	0.0001307333572	2.837546188e-91
1245	Chl1	0.7681506834	1.017733366e-91	0.0001307333572	3.269826077e-91
1246	Krt15	0.7683228713	1.382053988e-91	0.0001307333572	4.436770427e-91
1247	Rsph9	0.76866471	2.535466588e-91	0.0001307333572	8.133012312e-91
1248	Pnoc	0.768742949	2.912862723e-91	0.0001307333572	9.33609847e-91
1249	Rorb	0.7688725789	3.665391522e-91	0.0001307333572	1.173864379e-90
1250	Slitrk1	0.7689623022	4.296992e-91	0.0001307333572	1.37503744e-90
1251	Dner	0.7691380757	5.866094942e-91	0.0001307333572	1.875649862e-90
1252	H2afz	0.7692622371	7.307651726e-91	0.0001307333572	2.334713012e-90
1253	Gm19410	0.7693995824	9.317086734e-91	0.0001307333572	2.974329364e-90
1254	Slc2a3	0.7696697491	1.501851912e-90	0.0001307333572	4.79059621e-90
1255	Drd1	0.769709734	1.611736713e-90	0.0001307333572	5.137009445e-90
1256	Cfap65	0.7698467463	2.052756447e-90	0.0001307333572	6.537440915e-90
1257	Neat1	0.7698604203	2.102894637e-90	0.0001307333572	6.691788821e-90
1258	Omd	0.7700860247	3.130660847e-90	0.0001307333572	9.954406509e-90
1259	Cnrip1	0.7704543796	5.990216065e-90	0.0001307333572	1.903166343e-89
1260	Lhfpl3	0.7705469085	7.049530024e-90	0.0001307333572	2.237946039e-89
1261	Fam159a	0.7705924349	7.637381762e-90	0.0001307333572	2.422642906e-89
1262	Dnah1	0.7706570371	8.556417601e-90	0.0001307333572	2.712018257e-89
1263	Glra2	0.7707145201	9.46650397e-90	0.0001307333572	2.99810102e-89
1264	Slc18a2	0.7709161676	1.34925443e-89	0.0001307333572	4.269792499e-89
1265	Tubb2b	0.7709849808	1.522592045e-89	0.0001307333572	4.814520299e-89
1266	Mink1	0.771236288	2.366703562e-89	0.0001307333572	7.477736373e-89
1267	Fgf1	0.771260735	2.470401674e-89	0.0001307333572	7.79921602e-89
1268	Cd24a	0.7714363314	3.361077101e-89	0.0001307333572	1.060276688e-88
1269	Rfx3	0.7717483867	5.805586972e-89	0.0001307333572	1.829972253e-88
1270	Necap1	0.7717560718	5.884204964e-89	0.0001307333572	1.853292902e-88
1271	Plxnb3	0.7717605162	5.930154963e-89	0.0001307333572	1.866295818e-88
1272	Dnah6	0.7718309903	6.708498928e-89	0.0001307333572	2.109590858e-88
1273	Rgs7	0.7722296816	1.346836517e-88	0.0001307333572	4.232007908e-88
1274	Ebf3	0.7722848119	1.482957833e-88	0.0001307333572	4.65606855e-88
1275	Mboat7	0.7723885703	1.777450989e-88	0.0001307333572	5.576316827e-88
1276	Cux2	0.772530078	2.275255566e-88	0.0001307333572	7.132462591e-88
1277	Lgals3bp	0.772691894	3.016968687e-88	0.0001307333572	9.450175997e-88
1278	Osr1	0.7727705607	3.460290142e-88	0.0001307333572	1.083032908e-87
1279	Ass1	0.7729741179	4.932722959e-88	0.0001307333572	1.542681144e-87
1280	BC039966	0.7730508323	5.637404995e-88	0.0001307333572	1.761689061e-87
1281	Cox6b2	0.7731084151	6.231553255e-88	0.0001307333572	1.945840205e-87
1282	Epha5	0.7733368269	9.270558379e-88	0.0001307333572	2.892529915e-87
1283	Chst8	0.7733765838	9.933788272e-88	0.0001307333572	3.097050124e-87
1284	Lcn2	0.7734397209	1.108564135e-87	0.0001307333572	3.453470825e-87
1285	Tmem27	0.7735852006	1.427235726e-87	0.0001307333572	4.442757122e-87
1286	Btbd11	0.7736499991	1.597167111e-87	0.0001307333572	4.967860376e-87
1287	Adarb2	0.7736693531	1.651732146e-87	0.0001307333572	5.133588645e-87
1288	Pcdh17	0.773811647	2.114286441e-87	0.0001307333572	6.566106959e-87
1289	Kcnj9	0.7739276725	2.585497589e-87	0.0001307333572	8.023266375e-87
1290	Tnc	0.774021994	3.04471062e-87	0.0001307333572	9.440963162e-87
1291	Rtl8b	0.7741291729	3.665984752e-87	0.0001307333572	1.135858947e-86
1292	Rgs17	0.7741664839	3.910710502e-87	0.0001307333572	1.210746285e-86
1293	Mdfic	0.7743430415	5.308821805e-87	0.0001307333572	1.642326931e-86
1294	Bmp6	0.7743566577	5.435394503e-87	0.0001307333572	1.680183772e-86
1295	Klhdc8b	0.7744095217	5.955986144e-87	0.0001307333572	1.83968684e-86
1296	Ranbp3l	0.7744875078	6.816107187e-87	0.0001307333572	2.103736786e-86
1297	Pitx1	0.7744903757	6.84999772e-87	0.0001307333572	2.11256676e-86
1298	Fhod3	0.7745254686	7.278553513e-87	0.0001307333572	2.243005705e-86
1299	Homer3	0.7745591592	7.715122643e-87	0.0001307333572	2.37571136e-86
1300	Gjb2	0.7745605373	7.733525622e-87	0.0001307333572	2.379546345e-86
1301	Rin1	0.7746006779	8.289213629e-87	0.0001307333572	2.548566835e-86
1302	Sema3a	0.7748681655	1.315816159e-86	0.0001307333572	4.042445957e-86
1303	Il33	0.7749999881	1.651990565e-86	0.0001307333572	5.07134479e-86
1304	Pclo	0.7751810569	2.25756521e-86	0.0001307333572	6.925046658e-86
1305	Adcy2	0.775221608	2.421034147e-86	0.0001307333572	7.420794319e-86
1306	Slc47a1	0.7755126781	3.997286686e-86	0.0001307333572	1.224283824e-85
1307	Sertm1	0.7758110255	6.678559867e-86	0.0001307333572	2.04393569e-85
1308	Bst2	0.7758285248	6.882538583e-86	0.0001307333572	2.10475186e-85
1309	Sema5a	0.7759746565	8.847457449e-86	0.0001307333572	2.703577525e-85
1310	Tmem215	0.7761736967	1.245272074e-85	0.0001307333572	3.802357477e-85
1311	Cpm	0.7761992763	1.301164527e-85	0.0001307333572	3.969990929e-85
1312	Dlg3	0.7763859474	1.792329772e-85	0.0001307333572	5.464420036e-85
1313	Gnb3	0.776686403	2.999439942e-85	0.0001307333572	9.137669282e-85
1314	Prss12	0.7767233652	3.195432485e-85	0.0001307333572	9.727343943e-85
1315	Arf1	0.7768334278	3.857966163e-85	0.0001307333572	1.173525829e-84
1316	Iqsec2	0.777100506	6.091965176e-85	0.0001307333572	1.851661148e-84
1317	Cacng4	0.7771180215	6.277122184e-85	0.0001307333572	1.906491172e-84
1318	Lzts3	0.7772436357	7.780078992e-85	0.0001307333572	2.361177236e-84
1319	A830010M20Rik	0.777260896	8.012895851e-85	0.0001307333572	2.42999116e-84
1320	Pld5	0.7773831516	9.873321287e-85	0.0001307333572	2.991915541e-84
1321	Igfbp5	0.7774321451	1.073461623e-84	0.0001307333572	3.250451545e-84
1322	Blcap	0.7777455642	1.832163008e-84	0.0001307333572	5.543609707e-84
1323	Erbb3	0.7779238624	2.482562962e-84	0.0001307333572	7.505859296e-84
1324	Mpp3	0.7779358799	2.533897786e-84	0.0001307333572	7.65528032e-84
1325	Arhgef4	0.7781508761	3.653694258e-84	0.0001307333572	1.10300204e-83
1326	Grb10	0.7782067912	4.018317464e-84	0.0001307333572	1.212162131e-83
1327	Efcab6	0.778207787	4.025129442e-84	0.0001307333572	1.213302017e-83
1328	Met	0.778556927	7.286200237e-84	0.0001307333572	2.194638626e-83
1329	Zdhhc8	0.7789794124	1.492186046e-83	0.0001307333572	4.491154389e-83
1330	Col23a1	0.779024283	1.610099113e-83	0.0001307333572	4.842403347e-83
1331	Sez6l	0.7790617373	1.715607196e-83	0.0001307333572	5.155844315e-83
1332	Btbd10	0.7794011035	3.047683157e-83	0.0001307333572	9.152201672e-83
1333	Ano1	0.7794257335	3.17736103e-83	0.0001307333572	9.534466706e-83
1334	Nek5	0.7795928507	4.215041386e-83	0.0001307333572	1.263880476e-82
1335	Tsnax	0.7798670447	6.698487273e-83	0.0001307333572	2.007037385e-82
1336	Tmem191c	0.7802108129	1.196316093e-82	0.0001307333572	3.581784708e-82
1337	Hs6st2	0.780260105	1.29995627e-82	0.0001307333572	3.889173584e-82
1338	Myo1d	0.7803019479	1.394929746e-82	0.0001307333572	4.170193561e-82
1339	Cdkn1c	0.7803161612	1.428740241e-82	0.0001307333572	4.268081376e-82
1340	Zfp804a	0.7805308725	2.051127087e-82	0.0001307333572	6.122767425e-82
1341	Mab21l2	0.7806030621	2.316101442e-82	0.0001307333572	6.908579991e-82
1342	Klhl23	0.7808770118	3.671439788e-82	0.0001307333572	1.094318864e-81
1343	Morf4l2	0.7810091848	4.584371853e-82	0.0001307333572	1.365412317e-81
1344	Frzb	0.7810873927	5.227801062e-82	0.0001307333572	1.555893173e-81
1345	Tspan9	0.7810969295	5.312183895e-82	0.0001307333572	1.579831642e-81
1346	Arpc2	0.7811130988	5.458367542e-82	0.0001307333572	1.62210031e-81
1347	Crygn	0.7811453197	5.7617406e-82	0.0001307333572	1.710984588e-81
1348	Lrrc74b	0.7812466147	6.829381824e-82	0.0001307333572	2.026522796e-81
1349	Col1a1	0.7813672852	8.361540241e-82	0.0001307333572	2.479329945e-81
1350	Tnni1	0.7817036381	1.469111891e-81	0.0001307333572	4.35292412e-81
1351	Serpinf1	0.7817114654	1.488491608e-81	0.0001307333572	4.407081e-81
1352	Sgsm1	0.7817470007	1.579730934e-81	0.0001307333572	4.67376016e-81
1353	Gng5	0.7817480934	1.582623181e-81	0.0001307333572	4.678856412e-81
1354	Islr2	0.7817786733	1.665742294e-81	0.0001307333572	4.920952123e-81
1355	Rnf152	0.7818814716	1.978405113e-81	0.0001307333572	5.840310296e-81
1356	Wisp2	0.7818928855	2.016545038e-81	0.0001307333572	5.948510437e-81
1357	Tmem176b	0.7819595178	2.254296026e-81	0.0001307333572	6.644940385e-81
1358	Rmst	0.7821515034	3.107353689e-81	0.0001307333572	9.152735462e-81
1359	Ninj2	0.782183731	3.279258525e-81	0.0001307333572	9.651975056e-81
1360	Aoc1	0.7823375679	4.239895985e-81	0.0001307333572	1.247028231e-80
1361	Ifi27l2a	0.7823593875	4.397185931e-81	0.0001307333572	1.29233973e-80
1362	Rasgef1b	0.7824294542	4.942696383e-81	0.0001307333572	1.451599525e-80
1363	A2ml1	0.7826251097	6.850183027e-81	0.0001307333572	2.010325173e-80
1364	Pltp	0.7826277876	6.880837171e-81	0.0001307333572	2.017840813e-80
1365	Spag8	0.7826295403	6.900973575e-81	0.0001307333572	2.022263319e-80
1366	Etv5	0.7827056795	7.834880071e-81	0.0001307333572	2.294254779e-80
1367	Anxa5	0.7827130306	7.931461018e-81	0.0001307333572	2.320837167e-80
1368	Cdk18	0.782714436	7.95006117e-81	0.0001307333572	2.324579289e-80
1369	Nbl1	0.7830069714	1.294100704e-80	0.0001307333572	3.781156185e-80
1370	Sgms2	0.7830102223	1.30112166e-80	0.0001307333572	3.798895358e-80
1371	Ppp1r36	0.7833348573	2.232536136e-80	0.0001307333572	6.51359923e-80
1372	Avil	0.7837035366	4.117829962e-80	0.0001307333572	1.200533517e-79
1373	Islr	0.7837519487	4.462178909e-80	0.0001307333572	1.299979289e-79
1374	Urah	0.7837571096	4.50054051e-80	0.0001307333572	1.310201022e-79
1375	Trpm3	0.7837846009	4.710498657e-80	0.0001307333572	1.370326882e-79
1376	Iqgap2	0.7838503954	5.253502705e-80	0.0001307333572	1.527181019e-79
1377	Gjc1	0.7839819203	6.533172443e-80	0.0001307333572	1.897798822e-79
1378	Cldn3	0.7840942948	7.869893097e-80	0.0001307333572	2.284439215e-79
1379	Plppr3	0.7841168811	8.169827116e-80	0.0001307333572	2.369783065e-79
1380	Tspan5	0.7845798281	1.757079849e-79	0.0001307333572	5.09298507e-79
1381	Ccnd2	0.7845862246	1.775749591e-79	0.0001307333572	5.143373182e-79
1382	Pax3	0.7846632124	2.016595991e-79	0.0001307333572	5.836746719e-79
1383	Ankrd33b	0.7848717903	2.84557797e-79	0.0001307333572	8.230160433e-79
1384	Lamc2	0.7849523341	3.249991933e-79	0.0001307333572	9.39304027e-79
1385	Sumo2	0.7852330696	5.16260547e-79	0.0001307333572	1.49100519e-78
1386	Mrap2	0.7853470521	6.228704813e-79	0.0001307333572	1.797606007e-78
1387	Snn	0.7856435649	1.014575486e-78	0.0001307333572	2.925956701e-78
1388	Cadps	0.7857748265	1.25889696e-78	0.0001307333572	3.62794513e-78
1389	Scube3	0.785775855	1.261026639e-78	0.0001307333572	3.631466202e-78
1390	Sema7a	0.7858335505	1.386417392e-78	0.0001307333572	3.989690335e-78
1391	Wdr72	0.7859932157	1.802058361e-78	0.0001307333572	5.182051363e-78
1392	Gpr22	0.7860171756	1.87434699e-78	0.0001307333572	5.386054568e-78
1393	Ret	0.7860767679	2.066928611e-78	0.0001307333572	5.935186249e-78
1394	Cab39l	0.7864512896	3.819469584e-78	0.0001307333572	1.095974056e-77
1395	Rgs10	0.7864996807	4.134528239e-78	0.0001307333572	1.18552781e-77
1396	Rgs12	0.786552707	4.509591789e-78	0.0001307333572	1.292146644e-77
1397	Atl1	0.7866122708	4.971491794e-78	0.0001307333572	1.423476534e-77
1398	Prr29	0.7867292918	6.020792709e-78	0.0001307333572	1.72268747e-77
1399	Htr7	0.7867766684	6.505959839e-78	0.0001307333572	1.860174364e-77
1400	Cdk14	0.7867843013	6.587692723e-78	0.0001307333572	1.882197921e-77
1401	Samd5	0.7868055521	6.820678381e-78	0.0001307333572	1.94737427e-77
1402	Nfasc	0.7874639443	1.99864528e-77	0.0001307333572	5.702268988e-77
1403	Glt8d2	0.7879334522	4.293552319e-77	0.0001307333572	1.224106149e-76
1404	Olfm3	0.7880976057	5.607246022e-77	0.0001307333572	1.597505989e-76
1405	Prdm6	0.7881994363	6.6164078e-77	0.0001307333572	1.883674818e-76
1406	Pop5	0.7884113963	9.335010429e-77	0.0001307333572	2.655763991e-76
1407	Tle4	0.7885049528	1.086554549e-76	0.0001307333572	3.088996585e-76
1408	Gstm7	0.7885251217	1.122696562e-76	0.0001307333572	3.189478869e-76
1409	Efnb2	0.7885452157	1.159896198e-76	0.0001307333572	3.292821002e-76
1410	Megf9	0.7886051654	1.278342612e-76	0.0001307333572	3.626503863e-76
1411	Sytl2	0.7887312616	1.568301825e-76	0.0001307333572	4.44593005e-76
1412	Mapk15	0.7889788087	2.341911849e-76	0.0001307333572	6.634311188e-76
1413	Anxa8	0.7892930167	3.893254706e-76	0.0001307333572	1.102124474e-75
1414	Cacnb1	0.789305776	3.974383494e-76	0.0001307333572	1.124295189e-75
1415	Gnb4	0.7893798723	4.479960878e-76	0.0001307333572	1.266420036e-75
1416	Hist1h2bc	0.7893828614	4.501650245e-76	0.0001307333572	1.271652612e-75
1417	Ifitm3	0.7895195396	5.613714114e-76	0.0001307333572	1.584675826e-75
1418	Lancl1	0.7897258661	7.831938736e-76	0.0001307333572	2.209291604e-75
1419	Gdpd5	0.7898430145	9.46059591e-76	0.0001307333572	2.666834647e-75
1420	Cd4	0.790006178	1.2306099e-75	0.0001307333572	3.466506761e-75
1421	Nova1	0.7901280839	1.497571572e-75	0.0001307333572	4.215542777e-75
1422	Sstr2	0.7901804965	1.629417832e-75	0.0001307333572	4.583453817e-75
1423	Sidt1	0.790259353	1.849902278e-75	0.0001307333572	5.200006405e-75
1424	Gfra4	0.7902750786	1.897307168e-75	0.0001307333572	5.329514516e-75
1425	Fam81b	0.790452566	2.524102386e-75	0.0001307333572	7.085199681e-75
1426	Rgl1	0.7904561668	2.538755919e-75	0.0001307333572	7.121334975e-75
1427	Tagln	0.7905066851	2.7535101e-75	0.0001307333572	7.718318429e-75
1428	Tpm1	0.7906259242	3.334966083e-75	0.0001307333572	9.341641688e-75
1429	Rab9b	0.7908663844	4.906147982e-75	0.0001307333572	1.373309442e-74
1430	Serinc2	0.7909645952	5.743257506e-75	0.0001307333572	1.606505596e-74
1431	Lrrn1	0.7910190934	6.267728728e-75	0.0001307333572	1.751985668e-74
1432	Tpd52l1	0.7910215726	6.292691358e-75	0.0001307333572	1.757735016e-74
1433	Pcdh19	0.7911961184	8.323776439e-75	0.0001307333572	2.323454693e-74
1434	Plxnc1	0.7913518586	1.068145719e-74	0.0001307333572	2.979485967e-74
1435	Herc3	0.7913573578	1.077589747e-74	0.0001307333572	3.003734487e-74
1436	Tbx3os2	0.7914087	1.169879241e-74	0.0001307333572	3.258716548e-74
1437	Il34	0.7914223471	1.195709132e-74	0.0001307333572	3.328348315e-74
1438	B3gat1	0.7914471132	1.244044745e-74	0.0001307333572	3.460486077e-74
1439	Smim1	0.7915677347	1.508792055e-74	0.0001307333572	4.194001542e-74
1440	Il17re	0.7916861151	1.823136053e-74	0.0001307333572	5.064266814e-74
1441	Araf	0.7918165919	2.245707973e-74	0.0001307333572	6.23374871e-74
1442	Scn1a	0.7919673822	2.857013348e-74	0.0001307333572	7.925141049e-74
1443	Sec14l5	0.7920461326	3.239577557e-74	0.0001307333572	8.980117968e-74
1444	Stoml3	0.7921283828	3.693754234e-74	0.0001307333572	1.023200619e-73
1445	Spef2	0.7923033115	4.881767591e-74	0.0001307333572	1.351354351e-73
1446	Acta1	0.7923086416	4.92340683e-74	0.0001307333572	1.361938266e-73
1447	Ltc4s	0.7924758625	6.425999053e-74	0.0001307333572	1.776364631e-73
1448	Ddah1	0.7927768269	1.037287869e-73	0.0001307333572	2.865436103e-73
1449	Prr5l	0.7929513778	1.368901108e-73	0.0001307333572	3.778885046e-73
1450	Smco3	0.7930325638	1.557295944e-73	0.0001307333572	4.295988812e-73
1451	Psme1	0.7931025063	1.740193091e-73	0.0001307333572	4.797224234e-73
1452	Ntrk3	0.7931794072	1.966087815e-73	0.0001307333572	5.416219877e-73
1453	Sgpp2	0.7935058348	3.298994348e-73	0.0001307333572	9.081883958e-73
1454	Slc6a7	0.7939326504	6.482689232e-73	0.0001307333572	1.783408317e-72
1455	Nxph1	0.7941946008	9.806392978e-73	0.0001307333572	2.695915595e-72
1456	Npdc1	0.7943114397	1.179267851e-72	0.0001307333572	3.239746843e-72
1457	Klhl13	0.7943672108	1.28775255e-72	0.0001307333572	3.535353602e-72
1458	Pex5l	0.7944636016	1.499218181e-72	0.0001307333572	4.11308143e-72
1459	Klhdc8a	0.7947083584	2.204940969e-72	0.0001307333572	6.045074624e-72
1460	1500011B03Rik	0.7949595696	3.274467585e-72	0.0001307333572	8.97114407e-72
1461	Ndst4	0.795104644	4.113650945e-72	0.0001307333572	1.126256248e-71
1462	Lhfpl1	0.7952149321	4.892245804e-72	0.0001307333572	1.338507744e-71
1463	Krt1	0.795620691	9.249663765e-72	0.0001307333572	2.528957967e-71
1464	H2-Aa	0.7957808032	1.188855412e-71	0.0001307333572	3.248238829e-71
1465	Il1rap	0.7959588052	1.571128648e-71	0.0001307333572	4.289771052e-71
1466	Fbln1	0.7960340674	1.767567249e-71	0.0001307333572	4.822830146e-71
1467	Kcnh1	0.7962534612	2.491240405e-71	0.0001307333572	6.792748206e-71
1468	Rpusd1	0.7963330507	2.821261748e-71	0.0001307333572	7.687361712e-71
1469	Bmp3	0.7963999639	3.132202457e-71	0.0001307333572	8.528801789e-71
1470	Cdh3	0.7965059164	3.695876858e-71	0.0001307333572	1.005680778e-70
1471	Tmod1	0.7967219124	5.1774113e-71	0.0001307333572	1.407861672e-70
1472	Gm867	0.7967301143	5.244071358e-71	0.0001307333572	1.425019391e-70
1473	S100a11	0.7968997688	6.831907963e-71	0.0001307333572	1.855236378e-70
1474	Dock4	0.7970473706	8.598168735e-71	0.0001307333572	2.333288666e-70
1475	Add2	0.797096096	9.275912871e-71	0.0001307333572	2.515501795e-70
1476	Vamp8	0.797246479	1.172205738e-70	0.0001307333572	3.176709316e-70
1477	Arxes2	0.7972918993	1.258026142e-70	0.0001307333572	3.406976688e-70
1478	Shisa8	0.7973754759	1.432636556e-70	0.0001307333572	3.877230192e-70
1479	Prcd	0.7973778642	1.437966276e-70	0.0001307333572	3.889023058e-70
1480	Elk1	0.7974686682	1.655958101e-70	0.0001307333572	4.475562436e-70
1481	Egr4	0.797603484	2.041791724e-70	0.0001307333572	5.514629911e-70
1482	Smyd2	0.7977610125	2.60748559e-70	0.0001307333572	7.037747883e-70
1483	Lrpap1	0.7978453415	2.971975782e-70	0.0001307333572	8.016118091e-70
1484	Rasd2	0.7978575393	3.028743817e-70	0.0001307333572	8.163729964e-70
1485	C230072F16Rik	0.7978863766	3.167286877e-70	0.0001307333572	8.531412464e-70
1486	D630024D03Rik	0.797970935	3.611022784e-70	0.0001307333572	9.720115164e-70
1487	2900052N01Rik	0.7983745562	6.746959619e-70	0.0001307333572	1.814918526e-69
1488	Zp3	0.7985605683	8.995790553e-70	0.0001307333572	2.418223267e-69
1489	Slc16a2	0.7985737312	9.180695629e-70	0.0001307333572	2.466271492e-69
1490	Serpinb1b	0.7986229587	9.906423624e-70	0.0001307333572	2.659442584e-69
1491	Crip1	0.7986574391	1.044853059e-69	0.0001307333572	2.803093385e-69
1492	Slc18a3	0.7991360411	2.186846208e-69	0.0001307333572	5.862858467e-69
1493	Lgals3	0.7991506779	2.236742328e-69	0.0001307333572	5.992611729e-69
1494	Sulf2	0.7992107835	2.453820089e-69	0.0001307333572	6.569799434e-69
1495	Rps6ka2	0.79935041	3.042594378e-69	0.0001307333572	8.140720743e-69
1496	Arhgap15	0.7993568307	3.072823181e-69	0.0001307333572	8.216104762e-69
1497	Lmo7	0.7993648093	3.110803579e-69	0.0001307333572	8.312100411e-69
1498	Bdnf	0.7994719035	3.668284697e-69	0.0001307333572	9.795152728e-69
1499	Cpne8	0.799504142	3.854840367e-69	0.0001307333572	1.028643193e-68
1500	Tm4sf5	0.799656681	4.87409432e-69	0.0001307333572	1.299758485e-68
1501	Anxa2	0.7996925994	5.150794564e-69	0.0001307333572	1.37263013e-68
1502	Map6d1	0.7998083147	6.153191889e-69	0.0001307333572	1.638666282e-68
1503	Faah	0.79992997	7.417253313e-69	0.0001307333572	1.973986244e-68
1504	Brinp3	0.7999839084	8.057562277e-69	0.0001307333572	2.142968691e-68
1505	2810433D01Rik	0.8000097928	8.38411742e-69	0.0001307333572	2.228336856e-68
1506	Alas2	0.8000972897	9.588779214e-69	0.0001307333572	2.546820508e-68
1507	Cdc25c	0.8002577549	1.226387867e-68	0.0001307333572	3.255176819e-68
1508	Pdlim7	0.8003131844	1.335125991e-68	0.0001307333572	3.541448251e-68
1509	Megf11	0.8003415338	1.394401768e-68	0.0001307333572	3.696227351e-68
1510	Trmt112	0.8005222495	1.839019993e-68	0.0001307333572	4.87157614e-68
1511	Wnt6	0.8005723788	1.985681254e-68	0.0001307333572	5.256601599e-68
1512	Tmem145	0.8006737574	2.318860968e-68	0.0001307333572	6.134552825e-68
1513	Myb	0.8007711723	2.691374175e-68	0.0001307333572	7.115331592e-68
1514	Tdo2	0.8007861955	2.753905941e-68	0.0001307333572	7.275841322e-68
1515	Serping1	0.800959611	3.589540038e-68	0.0001307333572	9.477333434e-68
1516	Flywch2	0.800960742	3.595746886e-68	0.0001307333572	9.487458803e-68
1517	Tpbg	0.8013418862	6.432644734e-68	0.0001307333572	1.696148908e-67
1518	Mlf2	0.8014727315	7.852273586e-68	0.0001307333572	2.069110299e-67
1519	Slc7a3	0.8015142434	8.36488685e-68	0.0001307333572	2.202735181e-67
1520	Col6a1	0.8017673801	1.22974268e-67	0.0001307333572	3.236164947e-67
1521	1700088E04Rik	0.8017798558	1.253304821e-67	0.0001307333572	3.29600216e-67
1522	Fkbp4	0.8017948545	1.282228355e-67	0.0001307333572	3.36985113e-67
1523	Lrp11	0.8018556126	1.406360897e-67	0.0001307333572	3.693659611e-67
1524	Adgrg1	0.8018642015	1.424849143e-67	0.0001307333572	3.739761529e-67
1525	Adam11	0.8019282247	1.570514278e-67	0.0001307333572	4.119381711e-67
1526	Plcl1	0.8022528889	2.571585469e-67	0.0001307333572	6.740722069e-67
1527	Gm14964	0.8022799204	2.679267295e-67	0.0001307333572	7.018381912e-67
1528	Gpx8	0.8023705822	3.074320002e-67	0.0001307333572	8.04795812e-67
1529	Rerg	0.8024218517	3.32289172e-67	0.0001307333572	8.692980301e-67
1530	Kcnip1	0.8024938336	3.706041788e-67	0.0001307333572	9.688998139e-67
1531	Cyp19a1	0.8025396993	3.972830612e-67	0.0001307333572	1.037970114e-66
1532	Ypel1	0.802628918	4.547845847e-67	0.0001307333572	1.187427114e-66
1533	Mmp15	0.8026697846	4.838236226e-67	0.0001307333572	1.26242302e-66
1534	Adgrf5	0.802740032	5.381231611e-67	0.0001307333572	1.403189468e-66
1535	Ccdc78	0.8030290589	8.332462754e-67	0.0001307333572	2.171325799e-66
1536	Acox2	0.8032203289	1.112465052e-66	0.0001307333572	2.897044406e-66
1537	Samd14	0.8032211667	1.113873609e-66	0.0001307333572	2.898825266e-66
1538	Camk1g	0.8032995125	1.253752673e-66	0.0001307333572	3.260735171e-66
1539	Cthrc1	0.8033221367	1.297311017e-66	0.0001307333572	3.371828504e-66
1540	Vwa5b1	0.8035267149	1.766391676e-66	0.0001307333572	4.588030327e-66
1541	Moxd1	0.8035919499	1.948950877e-66	0.0001307333572	5.058925054e-66
1542	Maats1	0.8036867086	2.248127335e-66	0.0001307333572	5.83171812e-66
1543	Rxrg	0.8036985759	2.288685023e-66	0.0001307333572	5.933078478e-66
1544	Tenm2	0.8038512129	2.880176467e-66	0.0001307333572	7.461597064e-66
1545	Npnt	0.8039744947	3.467336423e-66	0.0001307333572	8.976922778e-66
1546	St6galnac2	0.8039954608	3.578445415e-66	0.0001307333572	9.258590982e-66
1547	Tjp3	0.8045957339	8.815998496e-66	0.0001307333572	2.279508338e-65
1548	Ptprt	0.8046779295	9.972349722e-66	0.0001307333572	2.576834554e-65
1549	Clstn2	0.8047535428	1.116907599e-65	0.0001307333572	2.884202967e-65
1550	Plagl1	0.8048700296	1.329860785e-65	0.0001307333572	3.431898799e-65
1551	Reln	0.805039598	1.714158445e-65	0.0001307333572	4.420782579e-65
1552	Elovl7	0.8052505465	2.349989993e-65	0.0001307333572	6.05667524e-65
1553	Kcnd2	0.8053279994	2.638373245e-65	0.0001307333572	6.795552466e-65
1554	Col6a5	0.8056975729	4.580694986e-65	0.0001307333572	1.179072068e-64
1555	Itm2b	0.8060109037	7.306512043e-65	0.0001307333572	1.879488628e-64
1556	Txnip	0.8060273406	7.487530708e-65	0.0001307333572	1.924815092e-64
1557	Speg	0.80612132	8.611739672e-65	0.0001307333572	2.212392979e-64
1558	Fmnl1	0.8064041131	1.311366361e-64	0.0001307333572	3.366794252e-64
1559	Nfib	0.806475147	1.457328673e-64	0.0001307333572	3.73913707e-64
1560	Junb	0.806598907	1.751344869e-64	0.0001307333572	4.490627869e-64
1561	Spint1	0.8070894742	3.624473598e-64	0.0001307333572	9.287568478e-64
1562	Wdr63	0.80735332	5.355550905e-64	0.0001307333572	1.371459899e-63
1563	Mef2d	0.8073748479	5.528773377e-64	0.0001307333572	1.414913212e-63
1564	Trim2	0.8073836261	5.600998493e-64	0.0001307333572	1.432480433e-63
1565	Plch2	0.8074374927	6.065252051e-64	0.0001307333572	1.550224166e-63
1566	Sox8	0.8076698758	8.549350057e-64	0.0001307333572	2.183742033e-63
1567	Adamts4	0.8077810952	1.007446856e-63	0.0001307333572	2.571657577e-63
1568	Cpa3	0.8078069661	1.046643781e-63	0.0001307333572	2.670009646e-63
1569	Gabrg1	0.8078251296	1.075067646e-63	0.0001307333572	2.740771564e-63
1570	Cacna2d3	0.8078716558	1.151434051e-63	0.0001307333572	2.93358994e-63
1571	Slc7a4	0.8082232346	1.932938594e-63	0.0001307333572	4.921549571e-63
1572	Dmrt3	0.8082256174	1.939730916e-63	0.0001307333572	4.935702077e-63
1573	Lhx5	0.8084323763	2.629395735e-63	0.0001307333572	6.686321005e-63
1574	Cacna1a	0.8084660112	2.762705285e-63	0.0001307333572	7.020852058e-63
1575	Rasl11a	0.8086837621	3.804481301e-63	0.0001307333572	9.662174732e-63
1576	Morn5	0.8087755346	4.353258126e-63	0.0001307333572	1.104887849e-62
1577	Col3a1	0.808901708	5.238701243e-63	0.0001307333572	1.328776472e-62
1578	Cdhr3	0.8089276282	5.4417157e-63	0.0001307333572	1.379395615e-62
1579	Orai2	0.8089798573	5.874908417e-63	0.0001307333572	1.488260524e-62
1580	Dtl	0.8090538462	6.548018838e-63	0.0001307333572	1.657726288e-62
1581	Cnn3	0.8092668204	8.94560555e-63	0.0001307333572	2.263277812e-62
1582	Gck	0.8093724631	1.044159179e-62	0.0001307333572	2.640099062e-62
1583	Foxc2	0.8094097622	1.10272933e-62	0.0001307333572	2.786429135e-62
1584	Rnf138rt1	0.80965931	1.588286091e-62	0.0001307333572	4.010823462e-62
1585	Pls3	0.8096617103	1.593866128e-62	0.0001307333572	4.022375085e-62
1586	Lrrc51	0.8096625938	1.59592513e-62	0.0001307333572	4.025031853e-62
1587	Fgfr1	0.8097092419	1.708480734e-62	0.0001307333572	4.306189627e-62
1588	B3galt5	0.8097262107	1.751357343e-62	0.0001307333572	4.411479452e-62
1589	Cd74	0.8097516774	1.81772682e-62	0.0001307333572	4.575775507e-62
1590	Zfp185	0.8099020215	2.263861307e-62	0.0001307333572	5.695248571e-62
1591	Arhgap25	0.8099285151	2.353095439e-62	0.0001307333572	5.916016189e-62
1592	Tro	0.8100443719	2.786338538e-62	0.0001307333572	7.000850597e-62
1593	1700016K19Rik	0.8100704593	2.894368775e-62	0.0001307333572	7.267718204e-62
1594	Slc35d3	0.8101590509	3.293353378e-62	0.0001307333572	8.264374851e-62
1595	1700001L19Rik	0.8101655587	3.324735959e-62	0.0001307333572	8.337895823e-62
1596	Ighm	0.8103210158	4.169709474e-62	0.0001307333572	1.045039968e-61
1597	Ifitm10	0.810455626	5.072256417e-62	0.0001307333572	1.270446191e-61
1598	Rragd	0.8104647718	5.140207268e-62	0.0001307333572	1.286660142e-61
1599	Dgkh	0.8105709262	5.998489258e-62	0.0001307333572	1.500560165e-61
1600	Fam47e	0.810815304	8.55621231e-62	0.0001307333572	2.139053078e-61
1601	Cdh22	0.8110160559	1.14508766e-61	0.0001307333572	2.860931067e-61
1602	Slc5a5	0.811219603	1.538232262e-61	0.0001307333572	3.84077968e-61
1603	Nptx2	0.8112266082	1.553928158e-61	0.0001307333572	3.877549988e-61
1604	Sphk1	0.811254628	1.618322091e-61	0.0001307333572	4.035715938e-61
1605	Nipal4	0.8113224533	1.785415766e-61	0.0001307333572	4.449634308e-61
1606	Prkcq	0.8114515328	2.152344406e-61	0.0001307333572	5.360758172e-61
1607	Hp	0.8114929775	2.285403341e-61	0.0001307333572	5.688620636e-61
1608	Iqub	0.8120737702	5.289757092e-61	0.0001307333572	1.315859973e-60
1609	Ralyl	0.8120801851	5.338940542e-61	0.0001307333572	1.327269246e-60
1610	D730003K21Rik	0.8122774156	7.095250811e-61	0.0001307333572	1.762795233e-60
1611	Atrnl1	0.8124287966	8.824305003e-61	0.0001307333572	2.191013036e-60
1612	Strip2	0.8124539879	9.150277145e-61	0.0001307333572	2.270540234e-60
1613	Kcnk13	0.8127755114	1.453180607e-60	0.0001307333572	3.603671686e-60
1614	Ssbp4	0.8130491664	2.152918033e-60	0.0001307333572	5.335608509e-60
1615	Crhr2	0.8130629983	2.196086221e-60	0.0001307333572	5.439222838e-60
1616	Rasgrp2	0.8130778278	2.24332571e-60	0.0001307333572	5.55278641e-60
1617	Ajap1	0.8132335016	2.804641492e-60	0.0001307333572	6.937888664e-60
1618	Nt5dc2	0.8134548115	3.85137459e-60	0.0001307333572	9.521321608e-60
1619	Nrtn	0.8137537004	5.90718125e-60	0.0001307333572	1.459464175e-59
1620	Sel1l3	0.8139356242	7.661331402e-60	0.0001307333572	1.891686766e-59
1621	Cacna1i	0.8140756536	9.357263566e-60	0.0001307333572	2.309010134e-59
1622	Crhr1	0.8141409013	1.027052247e-59	0.0001307333572	2.532804554e-59
1623	Ccdc3	0.8141484567	1.038185317e-59	0.0001307333572	2.558682236e-59
1624	Rsph4a	0.8143860507	1.456874643e-59	0.0001307333572	3.588361191e-59
1625	Rilpl1	0.8147685168	2.511305957e-59	0.0001307333572	6.181676203e-59
1626	Cdh4	0.8148384575	2.773903588e-59	0.0001307333572	6.823871065e-59
1627	Dmxl2	0.8149324573	3.170408714e-59	0.0001307333572	7.794489771e-59
1628	AC149090.1	0.8153412423	5.663808316e-59	0.0001307333572	1.391599095e-58
1629	Cebpd	0.8153427893	5.676244783e-59	0.0001307333572	1.393798596e-58
1630	Slc9a4	0.8157488839	1.008895777e-58	0.0001307333572	2.475817859e-58
1631	Sipa1l3	0.8157744602	1.046067671e-58	0.0001307333572	2.565463325e-58
1632	Parm1	0.8158126824	1.104176657e-58	0.0001307333572	2.706315336e-58
1633	Slc14a2	0.8158431641	1.152813661e-58	0.0001307333572	2.823793413e-58
1634	Cd200	0.815890017	1.231765848e-58	0.0001307333572	3.015338674e-58
1635	Crtac1	0.8159710131	1.381163244e-58	0.0001307333572	3.378992647e-58
1636	Thrsp	0.816030358	1.501959411e-58	0.0001307333572	3.672272398e-58
1637	Arpc5	0.8161359918	1.743591522e-58	0.0001307333572	4.260455764e-58
1638	Car9	0.8163732106	2.436685753e-58	0.0001307333572	5.95039256e-58
1639	Cfap57	0.8164394534	2.675199648e-58	0.0001307333572	6.528858202e-58
1640	Brinp2	0.8165133379	2.968755043e-58	0.0001307333572	7.240865958e-58
1641	Cdh1	0.816517058	2.984356023e-58	0.0001307333572	7.274481469e-58
1642	Dnah10	0.8165455464	3.10656674e-58	0.0001307333572	7.56776307e-58
1643	Gstm2	0.8168940546	5.073304771e-58	0.0001307333572	1.23513202e-57
1644	Efr3a	0.8170542352	6.354178459e-58	0.0001307333572	1.546028822e-57
1645	Smpd3	0.8171479114	7.247641158e-58	0.0001307333572	1.762344354e-57
1646	Gdf11	0.8171779053	7.55936173e-58	0.0001307333572	1.837025937e-57
1647	Hydin	0.8174013037	1.034204246e-57	0.0001307333572	2.511728588e-57
1648	Tspan33	0.8174263501	1.071167191e-57	0.0001307333572	2.599920368e-57
1649	Rgs6	0.8175033805	1.193297698e-57	0.0001307333572	2.894597205e-57
1650	C730002L08Rik	0.8176339278	1.432759693e-57	0.0001307333572	3.473356831e-57
1651	Extl1	0.8176994962	1.570520786e-57	0.0001307333572	3.805017048e-57
1652	Col25a1	0.8177573237	1.70292351e-57	0.0001307333572	4.123301478e-57
1653	Pcnx2	0.8179553737	2.246464761e-57	0.0001307333572	5.436091376e-57
1654	Dnah9	0.8183436086	3.863262511e-57	0.0001307333572	9.342835577e-57
1655	Gnb5	0.8184101082	4.238717625e-57	0.0001307333572	1.024463474e-56
1656	Nrip2	0.8184401722	4.420181712e-57	0.0001307333572	1.067676742e-56
1657	St8sia5	0.8184982111	4.792673586e-57	0.0001307333572	1.156951982e-56
1658	Srp14	0.8189101224	8.504240971e-57	0.0001307333572	2.051686603e-56
1659	Ergic3	0.8191462263	1.180701489e-56	0.0001307333572	2.846778756e-56
1660	Hnf1b	0.8191524987	1.191031805e-56	0.0001307333572	2.869956158e-56
1661	Filip1	0.8194076905	1.697211753e-56	0.0001307333572	4.087204702e-56
1662	Wdr7	0.8194460033	1.789821868e-56	0.0001307333572	4.307633857e-56
1663	Tgfb2	0.8194801123	1.876496721e-56	0.0001307333572	4.513521877e-56
1664	Rftn1	0.819694109	2.524139521e-56	0.0001307333572	6.067643079e-56
1665	Tmem38a	0.8197552089	2.746947925e-56	0.0001307333572	6.599274294e-56
1666	Cckar	0.819759849	2.764647814e-56	0.0001307333572	6.637809877e-56
1667	Ctsd	0.8198138403	2.979144978e-56	0.0001307333572	7.148518244e-56
1668	Zdhhc2	0.8198552655	3.15488838e-56	0.0001307333572	7.565679568e-56
1669	Wif1	0.8198713982	3.226090795e-56	0.0001307333572	7.731793397e-56
1670	Smim26	0.8199161879	3.432273714e-56	0.0001307333572	8.221014883e-56
1671	Cacybp	0.8201781931	4.929877212e-56	0.0001307333572	1.180102265e-55
1672	Csrp2	0.8203215547	6.00876106e-56	0.0001307333572	1.437502646e-55
1673	Card19	0.8203394666	6.159121586e-56	0.0001307333572	1.472593326e-55
1674	Fam189a1	0.8206269598	9.154950018e-56	0.0001307333572	2.187562728e-55
1675	Sp9	0.8207253482	1.048343207e-55	0.0001307333572	2.503506166e-55
1676	Crb3	0.8210603261	1.661951204e-55	0.0001307333572	3.966470654e-55
1677	Rimbp2	0.8210775496	1.701756952e-55	0.0001307333572	4.05905057e-55
1678	Emb	0.821138602	1.850659711e-55	0.0001307333572	4.411584532e-55
1679	Tbc1d9	0.8211684869	1.928208229e-55	0.0001307333572	4.593706323e-55
1680	Fbxo34	0.8212442061	2.139487849e-55	0.0001307333572	5.094018687e-55
1681	Pkp2	0.8212661876	2.205033203e-55	0.0001307333572	5.246955866e-55
1682	Pls1	0.8214378175	2.790522696e-55	0.0001307333572	6.636201418e-55
1683	Gpr161	0.8215912787	3.443873202e-55	0.0001307333572	8.185081882e-55
1684	Kcnma1	0.8216132049	3.548904823e-55	0.0001307333572	8.429702667e-55
1685	Tmem9	0.8217869973	4.502494543e-55	0.0001307333572	1.068841435e-54
1686	Zfp474	0.8217874405	4.505226939e-55	0.0001307333572	1.068855739e-54
1687	Nmb	0.8218732931	5.066854251e-55	0.0001307333572	1.201388086e-54
1688	Cntnap5a	0.8219132157	5.351258324e-55	0.0001307333572	1.268070693e-54
1689	Grhl1	0.8219235623	5.427525099e-55	0.0001307333572	1.285381906e-54
1690	Hhip	0.8219324864	5.494175225e-55	0.0001307333572	1.300396503e-54
1691	A830036E02Rik	0.8220495268	6.447581432e-55	0.0001307333572	1.52515232e-54
1692	Pla2g2f	0.8221266519	7.164174275e-55	0.0001307333572	1.693658221e-54
1693	Ppfia2	0.8222316109	8.268402503e-55	0.0001307333572	1.953550503e-54
1694	Slco2a1	0.8222355464	8.312950718e-55	0.0001307333572	1.962916344e-54
1695	Hmx2	0.8222536837	8.521366508e-55	0.0001307333572	2.010941949e-54
1696	Zfand5	0.8224466059	1.108741249e-54	0.0001307333572	2.614955777e-54
1697	Whrn	0.8225437103	1.265683947e-54	0.0001307333572	2.9833446e-54
1698	Gpc1	0.8225940405	1.355542982e-54	0.0001307333572	3.193269687e-54
1699	Tspan8	0.8226511706	1.465263397e-54	0.0001307333572	3.449707822e-54
1700	Adgb	0.822767237	1.716152402e-54	0.0001307333572	4.038005652e-54
1701	Rgs2	0.8228605097	1.948425807e-54	0.0001307333572	4.581836113e-54
1702	Ifitm1	0.8230165812	2.409151805e-54	0.0001307333572	5.661931387e-54
1703	Anxa1	0.8231146633	2.75266277e-54	0.0001307333572	6.465443969e-54
1704	Prickle2	0.8232758574	3.426272958e-54	0.0001307333572	8.042894268e-54
1705	Abracl	0.8234188862	4.160115436e-54	0.0001307333572	9.75980161e-54
1706	Cacna2d2	0.8239005461	7.988003231e-54	0.0001307333572	1.872919867e-53
1707	Itih2	0.8239044042	8.029798349e-54	0.0001307333572	1.881616485e-53
1708	Htr2a	0.8239179795	8.178599703e-54	0.0001307333572	1.915362928e-53
1709	Baiap2l1	0.8239713702	8.790939785e-54	0.0001307333572	2.057563437e-53
1710	Wfikkn2	0.8241123435	1.06361277e-53	0.0001307333572	2.487983088e-53
1711	Syndig1	0.824160229	1.134687667e-53	0.0001307333572	2.652688878e-53
1712	Gpd1	0.8243607496	1.487416386e-53	0.0001307333572	3.475271929e-53
1713	Srgap3	0.8244446789	1.665701004e-53	0.0001307333572	3.889552841e-53
1714	Efemp1	0.8245379261	1.888828306e-53	0.0001307333572	4.408000713e-53
1715	Rcn3	0.824565216	1.959589273e-53	0.0001307333572	4.570470607e-53
1716	Fam166b	0.8245672841	1.965058218e-53	0.0001307333572	4.580555286e-53
1717	Kctd8	0.8246224431	2.116662468e-53	0.0001307333572	4.931071562e-53
1718	Olfml2b	0.8246430723	2.176307261e-53	0.0001307333572	5.067071621e-53
1719	Ephx1	0.8248168442	2.749951291e-53	0.0001307333572	6.398955883e-53
1720	St6gal2	0.8249630686	3.347690152e-53	0.0001307333572	7.785325936e-53
1721	Rffl	0.8250274462	3.650316271e-53	0.0001307333572	8.484174948e-53
1722	Cfap45	0.825047252	3.748787503e-53	0.0001307333572	8.707984908e-53
1723	Foxa1	0.8250844976	3.941186566e-53	0.0001307333572	9.149591563e-53
1724	Gm17455	0.8251948968	4.571176295e-53	0.0001307333572	1.060597748e-52
1725	Sgk1	0.8252148349	4.69520446e-53	0.0001307333572	1.088743063e-52
1726	H3f3a	0.8252462514	4.897470091e-53	0.0001307333572	1.134987275e-52
1727	Dapk1	0.8252904493	5.19679625e-53	0.0001307333572	1.203658657e-52
1728	Nbea	0.8253011882	5.272233157e-53	0.0001307333572	1.220424342e-52
1729	Trhde	0.8256345565	8.243315437e-53	0.0001307333572	1.90707124e-52
1730	Tmprss6	0.8257687955	9.866434365e-53	0.0001307333572	2.281256501e-52
1731	F2r	0.8258186567	1.054723612e-52	0.0001307333572	2.437258491e-52
1732	Ccdc113	0.8259514931	1.259797697e-52	0.0001307333572	2.909463503e-52
1733	Spon2	0.8261102749	1.557605476e-52	0.0001307333572	3.595165552e-52
1734	Armc3	0.8261522203	1.647360297e-52	0.0001307333572	3.800139095e-52
1735	Cyth2	0.8261558453	1.655354685e-52	0.0001307333572	3.816379677e-52
1736	Chat	0.8263333508	2.097922812e-52	0.0001307333572	4.83392353e-52
1737	Rem2	0.8264192143	2.352482585e-52	0.0001307333572	5.417346194e-52
1738	Scn9a	0.8264550088	2.467478423e-52	0.0001307333572	5.678891651e-52
1739	Nupr1	0.8265567405	2.825780748e-52	0.0001307333572	6.499783204e-52
1740	Ttc16	0.8265586585	2.8330113e-52	0.0001307333572	6.512669655e-52
1741	1700007G11Rik	0.8268284488	4.057352596e-52	0.0001307333572	9.321889939e-52
1742	P3h4	0.8268734979	4.307913337e-52	0.0001307333572	9.891879076e-52
1743	Steap2	0.8270615563	5.531375233e-52	0.0001307333572	1.269391907e-51
1744	Vwf	0.8271602906	6.30645938e-52	0.0001307333572	1.446435638e-51
1745	Spata2l	0.8272368259	6.98089214e-52	0.0001307333572	1.600204502e-51
1746	Snhg7os	0.8274189075	8.888114e-52	0.0001307333572	2.036223139e-51
1747	Alg2	0.8274644543	9.441311133e-52	0.0001307333572	2.161719779e-51
1748	Foxd1	0.8274743286	9.565692159e-52	0.0001307333572	2.188945574e-51
1749	Thsd4	0.8275245223	1.022362405e-51	0.0001307333572	2.338164448e-51
1750	Coprs	0.8278046259	1.4813678e-51	0.0001307333572	3.385983543e-51
1751	Il13ra2	0.82803945	2.020623574e-51	0.0001307333572	4.615930494e-51
1752	Prrg1	0.8281750903	2.417014263e-51	0.0001307333572	5.518297404e-51
1753	Tspan6	0.8283947563	3.2294991e-51	0.0001307333572	7.36907952e-51
1754	Gm16365	0.8284931173	3.676534304e-51	0.0001307333572	8.384342769e-51
1755	Epha8	0.8286951336	4.797066577e-51	0.0001307333572	1.093348508e-50
1756	Stra6	0.8288174442	5.634585435e-51	0.0001307333572	1.283504655e-50
1757	Selenoh	0.8288203579	5.656219054e-51	0.0001307333572	1.287699272e-50
1758	Adamts15	0.8288529906	5.904230496e-51	0.0001307333572	1.343397155e-50
1759	Smad3	0.8288868596	6.173092305e-51	0.0001307333572	1.403773122e-50
1760	Htr5b	0.8289430747	6.646509841e-51	0.0001307333572	1.510570418e-50
1761	Pcolce2	0.8291254813	8.445979202e-51	0.0001307333572	1.918450699e-50
1762	Acsl5	0.8291937788	9.23810696e-51	0.0001307333572	2.097186597e-50
1763	Krt77	0.8292740062	1.026353209e-50	0.0001307333572	2.328651636e-50
1764	Chodl	0.8296047401	1.583162296e-50	0.0001307333572	3.58993718e-50
1765	Itpkb	0.8296357545	1.648761774e-50	0.0001307333572	3.736570592e-50
1766	Mxra8	0.8296583502	1.698252141e-50	0.0001307333572	3.846550717e-50
1767	Nop10	0.8296751086	1.735909847e-50	0.0001307333572	3.929620481e-50
1768	Stard8	0.8296775663	1.74150204e-50	0.0001307333572	3.940049865e-50
1769	Chrm3	0.8298834559	2.27965127e-50	0.0001307333572	5.154666524e-50
1770	H3f3b	0.8299550154	2.503116386e-50	0.0001307333572	5.656760193e-50
1771	Gsta4	0.8300194103	2.722783253e-50	0.0001307333572	6.149708081e-50
1772	Ccbe1	0.8300427681	2.807119101e-50	0.0001307333572	6.336611966e-50
1773	Ttc29	0.8300525595	2.843240888e-50	0.0001307333572	6.414531051e-50
1774	Syngr2	0.8301216203	3.11150033e-50	0.0001307333572	7.015784284e-50
1775	Fgfbp1	0.8302792868	3.822124172e-50	0.0001307333572	8.61323757e-50
1776	Cfap43	0.8304600692	4.83766874e-50	0.0001307333572	1.089565031e-49
1777	Hspa5	0.8305581171	5.496556615e-50	0.0001307333572	1.237266543e-49
1778	Lypd2	0.830608032	5.865561887e-50	0.0001307333572	1.319586476e-49
1779	Ackr1	0.8306524126	6.214309651e-50	0.0001307333572	1.397259056e-49
1780	Irx1	0.8306906593	6.531367965e-50	0.0001307333572	1.467723138e-49
1781	Fxyd2	0.8308097165	7.625113522e-50	0.0001307333572	1.712546552e-49
1782	Hspb8	0.8311078683	1.12313881e-49	0.0001307333572	2.521074771e-49
1783	Arpc3	0.8312347505	1.324092506e-49	0.0001307333572	2.970482346e-49
1784	A730046J19Rik	0.8313090694	1.458023734e-49	0.0001307333572	3.269111512e-49
1785	Isg20	0.8314366302	1.720072637e-49	0.0001307333572	3.854504508e-49
1786	Fhl1	0.8315992428	2.123125631e-49	0.0001307333572	4.755040608e-49
1787	Lamp2	0.8316570807	2.288094391e-49	0.0001307333572	5.121643853e-49
1788	Nme5	0.8317759059	2.668119912e-49	0.0001307333572	5.968948349e-49
1789	Trappc2l	0.831936149	3.281880808e-49	0.0001307333572	7.337911254e-49
1790	Slc2a13	0.8320335946	3.721868842e-49	0.0001307333572	8.317025345e-49
1791	Ifitm2	0.8321472197	4.309547373e-49	0.0001307333572	9.624896423e-49
1792	Slitrk5	0.832495914	6.753955391e-49	0.0001307333572	1.507579328e-48
1793	Dapl1	0.8325827345	7.552308303e-49	0.0001307333572	1.684842901e-48
1794	H2-Eb1	0.8326417513	8.147949367e-49	0.0001307333572	1.816711119e-48
1795	Ccdc33	0.8328464317	1.059985369e-48	0.0001307333572	2.362084387e-48
1796	Bsg	0.8328494299	1.064075447e-48	0.0001307333572	2.369878502e-48
1797	Jsrp1	0.8328610409	1.080063675e-48	0.0001307333572	2.404148414e-48
1798	Fam84b	0.8328715042	1.094676252e-48	0.0001307333572	2.435319805e-48
1799	C030029H02Rik	0.8329578413	1.223009622e-48	0.0001307333572	2.719309887e-48
1800	Neto2	0.8329714989	1.244639345e-48	0.0001307333572	2.765865211e-48
1801	Erp29	0.8331454352	1.555797512e-48	0.0001307333572	3.455408134e-48
1802	Oprk1	0.8331883867	1.643873162e-48	0.0001307333572	3.64899703e-48
1803	Apol11b	0.8331930181	1.653661792e-48	0.0001307333572	3.6686895e-48
1804	Dync1i1	0.8333472183	2.01489387e-48	0.0001307333572	4.467405321e-48
1805	Slc6a12	0.8333476145	2.015916651e-48	0.0001307333572	4.467405321e-48
1806	Jup	0.8333718306	2.079412013e-48	0.0001307333572	4.605563706e-48
1807	Pi16	0.833455872	2.31561271e-48	0.0001307333572	5.125872076e-48
1808	Lhfpl5	0.833476099	2.376338183e-48	0.0001307333572	5.257385361e-48
1809	Pthlh	0.8335275152	2.537929919e-48	0.0001307333572	5.611785339e-48
1810	Iqca	0.8336480932	2.961073897e-48	0.0001307333572	6.543809717e-48
1811	Stk25	0.833736333	3.314573039e-48	0.0001307333572	7.32097855e-48
1812	Pf4	0.8337430171	3.343001996e-48	0.0001307333572	7.379695355e-48
1813	Npw	0.8339112044	4.143960094e-48	0.0001307333572	9.1427691e-48
1814	Stim2	0.8340370314	4.865637463e-48	0.0001307333572	1.07290793e-47
1815	Cxcl10	0.83414177	5.560813665e-48	0.0001307333572	1.225523673e-47
1816	Hes5	0.8344662272	8.405722022e-48	0.0001307333572	1.851480622e-47
1817	Lrrtm4	0.8345452173	9.294087022e-48	0.0001307333572	2.046029064e-47
1818	Peak1	0.8347632948	1.226193506e-47	0.0001307333572	2.697895503e-47
1819	Hist1h1c	0.8349177427	1.491764878e-47	0.0001307333572	3.280406549e-47
1820	Gpld1	0.8349724019	1.598869669e-47	0.0001307333572	3.513999273e-47
1821	6030419C18Rik	0.8353356625	2.533310678e-47	0.0001307333572	5.564658271e-47
1822	Vwa3a	0.8354256523	2.838805986e-47	0.0001307333572	6.232285369e-47
1823	Npm1	0.8358246975	4.699797128e-47	0.0001307333572	1.031222628e-46
1824	Inhba	0.8358301106	4.73200835e-47	0.0001307333572	1.037721129e-46
1825	Cort	0.8358609181	4.919558481e-47	0.0001307333572	1.078259393e-46
1826	Coro2b	0.8358683579	4.965948887e-47	0.0001307333572	1.087831081e-46
1827	Mctp1	0.8359450029	5.469952623e-47	0.0001307333572	1.197581308e-46
1828	Slc7a14	0.8360295456	6.085107062e-47	0.0001307333572	1.331533274e-46
1829	Actr2	0.8361795306	7.350594806e-47	0.0001307333572	1.607565841e-46
1830	Paqr6	0.8362748572	8.287726376e-47	0.0001307333572	1.811524891e-46
1831	Ccdc180	0.8362993492	8.547119817e-47	0.0001307333572	1.867202582e-46
1832	Sept6	0.8363040731	8.598072503e-47	0.0001307333572	1.877308407e-46
1833	D630023F18Rik	0.8363624255	9.252957433e-47	0.0001307333572	2.019194202e-46
1834	Cd109	0.8363968441	9.6622683e-47	0.0001307333572	2.107364951e-46
1835	Cfap77	0.8364154802	9.891360435e-47	0.0001307333572	2.156154863e-46
1836	Dgat2	0.8364625322	1.049410359e-46	0.0001307333572	2.286297079e-46
1837	Celf3	0.836481642	1.074921508e-46	0.0001307333572	2.340602086e-46
1838	Slc6a3	0.8365564832	1.180914723e-46	0.0001307333572	2.569999396e-46
1839	B4galt5	0.8367409222	1.488641829e-46	0.0001307333572	3.237937637e-46
1840	Tnnc1	0.8367437381	1.49391128e-46	0.0001307333572	3.247633217e-46
1841	Rbp2	0.8367655501	1.535362486e-46	0.0001307333572	3.335468607e-46
1842	Stxbp3	0.8367658723	1.535983293e-46	0.0001307333572	3.335468607e-46
1843	Tspo	0.8368891733	1.792865183e-46	0.0001307333572	3.891188676e-46
1844	Trpc3	0.8369167962	1.856037397e-46	0.0001307333572	4.02611149e-46
1845	Hc	0.8369444414	1.921478125e-46	0.0001307333572	4.165806234e-46
1846	Prox1os	0.8370706031	2.250503854e-46	0.0001307333572	4.876498058e-46
1847	Hmgb2	0.8372833001	2.936896176e-46	0.0001307333572	6.360359883e-46
1848	Chek2	0.837303992	3.013890266e-46	0.0001307333572	6.523572005e-46
1849	Cacna1b	0.8374176484	3.474040535e-46	0.0001307333572	7.515501427e-46
1850	Cgref1	0.8374236835	3.500340657e-46	0.0001307333572	7.568304123e-46
1851	Gm2990	0.8375835328	4.273874591e-46	0.0001307333572	9.235817592e-46
1852	Slc26a7	0.8376624811	4.716466083e-46	0.0001307333572	1.01867518e-45
1853	Cgnl1	0.8376959119	4.91736132e-46	0.0001307333572	1.06149192e-45
1854	Spa17	0.8376969406	4.92367631e-46	0.0001307333572	1.062144533e-45
1855	Srebf1	0.8376972692	4.925695273e-46	0.0001307333572	1.062144533e-45
1856	Tgfbi	0.837750873	5.266308281e-46	0.0001307333572	1.134980233e-45
1857	Plin3	0.8377524685	5.276797467e-46	0.0001307333572	1.136628426e-45
1858	Gpr149	0.837776663	5.438436724e-46	0.0001307333572	1.170815226e-45
1859	Kctd13	0.8380820914	7.956574235e-46	0.0001307333572	1.71201167e-45
1860	Gm12371	0.8381568162	8.731905414e-46	0.0001307333572	1.877829121e-45
1861	Crb2	0.8382595291	9.921724768e-46	0.0001307333572	2.132557715e-45
1862	Cachd1	0.8383337036	1.0880009e-45	0.0001307333572	2.337273685e-45
1863	Prrt1	0.8383831194	1.156899363e-45	0.0001307333572	2.48394925e-45
1864	Slc35f1	0.8384123571	1.19969098e-45	0.0001307333572	2.574444163e-45
1865	Susd4	0.8384231389	1.215865369e-45	0.0001307333572	2.607754144e-45
1866	1700019G24Rik	0.8384847026	1.312465033e-45	0.0001307333572	2.813429867e-45
1867	Rbbp7	0.8385358838	1.398559846e-45	0.0001307333572	2.996378887e-45
1868	Pithd1	0.8385373667	1.401136321e-45	0.0001307333572	3.000291908e-45
1869	Plxnb2	0.8385958588	1.506622104e-45	0.0001307333572	3.22444538e-45
1870	Tmem107	0.8389020559	2.202128668e-45	0.0001307333572	4.710435653e-45
1871	Fam69b	0.8392835658	3.530135393e-45	0.0001307333572	7.547055891e-45
1872	Ext1	0.8393852853	4.002710673e-45	0.0001307333572	8.552800584e-45
1873	Actr3	0.8394535951	4.354885515e-45	0.0001307333572	9.300342797e-45
1874	Kcnk2	0.839654919	5.582409427e-45	0.0001307333572	1.191549504e-44
1875	Spsb1	0.8400353024	8.917008663e-45	0.0001307333572	1.902295181e-44
1876	Tm4sf1	0.8401121282	9.800341741e-45	0.0001307333572	2.089625105e-44
1877	Lhb	0.8401377004	1.011326731e-44	0.0001307333572	2.155198148e-44
1878	Plekhg5	0.8401629116	1.043150372e-44	0.0001307333572	2.221832528e-44
1879	Arl15	0.8401769582	1.061311242e-44	0.0001307333572	2.259310788e-44
1880	Bbox1	0.8401908501	1.079581487e-44	0.0001307333572	2.296981886e-44
1881	Rrad	0.8402883397	1.216907789e-44	0.0001307333572	2.587789024e-44
1882	Gm16160	0.8403127053	1.25386194e-44	0.0001307333572	2.664956302e-44
1883	Susd2	0.8403713956	1.34752247e-44	0.0001307333572	2.862501265e-44
1884	Lrrtm3	0.8405150016	1.607091971e-44	0.0001307333572	3.412084863e-44
1885	Ociad1	0.840782532	2.230401904e-44	0.0001307333572	4.732948337e-44
1886	Colec12	0.8409260911	2.658690184e-44	0.0001307333572	5.638791482e-44
1887	Miat	0.8409766991	2.828418515e-44	0.0001307333572	5.995587737e-44
1888	Cacna1c	0.8410329327	3.029682821e-44	0.0001307333572	6.418819537e-44
1889	Thrb	0.8411780039	3.617136025e-44	0.0001307333572	7.659366915e-44
1890	Lgals1	0.8412437811	3.919584907e-44	0.0001307333572	8.295417792e-44
1891	Slc36a2	0.8412618875	4.007168763e-44	0.0001307333572	8.476295637e-44
1892	Mdk	0.8412858355	4.126007092e-44	0.0001307333572	8.723059391e-44
1893	Cdr2	0.8413154877	4.278020427e-44	0.0001307333572	9.039662814e-44
1894	Evc2	0.8413358384	4.38556089e-44	0.0001307333572	9.262008214e-44
1895	Cxcl14	0.8413807761	4.632648088e-44	0.0001307333572	9.778676702e-44
1896	Fbll1	0.8416231771	6.22469033e-44	0.0001307333572	1.313225808e-43
1897	Gm13205	0.8416549361	6.470107605e-44	0.0001307333572	1.364282046e-43
1898	Cdhr1	0.8419355927	9.102785601e-44	0.0001307333572	1.918395279e-43
1899	Wdr83os	0.84197367	9.533873749e-44	0.0001307333572	2.008188257e-43
1900	A330009N23Rik	0.8420334951	1.025255545e-43	0.0001307333572	2.158432727e-43
1901	Crocc2	0.8422149287	1.277853234e-43	0.0001307333572	2.688802175e-43
1902	Arel1	0.8424405992	1.679960453e-43	0.0001307333572	3.533039859e-43
1903	Myh3	0.8424766032	1.754849974e-43	0.0001307333572	3.688596898e-43
1904	Cfh	0.8425590262	1.939031613e-43	0.0001307333572	4.073595827e-43
1905	Tekt5	0.8426278083	2.107361419e-43	0.0001307333572	4.424905867e-43
1906	Adgrb3	0.8427695056	2.501327624e-43	0.0001307333572	5.249375917e-43
1907	Plpp2	0.8427980053	2.589005901e-43	0.0001307333572	5.430531517e-43
1908	Arl4a	0.8428373556	2.715111588e-43	0.0001307333572	5.692057837e-43
1909	Zdbf2	0.8431460681	3.94140301e-43	0.0001307333572	8.258571001e-43
1910	Lrrc4	0.8432967764	4.726670884e-43	0.0001307333572	9.898787192e-43
1911	Pfkl	0.8433294349	4.916364324e-43	0.0001307333572	1.029066316e-42
1912	Cidea	0.8434662724	5.79704475e-43	0.0001307333572	1.212770868e-42
1913	Slit2	0.8435517559	6.425115077e-43	0.0001307333572	1.343463686e-42
1914	Tcn2	0.8436681897	7.390796673e-43	0.0001307333572	1.544576107e-42
1915	Ccnd1	0.8437390606	8.047913375e-43	0.0001307333572	1.681026292e-42
1916	Ptprk	0.8439243129	1.005309963e-42	0.0001307333572	2.09876819e-42
1917	Grin3a	0.843993532	1.092374255e-42	0.0001307333572	2.279341168e-42
1918	Scrn1	0.8441186348	1.269185033e-42	0.0001307333572	2.646892665e-42
1919	Cd44	0.8441197307	1.270853441e-42	0.0001307333572	2.648991018e-42
1920	Adra2c	0.8441975105	1.395008164e-42	0.0001307333572	2.906267009e-42
1921	Ccdc81	0.8446563348	2.415293416e-42	0.0001307333572	5.029241887e-42
1922	Dpysl4	0.8447388344	2.665389814e-42	0.0001307333572	5.5471172e-42
1923	Numbl	0.8448537453	3.057209511e-42	0.0001307333572	6.359250154e-42
1924	Atpaf1	0.8449497051	3.427937171e-42	0.0001307333572	7.126688505e-42
1925	Insrr	0.845118097	4.189740264e-42	0.0001307333572	8.705953796e-42
1926	Prr7	0.8451627886	4.418779736e-42	0.0001307333572	9.177112639e-42
1927	Sptb	0.845236044	4.821441946e-42	0.0001307333572	1.000818255e-41
1928	Syne1	0.8452442399	4.868703106e-42	0.0001307333572	1.010104379e-41
1929	Fstl5	0.8452793093	5.07618784e-42	0.0001307333572	1.052605047e-41
1930	Pgam2	0.8452797854	5.079063973e-42	0.0001307333572	1.052655746e-41
1931	Pam	0.8452851243	5.111431882e-42	0.0001307333572	1.058815512e-41
1932	Arxes1	0.8453898068	5.789190727e-42	0.0001307333572	1.198590213e-41
1933	Fam210b	0.84555812	7.071095191e-42	0.0001307333572	1.463237494e-41
1934	Usp46	0.8455721636	7.190027734e-42	0.0001307333572	1.487079159e-41
1935	Tmem132c	0.8456445459	7.835305058e-42	0.0001307333572	1.619701304e-41
1936	Klhl1	0.8459509051	1.126793727e-41	0.0001307333572	2.328086213e-41
1937	Esr1	0.8459666691	1.148035124e-41	0.0001307333572	2.370748836e-41
1938	Itpripl1	0.8459943484	1.186300054e-41	0.0001307333572	2.448503724e-41
1939	Mfsd4a	0.8462399225	1.586415289e-41	0.0001307333572	3.27264629e-41
1940	Efcab10	0.846291627	1.686424852e-41	0.0001307333572	3.477164643e-41
1941	Rhof	0.846313885	1.731385171e-41	0.0001307333572	3.568027143e-41
1942	Auts2	0.8465535353	2.297844358e-41	0.0001307333572	4.732944095e-41
1943	1190002N15Rik	0.846683179	2.677572886e-41	0.0001307333572	5.512244748e-41
1944	Aif1l	0.846736012	2.849662645e-41	0.0001307333572	5.863503384e-41
1945	Fzd10	0.8467431239	2.873652369e-41	0.0001307333572	5.909824923e-41
1946	Lcat	0.8469134673	3.512275586e-41	0.0001307333572	7.219477052e-41
1947	Tceal1	0.8472676027	5.326859129e-41	0.0001307333572	1.094372702e-40
1948	Dio3	0.8472740736	5.367505578e-41	0.0001307333572	1.102157203e-40
1949	Capza2	0.8473591764	5.931671329e-41	0.0001307333572	1.217377389e-40
1950	Chst2	0.8474395675	6.518634645e-41	0.0001307333572	1.337155825e-40
1951	Npr3	0.8474510926	6.607388049e-41	0.0001307333572	1.35466695e-40
1952	Apobec2	0.8475370875	7.308681112e-41	0.0001307333572	1.497680556e-40
1953	Net1	0.8475577112	7.487586767e-41	0.0001307333572	1.533555918e-40
1954	Armc4	0.8475776177	7.664400546e-41	0.0001307333572	1.568966335e-40
1955	Eci3	0.8477040784	8.888755009e-41	0.0001307333572	1.818671102e-40
1956	Socs6	0.8477674949	9.574081119e-41	0.0001307333572	1.957889799e-40
1957	Slc31a1	0.8477787859	9.70149777e-41	0.0001307333572	1.982932605e-40
1958	Thsd7a	0.8478946769	1.111084327e-40	0.0001307333572	2.269835193e-40
1959	Cul4b	0.8479823991	1.231139713e-40	0.0001307333572	2.513812585e-40
1960	Me3	0.8480815013	1.382349182e-40	0.0001307333572	2.82112078e-40
1961	Rnd1	0.8482520889	1.687107044e-40	0.0001307333572	3.441319824e-40
1962	Kcnh2	0.8483599264	1.913330537e-40	0.0001307333572	3.900775815e-40
1963	Med28	0.8484806155	2.202441902e-40	0.0001307333572	4.487910141e-40
1964	H2-Ab1	0.8485926134	2.509428637e-40	0.0001307333572	5.110852621e-40
1965	Actn1	0.8486244176	2.604114457e-40	0.0001307333572	5.300996351e-40
1966	Mylk	0.8487145122	2.892064247e-40	0.0001307333572	5.884159201e-40
1967	Loxl1	0.848792441	3.166530496e-40	0.0001307333572	6.4393096e-40
1968	Bhlhe40	0.8488204055	3.271211763e-40	0.0001307333572	6.648804396e-40
1969	Rab20	0.8489481921	3.795082345e-40	0.0001307333572	7.709664489e-40
1970	Tbata	0.849187381	5.009909236e-40	0.0001307333572	1.017240454e-39
1971	Hcar1	0.8493812614	6.272684402e-40	0.0001307333572	1.272995312e-39
1972	Fam3c	0.8494379615	6.698536165e-40	0.0001307333572	1.358729445e-39
1973	Lmx1b	0.8494979341	7.180276812e-40	0.0001307333572	1.455707412e-39
1974	Mpzl2	0.849516404	7.335465245e-40	0.0001307333572	1.486416463e-39
1975	Crhbp	0.8495509752	7.634957923e-40	0.0001307333572	1.546320592e-39
1976	Cdh9	0.8495983179	8.064908716e-40	0.0001307333572	1.632572615e-39
1977	Tc2n	0.849728885	9.379498631e-40	0.0001307333572	1.897723547e-39
1978	Kcnt1	0.8498881262	1.127420142e-39	0.0001307333572	2.279919397e-39
1979	Gm996	0.8499403502	1.197493566e-39	0.0001307333572	2.420401345e-39
1980	Mapk8	0.8501251865	1.482128472e-39	0.0001307333572	2.994198933e-39
1981	Slc16a11	0.8502324826	1.677239416e-39	0.0001307333572	3.386652027e-39
1982	Slc7a10	0.8504022582	2.039397511e-39	0.0001307333572	4.115837561e-39
1983	Dab1	0.8504195044	2.080279081e-39	0.0001307333572	4.196226084e-39
1984	Crim1	0.8505114764	2.312453035e-39	0.0001307333572	4.662203699e-39
1985	Six1	0.8505246447	2.347739049e-39	0.0001307333572	4.730960301e-39
1986	Gpc4	0.8505470551	2.409025451e-39	0.0001307333572	4.852015007e-39
1987	Slc9a2	0.850641518	2.685325997e-39	0.0001307333572	5.405789626e-39
1988	Wls	0.850676322	2.794883241e-39	0.0001307333572	5.623507527e-39
1989	Perp	0.8508429343	3.384115109e-39	0.0001307333572	6.805661356e-39
1990	Maged2	0.8508602288	3.451944408e-39	0.0001307333572	6.938581725e-39
1991	Oprl1	0.8508621434	3.459536154e-39	0.0001307333572	6.950348877e-39
1992	Kcnk9	0.8510069273	4.084424784e-39	0.0001307333572	8.201656192e-39
1993	Tcea3	0.8510399067	4.241772578e-39	0.0001307333572	8.513341852e-39
1994	Banp	0.8510971786	4.529472837e-39	0.0001307333572	9.086204288e-39
1995	Emp3	0.8510994611	4.541332284e-39	0.0001307333572	9.105428139e-39
1996	Dyrk2	0.8511544897	4.836782911e-39	0.0001307333572	9.692951725e-39
1997	Nphs2	0.851231649	5.283499998e-39	0.0001307333572	1.058287431e-38
1998	Ntf3	0.8514233371	6.578815731e-39	0.0001307333572	1.317080226e-38
1999	Tbx3	0.8514240656	6.584296668e-39	0.0001307333572	1.317518093e-38
2000	Aifm3	0.8515018828	7.196680832e-39	0.0001307333572	1.439336166e-38
2001	Bcat1	0.8517924137	1.002661071e-38	0.0001307333572	2.004319981e-38
2002	Zdhhc23	0.851897468	1.130220113e-38	0.0001307333572	2.258182044e-38
2003	Scn7a	0.8522297207	1.649720197e-38	0.0001307333572	3.294498646e-38
2004	Sept9	0.8522433248	1.675435186e-38	0.0001307333572	3.344182008e-38
2005	Brs3	0.8522457832	1.680124459e-38	0.0001307333572	3.351869244e-38
2006	Polr2g	0.8522795888	1.745946098e-38	0.0001307333572	3.481447852e-38
2007	Ermp1	0.8522993293	1.785561144e-38	0.0001307333572	3.558666954e-38
2008	3110039M20Rik	0.8523764666	1.94911404e-38	0.0001307333572	3.882697291e-38
2009	Zscan10	0.8524532542	2.126706999e-38	0.0001307333572	4.234359381e-38
2010	Fam180a	0.8524954057	2.230939721e-38	0.0001307333572	4.439681037e-38
2011	Mycbpap	0.8525372586	2.339456723e-38	0.0001307333572	4.653320186e-38
2012	Man1a	0.8526923482	2.789332808e-38	0.0001307333572	5.545393256e-38
2013	Ak4	0.8527470746	2.967805753e-38	0.0001307333572	5.897279192e-38
2014	Magt1	0.8529042109	3.545842343e-38	0.0001307333572	7.04238797e-38
2015	Gm12144	0.8529568679	3.763564305e-38	0.0001307333572	7.471095394e-38
2016	Tmem30b	0.8530456553	4.161174363e-38	0.0001307333572	8.25629834e-38
2017	Trpc6	0.853115877	4.504988776e-38	0.0001307333572	8.934038227e-38
2018	Mesd	0.8532108137	5.015108686e-38	0.0001307333572	9.940750616e-38
2019	Gm973	0.8536747085	8.46235263e-38	0.0001307333572	1.676543364e-37
2020	Mlc1	0.8538373534	1.016212689e-37	0.0001307333572	2.012302354e-37
2021	Angptl2	0.8538664544	1.050022637e-37	0.0001307333572	2.078223923e-37
2022	Fap	0.8539154933	1.109544783e-37	0.0001307333572	2.194945168e-37
2023	Slc1a1	0.8539275941	1.124741001e-37	0.0001307333572	2.223907071e-37
2024	Pcsk9	0.8541858734	1.503250464e-37	0.0001307333572	2.970850719e-37
2025	Ptprj	0.8542954539	1.69986333e-37	0.0001307333572	3.357754726e-37
2026	Galnt14	0.8543060496	1.720178871e-37	0.0001307333572	3.39620705e-37
2027	Mrc2	0.8544145399	1.942595088e-37	0.0001307333572	3.833438754e-37
2028	H2-Q1	0.8544988094	2.134884923e-37	0.0001307333572	4.210818388e-37
2029	Cacna1h	0.8545241572	2.196342662e-37	0.0001307333572	4.329901749e-37
2030	Efna3	0.8545736394	2.321427779e-37	0.0001307333572	4.574241928e-37
2031	Ube2b	0.8545847528	2.35048083e-37	0.0001307333572	4.629208921e-37
2032	Adra2a	0.8546218613	2.450134173e-37	0.0001307333572	4.823098766e-37
2033	Insc	0.8546512455	2.53201389e-37	0.0001307333572	4.981827624e-37
2034	Nr4a1	0.8550264266	3.85031402e-37	0.0001307333572	7.571905644e-37
2035	Creg2	0.855104742	4.201792147e-37	0.0001307333572	8.259050903e-37
2036	AC154683.1	0.8552571127	4.979543304e-37	0.0001307333572	9.782992739e-37
2037	Hspa2	0.8552624349	5.00915387e-37	0.0001307333572	9.836335533e-37
2038	Acvr2a	0.8553590446	5.578106717e-37	0.0001307333572	1.094819768e-36
2039	1500009L16Rik	0.8554518706	6.185152638e-37	0.0001307333572	1.213369816e-36
2040	Qpct	0.8555202331	6.673787705e-37	0.0001307333572	1.308585825e-36
2041	Porcn	0.8557858926	8.96500615e-37	0.0001307333572	1.756983077e-36
2042	Deptor	0.8558061267	9.168616974e-37	0.0001307333572	1.796007243e-36
2043	Hmgn2	0.8561526951	1.346314069e-36	0.0001307333572	2.635955104e-36
2044	Ankrd46	0.8563275832	1.63376377e-36	0.0001307333572	3.197189373e-36
2045	Serpinh1	0.8563854737	1.741752493e-36	0.0001307333572	3.406850843e-36
2046	Pip4k2c	0.8564068773	1.783449956e-36	0.0001307333572	3.486705681e-36
2047	Gm48510	0.8564078599	1.785387988e-36	0.0001307333572	3.488789425e-36
2048	Frmpd2	0.8564486182	1.867642533e-36	0.0001307333572	3.647739321e-36
2049	Chchd4	0.8564728601	1.91834018e-36	0.0001307333572	3.744929586e-36
2050	Cox14	0.8565445528	2.076414994e-36	0.0001307333572	4.051541451e-36
2051	Spag6l	0.8567945219	2.735791194e-36	0.0001307333572	5.335526464e-36
2052	Plxna2	0.8568129812	2.792024801e-36	0.0001307333572	5.442543471e-36
2053	Shisa9	0.8568222326	2.8206385e-36	0.0001307333572	5.495642474e-36
2054	Trp73	0.856896758	3.062022308e-36	0.0001307333572	5.963042469e-36
2055	Bmp7	0.8569360516	3.197446284e-36	0.0001307333572	6.223739726e-36
2056	Catip	0.8570551499	3.645349408e-36	0.0001307333572	7.09211947e-36
2057	Arl6ip1	0.8570766267	3.732513071e-36	0.0001307333572	7.258168345e-36
2058	Apaf1	0.8571381177	3.993695075e-36	0.0001307333572	7.762283916e-36
2059	Efcab1	0.8571436329	4.01798981e-36	0.0001307333572	7.805711141e-36
2060	Nudt10	0.857295046	4.74549217e-36	0.0001307333572	9.214547902e-36
2061	Ola1	0.8576562616	7.053274506e-36	0.0001307333572	1.368903349e-35
2062	Mir124a-1hg	0.857678748	7.229207474e-36	0.0001307333572	1.402368084e-35
2063	Clec3b	0.8577052519	7.442180251e-36	0.0001307333572	1.442982114e-35
2064	Prr36	0.8577382875	7.716384897e-36	0.0001307333572	1.49542343e-35
2065	Lix1	0.8581161324	1.166496873e-35	0.0001307333572	2.259558108e-35
2066	Tmem114	0.8585168721	1.805979812e-35	0.0001307333572	3.496572723e-35
2067	Lrrn3	0.8587336864	2.286631641e-35	0.0001307333572	4.425024946e-35
2068	Tox2	0.8588327231	2.546578558e-35	0.0001307333572	4.925683864e-35
2069	Slc25a39	0.8588731066	2.660817711e-35	0.0001307333572	5.144161838e-35
2070	Atp6v1c2	0.8588931345	2.719348178e-35	0.0001307333572	5.254779088e-35
2071	Trpc7	0.8589778423	2.981381706e-35	0.0001307333572	5.758342262e-35
2072	Mcfd2	0.8590910053	3.370966107e-35	0.0001307333572	6.507656577e-35
2073	Slc17a8	0.8591028671	3.41462293e-35	0.0001307333572	6.588756257e-35
2074	Elof1	0.8591317132	3.523147096e-35	0.0001307333572	6.794883503e-35
2075	Sdc2	0.8591464033	3.579724146e-35	0.0001307333572	6.900673052e-35
2076	Six2	0.8592283766	3.912410713e-35	0.0001307333572	7.538363608e-35
2077	Npy1r	0.8593576382	4.500477757e-35	0.0001307333572	8.667265781e-35
2078	Epdr1	0.8593913997	4.668027906e-35	0.0001307333572	8.985616759e-35
2079	Fam160a1	0.8595262509	5.401366113e-35	0.0001307333572	1.039223879e-34
2080	Ap3s1	0.8595458397	5.517011891e-35	0.0001307333572	1.060963825e-34
2081	Lamb1	0.8596614696	6.251528214e-35	0.0001307333572	1.201639253e-34
2082	Mest	0.8597370041	6.78300123e-35	0.0001307333572	1.303170265e-34
2083	Scgn	0.8598233639	7.445829022e-35	0.0001307333572	1.429827945e-34
2084	Tpm2	0.8600812872	9.833267915e-35	0.0001307333572	1.887383477e-34
2085	Scube1	0.86014868	1.057356902e-34	0.0001307333572	2.02850245e-34
2086	Armh1	0.8602156972	1.136461565e-34	0.0001307333572	2.179216807e-34
2087	Ccdc121	0.860240946	1.167765601e-34	0.0001307333572	2.238170774e-34
2088	Ccdc106	0.8604163391	1.410178168e-34	0.0001307333572	2.701490744e-34
2089	Ctsz	0.8605171096	1.571424398e-34	0.0001307333572	3.008950498e-34
2090	B3galnt1	0.8606481082	1.808703055e-34	0.0001307333572	3.461632641e-34
2091	Dlk2	0.8606791258	1.869906759e-34	0.0001307333572	3.577057405e-34
2092	Pdhb	0.8608477513	2.240450858e-34	0.0001307333572	4.283844853e-34
2093	Ptpru	0.8610020062	2.642879955e-34	0.0001307333572	5.050893369e-34
2094	Mcts1	0.8610693525	2.840368806e-34	0.0001307333572	5.425728378e-34
2095	Nipsnap1	0.8611088803	2.963037828e-34	0.0001307333572	5.657351462e-34
2096	Ccdc155	0.8614318532	4.183884187e-34	0.0001307333572	7.984511807e-34
2097	Gm39653	0.8615065725	4.531024408e-34	0.0001307333572	8.642869639e-34
2098	Lgi2	0.8617454471	5.844418171e-34	0.0001307333572	1.114283731e-33
2099	Chst15	0.8618387948	6.454891795e-34	0.0001307333572	1.230088956e-33
2100	Slc13a3	0.8619171775	7.016123924e-34	0.0001307333572	1.336404557e-33
2101	Zfhx4	0.8620472803	8.056612339e-34	0.0001307333572	1.533862416e-33
2102	Wnt10a	0.8620545524	8.119094201e-34	0.0001307333572	1.545022683e-33
2103	Eya2	0.8620851263	8.387095801e-34	0.0001307333572	1.59526311e-33
2104	Col18a1	0.8621053458	8.569142333e-34	0.0001307333572	1.629114512e-33
2105	Smim18	0.8622241027	9.720391835e-34	0.0001307333572	1.847105337e-33
2106	Gm26644	0.862239761	9.883226358e-34	0.0001307333572	1.877156003e-33
2107	Tgfa	0.8622897061	1.042093587e-33	0.0001307333572	1.978345681e-33
2108	Dpep1	0.8623438374	1.103656374e-33	0.0001307333572	2.094224618e-33
2109	Slc7a11	0.8623720773	1.137193406e-33	0.0001307333572	2.156839083e-33
2110	Ccdc74a	0.8624365053	1.21754336e-33	0.0001307333572	2.308139071e-33
2111	Sfrp1	0.8624415353	1.224048663e-33	0.0001307333572	2.319372171e-33
2112	Col6a2	0.8625296712	1.343803082e-33	0.0001307333572	2.545081594e-33
2113	Car7	0.8629488421	2.093037325e-33	0.0001307333572	3.962209797e-33
2114	Prps1	0.8629598108	2.117409845e-33	0.0001307333572	4.006451931e-33
2115	Slc4a1	0.8630068942	2.225271403e-33	0.0001307333572	4.208551116e-33
2116	Stxbp5	0.8630661351	2.36876713e-33	0.0001307333572	4.477820662e-33
2117	Pih1d2	0.8631804131	2.672037658e-33	0.0001307333572	5.048724909e-33
2118	Snhg12	0.8631994477	2.726170738e-33	0.0001307333572	5.148575519e-33
2119	Kcns1	0.8632186309	2.781828324e-33	0.0001307333572	5.251209673e-33
2120	Irx5	0.8632353516	2.831261009e-33	0.0001307333572	5.342001904e-33
2121	Cpne2	0.8634602302	3.587319702e-33	0.0001307333572	6.765336543e-33
2122	Anxa11	0.8635166214	3.806447587e-33	0.0001307333572	7.175207515e-33
2123	Dnah2	0.8635413919	3.906856519e-33	0.0001307333572	7.361010869e-33
2124	Casr	0.8635916042	4.118535767e-33	0.0001307333572	7.756187885e-33
2125	Togaram2	0.8636014745	4.161466277e-33	0.0001307333572	7.833348287e-33
2126	Drc1	0.863606799	4.184809451e-33	0.0001307333572	7.873583163e-33
2127	C1d	0.8636476836	4.368436032e-33	0.0001307333572	8.215206454e-33
2128	Ndnf	0.8638104762	5.182417072e-33	0.0001307333572	9.741385475e-33
2129	Ccl19	0.8638680052	5.504718272e-33	0.0001307333572	1.034235467e-32
2130	Cdkl4	0.8641169898	7.145198676e-33	0.0001307333572	1.341821348e-32
2131	Dusp5	0.8641389074	7.310990867e-33	0.0001307333572	1.372311754e-32
2132	Nedd4l	0.8641646363	7.510493125e-33	0.0001307333572	1.409098147e-32
2133	Sorcs3	0.8641690561	7.545304976e-33	0.0001307333572	1.414965771e-32
2134	St18	0.864211123	7.88475736e-33	0.0001307333572	1.477930152e-32
2135	Slc43a3	0.8642818142	8.489675588e-33	0.0001307333572	1.590571539e-32
2136	Htr1b	0.8643077611	8.723084981e-33	0.0001307333572	1.633536513e-32
2137	Lims2	0.8644431051	1.004791278e-32	0.0001307333572	1.880751105e-32
2138	Anpep	0.8646858266	1.294337424e-32	0.0001307333572	2.421585452e-32
2139	Luzp1	0.8647136149	1.332371569e-32	0.0001307333572	2.491578436e-32
2140	Myl12a	0.8647168538	1.336876358e-32	0.0001307333572	2.498834313e-32
2141	Kcne4	0.8647654964	1.406376926e-32	0.0001307333572	2.627514107e-32
2142	Pbx3	0.8648273355	1.499934678e-32	0.0001307333572	2.800998465e-32
2143	Sybu	0.8650447648	1.880693928e-32	0.0001307333572	3.510394639e-32
2144	Slc38a3	0.8652553453	2.340564265e-32	0.0001307333572	4.366724375e-32
2145	Zic3	0.8652769506	2.393643232e-32	0.0001307333572	4.463670363e-32
2146	Ppp1cc	0.8653171443	2.495589462e-32	0.0001307333572	4.651611299e-32
2147	Dnal4	0.8653671106	2.628352182e-32	0.0001307333572	4.896790279e-32
2148	Gm45441	0.86539174	2.696350698e-32	0.0001307333572	5.02113724e-32
2149	Nxn	0.8654888499	2.981906885e-32	0.0001307333572	5.550315281e-32
2150	Sdcbp	0.8655951106	3.328861492e-32	0.0001307333572	6.193230683e-32
2151	Gm13889	0.8656192823	3.413219694e-32	0.0001307333572	6.347223978e-32
2152	Arl6ip5	0.8656452183	3.506096649e-32	0.0001307333572	6.51690827e-32
2153	6330420H09Rik	0.8657975247	4.104395509e-32	0.0001307333572	7.625444513e-32
2154	Bgn	0.8658579663	4.369000038e-32	0.0001307333572	8.113277693e-32
2155	Entpd6	0.8659058513	4.590600738e-32	0.0001307333572	8.520836637e-32
2156	Kcnk1	0.8659196618	4.656561218e-32	0.0001307333572	8.639260145e-32
2157	Sox14	0.8659257963	4.686161548e-32	0.0001307333572	8.690146589e-32
2158	Adgrl2	0.8660314719	5.226409784e-32	0.0001307333572	9.687506551e-32
2159	Adamtsl2	0.8662120725	6.296535999e-32	0.0001307333572	1.166565262e-31
2160	Rab26os	0.8664243811	7.835480289e-32	0.0001307333572	1.451014868e-31
2161	Twf2	0.8664322823	7.899450375e-32	0.0001307333572	1.462184243e-31
2162	Dnajb5	0.8664347173	7.919269163e-32	0.0001307333572	1.465174683e-31
2163	Tmem176a	0.8664481854	8.02978321e-32	0.0001307333572	1.484934482e-31
2164	Dlx6	0.8664507787	8.051237704e-32	0.0001307333572	1.488213993e-31
2165	Phactr2	0.8665147145	8.598564153e-32	0.0001307333572	1.588649266e-31
2166	Cntnap4	0.8666292883	9.6733735e-32	0.0001307333572	1.786403232e-31
2167	Zfpm2	0.8667633418	1.11012478e-31	0.0001307333572	2.04914588e-31
2168	Daw1	0.8667986987	1.151151988e-31	0.0001307333572	2.123896657e-31
2169	Nms	0.866810352	1.165001353e-31	0.0001307333572	2.148458005e-31
2170	Lrrc71	0.8669646665	1.364772529e-31	0.0001307333572	2.515709731e-31
2171	Sla	0.867002383	1.418560188e-31	0.0001307333572	2.613653042e-31
2172	Acot5	0.8670366187	1.469203407e-31	0.0001307333572	2.705715299e-31
2173	Ahnak	0.8671310294	1.618350824e-31	0.0001307333572	2.979016704e-31
2174	Id1	0.8672328517	1.796084976e-31	0.0001307333572	3.30466417e-31
2175	Gm38165	0.8673861769	2.100906033e-31	0.0001307333572	3.863735233e-31
2176	Marc2	0.8674336597	2.205333868e-31	0.0001307333572	4.053922551e-31
2177	Gmpr	0.8675016788	2.363963887e-31	0.0001307333572	4.343525746e-31
2178	Mdga1	0.867510883	2.386281788e-31	0.0001307333572	4.382519354e-31
2179	Mkl1	0.867529655	2.432449583e-31	0.0001307333572	4.465258528e-31
2180	Slc26a4	0.8676075853	2.633783445e-31	0.0001307333572	4.832630174e-31
2181	Chrd	0.8676969816	2.885180041e-31	0.0001307333572	5.291481047e-31
2182	C130071C03Rik	0.8677089029	2.920456713e-31	0.0001307333572	5.353724497e-31
2183	Gm47043	0.8678245495	3.285685811e-31	0.0001307333572	6.020496218e-31
2184	Gas6	0.8679835715	3.862989056e-31	0.0001307333572	7.075071532e-31
2185	Rbfox1	0.8682112994	4.869091048e-31	0.0001307333572	8.913667822e-31
2186	Cdh8	0.8682485224	5.056647905e-31	0.0001307333572	9.252786651e-31
2187	Trank1	0.8682947168	5.299409296e-31	0.0001307333572	9.692563871e-31
2188	Drc3	0.8683793287	5.774445507e-31	0.0001307333572	1.055657314e-30
2189	Gm11992	0.8684026638	5.912734285e-31	0.0001307333572	1.080444821e-30
2190	Vit	0.8684325796	6.094839991e-31	0.0001307333572	1.113212784e-30
2191	Gm5127	0.8688082658	8.91560855e-31	0.0001307333572	1.627678421e-30
2192	Lrfn5	0.8688986099	9.768001834e-31	0.0001307333572	1.782482086e-30
2193	Msra	0.8689832347	1.063961048e-30	0.0001307333572	1.940649426e-30
2194	Pbxip1	0.8689861114	1.067055841e-30	0.0001307333572	1.945407185e-30
2195	Dnaic2	0.8690419476	1.128926691e-30	0.0001307333572	2.057269596e-30
2196	Lypla2	0.8690766871	1.169204209e-30	0.0001307333572	2.129698013e-30
2197	Vps29	0.8692217574	1.353395166e-30	0.0001307333572	2.464078591e-30
2198	Morn3	0.8692689143	1.419260875e-30	0.0001307333572	2.582822339e-30
2199	Sptssb	0.8692720286	1.423721128e-30	0.0001307333572	2.589761033e-30
2200	Bdh2	0.8692814981	1.437368551e-30	0.0001307333572	2.613397366e-30
2201	Gpr139	0.8693051879	1.472081783e-30	0.0001307333572	2.675296289e-30
2202	Arc	0.869346779	1.535050744e-30	0.0001307333572	2.788466384e-30
2203	B2m	0.8693547695	1.547450951e-30	0.0001307333572	2.809715752e-30
2204	Dab2	0.8693748678	1.579082297e-30	0.0001307333572	2.86584809e-30
2205	Lingo3	0.869393292	1.608642101e-30	0.0001307333572	2.918171612e-30
2206	Sptlc3	0.869445984	1.696247337e-30	0.0001307333572	3.0756978e-30
2207	Fam167a	0.8695342861	1.853797163e-30	0.0001307333572	3.359849864e-30
2208	Ccdc162	0.8695490145	1.881453695e-30	0.0001307333572	3.408430607e-30
2209	Cfap54	0.8696082618	1.996904233e-30	0.0001307333572	3.615942477e-30
2210	Thbd	0.8696132218	2.006882587e-30	0.0001307333572	3.632366674e-30
2211	Ccsap	0.8696477501	2.077729382e-30	0.0001307333572	3.758895309e-30
2212	Abhd2	0.8696845668	2.156007618e-30	0.0001307333572	3.898747954e-30
2213	Ak9	0.8696858239	2.15873148e-30	0.0001307333572	3.901909589e-30
2214	H2-D1	0.8698411962	2.523073689e-30	0.0001307333572	4.558398715e-30
2215	Cotl1	0.8700177564	3.011625651e-30	0.0001307333572	5.438601628e-30
2216	Jun	0.8703832204	4.341009697e-30	0.0001307333572	7.835757575e-30
2217	BC029722	0.8705374549	5.063743431e-30	0.0001307333572	9.136208266e-30
2218	Wnt7b	0.870580519	5.286054479e-30	0.0001307333572	9.533010782e-30
2219	Esrrg	0.8706930543	5.913777719e-30	0.0001307333572	1.066025727e-29
2220	Cnnm1	0.8707546203	6.287940677e-30	0.0001307333572	1.132962284e-29
2221	Iqcg	0.8708020364	6.592040084e-30	0.0001307333572	1.187220186e-29
2222	Hsd11b1	0.8708381931	6.833695706e-30	0.0001307333572	1.230188246e-29
2223	Vstm2b	0.8708649651	7.018273293e-30	0.0001307333572	1.262847196e-29
2224	Zfp36l1	0.870893913	7.223421608e-30	0.0001307333572	1.299176548e-29
2225	Tnfaip2	0.8709089215	7.332115568e-30	0.0001307333572	1.318133136e-29
2226	Rnf122	0.8709917023	7.961444946e-30	0.0001307333572	1.430628023e-29
2227	Crispld2	0.8710077671	8.089646137e-30	0.0001307333572	1.453012328e-29
2228	AC154509.1	0.8710386089	8.341540922e-30	0.0001307333572	1.497583648e-29
2229	Sms	0.8710849277	8.73453369e-30	0.0001307333572	1.567435386e-29
2230	Crocc	0.8710911172	8.788421264e-30	0.0001307333572	1.576398433e-29
2231	Eif1b	0.8711526385	9.342309344e-30	0.0001307333572	1.674999434e-29
2232	Vpreb1	0.8711957963	9.751405845e-30	0.0001307333572	1.747563772e-29
2233	3632451O06Rik	0.87127261	1.052398145e-29	0.0001307333572	1.88517357e-29
2234	Bche	0.8712880828	1.068680114e-29	0.0001307333572	1.913482747e-29
2235	Lcmt1	0.8713706345	1.159867055e-29	0.0001307333572	2.075824707e-29
2236	Dnaaf3	0.8714865906	1.301128515e-29	0.0001307333572	2.327600206e-29
2237	Popdc3	0.8715402647	1.372172155e-29	0.0001307333572	2.453593482e-29
2238	Ptpdc1	0.8715829951	1.431471563e-29	0.0001307333572	2.55848358e-29
2239	Mapk14	0.8716598948	1.544665481e-29	0.0001307333572	2.759563163e-29
2240	Asb2	0.8717587127	1.703248594e-29	0.0001307333572	3.041515347e-29
2241	Tram1l1	0.8718858214	1.931192821e-29	0.0001307333572	3.447019761e-29
2242	Rhbdl3	0.8718979671	1.954497174e-29	0.0001307333572	3.487060079e-29
2243	Gss	0.8719357896	2.028871011e-29	0.0001307333572	3.618138228e-29
2244	Paqr9	0.8719920836	2.144797169e-29	0.0001307333572	3.823167859e-29
2245	Gm17750	0.8721283314	2.453289922e-29	0.0001307333572	4.371117901e-29
2246	Tekt4	0.8724325323	3.310049653e-29	0.0001307333572	5.895012739e-29
2247	Lztr1	0.8724502451	3.368213738e-29	0.0001307333572	5.995930107e-29
2248	2810455O05Rik	0.8725303827	3.644294547e-29	0.0001307333572	6.48450987e-29
2249	Ripor2	0.8725510936	3.719223795e-29	0.0001307333572	6.614893366e-29
2250	Got1l1	0.8726506461	4.101274878e-29	0.0001307333572	7.291155338e-29
2251	Isyna1	0.8727470058	4.508087518e-29	0.0001307333572	8.010817447e-29
2252	Cp	0.8729300877	5.394446812e-29	0.0001307333572	9.581610678e-29
2253	Igfbpl1	0.8729979193	5.765021605e-29	0.0001307333572	1.023528026e-28
2254	Extl2	0.8730176713	5.877601406e-29	0.0001307333572	1.043052601e-28
2255	Arhgap20	0.8730970249	6.352299039e-29	0.0001307333572	1.126793621e-28
2256	Cnmd	0.8732826049	7.616129744e-29	0.0001307333572	1.350377614e-28
2257	Anxa6	0.8732833501	7.621677264e-29	0.0001307333572	1.350762475e-28
2258	Psma1	0.8733039764	7.776820697e-29	0.0001307333572	1.377647599e-28
2259	Rps27l	0.8733305463	7.981295408e-29	0.0001307333572	1.413243986e-28
2260	Cfap100	0.8734453433	8.92781152e-29	0.0001307333572	1.580143632e-28
2261	Acss3	0.8735174922	9.57882942e-29	0.0001307333572	1.694618208e-28
2262	Cped1	0.8735937247	1.031790098e-28	0.0001307333572	1.824562507e-28
2263	Sytl1	0.8736070527	1.045280447e-28	0.0001307333572	1.847601321e-28
2264	Zmym3	0.873641751	1.081227779e-28	0.0001307333572	1.910296429e-28
2265	Plppr1	0.8736489989	1.088889946e-28	0.0001307333572	1.922984451e-28
2266	Zmynd10	0.8738466051	1.319868538e-28	0.0001307333572	2.329865028e-28
2267	Dusp18	0.8742704638	1.992055412e-28	0.0001307333572	3.514875011e-28
2268	Il20rb	0.8744038719	2.266973103e-28	0.0001307333572	3.998188894e-28
2269	Cfap70	0.8744096178	2.279623928e-28	0.0001307333572	4.018728829e-28
2270	Pde10a	0.8744346072	2.335463235e-28	0.0001307333572	4.115353717e-28
2271	Plpp1	0.8746485459	2.872534939e-28	0.0001307333572	5.059506718e-28
2272	Sh3bgrl2	0.8747559105	3.186549602e-28	0.0001307333572	5.610122539e-28
2273	Osbpl3	0.8747619197	3.205097992e-28	0.0001307333572	5.640295631e-28
2274	Nr5a2	0.8749025778	3.671199227e-28	0.0001307333572	6.457694331e-28
2275	Stk39	0.8749753234	3.938027391e-28	0.0001307333572	6.924004204e-28
2276	Acaa2	0.8749820765	3.963752382e-28	0.0001307333572	6.966172903e-28
2277	Sema4f	0.8752730868	5.245906406e-28	0.0001307333572	9.215470191e-28
2278	Dlx1	0.8752812555	5.287288772e-28	0.0001307333572	9.284089152e-28
2279	Tnfaip8l3	0.8753456891	5.625261049e-28	0.0001307333572	9.873209388e-28
2280	Lrrc36	0.8753822529	5.826488066e-28	0.0001307333572	1.022190889e-27
2281	Morn2	0.8754271616	6.083433845e-28	0.0001307333572	1.0668012e-27
2282	S100a9	0.8754731628	6.358280944e-28	0.0001307333572	1.114510244e-27
2283	Ccdc68	0.8755227657	6.668457604e-28	0.0001307333572	1.168367517e-27
2284	Col4a3	0.8756427203	7.481972016e-28	0.0001307333572	1.310327849e-27
2285	Nuf2	0.8756478099	7.518584758e-28	0.0001307333572	1.316163634e-27
2286	Sec61b	0.8756984289	7.892531396e-28	0.0001307333572	1.381020367e-27
2287	Glra1	0.8757080726	7.965837238e-28	0.0001307333572	1.39323782e-27
2288	Gm44109	0.8758632301	9.242491612e-28	0.0001307333572	1.615820212e-27
2289	Gm42517	0.8759879894	1.041456429e-27	0.0001307333572	1.819932597e-27
2290	Cmtm8	0.8762357407	1.319649547e-27	0.0001307333572	2.305064711e-27
2291	Cyp2a5	0.8765107808	1.71539519e-27	0.0001307333572	2.995015608e-27
2292	Lhfpl2	0.8766854748	2.025735768e-27	0.0001307333572	3.535315476e-27
2293	Cntnap2	0.8767498567	2.153639351e-27	0.0001307333572	3.756893765e-27
2294	B230110G15Rik	0.8767669258	2.188871841e-27	0.0001307333572	3.81669022e-27
2295	S100a8	0.8767851274	2.227071929e-27	0.0001307333572	3.881606848e-27
2296	Defb30	0.8768382385	2.34235674e-27	0.0001307333572	4.080760871e-27
2297	Arhgef3	0.8768415162	2.349662093e-27	0.0001307333572	4.091705865e-27
2298	Tmem40	0.8768876614	2.45494267e-27	0.0001307333572	4.273181323e-27
2299	Kctd12	0.877017463	2.776833717e-27	0.0001307333572	4.831376628e-27
2300	Nckipsd	0.8771266755	3.07983796e-27	0.0001307333572	5.35623993e-27
2301	Cldn9	0.8771286934	3.085734438e-27	0.0001307333572	5.36416243e-27
2302	Kit	0.8773257147	3.718766933e-27	0.0001307333572	6.461801795e-27
2303	Ccdc85a	0.8773412689	3.773908471e-27	0.0001307333572	6.55476938e-27
2304	Sox3	0.877382261	3.923145671e-27	0.0001307333572	6.811016791e-27
2305	Irx3	0.8774756001	4.285143449e-27	0.0001307333572	7.436257613e-27
2306	Abi1	0.87751984	4.468101744e-27	0.0001307333572	7.750393311e-27
2307	Dock9	0.8775800289	4.72951334e-27	0.0001307333572	8.200283208e-27
2308	Elfn1	0.877723503	5.415401971e-27	0.0001307333572	9.385445357e-27
2309	Epcam	0.8777886637	5.75863579e-27	0.0001307333572	9.975982313e-27
2310	Ubxn11	0.8779508578	6.709517077e-27	0.0001307333572	1.161821139e-26
2311	Fbln7	0.8781669674	8.222258055e-27	0.0001307333572	1.423151546e-26
2312	Wasl	0.8782015582	8.493959712e-27	0.0001307333572	1.469543203e-26
2313	Pkib	0.8783511561	9.775229318e-27	0.0001307333572	1.690484966e-26
2314	Cetn2	0.8783639321	9.89314841e-27	0.0001307333572	1.710138014e-26
2315	Myh11	0.8783980031	1.021455346e-26	0.0001307333572	1.764933643e-26
2316	BC051019	0.8784500824	1.072594861e-26	0.0001307333572	1.852495442e-26
2317	Pcbp3	0.8785454136	1.17286794e-26	0.0001307333572	2.024804385e-26
2318	Tcf21	0.8786275304	1.266655019e-26	0.0001307333572	2.18577225e-26
2319	Noct	0.8788429328	1.549492028e-26	0.0001307333572	2.672690001e-26
2320	Fbxo10	0.8788881835	1.616434061e-26	0.0001307333572	2.786955278e-26
2321	Fam216a	0.8789728583	1.749492222e-26	0.0001307333572	3.015066302e-26
2322	Ankrd34b	0.879226811	2.21719217e-26	0.0001307333572	3.81945249e-26
2323	Rps6ka6	0.879260774	2.288482795e-26	0.0001307333572	3.940564433e-26
2324	Efemp2	0.8792615927	2.290229035e-26	0.0001307333572	3.941874414e-26
2325	Arx	0.8792764068	2.322056245e-26	0.0001307333572	3.994935476e-26
2326	Glipr1	0.8793196812	2.417561389e-26	0.0001307333572	4.157457247e-26
2327	Klhl22	0.8793267453	2.433517177e-26	0.0001307333572	4.183097855e-26
2328	Defb9	0.8795341675	2.95153264e-26	0.0001307333572	5.071361925e-26
2329	Wnt2	0.8795985053	3.133399719e-26	0.0001307333572	5.381536658e-26
2330	Hmgcs2	0.8796509719	3.289897732e-26	0.0001307333572	5.647893102e-26
2331	Rtl5	0.8797502176	3.607417013e-26	0.0001307333572	6.190333784e-26
2332	Fsip1	0.8798305323	3.886457759e-26	0.0001307333572	6.666308334e-26
2333	Sema5b	0.8798753194	4.051247637e-26	0.0001307333572	6.945988234e-26
2334	Sap30bpos	0.8798848135	4.087059701e-26	0.0001307333572	7.004386805e-26
2335	Elmo2	0.8798995029	4.143088402e-26	0.0001307333572	7.097367712e-26
2336	Tmem52	0.8799168249	4.210137402e-26	0.0001307333572	7.209139388e-26
2337	Hist3h2ba	0.8800379384	4.709952096e-26	0.0001307333572	8.061535466e-26
2338	Fpr2	0.8801182069	5.073169834e-26	0.0001307333572	8.679503566e-26
2339	Htr1a	0.8801715807	5.329919009e-26	0.0001307333572	9.114867907e-26
2340	Acsl4	0.8803421823	6.240096346e-26	0.0001307333572	1.066683136e-25
2341	Fbxo25	0.8804426839	6.846721042e-26	0.0001307333572	1.169879717e-25
2342	Nqo1	0.8806346953	8.172744959e-26	0.0001307333572	1.39585738e-25
2343	Nectin3	0.8806435443	8.239642004e-26	0.0001307333572	1.406682374e-25
2344	Naaa	0.8806467708	8.264168357e-26	0.0001307333572	1.410267638e-25
2345	Ankrd6	0.8807036799	8.708856967e-26	0.0001307333572	1.485519312e-25
2346	Chrna6	0.8807276721	8.903364621e-26	0.0001307333572	1.518050234e-25
2347	Fam189a2	0.8807904801	9.433181495e-26	0.0001307333572	1.607700297e-25
2348	Nudt11	0.8808558657	1.001794584e-25	0.0001307333572	1.706634725e-25
2349	Praf2	0.8809716453	1.114284783e-25	0.0001307333572	1.897462381e-25
2350	Foxc1	0.8810550104	1.202948367e-25	0.0001307333572	2.047571689e-25
2351	Arhgap39	0.8810730945	1.223085922e-25	0.0001307333572	2.080962861e-25
2352	Ank1	0.8811170402	1.273424574e-25	0.0001307333572	2.165688051e-25
2353	Mustn1	0.8812762813	1.473640613e-25	0.0001307333572	2.505126414e-25
2354	Ccdc40	0.8814167592	1.675977468e-25	0.0001307333572	2.847880149e-25
2355	Izumo4	0.8815371484	1.871123704e-25	0.0001307333572	3.178129434e-25
2356	Acad8	0.8815948643	1.972503975e-25	0.0001307333572	3.348903184e-25
2357	Twist1	0.8816199255	2.018202446e-25	0.0001307333572	3.425035971e-25
2358	Serpind1	0.8816572072	2.088132493e-25	0.0001307333572	3.542209487e-25
2359	Slc35f4	0.8818028331	2.385054974e-25	0.0001307333572	4.044179694e-25
2360	Sebox	0.8820243254	2.918674984e-25	0.0001307333572	4.946906752e-25
2361	Mrps6	0.8820313841	2.937498094e-25	0.0001307333572	4.976701558e-25
2362	Arhgap12	0.8821265161	3.20322852e-25	0.0001307333572	5.42460376e-25
2363	Dpysl5	0.8821986531	3.420482102e-25	0.0001307333572	5.790067036e-25
2364	Upk1b	0.8822114787	3.460609593e-25	0.0001307333572	5.855515387e-25
2365	Brd9	0.8822365578	3.540426616e-25	0.0001307333572	5.988036559e-25
2366	Gm853	0.8823781282	4.026418014e-25	0.0001307333572	6.807131046e-25
2367	Pstpip1	0.882413588	4.158156601e-25	0.0001307333572	7.02688061e-25
2368	Ppp1r3b	0.8824594277	4.334804806e-25	0.0001307333572	7.322305415e-25
2369	Rxfp1	0.8825201972	4.580496089e-25	0.0001307333572	7.734058402e-25
2370	Myof	0.8825613479	4.754652839e-25	0.0001307333572	8.02473053e-25
2371	Hspb6	0.8826780163	5.284888958e-25	0.0001307333572	8.915881836e-25
2372	Ctnna1	0.8827087849	5.434228949e-25	0.0001307333572	9.163961128e-25
2373	Raver2	0.8827811664	5.802233158e-25	0.0001307333572	9.780418303e-25
2374	Pradc1	0.882862364	6.244504469e-25	0.0001307333572	1.052149026e-24
2375	Flrt2	0.8829194492	6.575275627e-25	0.0001307333572	1.107414842e-24
2376	Rspo3	0.8829418398	6.709702772e-25	0.0001307333572	1.129579591e-24
2377	Carmil2	0.8830014331	7.080897189e-25	0.0001307333572	1.191568732e-24
2378	9630013A20Rik	0.8831041609	7.769127402e-25	0.0001307333572	1.306833878e-24
2379	Neto1	0.8831132616	7.833202594e-25	0.0001307333572	1.317058023e-24
2380	Cpq	0.8831375682	8.006914829e-25	0.0001307333572	1.345699971e-24
2381	Cpt1c	0.8831802009	8.320863835e-25	0.0001307333572	1.397877167e-24
2382	2610524H06Rik	0.8831880635	8.380082327e-25	0.0001307333572	1.407234648e-24
2383	AF529169	0.8832822851	9.123049943e-25	0.0001307333572	1.531355425e-24
2384	Fam84a	0.8833205079	9.442729625e-25	0.0001307333572	1.584350608e-24
2385	Gpr27	0.8833239948	9.472439201e-25	0.0001307333572	1.588669048e-24
2386	Ptgs2	0.8833270327	9.498398424e-25	0.0001307333572	1.592355142e-24
2387	Acpp	0.8834784757	1.088587227e-24	0.0001307333572	1.824193091e-24
2388	Ubash3b	0.8835585278	1.169855855e-24	0.0001307333572	1.959557546e-24
2389	Wscd2	0.8835735953	1.185811047e-24	0.0001307333572	1.985451733e-24
2390	Kif1bp	0.8837231205	1.356305727e-24	0.0001307333572	2.269967744e-24
2391	Gm29157	0.8837352123	1.371110348e-24	0.0001307333572	2.293785609e-24
2392	Kcne1l	0.8838668252	1.542976417e-24	0.0001307333572	2.580228122e-24
2393	Calca	0.8839051325	1.596894292e-24	0.0001307333572	2.669275875e-24
2394	Zar1	0.8839427857	1.651709368e-24	0.0001307333572	2.759748318e-24
2395	Pax6	0.8840385922	1.799731399e-24	0.0001307333572	3.005814445e-24
2396	Eipr1	0.884063383	1.840126883e-24	0.0001307333572	3.071998135e-24
2397	Galm	0.8842566369	2.187391741e-24	0.0001307333572	3.650215671e-24
2398	Ren1	0.8844881336	2.689681187e-24	0.0001307333572	4.486540762e-24
2399	Tmem25	0.8845564382	2.858614633e-24	0.0001307333572	4.766343697e-24
2400	Thyn1	0.8845650906	2.880750284e-24	0.0001307333572	4.801250474e-24
2401	Lrrc46	0.8846302042	3.05287027e-24	0.0001307333572	5.085997951e-24
2402	Plxna1	0.8846395962	3.078523487e-24	0.0001307333572	5.126600311e-24
2403	Pcdh11x	0.8847491678	3.394049264e-24	0.0001307333572	5.649686665e-24
2404	Inpp5j	0.88476701	3.448376561e-24	0.0001307333572	5.737731382e-24
2405	St8sia3	0.8849662128	4.116625361e-24	0.0001307333572	6.845635929e-24
2406	2900026A02Rik	0.8849664929	4.117650011e-24	0.0001307333572	6.845635929e-24
2407	Chrna10	0.8851688234	4.927765975e-24	0.0001307333572	8.189058538e-24
2408	Grcc10	0.8852484514	5.288233306e-24	0.0001307333572	8.784440708e-24
2409	Syt3	0.8852906376	5.489665075e-24	0.0001307333572	9.115259568e-24
2410	Col5a1	0.885314918	5.609025477e-24	0.0001307333572	9.309585854e-24
2411	Jph1	0.8853171486	5.620118989e-24	0.0001307333572	9.324129389e-24
2412	Pclaf	0.8853508078	5.79017891e-24	0.0001307333572	9.602286749e-24
2413	Prdm13	0.8853966303	6.029911315e-24	0.0001307333572	9.995708769e-24
2414	Tpsb2	0.8854272534	6.195577286e-24	0.0001307333572	1.02660767e-23
2415	Slc44a5	0.8855594844	6.964228773e-24	0.0001307333572	1.153495449e-23
2416	2010005H15Rik	0.885703401	7.908378901e-24	0.0001307333572	1.309334255e-23
2417	Bcam	0.8857351126	8.132885423e-24	0.0001307333572	1.345947112e-23
2418	Slc10a4	0.8857602466	8.315298863e-24	0.0001307333572	1.375566396e-23
2419	Qrfpr	0.8857965522	8.585965626e-24	0.0001307333572	1.419754548e-23
2420	Gpc3	0.8858851628	9.283762992e-24	0.0001307333572	1.53450628e-23
2421	Clec18a	0.885898853	9.396467739e-24	0.0001307333572	1.552493637e-23
2422	Serhl	0.8859453606	9.78955779e-24	0.0001307333572	1.61677255e-23
2423	Galnt13	0.8862068727	1.232284666e-23	0.0001307333572	2.034312284e-23
2424	Myh14	0.886353595	1.401808456e-23	0.0001307333572	2.313215273e-23
2425	Lhx6	0.8864266501	1.494632129e-23	0.0001307333572	2.465372583e-23
2426	Cma1	0.8865275707	1.632947724e-23	0.0001307333572	2.692411746e-23
2427	Gm19412	0.8865528713	1.669565113e-23	0.0001307333572	2.751652431e-23
2428	Gzmm	0.8866081699	1.752452621e-23	0.0001307333572	2.887071863e-23
2429	Rapgef2	0.886672393	1.85384183e-23	0.0001307333572	3.052847806e-23
2430	Cabcoco1	0.8866739208	1.856323156e-23	0.0001307333572	3.055675977e-23
2431	Ttc21a	0.886722534	1.937018085e-23	0.0001307333572	3.187195533e-23
2432	Rsph10b	0.8868485175	2.162666633e-23	0.0001307333572	3.557017489e-23
2433	Tmtc4	0.8869049919	2.272086688e-23	0.0001307333572	3.735448726e-23
2434	Aox3	0.8871667858	2.855314272e-23	0.0001307333572	4.692381713e-23
2435	Ctsc	0.8871939036	2.923611262e-23	0.0001307333572	4.802646837e-23
2436	Cox20	0.8871974585	2.932683284e-23	0.0001307333572	4.815571895e-23
2437	Rtl3	0.887216286	2.981198188e-23	0.0001307333572	4.893226405e-23
2438	Slc16a9	0.8873441389	3.332335991e-23	0.0001307333572	5.467327302e-23
2439	Tacr1	0.8874541583	3.667063922e-23	0.0001307333572	6.014044972e-23
2440	Mrps33	0.8876030815	4.173728194e-23	0.0001307333572	6.842177367e-23
2441	Plpp4	0.8876143378	4.214727289e-23	0.0001307333572	6.906558441e-23
2442	Nkx2-2	0.8876815306	4.46789128e-23	0.0001307333572	7.318413234e-23
2443	Fn1	0.8876937967	4.515705233e-23	0.0001307333572	7.393704844e-23
2444	Tnnt2	0.8878746229	5.282261019e-23	0.0001307333572	8.645271717e-23
2445	Tmem150c	0.8881181749	6.521762495e-23	0.0001307333572	1.066955009e-22
2446	Ypel4	0.8882517096	7.319384264e-23	0.0001307333572	1.196955726e-22
2447	Pip5k1b	0.8883435018	7.922933051e-23	0.0001307333572	1.295125959e-22
2448	C530008M17Rik	0.8883573102	8.017890999e-23	0.0001307333572	1.310112908e-22
2449	Kbtbd11	0.8883810241	8.183602489e-23	0.0001307333572	1.336643935e-22
2450	Ube2l6	0.8884053099	8.35682403e-23	0.0001307333572	1.364379433e-22
2451	Hmgn1	0.8884995182	9.063804477e-23	0.0001307333572	1.479201057e-22
2452	Myl9	0.8885217994	9.239485282e-23	0.0001307333572	1.507256979e-22
2453	Steap4	0.8885400704	9.386058672e-23	0.0001307333572	1.530543607e-22
2454	Ube2e2	0.8885881326	9.782704197e-23	0.0001307333572	1.594572811e-22
2455	Kcnmb1	0.8886186812	1.004339056e-22	0.0001307333572	1.636397647e-22
2456	Igkc	0.8886343417	1.017968377e-22	0.0001307333572	1.657928952e-22
2457	Zim1	0.888662975	1.043363006e-22	0.0001307333572	1.698596672e-22
2458	1110051M20Rik	0.8886700509	1.049734497e-22	0.0001307333572	1.708274202e-22
2459	Fam46c	0.8887097684	1.086219767e-22	0.0001307333572	1.766929267e-22
2460	Cfap46	0.8887892442	1.163037709e-22	0.0001307333572	1.891118227e-22
2461	Gpr150	0.8888070452	1.180967117e-22	0.0001307333572	1.919491454e-22
2462	Tshz1	0.88881281	1.186831986e-22	0.0001307333572	1.928240433e-22
2463	Pnma2	0.888839736	1.214609105e-22	0.0001307333572	1.972568584e-22
2464	Pcsk1	0.8888458607	1.22101679e-22	0.0001307333572	1.982170113e-22
2465	Itih5	0.8888501548	1.225529127e-22	0.0001307333572	1.988688238e-22
2466	Ltbp3	0.8889330156	1.315906314e-22	0.0001307333572	2.134479016e-22
2467	Ccl12	0.8890426868	1.445739413e-22	0.0001307333572	2.344125517e-22
2468	Ebf1	0.889061241	1.468925102e-22	0.0001307333572	2.380753812e-22
2469	Mns1	0.8892162584	1.677584406e-22	0.0001307333572	2.717836218e-22
2470	Dlec1	0.8892485343	1.724586111e-22	0.0001307333572	2.792852002e-22
2471	Bhlhe23	0.8894372928	2.026742412e-22	0.0001307333572	3.280845669e-22
2472	Fuca1	0.8894523741	2.053030439e-22	0.0001307333572	3.322055726e-22
2473	Lrg1	0.8894853665	2.111721489e-22	0.0001307333572	3.41564333e-22
2474	Emp1	0.8895355439	2.204180741e-22	0.0001307333572	3.563752208e-22
2475	Maob	0.8896442984	2.418551419e-22	0.0001307333572	3.908769969e-22
2476	Mrps26	0.8897040808	2.54504912e-22	0.0001307333572	4.111549467e-22
2477	Tmem132e	0.889927537	3.07858154e-22	0.0001307333572	4.971467969e-22
2478	Abi3bp	0.8899586778	3.161231855e-22	0.0001307333572	5.10287628e-22
2479	Lrrc3b	0.890055771	3.433279563e-22	0.0001307333572	5.539781465e-22
2480	Pwwp2b	0.890092789	3.542993433e-22	0.0001307333572	5.714505538e-22
2481	Obscn	0.8901033767	3.575006386e-22	0.0001307333572	5.763815213e-22
2482	Tspan17	0.8903293254	4.330675926e-22	0.0001307333572	6.979332677e-22
2483	Sned1	0.8904134839	4.650840319e-22	0.0001307333572	7.492292096e-22
2484	Uckl1os	0.8904213783	4.682048171e-22	0.0001307333572	7.539530067e-22
2485	Bace2	0.890426881	4.703924005e-22	0.0001307333572	7.571708661e-22
2486	Dach1	0.890527321	5.121459586e-22	0.0001307333572	8.240482037e-22
2487	Iyd	0.8905498836	5.220184609e-22	0.0001307333572	8.395954338e-22
2488	Zfhx2	0.8906340416	5.605319553e-22	0.0001307333572	9.011767769e-22
2489	Efhc1	0.8906981606	5.917498558e-22	0.0001307333572	9.509840993e-22
2490	Arpc4	0.8907861175	6.37389291e-22	0.0001307333572	1.02391854e-21
2491	Crls1	0.8907929198	6.410606078e-22	0.0001307333572	1.029402823e-21
2492	Ankrd34a	0.8908377196	6.65768042e-22	0.0001307333572	1.068648543e-21
2493	Irak1bp1	0.8908745478	6.86782757e-22	0.0001307333572	1.101937837e-21
2494	Ypel5	0.8910343528	7.858353682e-22	0.0001307333572	1.260361457e-21
2495	Tgfbr3	0.8911235896	8.471667126e-22	0.0001307333572	1.358183106e-21
2496	Plscr2	0.8911321629	8.533026188e-22	0.0001307333572	1.367472145e-21
2497	Ccl4	0.891139372	8.584961615e-22	0.0001307333572	1.375244151e-21
2498	4932443I19Rik	0.891257501	9.481919504e-22	0.0001307333572	1.518321778e-21
2499	Tbc1d2	0.8913108858	9.917108585e-22	0.0001307333572	1.587372322e-21
2500	Spred2	0.8913196908	9.99076094e-22	0.0001307333572	1.59852175e-21
2501	Cubn	0.8915868678	1.250220427e-21	0.0001307333572	1.999552863e-21
2502	Phlda1	0.8917021514	1.377006112e-21	0.0001307333572	2.201448621e-21
2503	Atp6v0e	0.8918410022	1.546688084e-21	0.0001307333572	2.471734852e-21
2504	Ucn	0.8918605679	1.572204384e-21	0.0001307333572	2.511508601e-21
2505	Gm16174	0.8919582314	1.705931826e-21	0.0001307333572	2.724042836e-21
2506	Dcakd	0.8919867733	1.747095749e-21	0.0001307333572	2.788660414e-21
2507	Pbx4	0.8920007862	1.767663558e-21	0.0001307333572	2.820364672e-21
2508	Impdh1	0.8921623158	2.022761922e-21	0.0001307333572	3.22609557e-21
2509	Gm13481	0.8922625889	2.199099231e-21	0.0001307333572	3.505937395e-21
2510	Gfra1	0.8923154119	2.298021531e-21	0.0001307333572	3.662185707e-21
2511	Fmo1	0.892367696	2.400266104e-21	0.0001307333572	3.823601917e-21
2512	Gm16006	0.8924093606	2.484954071e-21	0.0001307333572	3.956933233e-21
2513	Wfdc18	0.8924279132	2.523608903e-21	0.0001307333572	4.016886436e-21
2514	Stoml1	0.8924592935	2.590348825e-21	0.0001307333572	4.121477844e-21
2515	B4galnt4	0.8925672835	2.833643171e-21	0.0001307333572	4.506788343e-21
2516	Rabgap1l	0.8926653352	3.074049704e-21	0.0001307333572	4.887201437e-21
2517	Cald1	0.8927847449	3.39420028e-21	0.0001307333572	5.39404097e-21
2518	Ppbp	0.8928606238	3.614550963e-21	0.0001307333572	5.741939576e-21
2519	Antxr1	0.8930012553	4.060995678e-21	0.0001307333572	6.448583848e-21
2520	Galnt18	0.8931000089	4.406669581e-21	0.0001307333572	6.99471362e-21
2521	Barhl1	0.8931647452	4.648898506e-21	0.0001307333572	7.376276884e-21
2522	Esm1	0.8933272533	5.31652627e-21	0.0001307333572	8.432238335e-21
2523	Eef1akmt1	0.8935063848	6.162638331e-21	0.0001307333572	9.770334254e-21
2524	Flrt3	0.8936562507	6.971812739e-21	0.0001307333572	1.10488316e-20
2525	Pigp	0.8937317605	7.418455687e-21	0.0001307333572	1.175200901e-20
2526	Rsad2	0.8938028732	7.864910383e-21	0.0001307333572	1.245433156e-20
2527	Ica1	0.8939746658	9.056040489e-21	0.0001307333572	1.433484842e-20
2528	Mcub	0.8940915845	9.967006417e-21	0.0001307333572	1.577057977e-20
2529	Pdlim4	0.8942185711	1.105922613e-20	0.0001307333572	1.749185628e-20
2530	Fam110b	0.8942764891	1.1595898e-20	0.0001307333572	1.833343558e-20
2531	Stk32b	0.8943641882	1.245790539e-20	0.0001307333572	1.968851108e-20
2532	Arhgap28	0.8944084576	1.291679635e-20	0.0001307333572	2.040568144e-20
2533	Ctsh	0.8944474509	1.333481443e-20	0.0001307333572	2.105774091e-20
2534	Fign	0.8944510303	1.337385002e-20	0.0001307333572	2.111104975e-20
2535	Ube2c	0.894729613	1.678532982e-20	0.0001307333572	2.648572753e-20
2536	Tbx18	0.8949569579	2.019603054e-20	0.0001307333572	3.185493777e-20
2537	H2-K1	0.8950029986	2.096595338e-20	0.0001307333572	3.305629229e-20
2538	Abca8a	0.8950157304	2.118393554e-20	0.0001307333572	3.338681724e-20
2539	Lurap1l	0.8950386294	2.158164642e-20	0.0001307333572	3.400023067e-20
2540	Vgll2	0.8950551735	2.187356813e-20	0.0001307333572	3.444656399e-20
2541	Cyp1b1	0.8950874637	2.245462149e-20	0.0001307333572	3.534769223e-20
2542	Bhlhb9	0.895153108	2.368331703e-20	0.0001307333572	3.726721799e-20
2543	Apoo	0.895167302	2.395760652e-20	0.0001307333572	3.768400553e-20
2544	Grik4	0.8951701419	2.401286122e-20	0.0001307333572	3.77560711e-20
2545	As3mt	0.8951900531	2.440382204e-20	0.0001307333572	3.835571244e-20
2546	Slc16a12	0.8952105096	2.481204219e-20	0.0001307333572	3.898199873e-20
2547	Lyz2	0.8952225152	2.50547544e-20	0.0001307333572	3.934786714e-20
2548	Odc1	0.8952430223	2.547478087e-20	0.0001307333572	3.99918067e-20
2549	Vtn	0.8952726019	2.609291538e-20	0.0001307333572	4.094612065e-20
2550	Pcdh1	0.8953114732	2.692781588e-20	0.0001307333572	4.223971119e-20
2551	Lamb2	0.8953428383	2.762070002e-20	0.0001307333572	4.330960411e-20
2552	Tle1	0.8953657581	2.813813434e-20	0.0001307333572	4.410365883e-20
2553	Bmp4	0.8954093357	2.914850288e-20	0.0001307333572	4.566941306e-20
2554	Gm36447	0.8954400914	2.988309496e-20	0.0001307333572	4.680202812e-20
2555	Nlgn1	0.8954664658	3.05275912e-20	0.0001307333572	4.779270638e-20
2556	Ptpn14	0.8955065894	3.153451246e-20	0.0001307333572	4.934978476e-20
2557	Dnah11	0.8956435002	3.522384355e-20	0.0001307333572	5.5101828e-20
2558	Trpc4	0.8957109756	3.719593481e-20	0.0001307333572	5.816408883e-20
2559	Bfsp2	0.8957551281	3.8545035e-20	0.0001307333572	6.025015241e-20
2560	G630093K05Rik	0.8958593189	4.192336225e-20	0.0001307333572	6.550525352e-20
2561	Mc3r	0.8960635245	4.941576673e-20	0.0001307333572	7.718198631e-20
2562	Ksr1	0.8962041601	5.533059348e-20	0.0001307333572	8.638656281e-20
2563	Ccdc60	0.8963249365	6.096489862e-20	0.0001307333572	9.51461547e-20
2564	Zic5	0.8963386331	6.163860577e-20	0.0001307333572	9.61600714e-20
2565	Angpt2	0.896401517	6.482738769e-20	0.0001307333572	1.010953414e-19
2566	Fam216b	0.8965092803	7.067533028e-20	0.0001307333572	1.10171988e-19
2567	Ehd3	0.8965184927	7.119880006e-20	0.0001307333572	1.109447605e-19
2568	Tuba8	0.8965598385	7.359572413e-20	0.0001307333572	1.146350843e-19
2569	Tub	0.8966776581	8.087215469e-20	0.0001307333572	1.25920054e-19
2570	Slc22a8	0.8968480172	9.266679777e-20	0.0001307333572	1.44228479e-19
2571	Olfml2a	0.8968516728	9.293768489e-20	0.0001307333572	1.44593831e-19
2572	Vasn	0.8969798029	1.029429454e-19	0.0001307333572	1.600978932e-19
2573	Tomm34	0.8969872159	1.03553306e-19	0.0001307333572	1.609845409e-19
2574	Dnajc12	0.897053166	1.091432849e-19	0.0001307333572	1.696088343e-19
2575	Npr1	0.8971184254	1.14967963e-19	0.0001307333572	1.785910104e-19
2576	Disp3	0.8971261669	1.156789919e-19	0.0001307333572	1.796257639e-19
2577	Exd2	0.8971838567	1.211161676e-19	0.0001307333572	1.879956036e-19
2578	Igf1	0.8971924296	1.219454194e-19	0.0001307333572	1.892093397e-19
2579	Krt80	0.8972436392	1.27016991e-19	0.0001307333572	1.970019248e-19
2580	Pax7	0.8972506117	1.277234425e-19	0.0001307333572	1.980208411e-19
2581	Mtmr12	0.8973288355	1.359201364e-19	0.0001307333572	2.106472475e-19
2582	Gm10282	0.8973416373	1.37310178e-19	0.0001307333572	2.127190984e-19
2583	Acly	0.8975636036	1.637706278e-19	0.0001307333572	2.536130511e-19
2584	Tmem237	0.8976071638	1.695260438e-19	0.0001307333572	2.624242164e-19
2585	Tmem221	0.8977019713	1.827523251e-19	0.0001307333572	2.827888976e-19
2586	Serpina9	0.8978502177	2.055040252e-19	0.0001307333572	3.178716553e-19
2587	Hspb1	0.898001499	2.316042782e-19	0.0001307333572	3.581047982e-19
2588	B3gat2	0.8980574434	2.42063926e-19	0.0001307333572	3.741328068e-19
2589	Plac8	0.8981335116	2.570381506e-19	0.0001307333572	3.971234462e-19
2590	Ube2w	0.8982608483	2.841787538e-19	0.0001307333572	4.388861062e-19
2591	Large2	0.8982692859	2.86073973e-19	0.0001307333572	4.416425674e-19
2592	Mcee	0.8984974397	3.423322898e-19	0.0001307333572	5.282905707e-19
2593	Tcerg1l	0.8985712441	3.627715878e-19	0.0001307333572	5.596167957e-19
2594	Ecm1	0.898652303	3.866105108e-19	0.0001307333572	5.961611578e-19
2595	Slc39a6	0.8988249878	4.426757538e-19	0.0001307333572	6.823518363e-19
2596	Mrc1	0.8988317768	4.450367856e-19	0.0001307333572	6.857269424e-19
2597	Plb1	0.8989233717	4.781333304e-19	0.0001307333572	7.36439477e-19
2598	Fbln5	0.8989758908	4.981949676e-19	0.0001307333572	7.6704383e-19
2599	A230050P20Rik	0.8990257754	5.180192005e-19	0.0001307333572	7.972592544e-19
2600	Ocln	0.8991054643	5.513156635e-19	0.0001307333572	8.481779438e-19
2601	Cavin1	0.8991895161	5.887263614e-19	0.0001307333572	9.053846388e-19
2602	Pid1	0.8992611056	6.225592396e-19	0.0001307333572	9.570472554e-19
2603	Scn3a	0.8992944923	6.389873633e-19	0.0001307333572	9.819244922e-19
2604	B9d1	0.8993329701	6.584521122e-19	0.0001307333572	1.011447177e-18
2605	Prkag2	0.8993877491	6.87177218e-19	0.0001307333572	1.055166554e-18
2606	Vcam1	0.8994335272	7.121289541e-19	0.0001307333572	1.093060559e-18
2607	Napepld	0.8994347896	7.128295835e-19	0.0001307333572	1.093716277e-18
2608	Slc26a10	0.8994627852	7.285427787e-19	0.0001307333572	1.1173969e-18
2609	Ahcyl2	0.8996686897	8.551099354e-19	0.0001307333572	1.311015616e-18
2610	Zbtb7c	0.8997243497	8.929010835e-19	0.0001307333572	1.368430779e-18
2611	Rnf182	0.8997284879	8.957757274e-19	0.0001307333572	1.372310574e-18
2612	Aprt	0.8998742812	1.003100081e-18	0.0001307333572	1.536141012e-18
2613	Tmem102	0.8999843406	1.092440082e-18	0.0001307333572	1.672315471e-18
2614	Ccdc34	0.9000528903	1.152009183e-18	0.0001307333572	1.76282966e-18
2615	Pcdh18	0.9001592831	1.250872814e-18	0.0001307333572	1.913380977e-18
2616	Pomgnt2	0.9002108419	1.301751302e-18	0.0001307333572	1.990445416e-18
2617	Ces2g	0.9002431663	1.334685656e-18	0.0001307333572	2.04002393e-18
2618	Spryd7	0.9002485012	1.340199774e-18	0.0001307333572	2.047669632e-18
2619	Cnn1	0.9003902717	1.495262662e-18	0.0001307333572	2.283715406e-18
2620	Dlat	0.9005504262	1.691810971e-18	0.0001307333572	2.582917514e-18
2621	Gm34721	0.9006569825	1.836496145e-18	0.0001307333572	2.80274116e-18
2622	Parva	0.9009141322	2.237903082e-18	0.0001307333572	3.41403979e-18
2623	Dclk2	0.900942288	2.286799723e-18	0.0001307333572	3.487304191e-18
2624	Clic1	0.901093887	2.568768e-18	0.0001307333572	3.915804878e-18
2625	Nmt1	0.9012202463	2.829807005e-18	0.0001307333572	4.312086865e-18
2626	Ctnnal1	0.9012481136	2.890809678e-18	0.0001307333572	4.403365846e-18
2627	Golm1	0.9014548461	3.385749232e-18	0.0001307333572	5.15530907e-18
2628	Wdr66	0.9015612607	3.67222964e-18	0.0001307333572	5.589390624e-18
2629	Slco1a5	0.9016072075	3.803199523e-18	0.0001307333572	5.786534078e-18
2630	Upb1	0.9016987484	4.078027752e-18	0.0001307333572	6.202323576e-18
2631	Timm9	0.9017690782	4.302407027e-18	0.0001307333572	6.541097723e-18
2632	Inmt	0.9019701303	5.013247685e-18	0.0001307333572	7.618917455e-18
2633	Mpped2	0.9019733475	5.025516907e-18	0.0001307333572	7.63466298e-18
2634	2900079G21Rik	0.9021292631	5.657008908e-18	0.0001307333572	8.590750051e-18
2635	Rps6kl1	0.9021576061	5.779937244e-18	0.0001307333572	8.774098283e-18
2636	Gpr17	0.9021625984	5.801860854e-18	0.0001307333572	8.804037714e-18
2637	Ctss	0.9022143297	6.033927849e-18	0.0001307333572	9.152715737e-18
2638	Maf	0.9022670921	6.280053213e-18	0.0001307333572	9.522446116e-18
2639	Yjefn3	0.9025516768	7.788575887e-18	0.0001307333572	1.180534428e-17
2640	Il6st	0.9026426402	8.342308891e-18	0.0001307333572	1.263986196e-17
2641	Ooep	0.9026618517	8.464134001e-18	0.0001307333572	1.281958955e-17
2642	Manf	0.9028138948	9.492257383e-18	0.0001307333572	1.437132079e-17
2643	Slc26a2	0.9028251245	9.572904165e-18	0.0001307333572	1.448793669e-17
2644	Notch2	0.9028366537	9.656404707e-18	0.0001307333572	1.460878171e-17
2645	Dscaml1	0.9028404245	9.683870251e-18	0.0001307333572	1.464479433e-17
2646	2310009B15Rik	0.9028508089	9.759907739e-18	0.0001307333572	1.475420671e-17
2647	Aard	0.9029582217	1.058180233e-17	0.0001307333572	1.599063442e-17
2648	Med10	0.903097837	1.175287877e-17	0.0001307333572	1.775359331e-17
2649	Gramd1a	0.9032088691	1.277470155e-17	0.0001307333572	1.928984756e-17
2650	Ttll6	0.9032140817	1.282476877e-17	0.0001307333572	1.935814154e-17
2651	Ccl8	0.90323757	1.305278848e-17	0.0001307333572	1.969489019e-17
2652	Plvap	0.9033287979	1.39769693e-17	0.0001307333572	2.108140165e-17
2653	Flna	0.9033893125	1.462532133e-17	0.0001307333572	2.205099334e-17
2654	Slc38a5	0.9034535829	1.534641325e-17	0.0001307333572	2.312948494e-17
2655	Tbx15	0.903508352	1.598850029e-17	0.0001307333572	2.408813603e-17
2656	Pipox	0.9037676447	1.940656154e-17	0.0001307333572	2.922674931e-17
2657	Rnase4	0.903774649	1.950825507e-17	0.0001307333572	2.936884466e-17
2658	Npas1	0.9038397761	2.047934875e-17	0.0001307333572	3.081918548e-17
2659	S100a4	0.9038724718	2.098468931e-17	0.0001307333572	3.156779136e-17
2660	Gm1110	0.9038772119	2.105896613e-17	0.0001307333572	3.166761823e-17
2661	Ninj1	0.9039036682	2.147831678e-17	0.0001307333572	3.22860831e-17
2662	Chd7	0.9040392754	2.376056236e-17	0.0001307333572	3.570332435e-17
2663	Catsperz	0.9042432103	2.76501436e-17	0.0001307333572	4.153232235e-17
2664	Folr2	0.9042478942	2.774648764e-17	0.0001307333572	4.166139285e-17
2665	Aoc3	0.9042610299	2.80184445e-17	0.0001307333572	4.205395047e-17
2666	Kctd9	0.9042935222	2.87024982e-17	0.0001307333572	4.306451343e-17
2667	2610301B20Rik	0.9043512498	2.995869406e-17	0.0001307333572	4.493242453e-17
2668	Adamtsl3	0.9043552928	3.004867663e-17	0.0001307333572	4.505048971e-17
2669	Myo16	0.9043876371	3.077820894e-17	0.0001307333572	4.612695233e-17
2670	Sox1	0.9045015733	3.348995117e-17	0.0001307333572	5.017221149e-17
2671	Cd79a	0.904517611	3.389010774e-17	0.0001307333572	5.075268849e-17
2672	Wbp1	0.904560702	3.498877426e-17	0.0001307333572	5.237840458e-17
2673	Gm14051	0.9045644474	3.508591073e-17	0.0001307333572	5.25041687e-17
2674	Ica1l	0.9048038327	4.187864659e-17	0.0001307333572	6.264569423e-17
2675	Trim63	0.9048513251	4.337293005e-17	0.0001307333572	6.485671783e-17
2676	Cndp1	0.904893342	4.473869277e-17	0.0001307333572	6.687398022e-17
2677	Lbh	0.9049189855	4.559298541e-17	0.0001307333572	6.812549183e-17
2678	Gkn3	0.9051096379	5.24692458e-17	0.0001307333572	7.837079283e-17
2679	Gpr12	0.9052163886	5.675601559e-17	0.0001307333572	8.474209122e-17
2680	Cetn4	0.9052937117	6.007496068e-17	0.0001307333572	8.966412042e-17
2681	Hes6	0.9054319517	6.649223525e-17	0.0001307333572	9.920512532e-17
2682	Slc35g2	0.9054661054	6.817907415e-17	0.0001307333572	1.016839286e-16
2683	Plekha2	0.9054695644	6.835224853e-17	0.0001307333572	1.019042095e-16
2684	Ccnd3	0.9054909526	6.943271694e-17	0.0001307333572	1.034764783e-16
2685	Sh3bp5	0.905544222	7.219746684e-17	0.0001307333572	1.075567476e-16
2686	Cbr2	0.9057470083	8.375136196e-17	0.0001307333572	1.247228026e-16
2687	Skil	0.9059871124	9.980485923e-17	0.0001307333572	1.48574409e-16
2688	4921539H07Rik	0.9060247042	1.025790155e-16	0.0001307333572	1.526473445e-16
2689	Npb	0.9060510678	1.045697727e-16	0.0001307333572	1.555519117e-16
2690	Ankrd45	0.9060656078	1.056839567e-16	0.0001307333572	1.57150865e-16
2691	Drd5	0.9062392066	1.199254655e-16	0.0001307333572	1.782615615e-16
2692	Grem1	0.9062449998	1.204319903e-16	0.0001307333572	1.789479797e-16
2693	Arhgap24	0.9062634847	1.220623562e-16	0.0001307333572	1.813031656e-16
2694	Slco1c1	0.906314339	1.266607818e-16	0.0001307333572	1.880635217e-16
2695	Scx	0.9063377529	1.288349574e-16	0.0001307333572	1.91220716e-16
2696	1110004E09Rik	0.9066069028	1.56629274e-16	0.0001307333572	2.323876468e-16
2697	Ccng2	0.906634444	1.597867841e-16	0.0001307333572	2.369844777e-16
2698	Dusp6	0.9066418915	1.606513457e-16	0.0001307333572	2.381784221e-16
2699	Erich2	0.9068542578	1.873410056e-16	0.0001307333572	2.77645062e-16
2700	Idh2	0.9069696282	2.036258024e-16	0.0001307333572	3.016678554e-16
2701	Nppc	0.9071633851	2.34169373e-16	0.0001307333572	3.467891492e-16
2702	Efs	0.9071994938	2.403411262e-16	0.0001307333572	3.55797374e-16
2703	Nsmce3	0.9073016226	2.586782557e-16	0.0001307333572	3.828017103e-16
2704	Cytl1	0.9073707406	2.718636439e-16	0.0001307333572	4.021651538e-16
2705	Nucb2	0.9073771881	2.731268531e-16	0.0001307333572	4.038844408e-16
2706	Gsx1	0.907381252	2.739260483e-16	0.0001307333572	4.049165532e-16
2707	Tmem199	0.907385625	2.747885968e-16	0.0001307333572	4.060415172e-16
2708	Lrp10	0.9074018129	2.780048972e-16	0.0001307333572	4.106423888e-16
2709	Krt14	0.9075498502	3.091924677e-16	0.0001307333572	4.565411114e-16
2710	Bcl6	0.9075928843	3.188884668e-16	0.0001307333572	4.706840838e-16
2711	Tgm2	0.9076250742	3.263364707e-16	0.0001307333572	4.814997723e-16
2712	Cnksr3	0.9077063115	3.459035204e-16	0.0001307333572	5.101821835e-16
2713	Ramp2	0.9077143929	3.479121261e-16	0.0001307333572	5.129555858e-16
2714	Sowahc	0.9077324246	3.524353558e-16	0.0001307333572	5.194330963e-16
2715	Mgl2	0.9077614592	3.598407058e-16	0.0001307333572	5.301520527e-16
2716	Akr1c18	0.9079614531	4.151840456e-16	0.0001307333572	6.114639846e-16
2717	Otub2	0.9083019264	5.293114209e-16	0.0001307333572	7.792586249e-16
2718	Nmu	0.9083955415	5.657759654e-16	0.0001307333572	8.326357107e-16
2719	Nrip1	0.9084334753	5.812464971e-16	0.0001307333572	8.550886313e-16
2720	Hebp1	0.9084506865	5.884024749e-16	0.0001307333572	8.652977571e-16
2721	Krt9	0.9084813519	6.01368034e-16	0.0001307333572	8.840397413e-16
2722	Cd209f	0.9085032074	6.107800234e-16	0.0001307333572	8.975459565e-16
2723	Fbxo36	0.9085732106	6.41914216e-16	0.0001307333572	9.429514742e-16
2724	C130060K24Rik	0.9086961676	7.004282474e-16	0.0001307333572	1.028528998e-15
2725	Slc6a15	0.9088280662	7.690426804e-16	0.0001307333572	1.12886999e-15
2726	Rilp	0.9088978487	8.079794443e-16	0.0001307333572	1.185589794e-15
2727	Abcc8	0.9089047477	8.119328034e-16	0.0001307333572	1.190953874e-15
2728	Seh1l	0.9090067025	8.726260742e-16	0.0001307333572	1.279510373e-15
2729	Lor	0.9090344118	8.898795489e-16	0.0001307333572	1.304330596e-15
2730	Tuft1	0.90907723	9.172035621e-16	0.0001307333572	1.343888003e-15
2731	Kif2a	0.9091084713	9.376596599e-16	0.0001307333572	1.373357246e-15
2732	Spef1	0.9091209078	9.459272255e-16	0.0001307333572	1.384959335e-15
2733	Mchr1	0.9091995476	9.998932533e-16	0.0001307333572	1.463436887e-15
2734	Plxna4	0.9092571267	1.041318393e-15	0.0001307333572	1.523508987e-15
2735	Yap1	0.9094097797	1.159501178e-15	0.0001307333572	1.69579697e-15
2736	Clvs2	0.9094169652	1.165378287e-15	0.0001307333572	1.703769425e-15
2737	Ankrd66	0.9094204685	1.168254332e-15	0.0001307333572	1.707350138e-15
2738	Slc2a1	0.9094323744	1.178080891e-15	0.0001307333572	1.721082382e-15
2739	Kcnj11	0.9094340862	1.179500378e-15	0.0001307333572	1.722527021e-15
2740	Tmem64	0.909547888	1.277746576e-15	0.0001307333572	1.865323468e-15
2741	Pcsk5	0.9096548342	1.377398254e-15	0.0001307333572	2.01006677e-15
2742	Trpa1	0.9097579938	1.480757968e-15	0.0001307333572	2.160113738e-15
2743	Ppp1r13b	0.9098088046	1.534437811e-15	0.0001307333572	2.237605265e-15
2744	Sntb1	0.9098185636	1.544965056e-15	0.0001307333572	2.25213565e-15
2745	Kif9	0.910018162	1.776568775e-15	0.0001307333572	2.588806958e-15
2746	E330017L17Rik	0.9100444411	1.80950271e-15	0.0001307333572	2.635837888e-15
2747	Vav2	0.9100915575	1.870062442e-15	0.0001307333572	2.723061437e-15
2748	Itga8	0.9101386144	1.932536264e-15	0.0001307333572	2.813007663e-15
2749	Zrsr2	0.9101458377	1.942306351e-15	0.0001307333572	2.826200583e-15
2750	Usp18	0.9102757736	2.126592976e-15	0.0001307333572	3.093226147e-15
2751	Rab27b	0.9103274572	2.204588777e-15	0.0001307333572	3.205508945e-15
2752	Rmnd5b	0.9104426697	2.388734105e-15	0.0001307333572	3.471997246e-15
2753	Gm10605	0.9104838534	2.458166044e-15	0.0001307333572	3.571617936e-15
2754	Ppp4r4	0.910563316	2.597793663e-15	0.0001307333572	3.773120789e-15
2755	Hunk	0.9107719485	3.002631955e-15	0.0001307333572	4.359538229e-15
2756	Rhod	0.9108787788	3.233356628e-15	0.0001307333572	4.692825294e-15
2757	Sh3bgrl	0.9109612019	3.423213963e-15	0.0001307333572	4.966578111e-15
2758	Tnfsf13os	0.9109970988	3.509291639e-15	0.0001307333572	5.089618041e-15
2759	Eln	0.9110887349	3.738806102e-15	0.0001307333572	5.420523526e-15
2760	Cemip	0.9111225916	3.827289854e-15	0.0001307333572	5.54679689e-15
2761	Sytl3	0.9111334808	3.856184102e-15	0.0001307333572	5.586648463e-15
2762	Asic4	0.9114225696	4.70688308e-15	0.0001307333572	6.816630094e-15
2763	Aph1c	0.9114363721	4.751821467e-15	0.0001307333572	6.879220365e-15
2764	Bambi	0.9114376048	4.755855375e-15	0.0001307333572	6.882569284e-15
2765	Sf3b5	0.9114586512	4.825250366e-15	0.0001307333572	6.980470692e-15
2766	Rgmb	0.9114649906	4.846347676e-15	0.0001307333572	7.008456509e-15
2767	Srr	0.9114744165	4.877884268e-15	0.0001307333572	7.051513217e-15
2768	Lepr	0.9115023495	4.972531995e-15	0.0001307333572	7.185739877e-15
2769	Map4k3	0.9115139693	5.012434445e-15	0.0001307333572	7.240786485e-15
2770	Cttnbp2	0.9116065522	5.341825988e-15	0.0001307333572	7.713828141e-15
2771	Ddr2	0.9116190047	5.387724068e-15	0.0001307333572	7.777299268e-15
2772	Gse1	0.9116458112	5.487849891e-15	0.0001307333572	7.918975312e-15
2773	Slc12a4	0.9117618013	5.942608195e-15	0.0001307333572	8.572099812e-15
2774	Kdf1	0.9117813933	6.022999693e-15	0.0001307333572	8.684931064e-15
2775	2010111I01Rik	0.9118010206	6.1046086e-15	0.0001307333572	8.799435819e-15
2776	Stk32a	0.9118538646	6.329777279e-15	0.0001307333572	9.120716541e-15
2777	Gm29508	0.9118750345	6.42225785e-15	0.0001307333572	9.250641484e-15
2778	Casc1	0.9120307638	7.144656904e-15	0.0001307333572	1.028748294e-14
2779	Magee2	0.9121440962	7.720080476e-15	0.0001307333572	1.111202659e-14
2780	Gramd1b	0.9123053844	8.618358559e-15	0.0001307333572	1.240051591e-14
2781	Celsr3	0.9124789102	9.699721989e-15	0.0001307333572	1.395141602e-14
2782	Fgl2	0.9125374167	1.009358043e-14	0.0001307333572	1.451269652e-14
2783	Klc3	0.912603424	1.055683956e-14	0.0001307333572	1.517332312e-14
2784	Ufsp1	0.9126308128	1.075514536e-14	0.0001307333572	1.545279506e-14
2785	Nxph2	0.9127101618	1.135058237e-14	0.0001307333572	1.630245223e-14
2786	Vps37b	0.9127267409	1.147902767e-14	0.0001307333572	1.648101603e-14
2787	Gadd45g	0.9127717861	1.183527512e-14	0.0001307333572	1.698640133e-14
2788	Cfap61	0.9128365328	1.236645884e-14	0.0001307333572	1.774240867e-14
2789	Btbd9	0.9128428631	1.241963427e-14	0.0001307333572	1.781231162e-14
2790	Umodl1	0.9128630754	1.259093008e-14	0.0001307333572	1.805151266e-14
2791	Cox7a1	0.9129110285	1.300667607e-14	0.0001307333572	1.864088293e-14
2792	Lhx3	0.9130272951	1.407156796e-14	0.0001307333572	2.015983948e-14
2793	Haao	0.9131390764	1.517604235e-14	0.0001307333572	2.17343965e-14
2794	Cacna1s	0.9132637754	1.650891847e-14	0.0001307333572	2.363481527e-14
2795	Cdc40	0.9133060982	1.698695663e-14	0.0001307333572	2.431049249e-14
2796	Cldn5	0.9133415931	1.739834765e-14	0.0001307333572	2.489033999e-14
2797	Parp1	0.9133480139	1.74738054e-14	0.0001307333572	2.498935345e-14
2798	Enox2	0.9134536637	1.876263132e-14	0.0001307333572	2.682291826e-14
2799	H13	0.9137096912	2.228637175e-14	0.0001307333572	3.184904859e-14
2800	Nek7	0.9137703387	2.321205783e-14	0.0001307333572	3.316008262e-14
2801	Isg15	0.9137995023	2.367055272e-14	0.0001307333572	3.380300282e-14
2802	Ripor1	0.9138322103	2.41953697e-14	0.0001307333572	3.454014233e-14
2803	Tmem68	0.9139903799	2.689914272e-14	0.0001307333572	3.838621866e-14
2804	Gdf10	0.914047485	2.794655614e-14	0.0001307333572	3.986669921e-14
2805	Dnaja4	0.9141203417	2.934126004e-14	0.0001307333572	4.184136905e-14
2806	Clmp	0.9142825456	3.269674849e-14	0.0001307333572	4.660976263e-14
2807	Lrat	0.9143374783	3.391650017e-14	0.0001307333572	4.833131481e-14
2808	Top2a	0.9144396787	3.630598711e-14	0.0001307333572	5.171793036e-14
2809	Slc37a2	0.9145086203	3.801055417e-14	0.0001307333572	5.412681263e-14
2810	Epb41l4a	0.9145929731	4.020344504e-14	0.0001307333572	5.722910326e-14
2811	Sox9	0.9146415104	4.152112833e-14	0.0001307333572	5.908378276e-14
2812	Foxo1	0.914793373	4.592410597e-14	0.0001307333572	6.532589754e-14
2813	Lama5	0.914802807	4.621228023e-14	0.0001307333572	6.571244966e-14
2814	Rnh1	0.9150153501	5.319684846e-14	0.0001307333572	7.561741074e-14
2815	Smoc1	0.9150428776	5.41741564e-14	0.0001307333572	7.697926309e-14
2816	Fam187b	0.9151107041	5.665812985e-14	0.0001307333572	8.048029808e-14
2817	Slitrk3	0.9152743882	6.312291377e-14	0.0001307333572	8.963140046e-14
2818	Gm567	0.9152750271	6.314951747e-14	0.0001307333572	8.963735624e-14
2819	Dlx6os1	0.9153507474	6.638159538e-14	0.0001307333572	9.419169263e-14
2820	Ecm2	0.9153710885	6.727719201e-14	0.0001307333572	9.542864115e-14
2821	Gm45645	0.915514472	7.393595233e-14	0.0001307333572	1.048365152e-13
2822	1700003F12Rik	0.9155568397	7.602459276e-14	0.0001307333572	1.077598763e-13
2823	Klk10	0.9156418244	8.039045299e-14	0.0001307333572	1.139078328e-13
2824	Gtsf1l	0.9157238077	8.483519378e-14	0.0001307333572	1.20163164e-13
2825	Pdpn	0.9157298267	8.517086524e-14	0.0001307333572	1.205959154e-13
2826	Ar	0.9158098217	8.975798112e-14	0.0001307333572	1.270459747e-13
2827	Gldn	0.9159375253	9.758855203e-14	0.0001307333572	1.380807245e-13
2828	Gm37748	0.9159481209	9.826761735e-14	0.0001307333572	1.389923866e-13
2829	Fkbp9	0.9159694544	9.964898799e-14	0.0001307333572	1.408964128e-13
2830	F11r	0.9160866364	1.075837471e-13	0.0001307333572	1.520618334e-13
2831	4933434E20Rik	0.9160877254	1.076603229e-13	0.0001307333572	1.521163163e-13
2832	Cers3	0.9161278106	1.105165754e-13	0.0001307333572	1.560968579e-13
2833	Trio	0.9161966728	1.155980795e-13	0.0001307333572	1.632164907e-13
2834	Tmem26	0.9163270559	1.258558114e-13	0.0001307333572	1.776369956e-13
2835	Tnfaip8	0.9163627763	1.288187548e-13	0.0001307333572	1.817548569e-13
2836	Rnf128	0.9164202955	1.337344673e-13	0.0001307333572	1.886240724e-13
2837	Dlx2	0.9164674873	1.379047908e-13	0.0001307333572	1.943689793e-13
2838	Adamts1	0.9165106886	1.418343055e-13	0.0001307333572	1.998369926e-13
2839	Gm28703	0.9165119839	1.419538087e-13	0.0001307333572	1.999349419e-13
2840	Krt10	0.9165218028	1.428628861e-13	0.0001307333572	2.011445069e-13
2841	Tubgcp2	0.9165610825	1.465571524e-13	0.0001307333572	2.062732616e-13
2842	Sh3bp4	0.9166124687	1.515319898e-13	0.0001307333572	2.132001264e-13
2843	Ly6d	0.9166433555	1.546016522e-13	0.0001307333572	2.174425489e-13
2844	Cldn22	0.916733128	1.638745134e-13	0.0001307333572	2.304035338e-13
2845	Lgr5	0.9168055566	1.717521286e-13	0.0001307333572	2.413944183e-13
2846	Rrh	0.9168385197	1.75459352e-13	0.0001307333572	2.465182325e-13
2847	Prkar2a	0.9169244046	1.85491546e-13	0.0001307333572	2.605218343e-13
2848	Chpf	0.9169330888	1.865367718e-13	0.0001307333572	2.618978895e-13
2849	Il17b	0.9169602409	1.898422214e-13	0.0001307333572	2.66445223e-13
2850	Gm17634	0.9170435346	2.003452823e-13	0.0001307333572	2.810877338e-13
2851	C1qc	0.9170481409	2.009424877e-13	0.0001307333572	2.81826771e-13
2852	Birc7	0.9170646556	2.030980023e-13	0.0001307333572	2.847500909e-13
2853	Ascc1	0.9171415929	2.134429667e-13	0.0001307333572	2.991492175e-13
2854	Spata24	0.9172717192	2.321294779e-13	0.0001307333572	3.25225188e-13
2855	Mitf	0.9173197895	2.394312515e-13	0.0001307333572	3.353378873e-13
2856	Robo1	0.9174080973	2.534373098e-13	0.0001307333572	3.548299752e-13
2857	Gcm2	0.91750473	2.696861528e-13	0.0001307333572	3.774473796e-13
2858	Plppr5	0.9175243794	2.731132164e-13	0.0001307333572	3.821101314e-13
2859	Oxtr	0.9175429907	2.763986264e-13	0.0001307333572	3.865715054e-13
2860	Tusc5	0.9175671015	2.807125943e-13	0.0001307333572	3.924678005e-13
2861	Ifngr2	0.9177167585	3.090069528e-13	0.0001307333572	4.318755455e-13
2862	Klhl26	0.9177441595	3.144824564e-13	0.0001307333572	4.393747207e-13
2863	Ptgis	0.917808883	3.277971146e-13	0.0001307333572	4.578171991e-13
2864	Itga4	0.9178199254	3.301233179e-13	0.0001307333572	4.609051559e-13
2865	F13a1	0.9178712452	3.411488152e-13	0.0001307333572	4.76132331e-13
2866	Cxcl12	0.9178965596	3.467196659e-13	0.0001307333572	4.83738634e-13
2867	Ddit4	0.9179697416	3.633316442e-13	0.0001307333572	5.067386949e-13
2868	Asph	0.9180377475	3.794676607e-13	0.0001307333572	5.290591296e-13
2869	Ush1c	0.9181717629	4.133516593e-13	0.0001307333572	5.760998736e-13
2870	Etnk2	0.9181723669	4.135108897e-13	0.0001307333572	5.761210584e-13
2871	Tnfrsf21	0.9182562624	4.362246335e-13	0.0001307333572	6.075551998e-13
2872	Pdgfd	0.9183271373	4.56363861e-13	0.0001307333572	6.353830296e-13
2873	Rdh10	0.9183967147	4.770210738e-13	0.0001307333572	6.6391242e-13
2874	Il11ra1	0.9184502909	4.935503721e-13	0.0001307333572	6.866787786e-13
2875	Ift43	0.9184723192	5.005084488e-13	0.0001307333572	6.961174531e-13
2876	Cd55	0.918525825	5.178126923e-13	0.0001307333572	7.199342263e-13
2877	Ampd2	0.9186678224	5.666331112e-13	0.0001307333572	7.875373332e-13
2878	Mup6	0.9187626771	6.017328797e-13	0.0001307333572	8.36030399e-13
2879	Arrb2	0.9188250593	6.259704842e-13	0.0001307333572	8.694034502e-13
2880	Prps2	0.9188594555	6.397416532e-13	0.0001307333572	8.882216636e-13
2881	Foxo6	0.9188639684	6.415703799e-13	0.0001307333572	8.904516029e-13
2882	Rpp25	0.9189284595	6.682710947e-13	0.0001307333572	9.271884769e-13
2883	Zfp503	0.9189344382	6.708009348e-13	0.0001307333572	9.303757764e-13
2884	Fam46a	0.9190507158	7.219137667e-13	0.0001307333572	1.000920301e-12
2885	Cep162	0.9190742311	7.327056818e-13	0.0001307333572	1.01553109e-12
2886	Zfp385c	0.9191294825	7.586889162e-13	0.0001307333572	1.051179655e-12
2887	Pln	0.9191671874	7.769373314e-13	0.0001307333572	1.076090487e-12
2888	Gpx2	0.9192237842	8.051400246e-13	0.0001307333572	1.114766389e-12
2889	Gm34006	0.9193093749	8.497085881e-13	0.0001307333572	1.17606725e-12
2890	Gm38414	0.9194151522	9.081428688e-13	0.0001307333572	1.256510369e-12
2891	Mettl26	0.9194957292	9.552839813e-13	0.0001307333572	1.321277982e-12
2892	Sgk3	0.9195166465	9.679088689e-13	0.0001307333572	1.33827704e-12
2893	4921524J17Rik	0.9195910458	1.014153918e-12	0.0001307333572	1.401733127e-12
2894	Lsm8	0.9196139427	1.028817402e-12	0.0001307333572	1.421509364e-12
2895	Bphl	0.9197549288	1.123798906e-12	0.0001307333572	1.552208434e-12
2896	Capzb	0.9201098328	1.402622295e-12	0.0001307333572	1.936654878e-12
2897	Slc2a6	0.9201483637	1.436699184e-12	0.0001307333572	1.983021648e-12
2898	Lamc3	0.9202358433	1.517108847e-12	0.0001307333572	2.093285749e-12
2899	Agtrap	0.9203369628	1.615564263e-12	0.0001307333572	2.228364501e-12
2900	Rbm3	0.9203399933	1.618609642e-12	0.0001307333572	2.231795438e-12
2901	Epha1	0.9204914231	1.77816528e-12	0.0001307333572	2.450951454e-12
2902	Traf1	0.9205593977	1.85470913e-12	0.0001307333572	2.55557579e-12
2903	Trappc2	0.9205959176	1.897157495e-12	0.0001307333572	2.613164594e-12
2904	Gata3	0.9206063051	1.909404221e-12	0.0001307333572	2.629128015e-12
2905	Cdca7l	0.9206665109	1.981927921e-12	0.0001307333572	2.728049444e-12
2906	BC030500	0.9208677104	2.244433489e-12	0.0001307333572	3.088315774e-12
2907	A230028O05Rik	0.920928677	2.330500921e-12	0.0001307333572	3.205640882e-12
2908	Ptprc	0.9210136069	2.455811936e-12	0.0001307333572	3.376846938e-12
2909	Btnl9	0.9210210739	2.467139991e-12	0.0001307333572	3.39125772e-12
2910	Nol6	0.921033155	2.485576617e-12	0.0001307333572	3.415426475e-12
2911	Rreb1	0.9211465812	2.665391146e-12	0.0001307333572	3.661251575e-12
2912	Cebpb	0.9213313077	2.985884193e-12	0.0001307333572	4.100081282e-12
2913	Lyst	0.9213731478	3.063561314e-12	0.0001307333572	4.205300363e-12
2914	Shisa2	0.921846371	4.09241577e-12	0.0001307333572	5.615664864e-12
2915	Col12a1	0.92224631	5.220229304e-12	0.0001307333572	7.160808373e-12
2916	Fads3	0.9223849811	5.67833127e-12	0.0001307333572	7.786535852e-12
2917	Traip	0.9224260464	5.82139209e-12	0.0001307333572	7.979975449e-12
2918	D130079A08Rik	0.9225523957	6.284063207e-12	0.0001307333572	8.611254823e-12
2919	Hspb2	0.9227096638	6.910496667e-12	0.0001307333572	9.466433791e-12
2920	Hectd2	0.9228140487	7.359637354e-12	0.0001307333572	1.007824355e-11
2921	Morn1	0.9228742404	7.63149305e-12	0.0001307333572	1.044694463e-11
2922	Fibin	0.922915507	7.823531257e-12	0.0001307333572	1.070616662e-11
2923	Col5a2	0.9229371973	7.926358658e-12	0.0001307333572	1.08431719e-11
2924	Plat	0.9230135316	8.298870497e-12	0.0001307333572	1.134888273e-11
2925	Krt19	0.9230264406	8.363538488e-12	0.0001307333572	1.143340873e-11
2926	Trim62	0.9230518795	8.492423908e-12	0.0001307333572	1.160563568e-11
2927	Plpp6	0.9232300206	9.451087862e-12	0.0001307333572	1.291132222e-11
2928	Stmnd1	0.9234738227	1.093667914e-11	0.0001307333572	1.49357175e-11
2929	Tmem200a	0.9234766536	1.095520625e-11	0.0001307333572	1.495591296e-11
2930	Ctf1	0.9235017763	1.112097252e-11	0.0001307333572	1.517703516e-11
2931	Krt23	0.923632341	1.202281716e-11	0.0001307333572	1.640220623e-11
2932	Fzd1	0.9236651086	1.226016072e-11	0.0001307333572	1.672030101e-11
2933	Cdk1	0.9238321122	1.354290294e-11	0.0001307333572	1.846339869e-11
2934	Ube2g2	0.9238523479	1.370698676e-11	0.0001307333572	1.868073152e-11
2935	Ascl4	0.9238765625	1.390589235e-11	0.0001307333572	1.894535743e-11
2936	1700028P14Rik	0.9240309793	1.524243102e-11	0.0001307333572	2.075918423e-11
2937	Mndal	0.9240932681	1.581645519e-11	0.0001307333572	2.153363539e-11
2938	Cftr	0.9241217915	1.608632486e-11	0.0001307333572	2.189360307e-11
2939	Hist1h4h	0.9241252517	1.611936737e-11	0.0001307333572	2.193111207e-11
2940	Dnmt3l	0.9241632187	1.648632401e-11	0.0001307333572	2.242274602e-11
2941	Kctd6	0.9241978798	1.682845902e-11	0.0001307333572	2.288029779e-11
2942	Snx31	0.9242018544	1.686813341e-11	0.0001307333572	2.292644704e-11
2943	Cttn	0.9246777351	2.234293062e-11	0.0001307333572	3.035724269e-11
2944	Mafa	0.9247019958	2.266437538e-11	0.0001307333572	3.078353193e-11
2945	Alpl	0.9247307527	2.305125637e-11	0.0001307333572	3.129837933e-11
2946	Hfe	0.9248063614	2.409954619e-11	0.0001307333572	3.271061581e-11
2947	Stab1	0.9249350247	2.599161011e-11	0.0001307333572	3.526677084e-11
2948	Prokr2	0.924949937	2.622008625e-11	0.0001307333572	3.556471515e-11
2949	Cers4	0.9249733147	2.658222044e-11	0.0001307333572	3.604368874e-11
2950	4933407L21Rik	0.9251437776	2.937482155e-11	0.0001307333572	3.981676929e-11
2951	Cfap157	0.9253585226	3.330387074e-11	0.0001307333572	4.512719612e-11
2952	Mblac2	0.9254269182	3.465991448e-11	0.0001307333572	4.694874972e-11
2953	1700013F07Rik	0.9255481844	3.719814719e-11	0.0001307333572	5.036986756e-11
2954	Aldh2	0.9257095759	4.085988038e-11	0.0001307333572	5.530948274e-11
2955	Socs2	0.9258454999	4.42153167e-11	0.0001307333572	5.983128106e-11
2956	Fst	0.9259505256	4.699110812e-11	0.0001307333572	6.356592238e-11
2957	Rab34	0.9261696125	5.334098545e-11	0.0001307333572	7.213115004e-11
2958	Uox	0.9261991985	5.426034207e-11	0.0001307333572	7.334956685e-11
2959	Ucma	0.9262862051	5.705466415e-11	0.0001307333572	7.71008975e-11
2960	Abhd17c	0.9266573178	7.063760708e-11	0.0001307333572	9.542398795e-11
2961	Cd36	0.9266785122	7.150216212e-11	0.0001307333572	9.655930064e-11
2962	Pnp	0.9266818545	7.163944105e-11	0.0001307333572	9.671203652e-11
2963	Nrp1	0.9268031566	7.679979147e-11	0.0001307333572	1.036434433e-10
2964	Bag4	0.9268746111	8.000772947e-11	0.0001307333572	1.079362286e-10
2965	Rhcg	0.9268976	8.106738055e-11	0.0001307333572	1.093289016e-10
2966	Ehd1	0.9269597731	8.400235966e-11	0.0001307333572	1.132488839e-10
2967	Ascl3	0.9271104401	9.155219316e-11	0.0001307333572	1.233857051e-10
2968	Nfatc2	0.927185312	9.554664371e-11	0.0001307333572	1.287256904e-10
2969	Smpdl3a	0.9271967469	9.617150282e-11	0.0001307333572	1.295239095e-10
2970	Hspa1b	0.9272234673	9.764723859e-11	0.0001307333572	1.314671674e-10
2971	Cryzl2	0.9272454824	9.887970929e-11	0.0001307333572	1.330817083e-10
2972	Eml5	0.9273222848	1.03299477e-10	0.0001307333572	1.389834874e-10
2973	Ccdc141	0.9274353103	1.101567476e-10	0.0001307333572	1.481597143e-10
2974	Lama1	0.9274879525	1.135004349e-10	0.0001307333572	1.526056268e-10
2975	Gbe1	0.9274938415	1.13880601e-10	0.0001307333572	1.53065324e-10
2976	Ly6g6e	0.9275142744	1.152093069e-10	0.0001307333572	1.547992031e-10
2977	Dpf1	0.9276706006	1.258883757e-10	0.0001307333572	1.690911695e-10
2978	Fbn1	0.9277658585	1.32863478e-10	0.0001307333572	1.784001047e-10
2979	Tmem53	0.9277974162	1.352564063e-10	0.0001307333572	1.815522232e-10
2980	Gucy2f	0.9278729679	1.411575685e-10	0.0001307333572	1.894096861e-10
2981	Sorcs2	0.9278820976	1.418874764e-10	0.0001307333572	1.903252534e-10
2982	Hist3h2a	0.9280062632	1.521878969e-10	0.0001307333572	2.04073613e-10
2983	Lin7c	0.9283254223	1.82131061e-10	0.0001307333572	2.441435134e-10
2984	Nphp1	0.9283525779	1.849292911e-10	0.0001307333572	2.478114453e-10
2985	Tacr3	0.9283831648	1.881313649e-10	0.0001307333572	2.520179034e-10
2986	Erp27	0.928390126	1.888676442e-10	0.0001307333572	2.529195102e-10
2987	Galntl6	0.9285951518	2.11860092e-10	0.0001307333572	2.83614581e-10
2988	Tead1	0.9286027179	2.127588767e-10	0.0001307333572	2.847224847e-10
2989	Mafb	0.9287191643	2.2707037e-10	0.0001307333572	3.037730703e-10
2990	Atp11c	0.9287652888	2.329952902e-10	0.0001307333572	3.115951725e-10
2991	Htr3a	0.9288294429	2.414877515e-10	0.0001307333572	3.228445875e-10
2992	Kif26b	0.9288429502	2.433139058e-10	0.0001307333572	3.251772881e-10
2993	Fgf15	0.9288515286	2.444806846e-10	0.0001307333572	3.266275012e-10
2994	Nppb	0.9289113213	2.527663149e-10	0.0001307333572	3.375843939e-10
2995	Zmynd15	0.9292550373	3.059855651e-10	0.0001307333572	4.08525454e-10
2996	Ak8	0.9293788083	3.277090761e-10	0.0001307333572	4.373828176e-10
2997	Armcx3	0.929433764	3.378302295e-10	0.0001307333572	4.507407999e-10
2998	Imp3	0.9294484679	3.405895576e-10	0.0001307333572	4.542708337e-10
2999	Acot1	0.9294761791	3.458497071e-10	0.0001307333572	4.611329428e-10
3000	Car3	0.9294828836	3.471342033e-10	0.0001307333572	4.626913739e-10
3001	Plet1	0.9295741279	3.650851553e-10	0.0001307333572	4.864559031e-10
3002	6820408C15Rik	0.9296331194	3.77169499e-10	0.0001307333572	5.02390275e-10
3003	Tsnaxip1	0.9296522861	3.811790965e-10	0.0001307333572	5.07562046e-10
3004	Tapbp	0.9296703742	3.850011716e-10	0.0001307333572	5.124807609e-10
3005	Rassf4	0.9297585757	4.041805059e-10	0.0001307333572	5.378316779e-10
3006	Upk3bl	0.9297878404	4.107476257e-10	0.0001307333572	5.463885942e-10
3007	Pip5k1a	0.9299351357	4.454138764e-10	0.0001307333572	5.923056866e-10
3008	Tmem86a	0.9300466591	4.735433216e-10	0.0001307333572	6.295025877e-10
3009	Dnah12	0.9300820371	4.828232813e-10	0.0001307333572	6.41625623e-10
3010	Tnfrsf25	0.9301314026	4.96069196e-10	0.0001307333572	6.590092275e-10
3011	Cfap69	0.9302401996	5.265253226e-10	0.0001307333572	6.992368162e-10
3012	Prokr1	0.9303296326	5.529193791e-10	0.0001307333572	7.340449772e-10
3013	Asic1	0.9304174398	5.800867662e-10	0.0001307333572	7.698563586e-10
3014	Hmgn3	0.9304354895	5.858304349e-10	0.0001307333572	7.772211408e-10
3015	Mirt1	0.930487758	6.027775084e-10	0.0001307333572	7.994396664e-10
3016	Calcrl	0.9305482645	6.229928593e-10	0.0001307333572	8.259766116e-10
3017	Nkd2	0.9305681287	6.297725252e-10	0.0001307333572	8.346885688e-10
3018	Greb1	0.9306469547	6.573918883e-10	0.0001307333572	8.710061454e-10
3019	Hist1h3a	0.9306660295	6.642507975e-10	0.0001307333572	8.798023807e-10
3020	Dgkd	0.9306804498	6.69482311e-10	0.0001307333572	8.864380152e-10
3021	Ikzf3	0.9308406189	7.303585318e-10	0.0001307333572	9.667220805e-10
3022	Abhd14b	0.9308718187	7.428293088e-10	0.0001307333572	9.829034851e-10
3023	Ccl7	0.930923762	7.640531747e-10	0.0001307333572	1.010652347e-09
3024	Rab3ip	0.9309529585	7.762410256e-10	0.0001307333572	1.026434414e-09
3025	Ccnl2	0.9311963487	8.854913579e-10	0.0001307333572	1.170124028e-09
3026	Noxred1	0.9312430484	9.081029408e-10	0.0001307333572	1.199607584e-09
3027	Gm43579	0.9313488552	9.614348405e-10	0.0001307333572	1.269639935e-09
3028	C1qtnf12	0.9314377094	1.00856875e-09	0.0001307333572	1.331443894e-09
3029	Paqr5	0.9315220467	1.055384851e-09	0.0001307333572	1.392787662e-09
3030	AI661453	0.9315502825	1.071526647e-09	0.0001307333572	1.413623544e-09
3031	Lats2	0.9318567084	1.262923408e-09	0.0001307333572	1.665576536e-09
3032	Syt15	0.9319160297	1.30364462e-09	0.0001307333572	1.718714067e-09
3033	Ascl1	0.9319240726	1.309263216e-09	0.0001307333572	1.725552839e-09
3034	Fxyd5	0.9320771762	1.420826544e-09	0.0001307333572	1.871971731e-09
3035	Ppfia4	0.9324058887	1.692516742e-09	0.0001307333572	2.229195577e-09
3036	Cenpv	0.9324080591	1.694468728e-09	0.0001307333572	2.2310319e-09
3037	Map3k6	0.9324799208	1.760351626e-09	0.0001307333572	2.317014315e-09
3038	Ccdc187	0.9325333901	1.81098372e-09	0.0001307333572	2.382873316e-09
3039	Fgd5	0.9326158085	1.891817057e-09	0.0001307333572	2.488414413e-09
3040	Slc5a6	0.9326603577	1.936960655e-09	0.0001307333572	2.546956812e-09
3041	Amer3	0.9326724512	1.949395376e-09	0.0001307333572	2.562465167e-09
3042	Frem1	0.9330492636	2.378238913e-09	0.0001307333572	3.125149688e-09
3043	Klf2	0.933136502	2.489904542e-09	0.0001307333572	3.270810565e-09
3044	Cenpa	0.93314861	2.505800422e-09	0.0001307333572	3.29061119e-09
3045	Acacb	0.9331907253	2.561864063e-09	0.0001307333572	3.363129719e-09
3046	Ngp	0.9332535037	2.647706269e-09	0.0001307333572	3.474680143e-09
3047	Banf1	0.9332631583	2.661153727e-09	0.0001307333572	3.491182325e-09
3048	Oasl2	0.9332903601	2.699400032e-09	0.0001307333572	3.540196763e-09
3049	Itm2a	0.933295238	2.706314783e-09	0.0001307333572	3.548101977e-09
3050	Plin5	0.9333945774	2.85094333e-09	0.0001307333572	3.736491913e-09
3051	Ptprb	0.9334277669	2.900918904e-09	0.0001307333572	3.80074537e-09
3052	Gsto1	0.9335039523	3.018881137e-09	0.0001307333572	3.9540028e-09
3053	Slc34a3	0.9335138295	3.034512224e-09	0.0001307333572	3.973174761e-09
3054	Gm12326	0.9335250616	3.052382997e-09	0.0001307333572	3.995265703e-09
3055	A930003A15Rik	0.9336980513	3.340897854e-09	0.0001307333572	4.371472495e-09
3056	Tinagl1	0.9337616867	3.453565417e-09	0.0001307333572	4.517417158e-09
3057	Arl6	0.9337636244	3.457053559e-09	0.0001307333572	4.520501549e-09
3058	Cdh11	0.9338269934	3.573031779e-09	0.0001307333572	4.670629777e-09
3059	Ocrl	0.9338279159	3.574747658e-09	0.0001307333572	4.671346172e-09
3060	Cfap53	0.9338567718	3.62883064e-09	0.0001307333572	4.73931976e-09
3061	Nkx2-9	0.9338569325	3.629134106e-09	0.0001307333572	4.73931976e-09
3062	Pdzk1ip1	0.9338855773	3.683612364e-09	0.0001307333572	4.808893426e-09
3063	D930028M14Rik	0.9338997732	3.710904899e-09	0.0001307333572	4.842942772e-09
3064	Nkx6-1	0.9341958853	4.327159648e-09	0.0001307333572	5.64534853e-09
3065	Pqlc3	0.934221511	4.384941826e-09	0.0001307333572	5.718867722e-09
3066	Pim2	0.9342729573	4.50321881e-09	0.0001307333572	5.871210964e-09
3067	Zfand6	0.9343630893	4.717954172e-09	0.0001307333572	6.149174548e-09
3068	Sh3bgr	0.934371128	4.737582293e-09	0.0001307333572	6.172745659e-09
3069	Lsp1	0.9343806015	4.760815825e-09	0.0001307333572	6.200997493e-09
3070	Mme	0.9344178623	4.853276244e-09	0.0001307333572	6.319370109e-09
3071	Tmem37	0.9344457618	4.923647531e-09	0.0001307333572	6.408913154e-09
3072	Gm45716	0.9344881987	5.032591859e-09	0.0001307333572	6.548590578e-09
3073	Ufd1	0.9345299912	5.142170227e-09	0.0001307333572	6.689001922e-09
3074	Kdm7a	0.9345554363	5.210018329e-09	0.0001307333572	6.775056344e-09
3075	Ggh	0.9345632903	5.231135904e-09	0.0001307333572	6.800306667e-09
3076	Cyba	0.934622636	5.393413501e-09	0.0001307333572	7.008984407e-09
3077	Abhd6	0.9346503098	5.470748482e-09	0.0001307333572	7.107175683e-09
3078	Ip6k2	0.9347255673	5.68654755e-09	0.0001307333572	7.385126688e-09
3079	H2-Q10	0.934748481	5.753878891e-09	0.0001307333572	7.470144617e-09
3080	Copz2	0.9348009379	5.910952608e-09	0.0001307333572	7.671580283e-09
3081	Nek6	0.9349100171	6.251025704e-09	0.0001307333572	8.110315542e-09
3082	Mrln	0.934930299	6.316320763e-09	0.0001307333572	8.192374531e-09
3083	Rbm24	0.9349532621	6.391047458e-09	0.0001307333572	8.286609346e-09
3084	Efna4	0.9349713385	6.45047539e-09	0.0001307333572	8.360953196e-09
3085	Ckap2l	0.9350217169	6.618946371e-09	0.0001307333572	8.576542106e-09
3086	Gm13373	0.9351278048	6.987811763e-09	0.0001307333572	9.051569641e-09
3087	Gm12530	0.9351405109	7.03330761e-09	0.0001307333572	9.107552749e-09
3088	Gypa	0.9352202633	7.325512834e-09	0.0001307333572	9.48286451e-09
3089	Tnfrsf1a	0.9353711687	7.911018113e-09	0.0001307333572	1.023748704e-08
3090	Comtd1	0.9355706728	8.75524418e-09	0.0001307333572	1.132631847e-08
3091	Lman2l	0.9356304303	9.024710724e-09	0.0001307333572	1.167114222e-08
3092	H2-Q7	0.9357134838	9.412639529e-09	0.0001307333572	1.216889403e-08
3093	Fam46b	0.9357755132	9.712882028e-09	0.0001307333572	1.255299777e-08
3094	Ccl22	0.9357940145	9.804220835e-09	0.0001307333572	1.266695198e-08
3095	Neil3	0.9357948095	9.808163937e-09	0.0001307333572	1.266795471e-08
3096	Chia1	0.9358989098	1.033805676e-08	0.0001307333572	1.334803972e-08
3097	St3gal6	0.9361482621	1.172282096e-08	0.0001307333572	1.513110159e-08
3098	Ptprg	0.9362092569	1.208803612e-08	0.0001307333572	1.559746596e-08
3099	Ryr3	0.9362211787	1.216069854e-08	0.0001307333572	1.568616387e-08
3100	Hoga1	0.9363730835	1.312448551e-08	0.0001307333572	1.692390137e-08
3101	Cnst	0.9363816651	1.318108985e-08	0.0001307333572	1.699141457e-08
3102	H2-T23	0.9363898109	1.323503891e-08	0.0001307333572	1.705546251e-08
3103	Dmrt2	0.9364156076	1.340730697e-08	0.0001307333572	1.727189304e-08
3104	Cd164	0.9366161537	1.482279463e-08	0.0001307333572	1.908661972e-08
3105	Ccdc167	0.9366165232	1.482553187e-08	0.0001307333572	1.908661972e-08
3106	Med27	0.9366869199	1.535606892e-08	0.0001307333572	1.976328046e-08
3107	Them6	0.9367801901	1.608743017e-08	0.0001307333572	2.069788379e-08
3108	Bhmt	0.9368368454	1.654806046e-08	0.0001307333572	2.128367905e-08
3109	Gm30648	0.9368376988	1.655509554e-08	0.0001307333572	2.128588305e-08
3110	Ghr	0.936900598	1.708169659e-08	0.0001307333572	2.195590822e-08
3111	Igfbp7	0.9369173166	1.722437821e-08	0.0001307333572	2.213219173e-08
3112	Tnni3	0.9369320549	1.735111755e-08	0.0001307333572	2.228788381e-08
3113	Sox11	0.9369383542	1.740556262e-08	0.0001307333572	2.235064221e-08
3114	Lmod1	0.9370074505	1.801374818e-08	0.0001307333572	2.312419535e-08
3115	Dsg2	0.937044402	1.834740248e-08	0.0001307333572	2.354495025e-08
3116	Rnaset2b	0.937077705	1.86532419e-08	0.0001307333572	2.392975228e-08
3117	Styxl1	0.9371118546	1.897198769e-08	0.0001307333572	2.43308595e-08
3118	Gpr6	0.9372380311	2.019615088e-08	0.0001307333572	2.589250112e-08
3119	Spns2	0.9372860082	2.068143977e-08	0.0001307333572	2.65061708e-08
3120	Pbk	0.937289119	2.071329205e-08	0.0001307333572	2.653849078e-08
3121	Sim1	0.9373017279	2.0842889e-08	0.0001307333572	2.669598335e-08
3122	Arl16	0.9374249727	2.215173495e-08	0.0001307333572	2.836329699e-08
3123	1700063D05Rik	0.9375301096	2.333096022e-08	0.0001307333572	2.986362909e-08
3124	Otx2os1	0.9375358277	2.339681014e-08	0.0001307333572	2.993833671e-08
3125	Commd3	0.9376356109	2.457534845e-08	0.0001307333572	3.143632676e-08
3126	Csf1r	0.937657243	2.483833246e-08	0.0001307333572	3.176257347e-08
3127	Igtp	0.9376584239	2.485276678e-08	0.0001307333572	3.177087476e-08
3128	Hikeshi	0.9377626913	2.615982965e-08	0.0001307333572	3.34310922e-08
3129	Tsen15	0.9377792697	2.637369666e-08	0.0001307333572	3.369363993e-08
3130	Agfg2	0.9378693471	2.756567653e-08	0.0001307333572	3.52052063e-08
3131	Ssfa2	0.9379583037	2.87939829e-08	0.0001307333572	3.676218691e-08
3132	Dap	0.9379718938	2.898624459e-08	0.0001307333572	3.699584504e-08
3133	Klhl7	0.9381340269	3.137810726e-08	0.0001307333572	4.003586253e-08
3134	Fkbp11	0.93842444	3.614884136e-08	0.0001307333572	4.610821602e-08
3135	Nid2	0.9385014172	3.752679213e-08	0.0001307333572	4.785054782e-08
3136	Pxylp1	0.9385425256	3.828336274e-08	0.0001307333572	4.879969757e-08
3137	Prelid3a	0.9387517267	4.236824312e-08	0.0001307333572	5.397228423e-08
3138	Lmo2	0.9393392859	5.622748435e-08	0.0001307333572	7.16045646e-08
3139	Mcm6	0.9394863897	6.033179572e-08	0.0001307333572	7.680686915e-08
3140	Fat3	0.9395965151	6.359261631e-08	0.0001307333572	8.093237838e-08
3141	Gm45623	0.9396032821	6.379845303e-08	0.0001307333572	8.11685153e-08
3142	Fmo2	0.9396391919	6.490157871e-08	0.0001307333572	8.254572809e-08
3143	Il1r1	0.9397284049	6.772260665e-08	0.0001307333572	8.610630216e-08
3144	Gm11513	0.9397454043	6.827344086e-08	0.0001307333572	8.677907958e-08
3145	H2-Q6	0.9397932682	6.984775891e-08	0.0001307333572	8.87519173e-08
3146	Gm9885	0.9399882645	7.663221494e-08	0.0001307333572	9.734165125e-08
3147	Itga7	0.9400021203	7.713782384e-08	0.0001307333572	9.795279218e-08
3148	Sox4	0.9400816713	8.010373e-08	0.0001307333572	1.016867407e-07
3149	Capn6	0.9401472498	8.263134238e-08	0.0001307333572	1.048621096e-07
3150	Ckm	0.9402363069	8.61876752e-08	0.0001307333572	1.093405331e-07
3151	Tor1a	0.9402492516	8.671676052e-08	0.0001307333572	1.099768681e-07
3152	Avpr1a	0.940253126	8.68757247e-08	0.0001307333572	1.101435495e-07
3153	Ddias	0.9402909394	8.844208111e-08	0.0001307333572	1.120938924e-07
3154	Krt73	0.9403845064	9.243619386e-08	0.0001307333572	1.171190293e-07
3155	Otx1	0.9403885876	9.261432125e-08	0.0001307333572	1.173075633e-07
3156	Ryr1	0.9405552751	1.001798467e-07	0.0001307333572	1.268500749e-07
3157	Glb1l	0.9405736024	1.010472345e-07	0.0001307333572	1.279078918e-07
3158	Akain1	0.9406011482	1.023645845e-07	0.0001307333572	1.295344315e-07
3159	Ptgdr	0.9407402339	1.092737741e-07	0.0001307333572	1.382337433e-07
3160	Mamdc2	0.9407715745	1.1089174e-07	0.0001307333572	1.402361555e-07
3161	Dhx33	0.9408061004	1.127009408e-07	0.0001307333572	1.424790655e-07
3162	Clic3	0.9409779011	1.221359426e-07	0.0001307333572	1.543582213e-07
3163	Thbs1	0.9410856359	1.284371046e-07	0.0001307333572	1.622534775e-07
3164	Plek2	0.9410860879	1.284641908e-07	0.0001307333572	1.622534775e-07
3165	Fam174b	0.9411045069	1.295726764e-07	0.0001307333572	1.63590005e-07
3166	Agmat	0.9411050282	1.296041814e-07	0.0001307333572	1.63590005e-07
3167	9530053A07Rik	0.9411613846	1.330542828e-07	0.0001307333572	1.678918395e-07
3168	St6galnac4	0.9411970058	1.352805657e-07	0.0001307333572	1.706471974e-07
3169	Sema3c	0.9412116837	1.362083512e-07	0.0001307333572	1.717633685e-07
3170	Tgtp1	0.941338125	1.444592023e-07	0.0001307333572	1.821105608e-07
3171	Kcnn2	0.9413613491	1.460262572e-07	0.0001307333572	1.840280494e-07
3172	Nfam1	0.9414181393	1.499276545e-07	0.0001307333572	1.88885234e-07
3173	Nectin2	0.941438846	1.513750579e-07	0.0001307333572	1.906486875e-07
3174	Mindy3	0.9415021542	1.558844878e-07	0.0001307333572	1.962662736e-07
3175	Scn10a	0.9416478795	1.667627695e-07	0.0001307333572	2.098965003e-07
3176	Capn3	0.9417445822	1.743822225e-07	0.0001307333572	2.194177068e-07
3177	Lrrc34	0.9419772205	1.941141517e-07	0.0001307333572	2.441687443e-07
3178	Klk9	0.942114901	2.067890231e-07	0.0001307333572	2.600302082e-07
3179	4631405J19Rik	0.9421163662	2.069281164e-07	0.0001307333572	2.601233393e-07
3180	P2rx2	0.9421509745	2.10239767e-07	0.0001307333572	2.642032887e-07
3181	Akap14	0.9422070323	2.157126705e-07	0.0001307333572	2.709958172e-07
3182	Col4a1	0.9422655898	2.215763216e-07	0.0001307333572	2.782748152e-07
3183	Btg1	0.942280931	2.231377457e-07	0.0001307333572	2.801478289e-07
3184	Ifit3	0.9422947414	2.245524438e-07	0.0001307333572	2.818355115e-07
3185	Ska1	0.942301533	2.252513281e-07	0.0001307333572	2.826240002e-07
3186	Scara5	0.9423058176	2.256933097e-07	0.0001307333572	2.830897581e-07
3187	2600014E21Rik	0.9424879159	2.452708241e-07	0.0001307333572	3.075496227e-07
3188	Epha3	0.9425903442	2.569923593e-07	0.0001307333572	3.221464861e-07
3189	Etfb	0.9427032013	2.705326875e-07	0.0001307333572	3.390133929e-07
3190	Acvrl1	0.9428742446	2.923736901e-07	0.0001307333572	3.662683246e-07
3191	Cnnm2	0.9429134072	2.976085172e-07	0.0001307333572	3.727094768e-07
3192	Cngb1	0.9429154053	2.978780193e-07	0.0001307333572	3.729302276e-07
3193	Rras2	0.9429180611	2.982365812e-07	0.0001307333572	3.732623044e-07
3194	Prss23	0.9429702945	3.053738339e-07	0.0001307333572	3.820754881e-07
3195	Bdkrb2	0.9430918271	3.226230998e-07	0.0001307333572	4.035310817e-07
3196	Camp	0.9432263803	3.428154872e-07	0.0001307333572	4.286533131e-07
3197	Bzw2	0.9433065189	3.554148186e-07	0.0001307333572	4.442685233e-07
3198	Spag17	0.9433932228	3.695485918e-07	0.0001307333572	4.617914299e-07
3199	Wdpcp	0.9434373968	3.769561657e-07	0.0001307333572	4.70900894e-07
3200	Pole4	0.9435674525	3.996052213e-07	0.0001307333572	4.990386779e-07
3201	Nab2	0.9436219538	4.094813628e-07	0.0001307333572	5.112126876e-07
3202	Myadm	0.9436646754	4.173868694e-07	0.0001307333572	5.209196498e-07
3203	Nlrp4f	0.943719631	4.277725912e-07	0.0001307333572	5.337150233e-07
3204	Hpdl	0.9437783184	4.391382296e-07	0.0001307333572	5.477246394e-07
3205	Ly6a	0.9438046525	4.4433222e-07	0.0001307333572	5.540301995e-07
3206	Clec1b	0.943821678	4.477216441e-07	0.0001307333572	5.580824482e-07
3207	Ager	0.9438405648	4.515107574e-07	0.0001307333572	5.626302273e-07
3208	Cpxm2	0.9439111023	4.65937003e-07	0.0001307333572	5.804260393e-07
3209	Foxb1	0.9441077116	5.085280502e-07	0.0001307333572	6.33285243e-07
3210	Ostf1	0.944124266	5.122804741e-07	0.0001307333572	6.377596939e-07
3211	Abcg4	0.944313626	5.571440693e-07	0.0001307333572	6.931808016e-07
3212	Tex15	0.944430771	5.867663908e-07	0.0001307333572	7.298089438e-07
3213	A530013C23Rik	0.9444555197	5.93215629e-07	0.0001307333572	7.376010307e-07
3214	Tmem108	0.944462695	5.950981648e-07	0.0001307333572	7.39711827e-07
3215	Aldh1b1	0.9448153846	6.950575583e-07	0.0001307333572	8.636937661e-07
3216	A330048O09Rik	0.9448527475	7.065468598e-07	0.0001307333572	8.776979625e-07
3217	Etfa	0.9448863379	7.170318203e-07	0.0001307333572	8.90446222e-07
3218	Htr4	0.9448920829	7.188399646e-07	0.0001307333572	8.924146053e-07
3219	Pon3	0.9449221431	7.283727959e-07	0.0001307333572	9.039687197e-07
3220	Fkbp5	0.9449818977	7.476846416e-07	0.0001307333572	9.276484387e-07
3221	Eno3	0.9452348684	8.350341611e-07	0.0001307333572	1.035701285e-06
3222	Serpina3g	0.9452558304	8.426966915e-07	0.0001307333572	1.044881205e-06
3223	Eno4	0.9452731501	8.490787881e-07	0.0001307333572	1.052468284e-06
3224	Mctp2	0.9456887147	1.016903701e-06	0.0001307333572	1.260103719e-06
3225	Mospd1	0.9457246057	1.032806951e-06	0.0001307333572	1.279414e-06
3226	Klhl14	0.9460338883	1.180110483e-06	0.0001307333572	1.461437131e-06
3227	Slc24a5	0.9460679145	1.197496634e-06	0.0001307333572	1.482508987e-06
3228	Cpa4	0.946104048	1.216228736e-06	0.0001307333572	1.505233585e-06
3229	Emp2	0.9462574662	1.298942375e-06	0.0001307333572	1.607104701e-06
3230	Mybpc1	0.9464061419	1.384233354e-06	0.0001307333572	1.712100623e-06
3231	Trappc6a	0.946449398	1.410040793e-06	0.0001307333572	1.74348166e-06
3232	Gm31409	0.9464931526	1.436615099e-06	0.0001307333572	1.775791223e-06
3233	Timp1	0.9465414707	1.466519254e-06	0.0001307333572	1.812195556e-06
3234	Frrs1	0.946591366	1.498025905e-06	0.0001307333572	1.850557017e-06
3235	Rgs5	0.9466086356	1.509081347e-06	0.0001307333572	1.863638588e-06
3236	Crh	0.9466319406	1.524124706e-06	0.0001307333572	1.88163544e-06
3237	Fam107b	0.9466832505	1.557753752e-06	0.0001307333572	1.922559398e-06
3238	Rwdd3	0.9467812317	1.623959314e-06	0.0001307333572	2.00365122e-06
3239	2300009A05Rik	0.9469822869	1.768362135e-06	0.0001307333572	2.181143553e-06
3240	Myo7a	0.9470817084	1.844242065e-06	0.0001307333572	2.274034606e-06
3241	Dnajc5b	0.9470941069	1.853920835e-06	0.0001307333572	2.285264512e-06
3242	2200002D01Rik	0.9470990972	1.857830177e-06	0.0001307333572	2.289377914e-06
3243	Arhgef26	0.9471346127	1.885881918e-06	0.0001307333572	2.323229957e-06
3244	Wfdc1	0.9472096091	1.946457295e-06	0.0001307333572	2.397114896e-06
3245	Barhl2	0.9474485596	2.152147996e-06	0.0001307333572	2.649612798e-06
3246	Rrm2	0.9475152938	2.213215734e-06	0.0001307333572	2.723957826e-06
3247	Orai3	0.9475814687	2.275409009e-06	0.0001307333572	2.799641967e-06
3248	Dut	0.9476181335	2.310584971e-06	0.0001307333572	2.842047934e-06
3249	Ust	0.9476785931	2.369729953e-06	0.0001307333572	2.913900957e-06
3250	Il10rb	0.9477848989	2.477257672e-06	0.0001307333572	3.0451846e-06
3251	Alkal2	0.9478094529	2.502749946e-06	0.0001307333572	3.07557597e-06
3252	P3h3	0.9479877974	2.695595079e-06	0.0001307333572	3.311541866e-06
3253	Zcchc14	0.9480310804	2.744498937e-06	0.0001307333572	3.370585124e-06
3254	Htra4	0.9481041919	2.829039974e-06	0.0001307333572	3.473345579e-06
3255	Mageh1	0.9482333052	2.984460926e-06	0.0001307333572	3.663038878e-06
3256	Grik1	0.94823469	2.986171408e-06	0.0001307333572	3.664013998e-06
3257	Sod3	0.9482506729	3.005980802e-06	0.0001307333572	3.687188963e-06
3258	Cd52	0.9482680959	3.027718199e-06	0.0001307333572	3.712713917e-06
3259	Ccl3	0.9483511498	3.133423259e-06	0.0001307333572	3.841156309e-06
3260	Depdc7	0.9484316223	3.239204943e-06	0.0001307333572	3.969613901e-06
3261	Zdhhc18	0.9484524505	3.267135316e-06	0.0001307333572	4.002616008e-06
3262	Rtp4	0.948515173	3.352644236e-06	0.0001307333572	4.106116639e-06
3263	Cyb5r1	0.948549369	3.400160779e-06	0.0001307333572	4.163037379e-06
3264	Spire2	0.9486203637	3.500875698e-06	0.0001307333572	4.285037574e-06
3265	Lhx1	0.9487842	3.744301825e-06	0.0001307333572	4.581586816e-06
3266	Dpm1	0.9488510871	3.848264303e-06	0.0001307333572	4.707356945e-06
3267	Ptpre	0.9489524139	4.01103005e-06	0.0001307333572	4.90495879e-06
3268	Ctla2a	0.9490727006	4.212799637e-06	0.0001307333572	5.150121805e-06
3269	Ifit1	0.9491423895	4.334096719e-06	0.0001307333572	5.296787924e-06
3270	Itgbl1	0.9491789106	4.398989289e-06	0.0001307333572	5.374452399e-06
3271	Ror2	0.9491895343	4.418039764e-06	0.0001307333572	5.396079101e-06
3272	Tex2	0.9492609804	4.548219635e-06	0.0001307333572	5.551687074e-06
3273	Plcb3	0.9494221496	4.855472988e-06	0.0001307333572	5.924921279e-06
3274	Trdn	0.949464434	4.939309828e-06	0.0001307333572	6.025385578e-06
3275	Gm20234	0.9496744739	5.376657315e-06	0.0001307333572	6.556899164e-06
3276	Igf2os	0.9498070719	5.671537567e-06	0.0001307333572	6.914401179e-06
3277	Flt1	0.9498263575	5.715691489e-06	0.0001307333572	6.966107847e-06
3278	Selplg	0.9498782816	5.836207114e-06	0.0001307333572	7.110821948e-06
3279	Ptprr	0.949910729	5.91274457e-06	0.0001307333572	7.201881327e-06
3280	Zfp260	0.9499298544	5.9583058e-06	0.0001307333572	7.255166879e-06
3281	Atf3	0.9502301073	6.719017683e-06	0.0001307333572	8.178962487e-06
3282	Samd3	0.950458387	7.35847533e-06	0.0001307333572	8.954639891e-06
3283	A330070K13Rik	0.9504632463	7.372698629e-06	0.0001307333572	8.969219744e-06
3284	Cd200r1	0.9506883118	8.060957842e-06	0.0001307333572	9.803536445e-06
3285	Mycl	0.95083247	8.53352492e-06	0.0001307333572	1.037510629e-05
3286	Cnr2	0.9508366457	8.547599065e-06	0.0001307333572	1.038905994e-05
3287	Wdr93	0.9508404462	8.56042791e-06	0.0001307333572	1.040149199e-05
3288	Cfap44	0.9508488972	8.589020585e-06	0.0001307333572	1.043306479e-05
3289	Gm47193	0.9508622458	8.634369271e-06	0.0001307333572	1.048496572e-05
3290	Syt12	0.9509139513	8.812188638e-06	0.0001307333572	1.069764933e-05
3291	Cd163	0.9509536348	8.951024501e-06	0.0001307333572	1.086289381e-05
3292	Spx	0.9510809972	9.410825741e-06	0.0001307333572	1.1417441e-05
3293	Nup62cl	0.9512414323	1.002209341e-05	0.0001307333572	1.21553589e-05
3294	Aqp6	0.9512657583	1.011801494e-05	0.0001307333572	1.226797811e-05
3295	Tmem252	0.95133667	1.040264596e-05	0.0001307333572	1.260926783e-05
3296	Kif6	0.9514245454	1.076595056e-05	0.0001307333572	1.30456838e-05
3297	1700016G14Rik	0.9514595705	1.091409512e-05	0.0001307333572	1.322119336e-05
3298	Fzd4	0.9515175132	1.116344318e-05	0.0001307333572	1.351915613e-05
3299	Clip4	0.9515767063	1.142376524e-05	0.0001307333572	1.383022426e-05
3300	Cpt1a	0.9518253036	1.258148559e-05	0.0001307333572	1.522721403e-05
3301	D630039A03Rik	0.9518724166	1.281311605e-05	0.0001307333572	1.550286274e-05
3302	Sipa1l2	0.9519666407	1.328859206e-05	0.0001307333572	1.607328946e-05
3303	Col22a1	0.9520245745	1.358921854e-05	0.0001307333572	1.643194503e-05
3304	Gm4208	0.9521251331	1.412644447e-05	0.0001307333572	1.707639102e-05
3305	Spp2	0.9521380967	1.419715336e-05	0.0001307333572	1.71566808e-05
3306	Gm5483	0.9522410183	1.477058948e-05	0.0001307333572	1.784426394e-05
3307	Xirp1	0.9524635364	1.608651711e-05	0.0001307333572	1.942816076e-05
3308	2310026L22Rik	0.95253359	1.652334969e-05	0.0001307333572	1.994971287e-05
3309	Mki67	0.9525572997	1.667373194e-05	0.0001307333572	2.012520451e-05
3310	Wnt11	0.9526541129	1.730138117e-05	0.0001307333572	2.087647804e-05
3311	Retnlg	0.9527710326	1.80893091e-05	0.0001307333572	2.182063824e-05
3312	Nfatc4	0.9528107155	1.836439337e-05	0.0001307333572	2.21457864e-05
3313	Pxdc1	0.9530242665	1.991424851e-05	0.0001307333572	2.400753286e-05
3314	Tas1r3	0.9532627792	2.179180441e-05	0.0001307333572	2.62630966e-05
3315	Msi2	0.9533350492	2.239307973e-05	0.0001307333572	2.697961413e-05
3316	Zmynd12	0.9534238651	2.31535765e-05	0.0001307333572	2.788747546e-05
3317	Cdc14a	0.9534632382	2.349849122e-05	0.0001307333572	2.829439039e-05
3318	Sertad4	0.9534920567	2.375402776e-05	0.0001307333572	2.859347308e-05
3319	Qrfp	0.9537559013	2.621925383e-05	0.0001307333572	3.155144865e-05
3320	Gsdme	0.9538363081	2.701749645e-05	0.0001307333572	3.250225137e-05
3321	Gast	0.9540087179	2.88073957e-05	0.0001307333572	3.464509404e-05
3322	Rorc	0.954117667	2.999577005e-05	0.0001307333572	3.606344461e-05
3323	Irgm1	0.9542224827	3.118275645e-05	0.0001307333572	3.747927458e-05
3324	Vsx1	0.9543104934	3.221364223e-05	0.0001307333572	3.870668937e-05
3325	Gm14033	0.9543354126	3.251133469e-05	0.0001307333572	3.905265429e-05
3326	Gm15420	0.954370848	3.293914428e-05	0.0001307333572	3.955466139e-05
3327	Il2rg	0.954442734	3.382343899e-05	0.0001307333572	4.060436853e-05
3328	Syce2	0.9545380658	3.503083802e-05	0.0001307333572	4.204120974e-05
3329	Myl1	0.9545963156	3.578853407e-05	0.0001307333572	4.293765335e-05
3330	Cblb	0.9546338101	3.628442427e-05	0.0001307333572	4.351954935e-05
3331	Slc35c2	0.9548309282	3.900013683e-05	0.0001307333572	4.676275399e-05
3332	Onecut2	0.9548812158	3.972310799e-05	0.0001307333572	4.76153527e-05
3333	Crtap	0.954940602	4.059320327e-05	0.0001307333572	4.864374268e-05
3334	Coq8a	0.9549896912	4.132600039e-05	0.0001307333572	4.95070385e-05
3335	Cd3g	0.9550061647	4.157470321e-05	0.0001307333572	4.979006372e-05
3336	Vpreb3	0.9550381147	4.206109527e-05	0.0001307333572	5.035749209e-05
3337	Atf6b	0.9550826593	4.274820409e-05	0.0001307333572	5.116481638e-05
3338	Palmd	0.9553938751	4.785305586e-05	0.0001307333572	5.725761993e-05
3339	Psmb9	0.9554926653	4.959036019e-05	0.0001307333572	5.931861267e-05
3340	Hbq1b	0.9554985105	4.969499636e-05	0.0001307333572	5.942600461e-05
3341	Epb42	0.955510889	4.991727588e-05	0.0001307333572	5.967396996e-05
3342	4930562F07Rik	0.9555771009	5.112225479e-05	0.0001307333572	6.109621128e-05
3343	Ltbp4	0.9556463255	5.241139012e-05	0.0001307333572	6.259945073e-05
3344	Bbc3	0.9556999407	5.34308546e-05	0.0001307333572	6.379803534e-05
3345	Wnt8b	0.9557792916	5.497406693e-05	0.0001307333572	6.562108855e-05
3346	Mgat4c	0.9558635285	5.665826371e-05	0.0001307333572	6.761129321e-05
3347	Hoxd1	0.9559718564	5.88957195e-05	0.0001307333572	7.023937925e-05
3348	Mc4r	0.9560247145	6.001747983e-05	0.0001307333572	7.155586269e-05
3349	Stard5	0.9561035867	6.172883146e-05	0.0001307333572	7.357429256e-05
3350	Maml2	0.9561415264	6.256832872e-05	0.0001307333572	7.45526705e-05
3351	Mfap4	0.9563451141	6.726003398e-05	0.0001307333572	8.011915899e-05
3352	Gm11730	0.9565013866	7.108413831e-05	0.0001307333572	8.462397418e-05
3353	Gpr39	0.9565511471	7.234418282e-05	0.0001307333572	8.609840264e-05
3354	B930025P03Rik	0.9565577897	7.251397187e-05	0.0001307333572	8.627480294e-05
3355	1700017N19Rik	0.956756119	7.775965006e-05	0.0001307333572	9.248843302e-05
3356	Padi6	0.9567991675	7.894448168e-05	0.0001307333572	9.386977607e-05
3357	Ulk4	0.9568336194	7.990492641e-05	0.0001307333572	9.49835678e-05
3358	Adgra3	0.9568428422	8.016389761e-05	0.0001307333572	9.526309876e-05
3359	Tmem131l	0.956872506	8.100220683e-05	0.0001307333572	9.623071795e-05
3360	E130218I03Rik	0.9570427511	8.597513364e-05	0.0001307333572	0.0001021082347
3361	Ccdc189	0.957047042	8.610410658e-05	0.0001307333572	0.0001022310556
3362	Susd6	0.9571452648	8.910665059e-05	0.0001307333572	0.0001057645704
3363	Gm11728	0.9571683794	8.982740783e-05	0.0001307333572	0.00010658844
3364	Slc35g1	0.9572668339	9.295924046e-05	0.0001307333572	0.0001102719341
3365	Rbp7	0.9575194044	0.0001014693479	0.0001307333572	0.0001203312753
3366	Ccl5	0.9575210807	0.0001015282003	0.0001307333572	0.0001203653827
3367	Icam1	0.9576180971	0.0001049893944	0.0001307333572	0.0001244318748
3368	Rdh14	0.9579357646	0.0001171140043	0.0001307333572	0.0001387606686
3369	Insm1	0.9579833774	0.0001190406801	0.0001307333572	0.000141001694
3370	Dnah3	0.9580041785	0.0001198917077	0.0001307333572	0.0001419676823
3371	Gm48570	0.9580655113	0.0001224343421	0.0001307333572	0.0001449355929
3372	Ndufa4l2	0.9583675178	0.0001357091335	0.0001307333572	0.0001606025248
3373	Mpl	0.9583882794	0.0001366695854	0.0001307333572	0.0001616913166
3374	Gm16933	0.9585653021	0.0001451214414	0.0001307333572	0.0001716397888
3375	Hsd17b14	0.9585852162	0.0001461022831	0.0001307333572	0.0001727487829
3376	Tnxb	0.9587481354	0.0001543630413	0.0001307333572	0.0001824622238
3377	Cdx1	0.9587897487	0.0001565420657	0.0001307333572	0.0001849832387
3378	Wdr27	0.9588945618	0.000162158762	0.0001307333572	0.0001915638062
3379	Col6a4	0.9589286563	0.000164026091	0.0001307333572	0.0001937125373
3380	Des	0.9590198018	0.0001691173449	0.0001307333572	0.0001996662868
3381	Igsf3	0.9591008866	0.0001737705256	0.0001307333572	0.0002050994696
3382	Scnn1a	0.9591037047	0.0001739343802	0.0001307333572	0.000205232307
3383	Rtp1	0.9591600093	0.0001772385814	0.0001307333572	0.0002090693971
3384	Dusp13	0.9591924144	0.0001791667782	0.0001307333572	0.000211281578
3385	Ceacam9	0.9592232134	0.00018101757	0.0001307333572	0.0002134012025
3386	Clec12a	0.9593484142	0.0001887268197	0.0001307333572	0.0002224240656
3387	Ifi47	0.9593522724	0.0001889691924	0.0001307333572	0.0002226441147
3388	Dnaaf1	0.9594467023	0.0001949927948	0.0001307333572	0.0002296734921
3389	Omp	0.9595191138	0.0001997329053	0.0001307333572	0.0002351874069
3390	Timm29	0.9595564341	0.0002022177502	0.0001307333572	0.0002380432609
3391	Parp8	0.9595692205	0.0002030757119	0.0001307333572	0.0002389828913
3392	Cacng6	0.959984749	0.0002328803155	0.0001307333572	0.000273896284
3393	Arhgap8	0.9600062373	0.0002345274553	0.0001307333572	0.0002757524459
3394	Anks3	0.9601374887	0.0002448265419	0.0001307333572	0.0002877773046
3395	Pdgfra	0.9602447436	0.0002535541863	0.0001307333572	0.0002979485151
3396	Calr3	0.9603338593	0.0002610254993	0.0001307333572	0.0003066378846
3397	Mmrn1	0.9603464368	0.0002620963528	0.0001307333572	0.0003078054642
3398	Fbln2	0.9604926209	0.0002748464795	0.0001307333572	0.000322684449
3399	C430042M11Rik	0.9605779234	0.0002825510935	0.0001307333572	0.0003316327389
3400	Bpifb1	0.9605859094	0.0002832826002	0.0001307333572	0.0003323937814
3401	Serpinf2	0.9606788006	0.000291921883	0.0001307333572	0.0003424303613
3402	Prdm16	0.9607000965	0.0002939367667	0.0001307333572	0.0003446927783
3403	Trpm4	0.9607818262	0.0003017902767	0.0001307333572	0.0003537986831
3404	Tnmd	0.9609000281	0.0003134944296	0.0001307333572	0.0003674121648
3405	Cavin4	0.9610689126	0.0003309512554	0.0001307333572	0.0003877577685
3406	Ccdc88c	0.9612802965	0.0003540747655	0.0001307333572	0.0004147288615
3407	Col10a1	0.9616028579	0.0003922686085	0.0001307333572	0.0004593309233
3408	Tpst2	0.9616575754	0.0003991150679	0.0001307333572	0.0004672110833
3409	Krtap17-1	0.961680047	0.0004019587917	0.0001307333572	0.0004704023308
3410	Gchfr	0.9616881159	0.0004029844704	0.0001307333572	0.0004714647211
3411	Ifi207	0.9616979041	0.0004042319514	0.0001307333572	0.0004727859081
3412	Gm26723	0.9617067414	0.0004053613267	0.0001307333572	0.0004739682277
3413	Cnn2	0.9617906087	0.0004162259339	0.0001307333572	0.0004865294377
3414	Fut4	0.9619131719	0.0004325899701	0.0001307333572	0.0005055097518
3415	Tekt2	0.9619154195	0.000432895554	0.0001307333572	0.0005057191051
3416	Rxfp2	0.9619215472	0.0004337297008	0.0001307333572	0.000506545636
3417	Emx2os	0.9619536406	0.0004381228393	0.0001307333572	0.0005115269577
3418	Slc38a11	0.9619626883	0.0004393687762	0.0001307333572	0.0005128319535
3419	Cntnap3	0.961994713	0.0004438052592	0.0001307333572	0.0005178591122
3420	Sult1a1	0.9620820458	0.00045611568	0.0001307333572	0.0005320684515
3421	Gm26710	0.9623144598	0.0004904351261	0.0001307333572	0.0005719360071
3422	9930111J21Rik2	0.9623358532	0.0004937115017	0.0001307333572	0.000575589043
3423	Fam90a1b	0.9624413407	0.0005101651581	0.0001307333572	0.0005945980864
3424	Cflar	0.9627244508	0.000556865839	0.0001307333572	0.0006488387288
3425	Gm48898	0.9627277896	0.0005574394618	0.0001307333572	0.000649317952
3426	Ly6c1	0.962868181	0.0005820593043	0.0001307333572	0.0006777983165
3427	Insig2	0.962951006	0.0005970513852	0.0001307333572	0.000695053999
3428	Ap1m2	0.9629644731	0.0005995224971	0.0001307333572	0.0006977276661
3429	Krt25	0.963016539	0.0006091653892	0.0001307333572	0.0007087439083
3430	Smim3	0.9631158502	0.0006279566798	0.0001307333572	0.0007303945098
3431	Uba1y	0.9632615288	0.0006564914119	0.0001307333572	0.0007633621069
3432	Rd3l	0.9634982536	0.0007054226871	0.0001307333572	0.0008200205604
3433	Gm33543	0.9637468766	0.0007604165204	0.0001307333572	0.0008834348189
3434	Tmem182	0.9637844302	0.0007690583502	0.0001307333572	0.0008932152732
3435	Tex11	0.9638378769	0.0007815135495	0.0001307333572	0.0009074177643
3436	Gm3693	0.9639120445	0.0007991053744	0.0001307333572	0.0009275744335
3437	Esrp1	0.9639243719	0.0008020643961	0.0001307333572	0.0009307390729
3438	Clec14a	0.9640064325	0.0008220203559	0.0001307333572	0.0009534407856
3439	Fam117a	0.9642399796	0.0008813429291	0.0001307333572	0.001021846874
3440	Gm47328	0.9646128161	0.0009842502691	0.0001307333572	0.001140498574
3441	Olfr464	0.9646441098	0.000993371023	0.0001307333572	0.001150733881
3442	Tbc1d1	0.9646772013	0.001003100077	0.0001307333572	0.001161667721
3443	Jchain	0.9647005399	0.001010014264	0.0001307333572	0.001169336341
3444	Serpina12	0.9647240643	0.001017027692	0.0001307333572	0.001177115384
3445	Cybb	0.9649408872	0.001083806044	0.0001307333572	0.001253679634
3446	Fam114a2	0.9649528739	0.001087612485	0.0001307333572	0.001257718977
3447	Cd300lg	0.9650119139	0.0011065404	0.0001307333572	0.001279237456
3448	Galr1	0.965065046	0.001123831848	0.0001307333572	0.001298477005
3449	Slc2a4	0.9651260024	0.001143974429	0.0001307333572	0.001321368096
3450	Pigx	0.9652033914	0.001170023363	0.0001307333572	0.001351066239
3451	Gzma	0.9654586184	0.001259829166	0.0001307333572	0.001454348243
3452	2610318N02Rik	0.9656082188	0.001315356322	0.0001307333572	0.001518010758
3453	Spn	0.9656598327	0.00133502703	0.0001307333572	0.001540267701
3454	C1ql1	0.9656855652	0.001344934092	0.0001307333572	0.001551250395
3455	Ndc80	0.9657592931	0.001373692684	0.0001307333572	0.00158396389
3456	Gm13848	0.9657843522	0.001383594535	0.0001307333572	0.001594921654
3457	Il25	0.9658616087	0.001414533363	0.0001307333572	0.001629646731
3458	Tat	0.9658733993	0.001419310318	0.0001307333572	0.001634679318
3459	Gm30551	0.9660086653	0.001475176756	0.0001307333572	0.001698533973
3460	Agbl2	0.9661244119	0.001524566787	0.0001307333572	0.00175489702
3461	Slc52a3	0.9661816335	0.00154953667	0.0001307333572	0.001783126202
3462	Gja4	0.9663317742	0.001616836761	0.0001307333572	0.001860036538
3463	Mettl27	0.9664023349	0.001649376235	0.0001307333572	0.001896924939
3464	Ntrk1	0.9664983112	0.001694593935	0.0001307333572	0.001948368996
3465	Cyp4f18	0.9665569317	0.001722764329	0.0001307333572	0.001980188884
3466	Tmem2	0.9666439649	0.001765375297	0.0001307333572	0.002028584081
3467	Iigp1	0.9666519497	0.001769332263	0.0001307333572	0.002032547114
3468	Ephx3	0.9666614887	0.001774070007	0.0001307333572	0.002037404545
3469	Nusap1	0.9667558939	0.001821584286	0.0001307333572	0.002091371166
3470	Laptm5	0.9668127502	0.00185075558	0.0001307333572	0.002124253176
3471	Rpl3l	0.9669464361	0.00192102647	0.0001307333572	0.002204275927
3472	Il12rb2	0.9669606602	0.001928644132	0.0001307333572	0.002212382142
3473	Sec14l2	0.9670145076	0.001957731317	0.0001307333572	0.002245104722
3474	Cfc1	0.9670245201	0.001963183574	0.0001307333572	0.002250523168
3475	Gypc	0.9670252498	0.001963581464	0.0001307333572	0.002250523168
3476	Tpbgl	0.9670900942	0.001999233868	0.0001307333572	0.002290729153
3477	Abcc4	0.9671195735	0.002015635518	0.0001307333572	0.002308860845
3478	Trrap	0.967269646	0.002101041842	0.0001307333572	0.002406002682
3479	Klhl31	0.9674299123	0.002195862764	0.0001307333572	0.002513866931
3480	Mpzl1	0.9676351971	0.002322979752	0.0001307333572	0.002658632048
3481	Rbpms	0.9677248765	0.002380573672	0.0001307333572	0.002723768504
3482	Plekhg4	0.9677809964	0.002417269344	0.0001307333572	0.002764963505
3483	Nlrp6	0.9678244952	0.002446063542	0.0001307333572	0.002797099533
3484	Ch25h	0.9679015541	0.002497835672	0.0001307333572	0.002855485193
3485	Btg2	0.968110411	0.002643175788	0.0001307333572	0.003020772329
3486	Mapk13	0.9681134661	0.002645357342	0.0001307333572	0.003022401991
3487	Zfp979	0.9681201292	0.00265012093	0.0001307333572	0.003026979931
3488	Myh8	0.9681733055	0.002688415846	0.0001307333572	0.003069843958
3489	Bmp15	0.9683438853	0.002814654602	0.0001307333572	0.003212159318
3490	Sp8	0.9683624224	0.002828690342	0.0001307333572	0.003227256522
3491	5430427N15Rik	0.9684944354	0.002930486429	0.0001307333572	0.003342442463
3492	Alx4	0.9686391042	0.003045823678	0.0001307333572	0.003473003053
3493	Ly6k	0.9687890174	0.003169640569	0.0001307333572	0.003613155393
3494	Gm45083	0.9690578206	0.003403042445	0.0001307333572	0.003878111049
3495	Cdca3	0.9690605676	0.003405505403	0.0001307333572	0.003879812479
3496	Reg3b	0.9696901091	0.004014038396	0.0001307333572	0.004571797718
3497	Nmur2	0.9698214858	0.004152688148	0.0001307333572	0.004728366807
3498	Cdc42bpg	0.969841084	0.004173734578	0.0001307333572	0.004750978461
3499	Tspan32	0.970034364	0.004386463917	0.0001307333572	0.004991708582
3500	Slc27a3	0.9700540708	0.004408689052	0.0001307333572	0.005015573438
3501	Rfx8	0.970109419	0.004471648957	0.0001307333572	0.005085753719
3502	Gm30655	0.9703120524	0.004709056635	0.0001307333572	0.005354242905
3503	Gm16253	0.9703517419	0.00475685283	0.0001307333572	0.00540551458
3504	Upk1a	0.9703909593	0.004804505042	0.0001307333572	0.005458114219
3505	Gm48107	0.9704721054	0.004904457234	0.0001307333572	0.00556692081
3506	Dmgdh	0.9704911074	0.004928129188	0.0001307333572	0.005592203334
3507	1700041G16Rik	0.9704926291	0.004930029286	0.0001307333572	0.005592772871
3508	Gm20186	0.9705041601	0.004944448666	0.0001307333572	0.005607540307
3509	Spata13	0.9705170062	0.004960556892	0.0001307333572	0.005624214164
3510	Ikbke	0.970790217	0.005314397341	0.0001307333572	0.006023686417
3511	Ackr3	0.971082748	0.005717979674	0.0001307333572	0.006477462106
3512	Filip1l	0.9711531151	0.005819028933	0.0001307333572	0.006586872674
3513	AB124611	0.971153442	0.005819502007	0.0001307333572	0.006586872674
3514	Gm5914	0.9711559261	0.005823098268	0.0001307333572	0.006589078663
3515	A630019I02Rik	0.971348664	0.006108210336	0.0001307333572	0.006909740199
3516	Grap2	0.9713555515	0.006118623857	0.0001307333572	0.00691956331
3517	Thumpd3	0.9713729686	0.006145027953	0.0001307333572	0.006947459529
3518	Kntc1	0.9714345424	0.006239183479	0.0001307333572	0.007051916902
3519	Pglyrp1	0.9715902141	0.006482949923	0.0001307333572	0.007325367145
3520	Mkrn2os	0.9716008413	0.006499894178	0.0001307333572	0.00734243906
3521	Sult1c2	0.9716246178	0.006537946016	0.0001307333572	0.007383338245
3522	Ttll13	0.9716845159	0.00663468114	0.0001307333572	0.007490466994
3523	Cpeb1	0.9717198066	0.006692266051	0.0001307333572	0.007553347687
3524	Gm128	0.9717777255	0.006787731697	0.0001307333572	0.007658935624
3525	Slc26a3	0.9718488372	0.00690658654	0.0001307333572	0.007790847761
3526	Shroom3	0.9718609214	0.006926965623	0.0001307333572	0.007811633068
3527	Evi2	0.9720951913	0.007332670802	0.0001307333572	0.008266821649
3528	Gm20721	0.9722047883	0.007529558772	0.0001307333572	0.008486400419
3529	Gm20063	0.9723756561	0.007845810654	0.0001307333572	0.008840350032
3530	Clec4a2	0.9724576367	0.00800165097	0.0001307333572	0.009013405768
3531	Ippk	0.9727450525	0.008569714227	0.0001307333572	0.009650579084
3532	Plcd1	0.972811262	0.008705481981	0.0001307333572	0.009800711491
3533	Pcgf1	0.9729541831	0.009004998155	0.0001307333572	0.01013505701
3534	Ms4a1	0.9732428349	0.009637553826	0.0001307333572	0.01084394242
3535	Gm14412	0.9732765056	0.009713811595	0.0001307333572	0.01092667221
3536	Slc39a11	0.9732925331	0.009750295618	0.0001307333572	0.01096462819
3537	1700016C15Rik	0.9736923649	0.01070001133	0.0001307333572	0.0120258627
3538	Mmgt2	0.9738756417	0.0111616254	0.0001307333572	0.01254115214
3539	Gpx6	0.9739127923	0.01125727801	0.0001307333572	0.012645075
3540	AC123870.1	0.9739256009	0.01129042137	0.0001307333572	0.01267874381
3541	Tie1	0.9739330926	0.01130984608	0.0001307333572	0.01269699251
3542	Bloc1s4	0.9740484519	0.01161264095	0.0001307333572	0.01303326706
3543	Rtp2	0.9741915281	0.01199794561	0.0001307333572	0.01345815548
3544	Tpst1	0.9742353817	0.01211824188	0.0001307333572	0.01358928161
3545	Hmcn2	0.974243268	0.01213998569	0.0001307333572	0.01360984943
3546	Htr3b	0.9743423112	0.01241595577	0.0001307333572	0.01391533289
3547	Tbx2	0.9743603752	0.01246686995	0.0001307333572	0.01396848174
3548	Ppif	0.9744654209	0.01276654419	0.0001307333572	0.01430024552
3549	Ckap2	0.9745254752	0.01294065116	0.0001307333572	0.01449121071
3550	Emcn	0.9746076424	0.01318219134	0.0001307333572	0.01475756097
3551	C130080G10Rik	0.9746961156	0.0134466143	0.0001307333572	0.01504937247
3552	Hist2h3b	0.9747394963	0.01357793266	0.0001307333572	0.01519209249
3553	Clybl	0.9748367159	0.01387625261	0.0001307333572	0.01552153536
3554	C4bp	0.9748563152	0.01393707348	0.0001307333572	0.01558520937
3555	Lmntd2	0.9748619946	0.01395474068	0.0001307333572	0.01560060445
3556	Emid1	0.9750807971	0.01465023946	0.0001307333572	0.01637355626
3557	Gm16796	0.975419936	0.01578713635	0.0001307333572	0.0176343327
3558	Trdc	0.9755275438	0.01616333435	0.0001307333572	0.01804950793
3559	Batf3	0.9755451176	0.01622549672	0.0001307333572	0.0181138674
3560	1810013D15Rik	0.9757116837	0.01682491323	0.0001307333572	0.01877780494
3561	8430408G22Rik	0.975961489	0.01775933575	0.0001307333572	0.01981515844
3562	Dnah5	0.9762346728	0.01883154158	0.0001307333572	0.02099976758
3563	Stac	0.976331862	0.0192260516	0.0001307333572	0.0214337253
3564	Dupd1	0.9763409575	0.01926332877	0.0001307333572	0.02146929927
3565	Gm21814	0.976352779	0.01931187048	0.0001307333572	0.02151740444
3566	Tmem136	0.9763769711	0.01941153194	0.0001307333572	0.02162242488
3567	Ap3b1	0.9766369136	0.02051024077	0.0001307333572	0.02283991177
3568	Prtg	0.9767452859	0.02098362577	0.0001307333572	0.02336056306
3569	Slc6a19	0.9768312764	0.02136579343	0.0001307333572	0.0237770376
3570	Gsx2	0.9768321291	0.02136961254	0.0001307333572	0.0237770376
3571	Spg21	0.9770042951	0.02215259345	0.0001307333572	0.02462767477
3572	Gm45155	0.9771316616	0.02274729572	0.0001307333572	0.02528179575
3573	Gm42756	0.977261043	0.02336512496	0.0001307333572	0.02596124996
3574	G630016G05Rik	0.9774266851	0.02417666515	0.0001307333572	0.02685550142
3575	Sema3g	0.9774351197	0.02421861517	0.0001307333572	0.02689463095
3576	Nme7	0.9774697592	0.024391538	0.0001307333572	0.02707914294
3577	Cd247	0.9774818471	0.02445212492	0.0001307333572	0.02713887339
3578	Cdca7	0.9774939029	0.02451267722	0.0001307333572	0.02719098971
3579	Gbp8	0.9775551278	0.02482213395	0.0001307333572	0.02752662485
3580	Rs1	0.9777931369	0.02605643067	0.0001307333572	0.02888739542
3581	Notch3	0.9778015581	0.02610102643	0.0001307333572	0.02892881843
3582	Chad	0.9778569021	0.02639569812	0.0001307333572	0.02924731094
3583	Gm4681	0.9778820135	0.02653031499	0.0001307333572	0.02938833009
3584	Clec4n	0.9780310228	0.02734097128	0.0001307333572	0.03027793054
3585	Gm28523	0.9781300423	0.02789101248	0.0001307333572	0.03087850814
3586	Lox	0.9781476899	0.02799000427	0.0001307333572	0.0309795288
3587	Spdef	0.9782589984	0.02862113763	0.0001307333572	0.03166930858
3588	Col5a3	0.9783299177	0.02902939951	0.0001307333572	0.0321121676
3589	mt-Nd6	0.9783441671	0.02911201029	0.0001307333572	0.03219464782
3590	Zpbp2	0.9784135158	0.02951685163	0.0001307333572	0.03263333514
3591	Hmgn5	0.9784492396	0.02972721528	0.0001307333572	0.03285682816
3592	Aox1	0.9787573359	0.03159360137	0.0001307333572	0.03490041576
3593	Higd1b	0.9788372384	0.03209314275	0.0001307333572	0.03544245473
3594	Knstrn	0.9788447439	0.03214039951	0.0001307333572	0.03548484627
3595	Hsf3	0.9791490634	0.03410540086	0.0001307333572	0.03762316697
3596	Ttc6	0.9791842878	0.03433909311	0.0001307333572	0.03787051901
3597	Brip1	0.9792523319	0.03479425019	0.0001307333572	0.03836190759
3598	Kcnj8	0.9792647003	0.03487751405	0.0001307333572	0.03844311276
3599	Hcrtr2	0.9793939847	0.03575768167	0.0001307333572	0.03940240404
3600	Gm16503	0.9794489062	0.03613705585	0.0001307333572	0.03979851966
3601	Klhl41	0.9795378281	0.03675827394	0.0001307333572	0.04047153751
3602	E2f7	0.9795451211	0.03680960849	0.0001307333572	0.04051690533
3603	Egfl8	0.9799554268	0.03979348987	0.0001307333572	0.04377721658
3604	Rbm3os	0.9800617874	0.04059826594	0.0001307333572	0.04465027874
3605	Irx6	0.9800926072	0.04083391657	0.0001307333572	0.04489710453
3606	Adamts7	0.9801162928	0.0410157722	0.0001307333572	0.04508466304
3607	Tmem119	0.9801538979	0.04130584821	0.0001307333572	0.04539104199
3608	Antxr2	0.9805939804	0.0448256481	0.0001307333572	0.04923190346
3609	Gucy2c	0.9809504827	0.04785068259	0.0001307333572	0.05253986559
3610	Sln	0.9810090656	0.04836306296	0.0001307333572	0.05307332012
3611	Irgm2	0.9810238979	0.04849348326	0.0001307333572	0.0532018467
3612	Dennd2c	0.9810831664	0.04901744209	0.0001307333572	0.05376193265
3613	Pdgfrb	0.981196793	0.05003458996	0.0001307333572	0.05486248899
3614	Klre1	0.9811998214	0.05006192808	0.0001307333572	0.05487742185
3615	Pirb	0.9812151879	0.05020082653	0.0001307333572	0.05501460441
3616	Vsig8	0.9813657247	0.05157784303	0.0001307333572	0.0565081819
3617	Ddx60	0.9813867159	0.05177222058	0.0001307333572	0.05670560852
3618	F930017D23Rik	0.9814594586	0.05245032389	0.0001307333572	0.05743260212
3619	Gm5532	0.9815117235	0.05294187308	0.0001307333572	0.0579232747
3620	Kcnn4	0.9815221978	0.05304082164	0.0001307333572	0.0580156649
3621	Ribc2	0.9819227469	0.05693595531	0.0001307333572	0.06224209381
3622	Myoz2	0.9821443278	0.05918553144	0.0001307333572	0.06464831397
3623	Cdca8	0.9821539083	0.05928434741	0.0001307333572	0.06473857211
3624	Slc4a7	0.9825019495	0.06296257856	0.0001307333572	0.06871768465
3625	Lncenc1	0.9825822963	0.06383646168	0.0001307333572	0.06965244045
3626	Plbd1	0.9829074942	0.06747009755	0.0001307333572	0.07355693383
3627	Gm42722	0.9829323285	0.0677540257	0.0001307333572	0.07384634953
3628	S100g	0.9830646855	0.06928284139	0.0001307333572	0.07549206362
3629	Gm11716	0.9832151811	0.07105330604	0.0001307333572	0.07740011551
3630	Mb	0.983253667	0.07151159547	0.0001307333572	0.07787813283
3631	Agtr1a	0.9833494686	0.07266224573	0.0001307333572	0.07910968506
3632	Fgf16	0.9833980201	0.07325077417	0.0001307333572	0.0797070448
3633	Rdh16	0.9834709153	0.0741412298	0.0001307333572	0.08065404384
3634	Calr4	0.9836875385	0.07683620935	0.0001307333572	0.08351761886
3635	Piezo2	0.9838892369	0.07941187015	0.0001307333572	0.08627036409
3636	Dpy19l2	0.9839364173	0.08002368325	0.0001307333572	0.08690289464
3637	Mir17hg	0.9840325867	0.08128178786	0.0001307333572	0.08822989184
3638	Anks4b	0.9841736617	0.08315427431	0.0001307333572	0.09023795367
3639	AI463170	0.9842436203	0.08409478034	0.0001307333572	0.0911843647
3640	Scn11a	0.9845068488	0.087705171	0.0001307333572	0.09504759794
3641	Gm39158	0.9845554877	0.08838476686	0.0001307333572	0.09575814394
3642	Arg2	0.984597665	0.08897724959	0.0001307333572	0.09637395028
3643	Abcc9	0.9846040726	0.08906751772	0.0001307333572	0.09644560663
3644	Gm32122	0.9846525171	0.08975219586	0.0001307333572	0.0971344111
3645	Zfp189	0.9846652473	0.08993276211	0.0001307333572	0.09730350242
3646	Rab38	0.9848151072	0.09207872578	0.0001307333572	0.09959840539
3647	5330429C05Rik	0.9849270841	0.09370679211	0.0001307333572	0.1013320272
3648	Rassf10	0.9850284647	0.09519904048	0.0001307333572	0.1029178816
3649	Gm13404	0.9850729839	0.09585983053	0.0001307333572	0.1036042481
3650	Cyp7b1	0.9851632485	0.09720995703	0.0001307333572	0.1050067049
3651	Gm42788	0.9852086905	0.09789490843	0.0001307333572	0.1057180437
3652	Aspm	0.9854166105	0.101074055	0.0001307333572	0.1090923422
3653	A430105J06Rik	0.9856932907	0.1054203514	0.0001307333572	0.1137220619
3654	H19	0.9857410698	0.1061843873	0.0001307333572	0.1145153813
3655	Alox12	0.9857511436	0.1063459864	0.0001307333572	0.1146587455
3656	Lancl3	0.985831244	0.1076372471	0.0001307333572	0.1160196681
3657	Pde6c	0.9859176213	0.1090423113	0.0001307333572	0.1175024907
3658	9430078K24Rik	0.9859327041	0.1092890032	0.0001307333572	0.1177366046
3659	Gm26944	0.9860199467	0.110723797	0.0001307333572	0.1192180856
3660	Gm42984	0.9861198535	0.1123833851	0.0001307333572	0.1209724274
3661	Mis18a	0.9861697871	0.1132194804	0.0001307333572	0.1218068644
3662	Gm45474	0.9861807538	0.1134037011	0.0001307333572	0.1219722518
3663	Irak4	0.9864340854	0.1177188506	0.0001307333572	0.1265794093
3664	Gm12927	0.9865640386	0.1199769696	0.0001307333572	0.1289381726
3665	Eppk1	0.9869971018	0.1277218142	0.0001307333572	0.1371877704
3666	Fgf3	0.9874672935	0.1365166878	0.0001307333572	0.1463985928
3667	Npy5r	0.9874697016	0.136562772	0.0001307333572	0.1464087612
3668	Wfdc17	0.9874985829	0.1371163069	0.0001307333572	0.1469628155
3669	A130051J06Rik	0.9875266268	0.1376552554	0.0001307333572	0.1474614412
3670	Gm17281	0.9875574665	0.138249602	0.0001307333572	0.148058476
3671	Dct	0.9875947117	0.1389697251	0.0001307333572	0.1487102462
3672	Apela	0.9877383011	0.1417698511	0.0001307333572	0.1516660616
3673	Insm2	0.9877928037	0.1428426402	0.0001307333572	0.1527728772
3674	Kel	0.9878881485	0.1447324982	0.0001307333572	0.1547113824
3675	Golt1a	0.9881686123	0.1503889203	0.0001307333572	0.1606290203
3676	Adh7	0.9881771754	0.1505639066	0.0001307333572	0.1607729916
3677	9130008F23Rik	0.9882814403	0.1527054449	0.0001307333572	0.1630162209
3678	Nkg7	0.98829538	0.1529932829	0.0001307333572	0.1632799177
3679	Tns4	0.9884164761	0.1555088852	0.0001307333572	0.1659203896
3680	Fgr	0.9884804789	0.1568494172	0.0001307333572	0.167261442
3681	Edar	0.9886043235	0.1594648553	0.0001307333572	0.1699598778
3682	Ccr1	0.9887345681	0.1622460777	0.0001307333572	0.1727860253
3683	Gm826	0.9890332158	0.1687418385	0.0001307333572	0.1795603495
3684	Il1rl1	0.9890879121	0.1699493776	0.0001307333572	0.1807972103
3685	Mfsd13b	0.989313872	0.1749964699	0.0001307333572	0.1860674853
3686	Zfand2b	0.9896537269	0.1827646245	0.0001307333572	0.1940691526
3687	Myo3b	0.9897888312	0.1859116344	0.0001307333572	0.1972014154
3688	Slc35g3	0.9898509398	0.1873695474	0.0001307333572	0.1986951722
3689	Aagab	0.9898551777	0.1874692845	0.0001307333572	0.1987482475
3690	Otos	0.9899505161	0.1897216647	0.0001307333572	0.2009763397
3691	Fam24b	0.9901602912	0.1947359079	0.0001307333572	0.2061788332
3692	Ltb4r2	0.9902922889	0.1979319742	0.0001307333572	0.2094518245
3693	Trpm1	0.990512502	0.2033340073	0.0001307333572	0.2149976286
3694	Gm5547	0.9906806815	0.2075182483	0.0001307333572	0.2193059427
3695	Foxs1	0.9910270775	0.2162951081	0.0001307333572	0.2281593967
3696	Birc5	0.9912680983	0.2225267716	0.0001307333572	0.2344855338
3697	4930500F10Rik	0.9912869027	0.2230172345	0.0001307333572	0.2348167776
3698	Gm35552	0.9914039557	0.2260840478	0.0001307333572	0.2379205976
3699	Chit1	0.9914094784	0.2262293309	0.0001307333572	0.2380108689
3700	Gzmb	0.9915555133	0.2300900719	0.0001307333572	0.2419453963
3701	A930001A20Rik	0.9916245221	0.2319272138	0.0001307333572	0.2436850158
3702	Rgs22	0.991635885	0.2322304973	0.0001307333572	0.243939598
3703	Crygs	0.9919864046	0.2416937195	0.0001307333572	0.2537466871
3704	Prdm9	0.9920438027	0.2432630389	0.0001307333572	0.2553272516
3705	Pde11a	0.9921357719	0.2457890072	0.0001307333572	0.2577755713
3706	0610043K17Rik	0.9923176897	0.2508266364	0.0001307333572	0.2629210025
3707	Col6a3	0.992325092	0.251032771	0.0001307333572	0.2630681384
3708	Parvaos	0.9925062182	0.2561044469	0.0001307333572	0.2681721958
3709	P2ry12	0.9925717528	0.2579525459	0.0001307333572	0.2700366877
3710	Dbh	0.9926126605	0.2591096526	0.0001307333572	0.2711770305
3711	Trim10	0.9926454112	0.2600379632	0.0001307333572	0.2720773876
3712	Gm26675	0.9928632876	0.2662569847	0.0001307333572	0.2784386768
3713	9530036O11Rik	0.9929679799	0.2692718512	0.0001307333572	0.2814443179
3714	Acot6	0.9931146143	0.2735231321	0.0001307333572	0.2855892791
3715	Gm13470	0.9935347403	0.2858845	0.0001307333572	0.2979515372
3716	Gmnc	0.9936085755	0.2880840904	0.0001307333572	0.3000875942
3717	Cyth4	0.9937857011	0.2933930611	0.0001307333572	0.3053791945
3718	Rspo4	0.9939045293	0.2969799036	0.0001307333572	0.3089517852
3719	Syce1	0.9943535184	0.3107102156	0.0001307333572	0.3229835921
3720	Pawr	0.9945086356	0.3155170814	0.0001307333572	0.3277248314
3721	Ifng	0.9946678443	0.3204834064	0.0001307333572	0.3327105179
3722	Draxin	0.9950012843	0.3309886012	0.0001307333572	0.3432601516
3723	Pappa2	0.9950593162	0.3328309025	0.0001307333572	0.3450812882
3724	Il1r2	0.9951238057	0.3348829482	0.0001307333572	0.346856565
3725	Gm43522	0.9951263246	0.3349631997	0.0001307333572	0.346856565
3726	Gm807	0.9951303626	0.3350918666	0.0001307333572	0.3468859903
3727	Gm44837	0.9952772276	0.3397845768	0.0001307333572	0.3515619005
3728	Gm33370	0.9953636673	0.3425582593	0.0001307333572	0.3539535143
3729	Col9a1	0.995383544	0.3431972729	0.0001307333572	0.3543596003
3730	Gdap10	0.9954663805	0.3458651839	0.0001307333572	0.3568379509
3731	Oas3	0.9955040793	0.347081897	0.0001307333572	0.3580009252
3732	Ano7	0.9955560191	0.3487608165	0.0001307333572	0.3595472335
3733	Gm36356	0.9956082343	0.3504516242	0.0001307333572	0.3611972421
3734	Serpina3i	0.9956429678	0.3515779981	0.0001307333572	0.36226481
3735	Gm26637	0.995676675	0.3526723349	0.0001307333572	0.3632052883
3736	Tspan1	0.9958493788	0.3582982993	0.0001307333572	0.3684301278
3737	Gm32051	0.9959365148	0.3611486355	0.0001307333572	0.3712656237
3738	Klrg1	0.9960873879	0.3661020968	0.0001307333572	0.3759713446
3739	Gm16364	0.9961250957	0.3673436492	0.0001307333572	0.3771495372
3740	Vsx2	0.9961635367	0.3686107695	0.0001307333572	0.3782563053
3741	Cmah	0.9962513789	0.371511641	0.0001307333572	0.3808422768
3742	Tdrd6	0.9963781973	0.3757125132	0.0001307333572	0.3850499751
3743	Spocd1	0.9966909542	0.3861348304	0.0001307333572	0.3950228444
3744	3110006O06Rik	0.9968852106	0.3926503949	0.0001307333572	0.4012778691
3745	Cyb5r2	0.9970508243	0.3982291877	0.0001307333572	0.4065637445
3746	Gm42196	0.9971381807	0.40118032	0.0001307333572	0.4092632696
3747	Gpr20	0.9971521424	0.4016525083	0.0001307333572	0.409640498
3748	Gucy1b2	0.9971933671	0.4030475841	0.0001307333572	0.4109585359
3749	Tdrd9	0.9972247629	0.4041108687	0.0001307333572	0.4119376848
3750	Prdm12	0.9972622526	0.405381468	0.0001307333572	0.4131276107
3751	C230014O12Rik	0.9973362245	0.4078914305	0.0001307333572	0.4155796541
3752	Clrn1	0.9973438654	0.4081509134	0.0001307333572	0.4157381343
3753	Cr2	0.997507241	0.4137085725	0.0001307333572	0.4210774275
3754	Gm26834	0.9975537343	0.4152933833	0.0001307333572	0.4223680481
3755	Tex14	0.9975909025	0.416561323	0.0001307333572	0.4235498963
3756	Tvp23bos	0.9976290241	0.4178626921	0.0001307333572	0.4247651254
3757	Stfa1	0.9977953015	0.423549287	0.0001307333572	0.4297811132
3758	Il7	0.9979290212	0.4281340675	0.0001307333572	0.4337731181
3759	Bmx	0.9979629789	0.4292999294	0.0001307333572	0.4348441929
3760	Serpinb7	0.9979709581	0.4295739699	0.0001307333572	0.4350116151
3761	Stat4	0.9983624161	0.4430573469	0.0001307333572	0.4475326737
3762	Spata17	0.9984075832	0.4446176398	0.0001307333572	0.448882019
3763	Ctse	0.9985148033	0.4483249481	0.0001307333572	0.4520543969
3764	Itgal	0.9990012496	0.4651965869	0.0001307333572	0.4672994344
3765	Gm15690	0.999061821	0.4673024311	0.0001307333572	0.4690614114
3766	Map7d3	0.9991181032	0.4692599774	0.0001307333572	0.4706719934
3767	Fbxw10	0.9991504479	0.4703852929	0.0001307333572	0.4716824195
3768	Slfn4	0.9992002738	0.4721192673	0.0001307333572	0.4733025236
3769	Gm28370	0.9993863366	0.4785987773	0.0001307333572	0.4794377934
3770	Npsr1	0.9995322982	0.4836858358	0.0001307333572	0.4844124545
3771	Cldn23	0.9996073657	0.48630318	0.0001307333572	0.4869118198
3772	Lefty2	0.9996333856	0.4872105455	0.0001307333572	0.4876982437
3773	Lipo2	0.9997242046	0.4903780797	0.0001307333572	0.4907461393
3774	2010109A12Rik	0.9999967117	0.4998852655	0.0001307333572	0.4998852655
3775	Gm765	1.000157436	0.4945070452	0.0001307333572	0.4946307028
3776	Axdnd1	1.000183002	0.4936151137	0.0001307333572	0.4938620447
3777	Gm29609	1.000706032	0.4753812916	0.0001307333572	0.4763339595
3778	Ly6c2	1.000765316	0.4733170746	0.0001307333572	0.4743844396
3779	4930426I24Rik	1.000882502	0.469238909	0.0001307333572	0.4706719934
3780	AC124739.1	1.000928088	0.4676533488	0.0001307333572	0.4692958844
3781	Gm9889	1.000965498	0.4663525444	0.0001307333572	0.4682254462
3782	Kif2c	1.000983102	0.4657405361	0.0001307333572	0.4677283817
3783	Tbx4	1.001018809	0.4644994334	0.0001307333572	0.466716336
3784	Klrk1	1.001083727	0.4622439184	0.0001307333572	0.4645667521
3785	Klra9	1.001119442	0.4610035662	0.0001307333572	0.4634366083
3786	Arhgef39	1.001145537	0.4600975071	0.0001307333572	0.4626420383
3787	Bst1	1.001147027	0.4600457754	0.0001307333572	0.4626420383
3788	Spink2	1.001164239	0.4594483015	0.0001307333572	0.4622216313
3789	Gm47202	1.001214156	0.4577160171	0.0001307333572	0.4605947342
3790	Krt2	1.001227157	0.4572649799	0.0001307333572	0.4602566482
3791	Cyp26a1	1.001242392	0.4567365208	0.0001307333572	0.4598404438
3792	Gm13003	1.001379803	0.4519734993	0.0001307333572	0.4551596167
3793	Gm15689	1.001381598	0.4519113436	0.0001307333572	0.4551596167
3794	1700034P13Rik	1.001405682	0.4510772327	0.0001307333572	0.4544858768
3795	Tpsg1	1.001414923	0.4507572305	0.0001307333572	0.4542778841
3796	Ceacam2	1.001467723	0.4489295694	0.0001307333572	0.4525499692
3797	Cblc	1.001493748	0.448029095	0.0001307333572	0.4518699899
3798	1700013H16Rik	1.001532578	0.4466860938	0.0001307333572	0.4506290984
3799	Eid3	1.001556529	0.4458579989	0.0001307333572	0.4499071633
3800	Wnt3a	1.001561879	0.4456730626	0.0001307333572	0.4498340273
3801	Gm43403	1.001603503	0.4442346001	0.0001307333572	0.4486085333
3802	Gm13093	1.001670804	0.4419103232	0.0001307333572	0.4464868131
3803	3110099E03Rik	1.001747841	0.4392522735	0.0001307333572	0.4439133638
3804	Gm26810	1.001790212	0.4377914862	0.0001307333572	0.4425488867
3805	Gm37083	1.001837276	0.4361698958	0.0001307333572	0.4410211282
3806	Pnma5	1.001860014	0.4353868587	0.0001307333572	0.4403406914
3807	Sun3	1.001900717	0.4339857511	0.0001307333572	0.4390346495
3808	AC124561.1	1.001903949	0.4338745082	0.0001307333572	0.4390331477
3809	Gm36388	1.001930541	0.4329596409	0.0001307333572	0.4382182601
3810	Gm48657	1.00197742	0.4313476853	0.0001307333572	0.4366972264
3811	Gys2	1.002071125	0.4281290666	0.0001307333572	0.4337731181
3812	Gimap7	1.002073194	0.4280580486	0.0001307333572	0.4337731181
3813	Glrp1	1.002078518	0.4278753062	0.0001307333572	0.4337731181
3814	Dmbx1	1.002094366	0.4273314883	0.0001307333572	0.4333990754
3815	Gm26577	1.002152429	0.4253402243	0.0001307333572	0.4314889418
3816	Gm44175	1.002208108	0.4234325046	0.0001307333572	0.4297716362
3817	AL589670.5	1.002219843	0.4230306919	0.0001307333572	0.4294727837
3818	Awat2	1.002297197	0.4203838442	0.0001307333572	0.4268939773
3819	Slc5a1	1.002333002	0.4191598953	0.0001307333572	0.4257591624
3820	Gm36500	1.002356388	0.4183609261	0.0001307333572	0.4250555511
3821	AC161165.2	1.002362022	0.4181684704	0.0001307333572	0.4249679577
3822	Gm11630	1.002454718	0.4150051677	0.0001307333572	0.4221822663
3823	Musk	1.002472322	0.4144050462	0.0001307333572	0.4216790091
3824	Gm7967	1.002503019	0.4133590403	0.0001307333572	0.4208287506
3825	Scin	1.00261497	0.4095495452	0.0001307333572	0.4170565634
3826	Klk1	1.002882475	0.4004819966	0.0001307333572	0.4086550986
3827	Gm16291	1.002920106	0.3992105983	0.0001307333572	0.4074616977
3828	Ptx3	1.003002277	0.3964381047	0.0001307333572	0.4048385036
3829	Prss50	1.003071881	0.3940937302	0.0001307333572	0.4025472218
3830	Zscan25	1.003101492	0.3930975211	0.0001307333572	0.4016322055
3831	Lrrc9	1.003124089	0.3923377606	0.0001307333572	0.4010608338
3832	2310043O21Rik	1.003148611	0.3915137626	0.0001307333572	0.4003208206
3833	Ifi204	1.003204934	0.3896229831	0.0001307333572	0.3984893716
3834	Gm45389	1.003433685	0.3819710207	0.0001307333572	0.3908631575
3835	Gm19619	1.003463945	0.3809621825	0.0001307333572	0.389930586
3836	Ccdc105	1.00346583	0.3808993634	0.0001307333572	0.389930586
3837	5430427O19Rik	1.003469092	0.380790659	0.0001307333572	0.389930586
3838	Fyb2	1.003482458	0.3803453437	0.0001307333572	0.3895983035
3839	Cdk15	1.003516601	0.3792085683	0.0001307333572	0.3885333692
3840	Cd200r4	1.003754873	0.3713049446	0.0001307333572	0.3807279617
3841	Psma8	1.003766673	0.3709148853	0.0001307333572	0.3804255234
3842	Ms4a7	1.003803747	0.3696903047	0.0001307333572	0.3792667911
3843	Igbp1b	1.003849712	0.3681738946	0.0001307333572	0.3779049469
3844	Zfp558	1.003929407	0.3655495764	0.0001307333572	0.3755003353
3845	Gm16156	1.003949114	0.3649015865	0.0001307333572	0.3749309905
3846	4933428P19Rik	1.004046267	0.3617127915	0.0001307333572	0.3717500427
3847	Gm26530	1.004162487	0.3579107754	0.0001307333572	0.3681262796
3848	0610005C13Rik	1.004194673	0.3568602861	0.0001307333572	0.367140212
3849	Adh6b	1.004219412	0.3560536261	0.0001307333572	0.3664045548
3850	Fan1	1.004282038	0.3540144259	0.0001307333572	0.3643998208
3851	Areg	1.0043077	0.3531800253	0.0001307333572	0.3636345177
3852	Zfp970	1.004335224	0.3522858678	0.0001307333572	0.3629007137
3853	9430060I03Rik	1.004467402	0.3480033746	0.0001307333572	0.3588588549
3854	Iqgap3	1.004564588	0.3448668635	0.0001307333572	0.355899756
3855	Iglc2	1.004611437	0.3433587058	0.0001307333572	0.3544347931
3856	2010109I03Rik	1.004622372	0.3430070198	0.0001307333572	0.3542546034
3857	Ckmt2	1.004634194	0.3426270018	0.0001307333572	0.3539535143
3858	Samd13	1.004651321	0.3420766986	0.0001307333572	0.3535676471
3859	Peg12	1.004673919	0.3413511223	0.0001307333572	0.3529088884
3860	Gm31718	1.004677105	0.3412488798	0.0001307333572	0.3528943948
3861	Gm6559	1.004719667	0.3398840824	0.0001307333572	0.3515739151
3862	Stag3	1.004806587	0.3371033994	0.0001307333572	0.348878033
3863	Chil3	1.004873251	0.3349767276	0.0001307333572	0.346856565
3864	Pcdhga2	1.004925751	0.333305628	0.0001307333572	0.3453944332
3865	Calcb	1.004929746	0.3331785807	0.0001307333572	0.3453522474
3866	P2ry10b	1.005046554	0.329472975	0.0001307333572	0.341776945
3867	Helt	1.005261599	0.3226947344	0.0001307333572	0.3348324092
3868	Rab43	1.005293364	0.3216984016	0.0001307333572	0.3338852119
3869	8030423F21Rik	1.00537085	0.31927339	0.0001307333572	0.3315403842
3870	AC102334.1	1.005519197	0.3146522465	0.0001307333572	0.326911425
3871	Gm5464	1.005539909	0.3140093498	0.0001307333572	0.3263282409
3872	C030017D09Rik	1.00596193	0.3010346243	0.0001307333572	0.3130071477
3873	Ankrd7	1.00603526	0.2988049954	0.0001307333572	0.310769626
3874	Pimreg	1.006138107	0.2956906048	0.0001307333572	0.3076905357
3875	Uprt	1.006230174	0.2929153965	0.0001307333572	0.3049613707
3876	Gm15124	1.006268441	0.291765468	0.0001307333572	0.3038432366
3877	Tk1	1.006444933	0.2864892416	0.0001307333572	0.2985040288
3878	4930404N11Rik	1.006549002	0.2833994861	0.0001307333572	0.2954386094
3879	Gm10330	1.006574971	0.2826309582	0.0001307333572	0.2947142421
3880	Hepacam2	1.006683569	0.2794280732	0.0001307333572	0.2914504023
3881	Il18rap	1.006742125	0.2777084463	0.0001307333572	0.2897323383
3882	B230303O12Rik	1.006758472	0.2772292857	0.0001307333572	0.2893078901
3883	Ankrd61	1.006855171	0.2744032341	0.0001307333572	0.2864334385
3884	Gm26658	1.006924157	0.2723958297	0.0001307333572	0.2844865062
3885	Galnt5	1.006985048	0.2706300641	0.0001307333572	0.2827161808
3886	Msx3	1.007023565	0.2695160711	0.0001307333572	0.2816259886
3887	Cdc6	1.007061084	0.2684331773	0.0001307333572	0.2806410636
3888	Gja5	1.007258148	0.2627814971	0.0001307333572	0.274876043
3889	Pkhd1l1	1.007559192	0.2542667794	0.0001307333572	0.2663176532
3890	Slfn1	1.007582097	0.2536249011	0.0001307333572	0.2657149304
3891	Mfsd4b3	1.007835029	0.246593903	0.0001307333572	0.2585519297
3892	Sell	1.007912641	0.2444575855	0.0001307333572	0.2564464574
3893	1700003M07Rik	1.007925101	0.2441155313	0.0001307333572	0.2561548072
3894	1700086P04Rik	1.008327078	0.2332205783	0.0001307333572	0.2449152831
3895	Gm31805	1.008408552	0.2310456906	0.0001307333572	0.242822586
3896	Gm12108	1.008435422	0.2303309145	0.0001307333572	0.2421349955
3897	Gm8369	1.00851382	0.2282525304	0.0001307333572	0.2400762876
3898	Klkb1	1.008605019	0.2258480581	0.0001307333572	0.237734798
3899	Cytip	1.008714841	0.2229717337	0.0001307333572	0.2348167776
3900	Ear2	1.008727506	0.2226413574	0.0001307333572	0.2345444903
3901	Jaml	1.008774362	0.2214215885	0.0001307333572	0.2333824385
3902	Rec114	1.008829406	0.2199935332	0.0001307333572	0.2319383587
3903	Tbx19	1.008895508	0.2182855949	0.0001307333572	0.2301983601
3904	Gm38405	1.009008094	0.2153942494	0.0001307333572	0.2272690577
3905	9430085M18Rik	1.009130807	0.2122683129	0.0001307333572	0.2240298817
3906	Slc28a2	1.009151203	0.2117513325	0.0001307333572	0.2235432384
3907	Gm26829	1.009263371	0.2089213994	0.0001307333572	0.2206139381
3908	Appbp2os	1.009270879	0.2087327751	0.0001307333572	0.2204729602
3909	Prc1	1.009276746	0.2085854643	0.0001307333572	0.2203755566
3910	4921536K21Rik	1.009408912	0.2052828998	0.0001307333572	0.2170009512
3911	Gna14	1.009620229	0.2000675257	0.0001307333572	0.2115997099
3912	Gm4952	1.009641079	0.1995573113	0.0001307333572	0.2111159072
3913	Gm49227	1.009802369	0.1956368191	0.0001307333572	0.2070778715
3914	Gm43570	1.009940235	0.1923230541	0.0001307333572	0.2036781086
3915	Ms4a4b	1.010079505	0.1890106218	0.0001307333572	0.2002761555
3916	Gm38413	1.010081717	0.1889582905	0.0001307333572	0.2002737578
3917	Neurog2	1.010270945	0.1845151361	0.0001307333572	0.1957720277
3918	Gm17399	1.010308451	0.1836422458	0.0001307333572	0.1948975812
3919	Cd22	1.010317861	0.1834236539	0.0001307333572	0.1947172547
3920	Gm29107	1.010552223	0.1780318236	0.0001307333572	0.1890938116
3921	Ighd	1.010611641	0.1766808643	0.0001307333572	0.1877087536
3922	Wfdc21	1.010633902	0.1761764017	0.0001307333572	0.1872225311
3923	Gm33940	1.010660328	0.1755787419	0.0001307333572	0.1866369832
3924	Gm26776	1.010766583	0.1731886	0.0001307333572	0.1841942036
3925	Iqcf5	1.011221401	0.163193397	0.0001307333572	0.1737023917
3926	Tmem51os1	1.011244466	0.1626967214	0.0001307333572	0.1732198258
3927	Trbc1	1.011277392	0.1619893682	0.0001307333572	0.1725585813
3928	Gm4926	1.011294504	0.1616225489	0.0001307333572	0.1722136909
3929	Adprhl1	1.011434268	0.1586468092	0.0001307333572	0.1691330588
3930	Pax6os1	1.011542154	0.1563745159	0.0001307333572	0.1667994836
3931	Vil1	1.011874904	0.1495017488	0.0001307333572	0.1597240906
3932	Gata6	1.012091696	0.1451341559	0.0001307333572	0.1550992849
3933	Gm14133	1.012153912	0.143896737	0.0001307333572	0.1538591146
3934	Olfr658	1.012418066	0.1387223955	0.0001307333572	0.1484853043
3935	Gm13383	1.012428471	0.1385212019	0.0001307333572	0.1483096381
3936	AA543186	1.012496696	0.1372069291	0.0001307333572	0.1470205508
3937	Prr33	1.012536021	0.1364532675	0.0001307333572	0.1463698231
3938	Gm42846	1.012604039	0.1351564102	0.0001307333572	0.1450176075
3939	Gm44899	1.012638589	0.1345009102	0.0001307333572	0.1443530027
3940	Cd300e	1.012776597	0.1319043354	0.0001307333572	0.1416042248
3941	D6Ertd474e	1.012857015	0.1304073565	0.0001307333572	0.1400347453
3942	Myod1	1.013332328	0.1217995009	0.0001307333572	0.1308616717
3943	Adam21	1.013556358	0.1178838735	0.0001307333572	0.126722788
3944	Gm17275	1.013839671	0.1130607722	0.0001307333572	0.1216688428
3945	AC110166.1	1.014011446	0.1102059588	0.0001307333572	0.1186924705
3946	Gm14061	1.01447393	0.1027776534	0.0001307333572	0.1109011636
3947	Hipk4	1.014685731	0.0994999528	0.0001307333572	0.1074223512
3948	Usp51	1.014855885	0.09692261538	0.0001307333572	0.1047245979
3949	A330033J07Rik	1.015384065	0.08923481209	0.0001307333572	0.09660060849
3950	Olfr286	1.015626807	0.08585777845	0.0001307333572	0.09307076254
3951	Slc23a1	1.015807542	0.08340617971	0.0001307333572	0.09046223396
3952	A330032B11Rik	1.015821242	0.0832225143	0.0001307333572	0.09028751212
3953	4932435O22Rik	1.016062515	0.08003756596	0.0001307333572	0.08690289464
3954	Mettl11b	1.016198309	0.07828600721	0.0001307333572	0.08507036915
3955	Fbxo24	1.01641774	0.07551729986	0.0001307333572	0.08210633309
3956	Gm17745	1.016519728	0.07425612282	0.0001307333572	0.08075706669
3957	Crct1	1.016602115	0.07324913462	0.0001307333572	0.0797070448
3958	Pde6g	1.01717162	0.06657171636	0.0001307333572	0.07259729156
3959	Glipr1l3	1.017235114	0.06585743554	0.0001307333572	0.07183794442
3960	Rtn4rl2	1.017516039	0.06276820677	0.0001307333572	0.0685242432
3961	Gm13112	1.017915956	0.05856671738	0.0001307333572	0.06398985783
3962	Mgarp	1.017926648	0.05845749699	0.0001307333572	0.06388797486
3963	Smc1b	1.018179538	0.05592048889	0.0001307333572	0.06114870299
3964	Gbx1	1.018525302	0.05259327418	0.0001307333572	0.0575576188
3965	Cd48	1.018529123	0.05255740538	0.0001307333572	0.05753410551
3966	Zfp551	1.019037233	0.04795776062	0.0001307333572	0.05264298641
3967	Spta1	1.019422839	0.04468682483	0.0001307333572	0.04909291385
3968	Gm15635	1.020319568	0.03777273357	0.0001307333572	0.04156559403
3969	1810009A15Rik	1.020578645	0.03594633388	0.0001307333572	0.03959937634
3970	Dkk2	1.020893871	0.03382232677	0.0001307333572	0.03732118816
3971	Dgat2l6	1.021110233	0.0324250867	0.0001307333572	0.03578927891
3972	Gm15478	1.021501275	0.03002067086	0.0001307333572	0.033172012
3973	Ltf	1.022516749	0.0244591702	0.0001307333572	0.0271391625
3974	H2-M5	1.023065394	0.02183278881	0.0001307333572	0.02427888664
3975	Gm15997	1.023084138	0.02174744053	0.0001307333572	0.02419070137
3976	Slc25a31	1.023925439	0.01819663819	0.0001307333572	0.0202974213
3977	Ptpn7	1.024841378	0.0149047081	0.0001307333572	0.01665330514
3978	Dlx4	1.025910585	0.01172184142	0.0001307333572	0.01315213624
3979	C1s2	1.026694171	0.009780653282	0.0001307333572	0.01099567542
3980	Fbxl13	1.02888816	0.005759566934	0.0001307333572	0.006522725859
3981	Klf14	1.029156204	0.005386364338	0.0001307333572	0.006103528995
3982	4930458D05Rik	1.029557497	0.004867781631	0.0001307333572	0.005526859644
3983	A530021J07Rik	1.029599343	0.004816354486	0.0001307333572	0.005470022131
3984	E030037K01Rik	1.029663116	0.004738909217	0.0001307333572	0.00538665441
3985	Nanog	1.031775401	0.002725827774	0.0001307333572	0.003111675541
3986	Tmem171	1.034185608	0.001395550203	0.0001307333572	0.001608239934
3987	5031425F14Rik	1.034949665	0.001119019536	0.0001307333572	0.00129329042
3988	Chrne	1.035131676	0.001061022724	0.0001307333572	0.001227680328
3989	Gm5493	1.035737274	0.0008873262665	0.0001307333572	0.001028485965
3990	Sox30	1.035993226	0.0008221043174	0.0001307333572	0.0009534407856
3991	Gm15579	1.036382502	0.0007313242025	0.0001307333572	0.0008498828617
3992	Prss56	1.040315306	0.0002109793941	0.0001307333572	0.0002482110518
3993	Gm26578	1.043636335	6.770363437e-05	0.0001307333572	8.062355983e-05
3994	Mrpl53	1.044104621	5.730766235e-05	0.0001307333572	6.836583638e-05
3995	Lyg2	1.044388167	5.176527377e-05	0.0001307333572	6.184620522e-05
3996	Gm5868	1.050756907	4.51528776e-06	0.0001307333572	5.513171868e-06
3997	Hist2h2ac	1.055733377	5.456675929e-07	0.0001307333572	6.791133701e-07
3998	Apol7a	1.061295628	4.140817589e-08	0.0001307333572	5.276607313e-08
3999	Gm19990	1.068910981	8.355826031e-10	0.0001307333572	1.104537479e-09
4000	Gm14091	1.083544033	1.368904989e-13	0.0001307333572	1.930074007e-13
