cluster_1	cluster_2	pair_key	radius_index	radius_start	radius_end	cooccurrence
Cortex_1	Cortex_1	Cortex_1->Cortex_1	0	137.5572662	307.8862915	6.763648987
Cortex_1	Cortex_1	Cortex_1->Cortex_1	1	307.8862915	478.215332	5.862192154
Cortex_1	Cortex_1	Cortex_1->Cortex_1	2	478.215332	648.5443726	4.817332745
Cortex_1	Cortex_1	Cortex_1->Cortex_1	3	648.5443726	818.8734131	4.319528103
Cortex_1	Cortex_1	Cortex_1->Cortex_1	4	818.8734131	989.2024536	3.826231718
Cortex_1	Cortex_1	Cortex_1->Cortex_1	5	989.2024536	1159.531494	3.565774441
Cortex_1	Cortex_1	Cortex_1->Cortex_1	6	1159.531494	1329.860474	3.357298851
Cortex_1	Cortex_1	Cortex_1->Cortex_1	7	1329.860474	1500.189575	3.205398321
Cortex_1	Cortex_1	Cortex_1->Cortex_1	8	1500.189575	1670.518555	3.087050915
Cortex_1	Cortex_1	Cortex_1->Cortex_1	9	1670.518555	1840.847656	2.932523489
Cortex_1	Cortex_1	Cortex_1->Cortex_1	10	1840.847656	2011.176636	2.815267324
Cortex_1	Cortex_1	Cortex_1->Cortex_1	11	2011.176636	2181.505615	2.685669899
Cortex_1	Cortex_1	Cortex_1->Cortex_1	12	2181.505615	2351.834717	2.583727121
Cortex_1	Cortex_1	Cortex_1->Cortex_1	13	2351.834717	2522.163818	2.476069212
Cortex_1	Cortex_1	Cortex_1->Cortex_1	14	2522.163818	2692.492676	2.368931293
Cortex_1	Cortex_1	Cortex_1->Cortex_1	15	2692.492676	2862.821777	2.280642271
Cortex_1	Cortex_1	Cortex_1->Cortex_1	16	2862.821777	3033.150879	2.182203054
Cortex_1	Cortex_1	Cortex_1->Cortex_1	17	3033.150879	3203.47998	2.103383541
Cortex_1	Cortex_1	Cortex_1->Cortex_1	18	3203.47998	3373.808838	2.018968821
Cortex_1	Cortex_1	Cortex_1->Cortex_1	19	3373.808838	3544.137939	1.9389534
Cortex_1	Cortex_1	Cortex_1->Cortex_1	20	3544.137939	3714.467041	1.868845105
Cortex_1	Cortex_1	Cortex_1->Cortex_1	21	3714.467041	3884.796143	1.79426682
Cortex_1	Cortex_1	Cortex_1->Cortex_1	22	3884.796143	4055.125	1.731104732
Cortex_1	Cortex_1	Cortex_1->Cortex_1	23	4055.125	4225.454102	1.663429737
Cortex_1	Cortex_2	Cortex_1->Cortex_2	0	137.5572662	307.8862915	0.006219401024
Cortex_1	Cortex_2	Cortex_1->Cortex_2	1	307.8862915	478.215332	0.009460722096
Cortex_1	Cortex_2	Cortex_1->Cortex_2	2	478.215332	648.5443726	0.01611046121
Cortex_1	Cortex_2	Cortex_1->Cortex_2	3	648.5443726	818.8734131	0.01959210262
Cortex_1	Cortex_2	Cortex_1->Cortex_2	4	818.8734131	989.2024536	0.03163730353
Cortex_1	Cortex_2	Cortex_1->Cortex_2	5	989.2024536	1159.531494	0.04574362934
Cortex_1	Cortex_2	Cortex_1->Cortex_2	6	1159.531494	1329.860474	0.06455765665
Cortex_1	Cortex_2	Cortex_1->Cortex_2	7	1329.860474	1500.189575	0.08521618694
Cortex_1	Cortex_2	Cortex_1->Cortex_2	8	1500.189575	1670.518555	0.1016526967
Cortex_1	Cortex_2	Cortex_1->Cortex_2	9	1670.518555	1840.847656	0.130625695
Cortex_1	Cortex_2	Cortex_1->Cortex_2	10	1840.847656	2011.176636	0.1561986655
Cortex_1	Cortex_2	Cortex_1->Cortex_2	11	2011.176636	2181.505615	0.1862211078
Cortex_1	Cortex_2	Cortex_1->Cortex_2	12	2181.505615	2351.834717	0.2125066221
Cortex_1	Cortex_2	Cortex_1->Cortex_2	13	2351.834717	2522.163818	0.2431159616
Cortex_1	Cortex_2	Cortex_1->Cortex_2	14	2522.163818	2692.492676	0.2798714638
Cortex_1	Cortex_2	Cortex_1->Cortex_2	15	2692.492676	2862.821777	0.3117946684
Cortex_1	Cortex_2	Cortex_1->Cortex_2	16	2862.821777	3033.150879	0.3487727642
Cortex_1	Cortex_2	Cortex_1->Cortex_2	17	3033.150879	3203.47998	0.3777718246
Cortex_1	Cortex_2	Cortex_1->Cortex_2	18	3203.47998	3373.808838	0.4110991955
Cortex_1	Cortex_2	Cortex_1->Cortex_2	19	3373.808838	3544.137939	0.4434432089
Cortex_1	Cortex_2	Cortex_1->Cortex_2	20	3544.137939	3714.467041	0.4693076313
Cortex_1	Cortex_2	Cortex_1->Cortex_2	21	3714.467041	3884.796143	0.5009554029
Cortex_1	Cortex_2	Cortex_1->Cortex_2	22	3884.796143	4055.125	0.5299699306
Cortex_1	Cortex_2	Cortex_1->Cortex_2	23	4055.125	4225.454102	0.5587215424
Cortex_1	Cortex_3	Cortex_1->Cortex_3	0	137.5572662	307.8862915	1.296011686
Cortex_1	Cortex_3	Cortex_1->Cortex_3	1	307.8862915	478.215332	1.704645038
Cortex_1	Cortex_3	Cortex_1->Cortex_3	2	478.215332	648.5443726	2.129792213
Cortex_1	Cortex_3	Cortex_1->Cortex_3	3	648.5443726	818.8734131	2.278380156
Cortex_1	Cortex_3	Cortex_1->Cortex_3	4	818.8734131	989.2024536	2.33840704
Cortex_1	Cortex_3	Cortex_1->Cortex_3	5	989.2024536	1159.531494	2.291934967
Cortex_1	Cortex_3	Cortex_1->Cortex_3	6	1159.531494	1329.860474	2.195443392
Cortex_1	Cortex_3	Cortex_1->Cortex_3	7	1329.860474	1500.189575	2.122140646
Cortex_1	Cortex_3	Cortex_1->Cortex_3	8	1500.189575	1670.518555	2.057556391
Cortex_1	Cortex_3	Cortex_1->Cortex_3	9	1670.518555	1840.847656	2.003004313
Cortex_1	Cortex_3	Cortex_1->Cortex_3	10	1840.847656	2011.176636	1.945169091
Cortex_1	Cortex_3	Cortex_1->Cortex_3	11	2011.176636	2181.505615	1.896159649
Cortex_1	Cortex_3	Cortex_1->Cortex_3	12	2181.505615	2351.834717	1.846372485
Cortex_1	Cortex_3	Cortex_1->Cortex_3	13	2351.834717	2522.163818	1.796929479
Cortex_1	Cortex_3	Cortex_1->Cortex_3	14	2522.163818	2692.492676	1.747327209
Cortex_1	Cortex_3	Cortex_1->Cortex_3	15	2692.492676	2862.821777	1.698254704
Cortex_1	Cortex_3	Cortex_1->Cortex_3	16	2862.821777	3033.150879	1.649433136
Cortex_1	Cortex_3	Cortex_1->Cortex_3	17	3033.150879	3203.47998	1.604955554
Cortex_1	Cortex_3	Cortex_1->Cortex_3	18	3203.47998	3373.808838	1.557898164
Cortex_1	Cortex_3	Cortex_1->Cortex_3	19	3373.808838	3544.137939	1.512846708
Cortex_1	Cortex_3	Cortex_1->Cortex_3	20	3544.137939	3714.467041	1.472201705
Cortex_1	Cortex_3	Cortex_1->Cortex_3	21	3714.467041	3884.796143	1.428793669
Cortex_1	Cortex_3	Cortex_1->Cortex_3	22	3884.796143	4055.125	1.394785523
Cortex_1	Cortex_3	Cortex_1->Cortex_3	23	4055.125	4225.454102	1.352663279
Cortex_1	Cortex_4	Cortex_1->Cortex_4	0	137.5572662	307.8862915	1.929057479
Cortex_1	Cortex_4	Cortex_1->Cortex_4	1	307.8862915	478.215332	2.687097311
Cortex_1	Cortex_4	Cortex_1->Cortex_4	2	478.215332	648.5443726	3.47893858
Cortex_1	Cortex_4	Cortex_1->Cortex_4	3	648.5443726	818.8734131	3.816442013
Cortex_1	Cortex_4	Cortex_1->Cortex_4	4	818.8734131	989.2024536	4.003633022
Cortex_1	Cortex_4	Cortex_1->Cortex_4	5	989.2024536	1159.531494	3.973828077
Cortex_1	Cortex_4	Cortex_1->Cortex_4	6	1159.531494	1329.860474	3.84019208
Cortex_1	Cortex_4	Cortex_1->Cortex_4	7	1329.860474	1500.189575	3.703111172
Cortex_1	Cortex_4	Cortex_1->Cortex_4	8	1500.189575	1670.518555	3.578230619
Cortex_1	Cortex_4	Cortex_1->Cortex_4	9	1670.518555	1840.847656	3.406607389
Cortex_1	Cortex_4	Cortex_1->Cortex_4	10	1840.847656	2011.176636	3.270860434
Cortex_1	Cortex_4	Cortex_1->Cortex_4	11	2011.176636	2181.505615	3.116270781
Cortex_1	Cortex_4	Cortex_1->Cortex_4	12	2181.505615	2351.834717	2.987564325
Cortex_1	Cortex_4	Cortex_1->Cortex_4	13	2351.834717	2522.163818	2.854722023
Cortex_1	Cortex_4	Cortex_1->Cortex_4	14	2522.163818	2692.492676	2.720825911
Cortex_1	Cortex_4	Cortex_1->Cortex_4	15	2692.492676	2862.821777	2.606030226
Cortex_1	Cortex_4	Cortex_1->Cortex_4	16	2862.821777	3033.150879	2.480130672
Cortex_1	Cortex_4	Cortex_1->Cortex_4	17	3033.150879	3203.47998	2.382294416
Cortex_1	Cortex_4	Cortex_1->Cortex_4	18	3203.47998	3373.808838	2.276118279
Cortex_1	Cortex_4	Cortex_1->Cortex_4	19	3373.808838	3544.137939	2.177791357
Cortex_1	Cortex_4	Cortex_1->Cortex_4	20	3544.137939	3714.467041	2.090143442
Cortex_1	Cortex_4	Cortex_1->Cortex_4	21	3714.467041	3884.796143	1.999248385
Cortex_1	Cortex_4	Cortex_1->Cortex_4	22	3884.796143	4055.125	1.92249918
Cortex_1	Cortex_4	Cortex_1->Cortex_4	23	4055.125	4225.454102	1.833699465
Cortex_1	Cortex_5	Cortex_1->Cortex_5	0	137.5572662	307.8862915	0.1148315594
Cortex_1	Cortex_5	Cortex_1->Cortex_5	1	307.8862915	478.215332	0.5002729893
Cortex_1	Cortex_5	Cortex_1->Cortex_5	2	478.215332	648.5443726	1.213338256
Cortex_1	Cortex_5	Cortex_1->Cortex_5	3	648.5443726	818.8734131	1.606596708
Cortex_1	Cortex_5	Cortex_1->Cortex_5	4	818.8734131	989.2024536	2.037477732
Cortex_1	Cortex_5	Cortex_1->Cortex_5	5	989.2024536	1159.531494	2.238678932
Cortex_1	Cortex_5	Cortex_1->Cortex_5	6	1159.531494	1329.860474	2.298245907
Cortex_1	Cortex_5	Cortex_1->Cortex_5	7	1329.860474	1500.189575	2.274626493
Cortex_1	Cortex_5	Cortex_1->Cortex_5	8	1500.189575	1670.518555	2.222340584
Cortex_1	Cortex_5	Cortex_1->Cortex_5	9	1670.518555	1840.847656	2.148660183
Cortex_1	Cortex_5	Cortex_1->Cortex_5	10	1840.847656	2011.176636	2.086504221
Cortex_1	Cortex_5	Cortex_1->Cortex_5	11	2011.176636	2181.505615	2.013583422
Cortex_1	Cortex_5	Cortex_1->Cortex_5	12	2181.505615	2351.834717	1.948049664
Cortex_1	Cortex_5	Cortex_1->Cortex_5	13	2351.834717	2522.163818	1.885548949
Cortex_1	Cortex_5	Cortex_1->Cortex_5	14	2522.163818	2692.492676	1.816279411
Cortex_1	Cortex_5	Cortex_1->Cortex_5	15	2692.492676	2862.821777	1.761227012
Cortex_1	Cortex_5	Cortex_1->Cortex_5	16	2862.821777	3033.150879	1.697570682
Cortex_1	Cortex_5	Cortex_1->Cortex_5	17	3033.150879	3203.47998	1.646694183
Cortex_1	Cortex_5	Cortex_1->Cortex_5	18	3203.47998	3373.808838	1.592276096
Cortex_1	Cortex_5	Cortex_1->Cortex_5	19	3373.808838	3544.137939	1.543271065
Cortex_1	Cortex_5	Cortex_1->Cortex_5	20	3544.137939	3714.467041	1.496281862
Cortex_1	Cortex_5	Cortex_1->Cortex_5	21	3714.467041	3884.796143	1.451359987
Cortex_1	Cortex_5	Cortex_1->Cortex_5	22	3884.796143	4055.125	1.4125278
Cortex_1	Cortex_5	Cortex_1->Cortex_5	23	4055.125	4225.454102	1.366789222
Cortex_1	Fiber_tract	Cortex_1->Fiber_tract	0	137.5572662	307.8862915	0.04623052478
Cortex_1	Fiber_tract	Cortex_1->Fiber_tract	1	307.8862915	478.215332	0.08981434256
Cortex_1	Fiber_tract	Cortex_1->Fiber_tract	2	478.215332	648.5443726	0.2442734241
Cortex_1	Fiber_tract	Cortex_1->Fiber_tract	3	648.5443726	818.8734131	0.3679553568
Cortex_1	Fiber_tract	Cortex_1->Fiber_tract	4	818.8734131	989.2024536	0.5337424874
Cortex_1	Fiber_tract	Cortex_1->Fiber_tract	5	989.2024536	1159.531494	0.6430417895
Cortex_1	Fiber_tract	Cortex_1->Fiber_tract	6	1159.531494	1329.860474	0.7342714071
Cortex_1	Fiber_tract	Cortex_1->Fiber_tract	7	1329.860474	1500.189575	0.7768983245
Cortex_1	Fiber_tract	Cortex_1->Fiber_tract	8	1500.189575	1670.518555	0.7988452911
Cortex_1	Fiber_tract	Cortex_1->Fiber_tract	9	1670.518555	1840.847656	0.8171290159
Cortex_1	Fiber_tract	Cortex_1->Fiber_tract	10	1840.847656	2011.176636	0.8217055798
Cortex_1	Fiber_tract	Cortex_1->Fiber_tract	11	2011.176636	2181.505615	0.8321249485
Cortex_1	Fiber_tract	Cortex_1->Fiber_tract	12	2181.505615	2351.834717	0.836235404
Cortex_1	Fiber_tract	Cortex_1->Fiber_tract	13	2351.834717	2522.163818	0.8372896314
Cortex_1	Fiber_tract	Cortex_1->Fiber_tract	14	2522.163818	2692.492676	0.8336359262
Cortex_1	Fiber_tract	Cortex_1->Fiber_tract	15	2692.492676	2862.821777	0.8349897861
Cortex_1	Fiber_tract	Cortex_1->Fiber_tract	16	2862.821777	3033.150879	0.8446956277
Cortex_1	Fiber_tract	Cortex_1->Fiber_tract	17	3033.150879	3203.47998	0.852163136
Cortex_1	Fiber_tract	Cortex_1->Fiber_tract	18	3203.47998	3373.808838	0.863435626
Cortex_1	Fiber_tract	Cortex_1->Fiber_tract	19	3373.808838	3544.137939	0.8742537498
Cortex_1	Fiber_tract	Cortex_1->Fiber_tract	20	3544.137939	3714.467041	0.8862411976
Cortex_1	Fiber_tract	Cortex_1->Fiber_tract	21	3714.467041	3884.796143	0.9030100107
Cortex_1	Fiber_tract	Cortex_1->Fiber_tract	22	3884.796143	4055.125	0.9196948409
Cortex_1	Fiber_tract	Cortex_1->Fiber_tract	23	4055.125	4225.454102	0.9425278306
Cortex_1	Hippocampus	Cortex_1->Hippocampus	0	137.5572662	307.8862915	0.2781270742
Cortex_1	Hippocampus	Cortex_1->Hippocampus	1	307.8862915	478.215332	0.2551115155
Cortex_1	Hippocampus	Cortex_1->Hippocampus	2	478.215332	648.5443726	0.2649056613
Cortex_1	Hippocampus	Cortex_1->Hippocampus	3	648.5443726	818.8734131	0.3101711273
Cortex_1	Hippocampus	Cortex_1->Hippocampus	4	818.8734131	989.2024536	0.4310411215
Cortex_1	Hippocampus	Cortex_1->Hippocampus	5	989.2024536	1159.531494	0.5814656615
Cortex_1	Hippocampus	Cortex_1->Hippocampus	6	1159.531494	1329.860474	0.7973116636
Cortex_1	Hippocampus	Cortex_1->Hippocampus	7	1329.860474	1500.189575	1.005156517
Cortex_1	Hippocampus	Cortex_1->Hippocampus	8	1500.189575	1670.518555	1.189000607
Cortex_1	Hippocampus	Cortex_1->Hippocampus	9	1670.518555	1840.847656	1.385564566
Cortex_1	Hippocampus	Cortex_1->Hippocampus	10	1840.847656	2011.176636	1.515022397
Cortex_1	Hippocampus	Cortex_1->Hippocampus	11	2011.176636	2181.505615	1.611600161
Cortex_1	Hippocampus	Cortex_1->Hippocampus	12	2181.505615	2351.834717	1.668664098
Cortex_1	Hippocampus	Cortex_1->Hippocampus	13	2351.834717	2522.163818	1.68850565
Cortex_1	Hippocampus	Cortex_1->Hippocampus	14	2522.163818	2692.492676	1.685299873
Cortex_1	Hippocampus	Cortex_1->Hippocampus	15	2692.492676	2862.821777	1.665526152
Cortex_1	Hippocampus	Cortex_1->Hippocampus	16	2862.821777	3033.150879	1.639047742
Cortex_1	Hippocampus	Cortex_1->Hippocampus	17	3033.150879	3203.47998	1.6145401
Cortex_1	Hippocampus	Cortex_1->Hippocampus	18	3203.47998	3373.808838	1.586064696
Cortex_1	Hippocampus	Cortex_1->Hippocampus	19	3373.808838	3544.137939	1.554392219
Cortex_1	Hippocampus	Cortex_1->Hippocampus	20	3544.137939	3714.467041	1.524932384
Cortex_1	Hippocampus	Cortex_1->Hippocampus	21	3714.467041	3884.796143	1.492065668
Cortex_1	Hippocampus	Cortex_1->Hippocampus	22	3884.796143	4055.125	1.460029364
Cortex_1	Hippocampus	Cortex_1->Hippocampus	23	4055.125	4225.454102	1.42207551
Cortex_1	Hypothalamus_1	Cortex_1->Hypothalamus_1	0	137.5572662	307.8862915	0
Cortex_1	Hypothalamus_1	Cortex_1->Hypothalamus_1	1	307.8862915	478.215332	0
Cortex_1	Hypothalamus_1	Cortex_1->Hypothalamus_1	2	478.215332	648.5443726	0
Cortex_1	Hypothalamus_1	Cortex_1->Hypothalamus_1	3	648.5443726	818.8734131	0
Cortex_1	Hypothalamus_1	Cortex_1->Hypothalamus_1	4	818.8734131	989.2024536	0
Cortex_1	Hypothalamus_1	Cortex_1->Hypothalamus_1	5	989.2024536	1159.531494	0
Cortex_1	Hypothalamus_1	Cortex_1->Hypothalamus_1	6	1159.531494	1329.860474	0
Cortex_1	Hypothalamus_1	Cortex_1->Hypothalamus_1	7	1329.860474	1500.189575	0
Cortex_1	Hypothalamus_1	Cortex_1->Hypothalamus_1	8	1500.189575	1670.518555	0
Cortex_1	Hypothalamus_1	Cortex_1->Hypothalamus_1	9	1670.518555	1840.847656	0
Cortex_1	Hypothalamus_1	Cortex_1->Hypothalamus_1	10	1840.847656	2011.176636	0
Cortex_1	Hypothalamus_1	Cortex_1->Hypothalamus_1	11	2011.176636	2181.505615	0
Cortex_1	Hypothalamus_1	Cortex_1->Hypothalamus_1	12	2181.505615	2351.834717	0
Cortex_1	Hypothalamus_1	Cortex_1->Hypothalamus_1	13	2351.834717	2522.163818	0
Cortex_1	Hypothalamus_1	Cortex_1->Hypothalamus_1	14	2522.163818	2692.492676	0
Cortex_1	Hypothalamus_1	Cortex_1->Hypothalamus_1	15	2692.492676	2862.821777	0
Cortex_1	Hypothalamus_1	Cortex_1->Hypothalamus_1	16	2862.821777	3033.150879	0
Cortex_1	Hypothalamus_1	Cortex_1->Hypothalamus_1	17	3033.150879	3203.47998	0
Cortex_1	Hypothalamus_1	Cortex_1->Hypothalamus_1	18	3203.47998	3373.808838	0
Cortex_1	Hypothalamus_1	Cortex_1->Hypothalamus_1	19	3373.808838	3544.137939	0
Cortex_1	Hypothalamus_1	Cortex_1->Hypothalamus_1	20	3544.137939	3714.467041	0
Cortex_1	Hypothalamus_1	Cortex_1->Hypothalamus_1	21	3714.467041	3884.796143	0
Cortex_1	Hypothalamus_1	Cortex_1->Hypothalamus_1	22	3884.796143	4055.125	0
Cortex_1	Hypothalamus_1	Cortex_1->Hypothalamus_1	23	4055.125	4225.454102	0
Cortex_1	Hypothalamus_2	Cortex_1->Hypothalamus_2	0	137.5572662	307.8862915	0
Cortex_1	Hypothalamus_2	Cortex_1->Hypothalamus_2	1	307.8862915	478.215332	0
Cortex_1	Hypothalamus_2	Cortex_1->Hypothalamus_2	2	478.215332	648.5443726	0
Cortex_1	Hypothalamus_2	Cortex_1->Hypothalamus_2	3	648.5443726	818.8734131	0
Cortex_1	Hypothalamus_2	Cortex_1->Hypothalamus_2	4	818.8734131	989.2024536	0
Cortex_1	Hypothalamus_2	Cortex_1->Hypothalamus_2	5	989.2024536	1159.531494	0
Cortex_1	Hypothalamus_2	Cortex_1->Hypothalamus_2	6	1159.531494	1329.860474	0
Cortex_1	Hypothalamus_2	Cortex_1->Hypothalamus_2	7	1329.860474	1500.189575	0
Cortex_1	Hypothalamus_2	Cortex_1->Hypothalamus_2	8	1500.189575	1670.518555	0
Cortex_1	Hypothalamus_2	Cortex_1->Hypothalamus_2	9	1670.518555	1840.847656	0.001300481497
Cortex_1	Hypothalamus_2	Cortex_1->Hypothalamus_2	10	1840.847656	2011.176636	0.006421389524
Cortex_1	Hypothalamus_2	Cortex_1->Hypothalamus_2	11	2011.176636	2181.505615	0.03126518056
Cortex_1	Hypothalamus_2	Cortex_1->Hypothalamus_2	12	2181.505615	2351.834717	0.06950610876
Cortex_1	Hypothalamus_2	Cortex_1->Hypothalamus_2	13	2351.834717	2522.163818	0.1296931058
Cortex_1	Hypothalamus_2	Cortex_1->Hypothalamus_2	14	2522.163818	2692.492676	0.2010778785
Cortex_1	Hypothalamus_2	Cortex_1->Hypothalamus_2	15	2692.492676	2862.821777	0.255764246
Cortex_1	Hypothalamus_2	Cortex_1->Hypothalamus_2	16	2862.821777	3033.150879	0.3067528009
Cortex_1	Hypothalamus_2	Cortex_1->Hypothalamus_2	17	3033.150879	3203.47998	0.3440044224
Cortex_1	Hypothalamus_2	Cortex_1->Hypothalamus_2	18	3203.47998	3373.808838	0.3822698593
Cortex_1	Hypothalamus_2	Cortex_1->Hypothalamus_2	19	3373.808838	3544.137939	0.4204253852
Cortex_1	Hypothalamus_2	Cortex_1->Hypothalamus_2	20	3544.137939	3714.467041	0.4560730159
Cortex_1	Hypothalamus_2	Cortex_1->Hypothalamus_2	21	3714.467041	3884.796143	0.4944840074
Cortex_1	Hypothalamus_2	Cortex_1->Hypothalamus_2	22	3884.796143	4055.125	0.5305569172
Cortex_1	Hypothalamus_2	Cortex_1->Hypothalamus_2	23	4055.125	4225.454102	0.5790112019
Cortex_1	Lateral_ventricle	Cortex_1->Lateral_ventricle	0	137.5572662	307.8862915	0
Cortex_1	Lateral_ventricle	Cortex_1->Lateral_ventricle	1	307.8862915	478.215332	0
Cortex_1	Lateral_ventricle	Cortex_1->Lateral_ventricle	2	478.215332	648.5443726	0.02840553783
Cortex_1	Lateral_ventricle	Cortex_1->Lateral_ventricle	3	648.5443726	818.8734131	0.06613936275
Cortex_1	Lateral_ventricle	Cortex_1->Lateral_ventricle	4	818.8734131	989.2024536	0.1613214761
Cortex_1	Lateral_ventricle	Cortex_1->Lateral_ventricle	5	989.2024536	1159.531494	0.2430980355
Cortex_1	Lateral_ventricle	Cortex_1->Lateral_ventricle	6	1159.531494	1329.860474	0.3431476653
Cortex_1	Lateral_ventricle	Cortex_1->Lateral_ventricle	7	1329.860474	1500.189575	0.4259266853
Cortex_1	Lateral_ventricle	Cortex_1->Lateral_ventricle	8	1500.189575	1670.518555	0.4896353185
Cortex_1	Lateral_ventricle	Cortex_1->Lateral_ventricle	9	1670.518555	1840.847656	0.5455493331
Cortex_1	Lateral_ventricle	Cortex_1->Lateral_ventricle	10	1840.847656	2011.176636	0.5806139112
Cortex_1	Lateral_ventricle	Cortex_1->Lateral_ventricle	11	2011.176636	2181.505615	0.6093998551
Cortex_1	Lateral_ventricle	Cortex_1->Lateral_ventricle	12	2181.505615	2351.834717	0.6339641213
Cortex_1	Lateral_ventricle	Cortex_1->Lateral_ventricle	13	2351.834717	2522.163818	0.6769484878
Cortex_1	Lateral_ventricle	Cortex_1->Lateral_ventricle	14	2522.163818	2692.492676	0.7195365429
Cortex_1	Lateral_ventricle	Cortex_1->Lateral_ventricle	15	2692.492676	2862.821777	0.7506480813
Cortex_1	Lateral_ventricle	Cortex_1->Lateral_ventricle	16	2862.821777	3033.150879	0.7616225481
Cortex_1	Lateral_ventricle	Cortex_1->Lateral_ventricle	17	3033.150879	3203.47998	0.7658067942
Cortex_1	Lateral_ventricle	Cortex_1->Lateral_ventricle	18	3203.47998	3373.808838	0.7703664899
Cortex_1	Lateral_ventricle	Cortex_1->Lateral_ventricle	19	3373.808838	3544.137939	0.7706020474
Cortex_1	Lateral_ventricle	Cortex_1->Lateral_ventricle	20	3544.137939	3714.467041	0.7736039162
Cortex_1	Lateral_ventricle	Cortex_1->Lateral_ventricle	21	3714.467041	3884.796143	0.7763882875
Cortex_1	Lateral_ventricle	Cortex_1->Lateral_ventricle	22	3884.796143	4055.125	0.7809413671
Cortex_1	Lateral_ventricle	Cortex_1->Lateral_ventricle	23	4055.125	4225.454102	0.7888418436
Cortex_1	Pyramidal_layer	Cortex_1->Pyramidal_layer	0	137.5572662	307.8862915	0
Cortex_1	Pyramidal_layer	Cortex_1->Pyramidal_layer	1	307.8862915	478.215332	0
Cortex_1	Pyramidal_layer	Cortex_1->Pyramidal_layer	2	478.215332	648.5443726	0.03197496384
Cortex_1	Pyramidal_layer	Cortex_1->Pyramidal_layer	3	648.5443726	818.8734131	0.1429970562
Cortex_1	Pyramidal_layer	Cortex_1->Pyramidal_layer	4	818.8734131	989.2024536	0.5028451681
Cortex_1	Pyramidal_layer	Cortex_1->Pyramidal_layer	5	989.2024536	1159.531494	0.8594525456
Cortex_1	Pyramidal_layer	Cortex_1->Pyramidal_layer	6	1159.531494	1329.860474	1.240846276
Cortex_1	Pyramidal_layer	Cortex_1->Pyramidal_layer	7	1329.860474	1500.189575	1.470636725
Cortex_1	Pyramidal_layer	Cortex_1->Pyramidal_layer	8	1500.189575	1670.518555	1.600029945
Cortex_1	Pyramidal_layer	Cortex_1->Pyramidal_layer	9	1670.518555	1840.847656	1.694322586
Cortex_1	Pyramidal_layer	Cortex_1->Pyramidal_layer	10	1840.847656	2011.176636	1.756741285
Cortex_1	Pyramidal_layer	Cortex_1->Pyramidal_layer	11	2011.176636	2181.505615	1.78341186
Cortex_1	Pyramidal_layer	Cortex_1->Pyramidal_layer	12	2181.505615	2351.834717	1.803095698
Cortex_1	Pyramidal_layer	Cortex_1->Pyramidal_layer	13	2351.834717	2522.163818	1.786562443
Cortex_1	Pyramidal_layer	Cortex_1->Pyramidal_layer	14	2522.163818	2692.492676	1.765225768
Cortex_1	Pyramidal_layer	Cortex_1->Pyramidal_layer	15	2692.492676	2862.821777	1.731993675
Cortex_1	Pyramidal_layer	Cortex_1->Pyramidal_layer	16	2862.821777	3033.150879	1.711463094
Cortex_1	Pyramidal_layer	Cortex_1->Pyramidal_layer	17	3033.150879	3203.47998	1.685033798
Cortex_1	Pyramidal_layer	Cortex_1->Pyramidal_layer	18	3203.47998	3373.808838	1.658542633
Cortex_1	Pyramidal_layer	Cortex_1->Pyramidal_layer	19	3373.808838	3544.137939	1.626154423
Cortex_1	Pyramidal_layer	Cortex_1->Pyramidal_layer	20	3544.137939	3714.467041	1.596901178
Cortex_1	Pyramidal_layer	Cortex_1->Pyramidal_layer	21	3714.467041	3884.796143	1.564698696
Cortex_1	Pyramidal_layer	Cortex_1->Pyramidal_layer	22	3884.796143	4055.125	1.531224489
Cortex_1	Pyramidal_layer	Cortex_1->Pyramidal_layer	23	4055.125	4225.454102	1.493500948
Cortex_1	Pyramidal_layer_dentate_gyrus	Cortex_1->Pyramidal_layer_dentate_gyrus	0	137.5572662	307.8862915	0
Cortex_1	Pyramidal_layer_dentate_gyrus	Cortex_1->Pyramidal_layer_dentate_gyrus	1	307.8862915	478.215332	0
Cortex_1	Pyramidal_layer_dentate_gyrus	Cortex_1->Pyramidal_layer_dentate_gyrus	2	478.215332	648.5443726	0
Cortex_1	Pyramidal_layer_dentate_gyrus	Cortex_1->Pyramidal_layer_dentate_gyrus	3	648.5443726	818.8734131	0
Cortex_1	Pyramidal_layer_dentate_gyrus	Cortex_1->Pyramidal_layer_dentate_gyrus	4	818.8734131	989.2024536	0.004545258824
Cortex_1	Pyramidal_layer_dentate_gyrus	Cortex_1->Pyramidal_layer_dentate_gyrus	5	989.2024536	1159.531494	0.02866029553
Cortex_1	Pyramidal_layer_dentate_gyrus	Cortex_1->Pyramidal_layer_dentate_gyrus	6	1159.531494	1329.860474	0.1072943583
Cortex_1	Pyramidal_layer_dentate_gyrus	Cortex_1->Pyramidal_layer_dentate_gyrus	7	1329.860474	1500.189575	0.2012384832
Cortex_1	Pyramidal_layer_dentate_gyrus	Cortex_1->Pyramidal_layer_dentate_gyrus	8	1500.189575	1670.518555	0.3290203512
Cortex_1	Pyramidal_layer_dentate_gyrus	Cortex_1->Pyramidal_layer_dentate_gyrus	9	1670.518555	1840.847656	0.562486589
Cortex_1	Pyramidal_layer_dentate_gyrus	Cortex_1->Pyramidal_layer_dentate_gyrus	10	1840.847656	2011.176636	0.8253980875
Cortex_1	Pyramidal_layer_dentate_gyrus	Cortex_1->Pyramidal_layer_dentate_gyrus	11	2011.176636	2181.505615	1.113254666
Cortex_1	Pyramidal_layer_dentate_gyrus	Cortex_1->Pyramidal_layer_dentate_gyrus	12	2181.505615	2351.834717	1.306486011
Cortex_1	Pyramidal_layer_dentate_gyrus	Cortex_1->Pyramidal_layer_dentate_gyrus	13	2351.834717	2522.163818	1.445793629
Cortex_1	Pyramidal_layer_dentate_gyrus	Cortex_1->Pyramidal_layer_dentate_gyrus	14	2522.163818	2692.492676	1.50015521
Cortex_1	Pyramidal_layer_dentate_gyrus	Cortex_1->Pyramidal_layer_dentate_gyrus	15	2692.492676	2862.821777	1.518412471
Cortex_1	Pyramidal_layer_dentate_gyrus	Cortex_1->Pyramidal_layer_dentate_gyrus	16	2862.821777	3033.150879	1.508531094
Cortex_1	Pyramidal_layer_dentate_gyrus	Cortex_1->Pyramidal_layer_dentate_gyrus	17	3033.150879	3203.47998	1.502846956
Cortex_1	Pyramidal_layer_dentate_gyrus	Cortex_1->Pyramidal_layer_dentate_gyrus	18	3203.47998	3373.808838	1.479480028
Cortex_1	Pyramidal_layer_dentate_gyrus	Cortex_1->Pyramidal_layer_dentate_gyrus	19	3373.808838	3544.137939	1.458402157
Cortex_1	Pyramidal_layer_dentate_gyrus	Cortex_1->Pyramidal_layer_dentate_gyrus	20	3544.137939	3714.467041	1.435771108
Cortex_1	Pyramidal_layer_dentate_gyrus	Cortex_1->Pyramidal_layer_dentate_gyrus	21	3714.467041	3884.796143	1.410143018
Cortex_1	Pyramidal_layer_dentate_gyrus	Cortex_1->Pyramidal_layer_dentate_gyrus	22	3884.796143	4055.125	1.381357551
Cortex_1	Pyramidal_layer_dentate_gyrus	Cortex_1->Pyramidal_layer_dentate_gyrus	23	4055.125	4225.454102	1.342677951
Cortex_1	Striatum	Cortex_1->Striatum	0	137.5572662	307.8862915	0
Cortex_1	Striatum	Cortex_1->Striatum	1	307.8862915	478.215332	0
Cortex_1	Striatum	Cortex_1->Striatum	2	478.215332	648.5443726	0
Cortex_1	Striatum	Cortex_1->Striatum	3	648.5443726	818.8734131	0.01049774326
Cortex_1	Striatum	Cortex_1->Striatum	4	818.8734131	989.2024536	0.06811474264
Cortex_1	Striatum	Cortex_1->Striatum	5	989.2024536	1159.531494	0.1457440108
Cortex_1	Striatum	Cortex_1->Striatum	6	1159.531494	1329.860474	0.23981677
Cortex_1	Striatum	Cortex_1->Striatum	7	1329.860474	1500.189575	0.2934085727
Cortex_1	Striatum	Cortex_1->Striatum	8	1500.189575	1670.518555	0.3253827989
Cortex_1	Striatum	Cortex_1->Striatum	9	1670.518555	1840.847656	0.3542896509
Cortex_1	Striatum	Cortex_1->Striatum	10	1840.847656	2011.176636	0.3731440008
Cortex_1	Striatum	Cortex_1->Striatum	11	2011.176636	2181.505615	0.3910745084
Cortex_1	Striatum	Cortex_1->Striatum	12	2181.505615	2351.834717	0.4023225009
Cortex_1	Striatum	Cortex_1->Striatum	13	2351.834717	2522.163818	0.4181254506
Cortex_1	Striatum	Cortex_1->Striatum	14	2522.163818	2692.492676	0.4342298806
Cortex_1	Striatum	Cortex_1->Striatum	15	2692.492676	2862.821777	0.448628366
Cortex_1	Striatum	Cortex_1->Striatum	16	2862.821777	3033.150879	0.4656217992
Cortex_1	Striatum	Cortex_1->Striatum	17	3033.150879	3203.47998	0.4807569385
Cortex_1	Striatum	Cortex_1->Striatum	18	3203.47998	3373.808838	0.4972493947
Cortex_1	Striatum	Cortex_1->Striatum	19	3373.808838	3544.137939	0.5187366009
Cortex_1	Striatum	Cortex_1->Striatum	20	3544.137939	3714.467041	0.5365091562
Cortex_1	Striatum	Cortex_1->Striatum	21	3714.467041	3884.796143	0.5586095452
Cortex_1	Striatum	Cortex_1->Striatum	22	3884.796143	4055.125	0.5819995999
Cortex_1	Striatum	Cortex_1->Striatum	23	4055.125	4225.454102	0.6068892479
Cortex_1	Thalamus_1	Cortex_1->Thalamus_1	0	137.5572662	307.8862915	0
Cortex_1	Thalamus_1	Cortex_1->Thalamus_1	1	307.8862915	478.215332	0
Cortex_1	Thalamus_1	Cortex_1->Thalamus_1	2	478.215332	648.5443726	0
Cortex_1	Thalamus_1	Cortex_1->Thalamus_1	3	648.5443726	818.8734131	0
Cortex_1	Thalamus_1	Cortex_1->Thalamus_1	4	818.8734131	989.2024536	0
Cortex_1	Thalamus_1	Cortex_1->Thalamus_1	5	989.2024536	1159.531494	0
Cortex_1	Thalamus_1	Cortex_1->Thalamus_1	6	1159.531494	1329.860474	0
Cortex_1	Thalamus_1	Cortex_1->Thalamus_1	7	1329.860474	1500.189575	0
Cortex_1	Thalamus_1	Cortex_1->Thalamus_1	8	1500.189575	1670.518555	0
Cortex_1	Thalamus_1	Cortex_1->Thalamus_1	9	1670.518555	1840.847656	6.731283065e-05
Cortex_1	Thalamus_1	Cortex_1->Thalamus_1	10	1840.847656	2011.176636	0.00163420022
Cortex_1	Thalamus_1	Cortex_1->Thalamus_1	11	2011.176636	2181.505615	0.01219613105
Cortex_1	Thalamus_1	Cortex_1->Thalamus_1	12	2181.505615	2351.834717	0.04030858725
Cortex_1	Thalamus_1	Cortex_1->Thalamus_1	13	2351.834717	2522.163818	0.09561735392
Cortex_1	Thalamus_1	Cortex_1->Thalamus_1	14	2522.163818	2692.492676	0.1793280393
Cortex_1	Thalamus_1	Cortex_1->Thalamus_1	15	2692.492676	2862.821777	0.2700448036
Cortex_1	Thalamus_1	Cortex_1->Thalamus_1	16	2862.821777	3033.150879	0.3781732917
Cortex_1	Thalamus_1	Cortex_1->Thalamus_1	17	3033.150879	3203.47998	0.4707859755
Cortex_1	Thalamus_1	Cortex_1->Thalamus_1	18	3203.47998	3373.808838	0.5693541765
Cortex_1	Thalamus_1	Cortex_1->Thalamus_1	19	3373.808838	3544.137939	0.6587037444
Cortex_1	Thalamus_1	Cortex_1->Thalamus_1	20	3544.137939	3714.467041	0.7379308343
Cortex_1	Thalamus_1	Cortex_1->Thalamus_1	21	3714.467041	3884.796143	0.8127343655
Cortex_1	Thalamus_1	Cortex_1->Thalamus_1	22	3884.796143	4055.125	0.8694646955
Cortex_1	Thalamus_1	Cortex_1->Thalamus_1	23	4055.125	4225.454102	0.9282303452
Cortex_1	Thalamus_2	Cortex_1->Thalamus_2	0	137.5572662	307.8862915	0
Cortex_1	Thalamus_2	Cortex_1->Thalamus_2	1	307.8862915	478.215332	0
Cortex_1	Thalamus_2	Cortex_1->Thalamus_2	2	478.215332	648.5443726	0
Cortex_1	Thalamus_2	Cortex_1->Thalamus_2	3	648.5443726	818.8734131	0
Cortex_1	Thalamus_2	Cortex_1->Thalamus_2	4	818.8734131	989.2024536	0
Cortex_1	Thalamus_2	Cortex_1->Thalamus_2	5	989.2024536	1159.531494	0
Cortex_1	Thalamus_2	Cortex_1->Thalamus_2	6	1159.531494	1329.860474	0.0002138326527
Cortex_1	Thalamus_2	Cortex_1->Thalamus_2	7	1329.860474	1500.189575	0.001251378679
Cortex_1	Thalamus_2	Cortex_1->Thalamus_2	8	1500.189575	1670.518555	0.003549145767
Cortex_1	Thalamus_2	Cortex_1->Thalamus_2	9	1670.518555	1840.847656	0.009116263129
Cortex_1	Thalamus_2	Cortex_1->Thalamus_2	10	1840.847656	2011.176636	0.01401350368
Cortex_1	Thalamus_2	Cortex_1->Thalamus_2	11	2011.176636	2181.505615	0.02319188602
Cortex_1	Thalamus_2	Cortex_1->Thalamus_2	12	2181.505615	2351.834717	0.03314976022
Cortex_1	Thalamus_2	Cortex_1->Thalamus_2	13	2351.834717	2522.163818	0.05204779655
Cortex_1	Thalamus_2	Cortex_1->Thalamus_2	14	2522.163818	2692.492676	0.08413775265
Cortex_1	Thalamus_2	Cortex_1->Thalamus_2	15	2692.492676	2862.821777	0.1205799729
Cortex_1	Thalamus_2	Cortex_1->Thalamus_2	16	2862.821777	3033.150879	0.1655606329
Cortex_1	Thalamus_2	Cortex_1->Thalamus_2	17	3033.150879	3203.47998	0.2029016018
Cortex_1	Thalamus_2	Cortex_1->Thalamus_2	18	3203.47998	3373.808838	0.2458159029
Cortex_1	Thalamus_2	Cortex_1->Thalamus_2	19	3373.808838	3544.137939	0.288797766
Cortex_1	Thalamus_2	Cortex_1->Thalamus_2	20	3544.137939	3714.467041	0.3279308379
Cortex_1	Thalamus_2	Cortex_1->Thalamus_2	21	3714.467041	3884.796143	0.372194767
Cortex_1	Thalamus_2	Cortex_1->Thalamus_2	22	3884.796143	4055.125	0.4132972956
Cortex_1	Thalamus_2	Cortex_1->Thalamus_2	23	4055.125	4225.454102	0.4727309346
Cortex_2	Cortex_1	Cortex_2->Cortex_1	0	137.5572662	307.8862915	0.00621940149
Cortex_2	Cortex_1	Cortex_2->Cortex_1	1	307.8862915	478.215332	0.009460722096
Cortex_2	Cortex_1	Cortex_2->Cortex_1	2	478.215332	648.5443726	0.01611046121
Cortex_2	Cortex_1	Cortex_2->Cortex_1	3	648.5443726	818.8734131	0.01959210075
Cortex_2	Cortex_1	Cortex_2->Cortex_1	4	818.8734131	989.2024536	0.03163730726
Cortex_2	Cortex_1	Cortex_2->Cortex_1	5	989.2024536	1159.531494	0.04574363679
Cortex_2	Cortex_1	Cortex_2->Cortex_1	6	1159.531494	1329.860474	0.0645576641
Cortex_2	Cortex_1	Cortex_2->Cortex_1	7	1329.860474	1500.189575	0.08521618694
Cortex_2	Cortex_1	Cortex_2->Cortex_1	8	1500.189575	1670.518555	0.1016526893
Cortex_2	Cortex_1	Cortex_2->Cortex_1	9	1670.518555	1840.847656	0.1306256652
Cortex_2	Cortex_1	Cortex_2->Cortex_1	10	1840.847656	2011.176636	0.1561986804
Cortex_2	Cortex_1	Cortex_2->Cortex_1	11	2011.176636	2181.505615	0.1862211227
Cortex_2	Cortex_1	Cortex_2->Cortex_1	12	2181.505615	2351.834717	0.2125066072
Cortex_2	Cortex_1	Cortex_2->Cortex_1	13	2351.834717	2522.163818	0.2431159467
Cortex_2	Cortex_1	Cortex_2->Cortex_1	14	2522.163818	2692.492676	0.2798714936
Cortex_2	Cortex_1	Cortex_2->Cortex_1	15	2692.492676	2862.821777	0.3117946684
Cortex_2	Cortex_1	Cortex_2->Cortex_1	16	2862.821777	3033.150879	0.348772794
Cortex_2	Cortex_1	Cortex_2->Cortex_1	17	3033.150879	3203.47998	0.3777718544
Cortex_2	Cortex_1	Cortex_2->Cortex_1	18	3203.47998	3373.808838	0.4110992253
Cortex_2	Cortex_1	Cortex_2->Cortex_1	19	3373.808838	3544.137939	0.4434431791
Cortex_2	Cortex_1	Cortex_2->Cortex_1	20	3544.137939	3714.467041	0.4693077207
Cortex_2	Cortex_1	Cortex_2->Cortex_1	21	3714.467041	3884.796143	0.5009552836
Cortex_2	Cortex_1	Cortex_2->Cortex_1	22	3884.796143	4055.125	0.5299699903
Cortex_2	Cortex_1	Cortex_2->Cortex_1	23	4055.125	4225.454102	0.5587214828
Cortex_2	Cortex_2	Cortex_2->Cortex_2	0	137.5572662	307.8862915	8.16573143
Cortex_2	Cortex_2	Cortex_2->Cortex_2	1	307.8862915	478.215332	7.58600378
Cortex_2	Cortex_2	Cortex_2->Cortex_2	2	478.215332	648.5443726	7.12556076
Cortex_2	Cortex_2	Cortex_2->Cortex_2	3	648.5443726	818.8734131	6.845116138
Cortex_2	Cortex_2	Cortex_2->Cortex_2	4	818.8734131	989.2024536	6.474731922
Cortex_2	Cortex_2	Cortex_2->Cortex_2	5	989.2024536	1159.531494	6.220555782
Cortex_2	Cortex_2	Cortex_2->Cortex_2	6	1159.531494	1329.860474	5.907984257
Cortex_2	Cortex_2	Cortex_2->Cortex_2	7	1329.860474	1500.189575	5.637480259
Cortex_2	Cortex_2	Cortex_2->Cortex_2	8	1500.189575	1670.518555	5.370979309
Cortex_2	Cortex_2	Cortex_2->Cortex_2	9	1670.518555	1840.847656	5.028120041
Cortex_2	Cortex_2	Cortex_2->Cortex_2	10	1840.847656	2011.176636	4.728153706
Cortex_2	Cortex_2	Cortex_2->Cortex_2	11	2011.176636	2181.505615	4.400252342
Cortex_2	Cortex_2	Cortex_2->Cortex_2	12	2181.505615	2351.834717	4.107676983
Cortex_2	Cortex_2	Cortex_2->Cortex_2	13	2351.834717	2522.163818	3.818527699
Cortex_2	Cortex_2	Cortex_2->Cortex_2	14	2522.163818	2692.492676	3.513766289
Cortex_2	Cortex_2	Cortex_2->Cortex_2	15	2692.492676	2862.821777	3.256495237
Cortex_2	Cortex_2	Cortex_2->Cortex_2	16	2862.821777	3033.150879	2.985026598
Cortex_2	Cortex_2	Cortex_2->Cortex_2	17	3033.150879	3203.47998	2.764402151
Cortex_2	Cortex_2	Cortex_2->Cortex_2	18	3203.47998	3373.808838	2.540976286
Cortex_2	Cortex_2	Cortex_2->Cortex_2	19	3373.808838	3544.137939	2.344087601
Cortex_2	Cortex_2	Cortex_2->Cortex_2	20	3544.137939	3714.467041	2.175676584
Cortex_2	Cortex_2	Cortex_2->Cortex_2	21	3714.467041	3884.796143	2.015697241
Cortex_2	Cortex_2	Cortex_2->Cortex_2	22	3884.796143	4055.125	1.893063664
Cortex_2	Cortex_2	Cortex_2->Cortex_2	23	4055.125	4225.454102	1.75950253
Cortex_2	Cortex_3	Cortex_2->Cortex_3	0	137.5572662	307.8862915	0.6378239989
Cortex_2	Cortex_3	Cortex_2->Cortex_3	1	307.8862915	478.215332	0.7842627168
Cortex_2	Cortex_3	Cortex_2->Cortex_3	2	478.215332	648.5443726	0.8887490034
Cortex_2	Cortex_3	Cortex_2->Cortex_3	3	648.5443726	818.8734131	0.953014791
Cortex_2	Cortex_3	Cortex_2->Cortex_3	4	818.8734131	989.2024536	0.99867028
Cortex_2	Cortex_3	Cortex_2->Cortex_3	5	989.2024536	1159.531494	0.999387145
Cortex_2	Cortex_3	Cortex_2->Cortex_3	6	1159.531494	1329.860474	0.9875630736
Cortex_2	Cortex_3	Cortex_2->Cortex_3	7	1329.860474	1500.189575	0.9961509705
Cortex_2	Cortex_3	Cortex_2->Cortex_3	8	1500.189575	1670.518555	0.9991306663
Cortex_2	Cortex_3	Cortex_2->Cortex_3	9	1670.518555	1840.847656	1.027395129
Cortex_2	Cortex_3	Cortex_2->Cortex_3	10	1840.847656	2011.176636	1.047588706
Cortex_2	Cortex_3	Cortex_2->Cortex_3	11	2011.176636	2181.505615	1.0663234
Cortex_2	Cortex_3	Cortex_2->Cortex_3	12	2181.505615	2351.834717	1.075309873
Cortex_2	Cortex_3	Cortex_2->Cortex_3	13	2351.834717	2522.163818	1.087486029
Cortex_2	Cortex_3	Cortex_2->Cortex_3	14	2522.163818	2692.492676	1.092015743
Cortex_2	Cortex_3	Cortex_2->Cortex_3	15	2692.492676	2862.821777	1.096681476
Cortex_2	Cortex_3	Cortex_2->Cortex_3	16	2862.821777	3033.150879	1.086552858
Cortex_2	Cortex_3	Cortex_2->Cortex_3	17	3033.150879	3203.47998	1.078242183
Cortex_2	Cortex_3	Cortex_2->Cortex_3	18	3203.47998	3373.808838	1.062403798
Cortex_2	Cortex_3	Cortex_2->Cortex_3	19	3373.808838	3544.137939	1.049785018
Cortex_2	Cortex_3	Cortex_2->Cortex_3	20	3544.137939	3714.467041	1.030641198
Cortex_2	Cortex_3	Cortex_2->Cortex_3	21	3714.467041	3884.796143	1.014615297
Cortex_2	Cortex_3	Cortex_2->Cortex_3	22	3884.796143	4055.125	1.003015995
Cortex_2	Cortex_3	Cortex_2->Cortex_3	23	4055.125	4225.454102	0.9843725562
Cortex_2	Cortex_4	Cortex_2->Cortex_4	0	137.5572662	307.8862915	0.1088882759
Cortex_2	Cortex_4	Cortex_2->Cortex_4	1	307.8862915	478.215332	0.09163455665
Cortex_2	Cortex_4	Cortex_2->Cortex_4	2	478.215332	648.5443726	0.09880073369
Cortex_2	Cortex_4	Cortex_2->Cortex_4	3	648.5443726	818.8734131	0.1017927006
Cortex_2	Cortex_4	Cortex_2->Cortex_4	4	818.8734131	989.2024536	0.1155552715
Cortex_2	Cortex_4	Cortex_2->Cortex_4	5	989.2024536	1159.531494	0.1355049908
Cortex_2	Cortex_4	Cortex_2->Cortex_4	6	1159.531494	1329.860474	0.1724568456
Cortex_2	Cortex_4	Cortex_2->Cortex_4	7	1329.860474	1500.189575	0.2037328631
Cortex_2	Cortex_4	Cortex_2->Cortex_4	8	1500.189575	1670.518555	0.2260917574
Cortex_2	Cortex_4	Cortex_2->Cortex_4	9	1670.518555	1840.847656	0.2611752152
Cortex_2	Cortex_4	Cortex_2->Cortex_4	10	1840.847656	2011.176636	0.2842838466
Cortex_2	Cortex_4	Cortex_2->Cortex_4	11	2011.176636	2181.505615	0.3115932941
Cortex_2	Cortex_4	Cortex_2->Cortex_4	12	2181.505615	2351.834717	0.3301537931
Cortex_2	Cortex_4	Cortex_2->Cortex_4	13	2351.834717	2522.163818	0.3560465276
Cortex_2	Cortex_4	Cortex_2->Cortex_4	14	2522.163818	2692.492676	0.3782803118
Cortex_2	Cortex_4	Cortex_2->Cortex_4	15	2692.492676	2862.821777	0.4032685757
Cortex_2	Cortex_4	Cortex_2->Cortex_4	16	2862.821777	3033.150879	0.42372033
Cortex_2	Cortex_4	Cortex_2->Cortex_4	17	3033.150879	3203.47998	0.4435167611
Cortex_2	Cortex_4	Cortex_2->Cortex_4	18	3203.47998	3373.808838	0.4605805874
Cortex_2	Cortex_4	Cortex_2->Cortex_4	19	3373.808838	3544.137939	0.4813928306
Cortex_2	Cortex_4	Cortex_2->Cortex_4	20	3544.137939	3714.467041	0.4956496656
Cortex_2	Cortex_4	Cortex_2->Cortex_4	21	3714.467041	3884.796143	0.5148243308
Cortex_2	Cortex_4	Cortex_2->Cortex_4	22	3884.796143	4055.125	0.5336056352
Cortex_2	Cortex_4	Cortex_2->Cortex_4	23	4055.125	4225.454102	0.5560225844
Cortex_2	Cortex_5	Cortex_2->Cortex_5	0	137.5572662	307.8862915	2.13771677
Cortex_2	Cortex_5	Cortex_2->Cortex_5	1	307.8862915	478.215332	2.745071411
Cortex_2	Cortex_5	Cortex_2->Cortex_5	2	478.215332	648.5443726	3.050734282
Cortex_2	Cortex_5	Cortex_2->Cortex_5	3	648.5443726	818.8734131	3.124894142
Cortex_2	Cortex_5	Cortex_2->Cortex_5	4	818.8734131	989.2024536	3.132261276
Cortex_2	Cortex_5	Cortex_2->Cortex_5	5	989.2024536	1159.531494	3.067346334
Cortex_2	Cortex_5	Cortex_2->Cortex_5	6	1159.531494	1329.860474	2.983491898
Cortex_2	Cortex_5	Cortex_2->Cortex_5	7	1329.860474	1500.189575	2.901115894
Cortex_2	Cortex_5	Cortex_2->Cortex_5	8	1500.189575	1670.518555	2.798898697
Cortex_2	Cortex_5	Cortex_2->Cortex_5	9	1670.518555	1840.847656	2.661351204
Cortex_2	Cortex_5	Cortex_2->Cortex_5	10	1840.847656	2011.176636	2.513701916
Cortex_2	Cortex_5	Cortex_2->Cortex_5	11	2011.176636	2181.505615	2.354120255
Cortex_2	Cortex_5	Cortex_2->Cortex_5	12	2181.505615	2351.834717	2.215959549
Cortex_2	Cortex_5	Cortex_2->Cortex_5	13	2351.834717	2522.163818	2.086662054
Cortex_2	Cortex_5	Cortex_2->Cortex_5	14	2522.163818	2692.492676	1.958981633
Cortex_2	Cortex_5	Cortex_2->Cortex_5	15	2692.492676	2862.821777	1.855739713
Cortex_2	Cortex_5	Cortex_2->Cortex_5	16	2862.821777	3033.150879	1.746185184
Cortex_2	Cortex_5	Cortex_2->Cortex_5	17	3033.150879	3203.47998	1.655981302
Cortex_2	Cortex_5	Cortex_2->Cortex_5	18	3203.47998	3373.808838	1.566094279
Cortex_2	Cortex_5	Cortex_2->Cortex_5	19	3373.808838	3544.137939	1.485079765
Cortex_2	Cortex_5	Cortex_2->Cortex_5	20	3544.137939	3714.467041	1.411738157
Cortex_2	Cortex_5	Cortex_2->Cortex_5	21	3714.467041	3884.796143	1.340714216
Cortex_2	Cortex_5	Cortex_2->Cortex_5	22	3884.796143	4055.125	1.286687255
Cortex_2	Cortex_5	Cortex_2->Cortex_5	23	4055.125	4225.454102	1.223613381
Cortex_2	Fiber_tract	Cortex_2->Fiber_tract	0	137.5572662	307.8862915	0
Cortex_2	Fiber_tract	Cortex_2->Fiber_tract	1	307.8862915	478.215332	0
Cortex_2	Fiber_tract	Cortex_2->Fiber_tract	2	478.215332	648.5443726	0.01260407735
Cortex_2	Fiber_tract	Cortex_2->Fiber_tract	3	648.5443726	818.8734131	0.04405076429
Cortex_2	Fiber_tract	Cortex_2->Fiber_tract	4	818.8734131	989.2024536	0.1487927139
Cortex_2	Fiber_tract	Cortex_2->Fiber_tract	5	989.2024536	1159.531494	0.2800383568
Cortex_2	Fiber_tract	Cortex_2->Fiber_tract	6	1159.531494	1329.860474	0.4746850729
Cortex_2	Fiber_tract	Cortex_2->Fiber_tract	7	1329.860474	1500.189575	0.6283055544
Cortex_2	Fiber_tract	Cortex_2->Fiber_tract	8	1500.189575	1670.518555	0.7606309056
Cortex_2	Fiber_tract	Cortex_2->Fiber_tract	9	1670.518555	1840.847656	0.8745852709
Cortex_2	Fiber_tract	Cortex_2->Fiber_tract	10	1840.847656	2011.176636	0.9560266137
Cortex_2	Fiber_tract	Cortex_2->Fiber_tract	11	2011.176636	2181.505615	1.021796703
Cortex_2	Fiber_tract	Cortex_2->Fiber_tract	12	2181.505615	2351.834717	1.069918156
Cortex_2	Fiber_tract	Cortex_2->Fiber_tract	13	2351.834717	2522.163818	1.111507297
Cortex_2	Fiber_tract	Cortex_2->Fiber_tract	14	2522.163818	2692.492676	1.143129945
Cortex_2	Fiber_tract	Cortex_2->Fiber_tract	15	2692.492676	2862.821777	1.150011659
Cortex_2	Fiber_tract	Cortex_2->Fiber_tract	16	2862.821777	3033.150879	1.146559119
Cortex_2	Fiber_tract	Cortex_2->Fiber_tract	17	3033.150879	3203.47998	1.13260603
Cortex_2	Fiber_tract	Cortex_2->Fiber_tract	18	3203.47998	3373.808838	1.107281566
Cortex_2	Fiber_tract	Cortex_2->Fiber_tract	19	3373.808838	3544.137939	1.078495383
Cortex_2	Fiber_tract	Cortex_2->Fiber_tract	20	3544.137939	3714.467041	1.046474338
Cortex_2	Fiber_tract	Cortex_2->Fiber_tract	21	3714.467041	3884.796143	1.015917063
Cortex_2	Fiber_tract	Cortex_2->Fiber_tract	22	3884.796143	4055.125	0.9912400842
Cortex_2	Fiber_tract	Cortex_2->Fiber_tract	23	4055.125	4225.454102	0.964297235
Cortex_2	Hippocampus	Cortex_2->Hippocampus	0	137.5572662	307.8862915	0
Cortex_2	Hippocampus	Cortex_2->Hippocampus	1	307.8862915	478.215332	0
Cortex_2	Hippocampus	Cortex_2->Hippocampus	2	478.215332	648.5443726	0
Cortex_2	Hippocampus	Cortex_2->Hippocampus	3	648.5443726	818.8734131	0
Cortex_2	Hippocampus	Cortex_2->Hippocampus	4	818.8734131	989.2024536	0
Cortex_2	Hippocampus	Cortex_2->Hippocampus	5	989.2024536	1159.531494	0
Cortex_2	Hippocampus	Cortex_2->Hippocampus	6	1159.531494	1329.860474	0
Cortex_2	Hippocampus	Cortex_2->Hippocampus	7	1329.860474	1500.189575	0.0002571434597
Cortex_2	Hippocampus	Cortex_2->Hippocampus	8	1500.189575	1670.518555	0.002707091393
Cortex_2	Hippocampus	Cortex_2->Hippocampus	9	1670.518555	1840.847656	0.008372681215
Cortex_2	Hippocampus	Cortex_2->Hippocampus	10	1840.847656	2011.176636	0.01809045672
Cortex_2	Hippocampus	Cortex_2->Hippocampus	11	2011.176636	2181.505615	0.02772532403
Cortex_2	Hippocampus	Cortex_2->Hippocampus	12	2181.505615	2351.834717	0.03921047598
Cortex_2	Hippocampus	Cortex_2->Hippocampus	13	2351.834717	2522.163818	0.05640627071
Cortex_2	Hippocampus	Cortex_2->Hippocampus	14	2522.163818	2692.492676	0.07718622684
Cortex_2	Hippocampus	Cortex_2->Hippocampus	15	2692.492676	2862.821777	0.1034152284
Cortex_2	Hippocampus	Cortex_2->Hippocampus	16	2862.821777	3033.150879	0.1332451552
Cortex_2	Hippocampus	Cortex_2->Hippocampus	17	3033.150879	3203.47998	0.1642996967
Cortex_2	Hippocampus	Cortex_2->Hippocampus	18	3203.47998	3373.808838	0.1985291541
Cortex_2	Hippocampus	Cortex_2->Hippocampus	19	3373.808838	3544.137939	0.2416640967
Cortex_2	Hippocampus	Cortex_2->Hippocampus	20	3544.137939	3714.467041	0.2826723158
Cortex_2	Hippocampus	Cortex_2->Hippocampus	21	3714.467041	3884.796143	0.3320110738
Cortex_2	Hippocampus	Cortex_2->Hippocampus	22	3884.796143	4055.125	0.3783942759
Cortex_2	Hippocampus	Cortex_2->Hippocampus	23	4055.125	4225.454102	0.432713747
Cortex_2	Hypothalamus_1	Cortex_2->Hypothalamus_1	0	137.5572662	307.8862915	0
Cortex_2	Hypothalamus_1	Cortex_2->Hypothalamus_1	1	307.8862915	478.215332	0
Cortex_2	Hypothalamus_1	Cortex_2->Hypothalamus_1	2	478.215332	648.5443726	0
Cortex_2	Hypothalamus_1	Cortex_2->Hypothalamus_1	3	648.5443726	818.8734131	0
Cortex_2	Hypothalamus_1	Cortex_2->Hypothalamus_1	4	818.8734131	989.2024536	0
Cortex_2	Hypothalamus_1	Cortex_2->Hypothalamus_1	5	989.2024536	1159.531494	0.0002844901464
Cortex_2	Hypothalamus_1	Cortex_2->Hypothalamus_1	6	1159.531494	1329.860474	0.01073353551
Cortex_2	Hypothalamus_1	Cortex_2->Hypothalamus_1	7	1329.860474	1500.189575	0.03479369357
Cortex_2	Hypothalamus_1	Cortex_2->Hypothalamus_1	8	1500.189575	1670.518555	0.0873401165
Cortex_2	Hypothalamus_1	Cortex_2->Hypothalamus_1	9	1670.518555	1840.847656	0.1544363052
Cortex_2	Hypothalamus_1	Cortex_2->Hypothalamus_1	10	1840.847656	2011.176636	0.2508733273
Cortex_2	Hypothalamus_1	Cortex_2->Hypothalamus_1	11	2011.176636	2181.505615	0.3616822362
Cortex_2	Hypothalamus_1	Cortex_2->Hypothalamus_1	12	2181.505615	2351.834717	0.494921118
Cortex_2	Hypothalamus_1	Cortex_2->Hypothalamus_1	13	2351.834717	2522.163818	0.6070616841
Cortex_2	Hypothalamus_1	Cortex_2->Hypothalamus_1	14	2522.163818	2692.492676	0.7509662509
Cortex_2	Hypothalamus_1	Cortex_2->Hypothalamus_1	15	2692.492676	2862.821777	0.8710564971
Cortex_2	Hypothalamus_1	Cortex_2->Hypothalamus_1	16	2862.821777	3033.150879	1.002301335
Cortex_2	Hypothalamus_1	Cortex_2->Hypothalamus_1	17	3033.150879	3203.47998	1.115660667
Cortex_2	Hypothalamus_1	Cortex_2->Hypothalamus_1	18	3203.47998	3373.808838	1.224363685
Cortex_2	Hypothalamus_1	Cortex_2->Hypothalamus_1	19	3373.808838	3544.137939	1.315982938
Cortex_2	Hypothalamus_1	Cortex_2->Hypothalamus_1	20	3544.137939	3714.467041	1.398426294
Cortex_2	Hypothalamus_1	Cortex_2->Hypothalamus_1	21	3714.467041	3884.796143	1.464802265
Cortex_2	Hypothalamus_1	Cortex_2->Hypothalamus_1	22	3884.796143	4055.125	1.498079062
Cortex_2	Hypothalamus_1	Cortex_2->Hypothalamus_1	23	4055.125	4225.454102	1.536611438
Cortex_2	Hypothalamus_2	Cortex_2->Hypothalamus_2	0	137.5572662	307.8862915	0
Cortex_2	Hypothalamus_2	Cortex_2->Hypothalamus_2	1	307.8862915	478.215332	0
Cortex_2	Hypothalamus_2	Cortex_2->Hypothalamus_2	2	478.215332	648.5443726	0
Cortex_2	Hypothalamus_2	Cortex_2->Hypothalamus_2	3	648.5443726	818.8734131	0
Cortex_2	Hypothalamus_2	Cortex_2->Hypothalamus_2	4	818.8734131	989.2024536	0.001756268903
Cortex_2	Hypothalamus_2	Cortex_2->Hypothalamus_2	5	989.2024536	1159.531494	0.01116293576
Cortex_2	Hypothalamus_2	Cortex_2->Hypothalamus_2	6	1159.531494	1329.860474	0.06101573259
Cortex_2	Hypothalamus_2	Cortex_2->Hypothalamus_2	7	1329.860474	1500.189575	0.1436628848
Cortex_2	Hypothalamus_2	Cortex_2->Hypothalamus_2	8	1500.189575	1670.518555	0.2735204995
Cortex_2	Hypothalamus_2	Cortex_2->Hypothalamus_2	9	1670.518555	1840.847656	0.4511939883
Cortex_2	Hypothalamus_2	Cortex_2->Hypothalamus_2	10	1840.847656	2011.176636	0.6174972057
Cortex_2	Hypothalamus_2	Cortex_2->Hypothalamus_2	11	2011.176636	2181.505615	0.7893251181
Cortex_2	Hypothalamus_2	Cortex_2->Hypothalamus_2	12	2181.505615	2351.834717	0.9342226386
Cortex_2	Hypothalamus_2	Cortex_2->Hypothalamus_2	13	2351.834717	2522.163818	1.058828354
Cortex_2	Hypothalamus_2	Cortex_2->Hypothalamus_2	14	2522.163818	2692.492676	1.168996096
Cortex_2	Hypothalamus_2	Cortex_2->Hypothalamus_2	15	2692.492676	2862.821777	1.241083741
Cortex_2	Hypothalamus_2	Cortex_2->Hypothalamus_2	16	2862.821777	3033.150879	1.308798432
Cortex_2	Hypothalamus_2	Cortex_2->Hypothalamus_2	17	3033.150879	3203.47998	1.346680999
Cortex_2	Hypothalamus_2	Cortex_2->Hypothalamus_2	18	3203.47998	3373.808838	1.358854771
Cortex_2	Hypothalamus_2	Cortex_2->Hypothalamus_2	19	3373.808838	3544.137939	1.356774807
Cortex_2	Hypothalamus_2	Cortex_2->Hypothalamus_2	20	3544.137939	3714.467041	1.339689016
Cortex_2	Hypothalamus_2	Cortex_2->Hypothalamus_2	21	3714.467041	3884.796143	1.318996668
Cortex_2	Hypothalamus_2	Cortex_2->Hypothalamus_2	22	3884.796143	4055.125	1.295629978
Cortex_2	Hypothalamus_2	Cortex_2->Hypothalamus_2	23	4055.125	4225.454102	1.264906883
Cortex_2	Lateral_ventricle	Cortex_2->Lateral_ventricle	0	137.5572662	307.8862915	0.2230901569
Cortex_2	Lateral_ventricle	Cortex_2->Lateral_ventricle	1	307.8862915	478.215332	0.2954167724
Cortex_2	Lateral_ventricle	Cortex_2->Lateral_ventricle	2	478.215332	648.5443726	0.4079328477
Cortex_2	Lateral_ventricle	Cortex_2->Lateral_ventricle	3	648.5443726	818.8734131	0.5301575065
Cortex_2	Lateral_ventricle	Cortex_2->Lateral_ventricle	4	818.8734131	989.2024536	0.7697978616
Cortex_2	Lateral_ventricle	Cortex_2->Lateral_ventricle	5	989.2024536	1159.531494	0.9817458391
Cortex_2	Lateral_ventricle	Cortex_2->Lateral_ventricle	6	1159.531494	1329.860474	1.159288526
Cortex_2	Lateral_ventricle	Cortex_2->Lateral_ventricle	7	1329.860474	1500.189575	1.249665856
Cortex_2	Lateral_ventricle	Cortex_2->Lateral_ventricle	8	1500.189575	1670.518555	1.304857612
Cortex_2	Lateral_ventricle	Cortex_2->Lateral_ventricle	9	1670.518555	1840.847656	1.376136422
Cortex_2	Lateral_ventricle	Cortex_2->Lateral_ventricle	10	1840.847656	2011.176636	1.430759907
Cortex_2	Lateral_ventricle	Cortex_2->Lateral_ventricle	11	2011.176636	2181.505615	1.521740794
Cortex_2	Lateral_ventricle	Cortex_2->Lateral_ventricle	12	2181.505615	2351.834717	1.570877671
Cortex_2	Lateral_ventricle	Cortex_2->Lateral_ventricle	13	2351.834717	2522.163818	1.581340432
Cortex_2	Lateral_ventricle	Cortex_2->Lateral_ventricle	14	2522.163818	2692.492676	1.572527051
Cortex_2	Lateral_ventricle	Cortex_2->Lateral_ventricle	15	2692.492676	2862.821777	1.5489887
Cortex_2	Lateral_ventricle	Cortex_2->Lateral_ventricle	16	2862.821777	3033.150879	1.52832222
Cortex_2	Lateral_ventricle	Cortex_2->Lateral_ventricle	17	3033.150879	3203.47998	1.494678855
Cortex_2	Lateral_ventricle	Cortex_2->Lateral_ventricle	18	3203.47998	3373.808838	1.456148267
Cortex_2	Lateral_ventricle	Cortex_2->Lateral_ventricle	19	3373.808838	3544.137939	1.409227729
Cortex_2	Lateral_ventricle	Cortex_2->Lateral_ventricle	20	3544.137939	3714.467041	1.361867547
Cortex_2	Lateral_ventricle	Cortex_2->Lateral_ventricle	21	3714.467041	3884.796143	1.311873317
Cortex_2	Lateral_ventricle	Cortex_2->Lateral_ventricle	22	3884.796143	4055.125	1.267941236
Cortex_2	Lateral_ventricle	Cortex_2->Lateral_ventricle	23	4055.125	4225.454102	1.225522637
Cortex_2	Pyramidal_layer	Cortex_2->Pyramidal_layer	0	137.5572662	307.8862915	0
Cortex_2	Pyramidal_layer	Cortex_2->Pyramidal_layer	1	307.8862915	478.215332	0
Cortex_2	Pyramidal_layer	Cortex_2->Pyramidal_layer	2	478.215332	648.5443726	0
Cortex_2	Pyramidal_layer	Cortex_2->Pyramidal_layer	3	648.5443726	818.8734131	0
Cortex_2	Pyramidal_layer	Cortex_2->Pyramidal_layer	4	818.8734131	989.2024536	0
Cortex_2	Pyramidal_layer	Cortex_2->Pyramidal_layer	5	989.2024536	1159.531494	0
Cortex_2	Pyramidal_layer	Cortex_2->Pyramidal_layer	6	1159.531494	1329.860474	0
Cortex_2	Pyramidal_layer	Cortex_2->Pyramidal_layer	7	1329.860474	1500.189575	0
Cortex_2	Pyramidal_layer	Cortex_2->Pyramidal_layer	8	1500.189575	1670.518555	0
Cortex_2	Pyramidal_layer	Cortex_2->Pyramidal_layer	9	1670.518555	1840.847656	0
Cortex_2	Pyramidal_layer	Cortex_2->Pyramidal_layer	10	1840.847656	2011.176636	0
Cortex_2	Pyramidal_layer	Cortex_2->Pyramidal_layer	11	2011.176636	2181.505615	0
Cortex_2	Pyramidal_layer	Cortex_2->Pyramidal_layer	12	2181.505615	2351.834717	0
Cortex_2	Pyramidal_layer	Cortex_2->Pyramidal_layer	13	2351.834717	2522.163818	0
Cortex_2	Pyramidal_layer	Cortex_2->Pyramidal_layer	14	2522.163818	2692.492676	0.0008161677397
Cortex_2	Pyramidal_layer	Cortex_2->Pyramidal_layer	15	2692.492676	2862.821777	0.004028024618
Cortex_2	Pyramidal_layer	Cortex_2->Pyramidal_layer	16	2862.821777	3033.150879	0.009021899663
Cortex_2	Pyramidal_layer	Cortex_2->Pyramidal_layer	17	3033.150879	3203.47998	0.0187898688
Cortex_2	Pyramidal_layer	Cortex_2->Pyramidal_layer	18	3203.47998	3373.808838	0.03070563823
Cortex_2	Pyramidal_layer	Cortex_2->Pyramidal_layer	19	3373.808838	3544.137939	0.04992580041
Cortex_2	Pyramidal_layer	Cortex_2->Pyramidal_layer	20	3544.137939	3714.467041	0.06971437484
Cortex_2	Pyramidal_layer	Cortex_2->Pyramidal_layer	21	3714.467041	3884.796143	0.09780924022
Cortex_2	Pyramidal_layer	Cortex_2->Pyramidal_layer	22	3884.796143	4055.125	0.1308870316
Cortex_2	Pyramidal_layer	Cortex_2->Pyramidal_layer	23	4055.125	4225.454102	0.1704751849
Cortex_2	Pyramidal_layer_dentate_gyrus	Cortex_2->Pyramidal_layer_dentate_gyrus	0	137.5572662	307.8862915	0
Cortex_2	Pyramidal_layer_dentate_gyrus	Cortex_2->Pyramidal_layer_dentate_gyrus	1	307.8862915	478.215332	0
Cortex_2	Pyramidal_layer_dentate_gyrus	Cortex_2->Pyramidal_layer_dentate_gyrus	2	478.215332	648.5443726	0
Cortex_2	Pyramidal_layer_dentate_gyrus	Cortex_2->Pyramidal_layer_dentate_gyrus	3	648.5443726	818.8734131	0
Cortex_2	Pyramidal_layer_dentate_gyrus	Cortex_2->Pyramidal_layer_dentate_gyrus	4	818.8734131	989.2024536	0
Cortex_2	Pyramidal_layer_dentate_gyrus	Cortex_2->Pyramidal_layer_dentate_gyrus	5	989.2024536	1159.531494	0
Cortex_2	Pyramidal_layer_dentate_gyrus	Cortex_2->Pyramidal_layer_dentate_gyrus	6	1159.531494	1329.860474	0
Cortex_2	Pyramidal_layer_dentate_gyrus	Cortex_2->Pyramidal_layer_dentate_gyrus	7	1329.860474	1500.189575	0
Cortex_2	Pyramidal_layer_dentate_gyrus	Cortex_2->Pyramidal_layer_dentate_gyrus	8	1500.189575	1670.518555	0
Cortex_2	Pyramidal_layer_dentate_gyrus	Cortex_2->Pyramidal_layer_dentate_gyrus	9	1670.518555	1840.847656	0.001586243976
Cortex_2	Pyramidal_layer_dentate_gyrus	Cortex_2->Pyramidal_layer_dentate_gyrus	10	1840.847656	2011.176636	0.01203178149
Cortex_2	Pyramidal_layer_dentate_gyrus	Cortex_2->Pyramidal_layer_dentate_gyrus	11	2011.176636	2181.505615	0.02883187868
Cortex_2	Pyramidal_layer_dentate_gyrus	Cortex_2->Pyramidal_layer_dentate_gyrus	12	2181.505615	2351.834717	0.05192283541
Cortex_2	Pyramidal_layer_dentate_gyrus	Cortex_2->Pyramidal_layer_dentate_gyrus	13	2351.834717	2522.163818	0.08160693944
Cortex_2	Pyramidal_layer_dentate_gyrus	Cortex_2->Pyramidal_layer_dentate_gyrus	14	2522.163818	2692.492676	0.1180580035
Cortex_2	Pyramidal_layer_dentate_gyrus	Cortex_2->Pyramidal_layer_dentate_gyrus	15	2692.492676	2862.821777	0.1631716192
Cortex_2	Pyramidal_layer_dentate_gyrus	Cortex_2->Pyramidal_layer_dentate_gyrus	16	2862.821777	3033.150879	0.2139243335
Cortex_2	Pyramidal_layer_dentate_gyrus	Cortex_2->Pyramidal_layer_dentate_gyrus	17	3033.150879	3203.47998	0.2705825269
Cortex_2	Pyramidal_layer_dentate_gyrus	Cortex_2->Pyramidal_layer_dentate_gyrus	18	3203.47998	3373.808838	0.3388283551
Cortex_2	Pyramidal_layer_dentate_gyrus	Cortex_2->Pyramidal_layer_dentate_gyrus	19	3373.808838	3544.137939	0.4125424922
Cortex_2	Pyramidal_layer_dentate_gyrus	Cortex_2->Pyramidal_layer_dentate_gyrus	20	3544.137939	3714.467041	0.4815906286
Cortex_2	Pyramidal_layer_dentate_gyrus	Cortex_2->Pyramidal_layer_dentate_gyrus	21	3714.467041	3884.796143	0.5623236299
Cortex_2	Pyramidal_layer_dentate_gyrus	Cortex_2->Pyramidal_layer_dentate_gyrus	22	3884.796143	4055.125	0.6423513889
Cortex_2	Pyramidal_layer_dentate_gyrus	Cortex_2->Pyramidal_layer_dentate_gyrus	23	4055.125	4225.454102	0.7292656302
Cortex_2	Striatum	Cortex_2->Striatum	0	137.5572662	307.8862915	0.9510557055
Cortex_2	Striatum	Cortex_2->Striatum	1	307.8862915	478.215332	1.408277988
Cortex_2	Striatum	Cortex_2->Striatum	2	478.215332	648.5443726	1.90349853
Cortex_2	Striatum	Cortex_2->Striatum	3	648.5443726	818.8734131	2.158887625
Cortex_2	Striatum	Cortex_2->Striatum	4	818.8734131	989.2024536	2.413139582
Cortex_2	Striatum	Cortex_2->Striatum	5	989.2024536	1159.531494	2.517255545
Cortex_2	Striatum	Cortex_2->Striatum	6	1159.531494	1329.860474	2.576934576
Cortex_2	Striatum	Cortex_2->Striatum	7	1329.860474	1500.189575	2.612670183
Cortex_2	Striatum	Cortex_2->Striatum	8	1500.189575	1670.518555	2.622334242
Cortex_2	Striatum	Cortex_2->Striatum	9	1670.518555	1840.847656	2.649544239
Cortex_2	Striatum	Cortex_2->Striatum	10	1840.847656	2011.176636	2.63601613
Cortex_2	Striatum	Cortex_2->Striatum	11	2011.176636	2181.505615	2.588243008
Cortex_2	Striatum	Cortex_2->Striatum	12	2181.505615	2351.834717	2.519696951
Cortex_2	Striatum	Cortex_2->Striatum	13	2351.834717	2522.163818	2.432276249
Cortex_2	Striatum	Cortex_2->Striatum	14	2522.163818	2692.492676	2.341902256
Cortex_2	Striatum	Cortex_2->Striatum	15	2692.492676	2862.821777	2.247652054
Cortex_2	Striatum	Cortex_2->Striatum	16	2862.821777	3033.150879	2.137800455
Cortex_2	Striatum	Cortex_2->Striatum	17	3033.150879	3203.47998	2.037757635
Cortex_2	Striatum	Cortex_2->Striatum	18	3203.47998	3373.808838	1.932923794
Cortex_2	Striatum	Cortex_2->Striatum	19	3373.808838	3544.137939	1.829233289
Cortex_2	Striatum	Cortex_2->Striatum	20	3544.137939	3714.467041	1.735728264
Cortex_2	Striatum	Cortex_2->Striatum	21	3714.467041	3884.796143	1.64145267
Cortex_2	Striatum	Cortex_2->Striatum	22	3884.796143	4055.125	1.564616323
Cortex_2	Striatum	Cortex_2->Striatum	23	4055.125	4225.454102	1.478691936
Cortex_2	Thalamus_1	Cortex_2->Thalamus_1	0	137.5572662	307.8862915	0
Cortex_2	Thalamus_1	Cortex_2->Thalamus_1	1	307.8862915	478.215332	0
Cortex_2	Thalamus_1	Cortex_2->Thalamus_1	2	478.215332	648.5443726	0
Cortex_2	Thalamus_1	Cortex_2->Thalamus_1	3	648.5443726	818.8734131	0
Cortex_2	Thalamus_1	Cortex_2->Thalamus_1	4	818.8734131	989.2024536	0
Cortex_2	Thalamus_1	Cortex_2->Thalamus_1	5	989.2024536	1159.531494	0
Cortex_2	Thalamus_1	Cortex_2->Thalamus_1	6	1159.531494	1329.860474	0
Cortex_2	Thalamus_1	Cortex_2->Thalamus_1	7	1329.860474	1500.189575	0
Cortex_2	Thalamus_1	Cortex_2->Thalamus_1	8	1500.189575	1670.518555	0.0008620745502
Cortex_2	Thalamus_1	Cortex_2->Thalamus_1	9	1670.518555	1840.847656	0.010175623
Cortex_2	Thalamus_1	Cortex_2->Thalamus_1	10	1840.847656	2011.176636	0.02926877514
Cortex_2	Thalamus_1	Cortex_2->Thalamus_1	11	2011.176636	2181.505615	0.07170880586
Cortex_2	Thalamus_1	Cortex_2->Thalamus_1	12	2181.505615	2351.834717	0.1260833591
Cortex_2	Thalamus_1	Cortex_2->Thalamus_1	13	2351.834717	2522.163818	0.2067682743
Cortex_2	Thalamus_1	Cortex_2->Thalamus_1	14	2522.163818	2692.492676	0.2978878617
Cortex_2	Thalamus_1	Cortex_2->Thalamus_1	15	2692.492676	2862.821777	0.3946546912
Cortex_2	Thalamus_1	Cortex_2->Thalamus_1	16	2862.821777	3033.150879	0.5094627738
Cortex_2	Thalamus_1	Cortex_2->Thalamus_1	17	3033.150879	3203.47998	0.6085028052
Cortex_2	Thalamus_1	Cortex_2->Thalamus_1	18	3203.47998	3373.808838	0.7192153931
Cortex_2	Thalamus_1	Cortex_2->Thalamus_1	19	3373.808838	3544.137939	0.8088023067
Cortex_2	Thalamus_1	Cortex_2->Thalamus_1	20	3544.137939	3714.467041	0.8906928897
Cortex_2	Thalamus_1	Cortex_2->Thalamus_1	21	3714.467041	3884.796143	0.9513344765
Cortex_2	Thalamus_1	Cortex_2->Thalamus_1	22	3884.796143	4055.125	0.991089046
Cortex_2	Thalamus_1	Cortex_2->Thalamus_1	23	4055.125	4225.454102	1.029713035
Cortex_2	Thalamus_2	Cortex_2->Thalamus_2	0	137.5572662	307.8862915	0
Cortex_2	Thalamus_2	Cortex_2->Thalamus_2	1	307.8862915	478.215332	0
Cortex_2	Thalamus_2	Cortex_2->Thalamus_2	2	478.215332	648.5443726	0
Cortex_2	Thalamus_2	Cortex_2->Thalamus_2	3	648.5443726	818.8734131	0
Cortex_2	Thalamus_2	Cortex_2->Thalamus_2	4	818.8734131	989.2024536	0
Cortex_2	Thalamus_2	Cortex_2->Thalamus_2	5	989.2024536	1159.531494	0
Cortex_2	Thalamus_2	Cortex_2->Thalamus_2	6	1159.531494	1329.860474	0
Cortex_2	Thalamus_2	Cortex_2->Thalamus_2	7	1329.860474	1500.189575	0
Cortex_2	Thalamus_2	Cortex_2->Thalamus_2	8	1500.189575	1670.518555	0
Cortex_2	Thalamus_2	Cortex_2->Thalamus_2	9	1670.518555	1840.847656	0.002079624217
Cortex_2	Thalamus_2	Cortex_2->Thalamus_2	10	1840.847656	2011.176636	0.006052390672
Cortex_2	Thalamus_2	Cortex_2->Thalamus_2	11	2011.176636	2181.505615	0.01124773268
Cortex_2	Thalamus_2	Cortex_2->Thalamus_2	12	2181.505615	2351.834717	0.01536184829
Cortex_2	Thalamus_2	Cortex_2->Thalamus_2	13	2351.834717	2522.163818	0.02002252266
Cortex_2	Thalamus_2	Cortex_2->Thalamus_2	14	2522.163818	2692.492676	0.02726471983
Cortex_2	Thalamus_2	Cortex_2->Thalamus_2	15	2692.492676	2862.821777	0.03967365623
Cortex_2	Thalamus_2	Cortex_2->Thalamus_2	16	2862.821777	3033.150879	0.06686739624
Cortex_2	Thalamus_2	Cortex_2->Thalamus_2	17	3033.150879	3203.47998	0.1039829925
Cortex_2	Thalamus_2	Cortex_2->Thalamus_2	18	3203.47998	3373.808838	0.1699646115
Cortex_2	Thalamus_2	Cortex_2->Thalamus_2	19	3373.808838	3544.137939	0.2487213016
Cortex_2	Thalamus_2	Cortex_2->Thalamus_2	20	3544.137939	3714.467041	0.3454337716
Cortex_2	Thalamus_2	Cortex_2->Thalamus_2	21	3714.467041	3884.796143	0.4508472979
Cortex_2	Thalamus_2	Cortex_2->Thalamus_2	22	3884.796143	4055.125	0.5407975316
Cortex_2	Thalamus_2	Cortex_2->Thalamus_2	23	4055.125	4225.454102	0.6567981839
Cortex_3	Cortex_1	Cortex_3->Cortex_1	0	137.5572662	307.8862915	1.296011806
Cortex_3	Cortex_1	Cortex_3->Cortex_1	1	307.8862915	478.215332	1.704645038
Cortex_3	Cortex_1	Cortex_3->Cortex_1	2	478.215332	648.5443726	2.129792213
Cortex_3	Cortex_1	Cortex_3->Cortex_1	3	648.5443726	818.8734131	2.278379917
Cortex_3	Cortex_1	Cortex_3->Cortex_1	4	818.8734131	989.2024536	2.338406801
Cortex_3	Cortex_1	Cortex_3->Cortex_1	5	989.2024536	1159.531494	2.291935444
Cortex_3	Cortex_1	Cortex_3->Cortex_1	6	1159.531494	1329.860474	2.195443153
Cortex_3	Cortex_1	Cortex_3->Cortex_1	7	1329.860474	1500.189575	2.122140408
Cortex_3	Cortex_1	Cortex_3->Cortex_1	8	1500.189575	1670.518555	2.057556152
Cortex_3	Cortex_1	Cortex_3->Cortex_1	9	1670.518555	1840.847656	2.003003836
Cortex_3	Cortex_1	Cortex_3->Cortex_1	10	1840.847656	2011.176636	1.945169568
Cortex_3	Cortex_1	Cortex_3->Cortex_1	11	2011.176636	2181.505615	1.896159768
Cortex_3	Cortex_1	Cortex_3->Cortex_1	12	2181.505615	2351.834717	1.846372247
Cortex_3	Cortex_1	Cortex_3->Cortex_1	13	2351.834717	2522.163818	1.796929359
Cortex_3	Cortex_1	Cortex_3->Cortex_1	14	2522.163818	2692.492676	1.74732697
Cortex_3	Cortex_1	Cortex_3->Cortex_1	15	2692.492676	2862.821777	1.698254943
Cortex_3	Cortex_1	Cortex_3->Cortex_1	16	2862.821777	3033.150879	1.649433255
Cortex_3	Cortex_1	Cortex_3->Cortex_1	17	3033.150879	3203.47998	1.604955673
Cortex_3	Cortex_1	Cortex_3->Cortex_1	18	3203.47998	3373.808838	1.557898164
Cortex_3	Cortex_1	Cortex_3->Cortex_1	19	3373.808838	3544.137939	1.512846708
Cortex_3	Cortex_1	Cortex_3->Cortex_1	20	3544.137939	3714.467041	1.472201943
Cortex_3	Cortex_1	Cortex_3->Cortex_1	21	3714.467041	3884.796143	1.428793669
Cortex_3	Cortex_1	Cortex_3->Cortex_1	22	3884.796143	4055.125	1.394785523
Cortex_3	Cortex_1	Cortex_3->Cortex_1	23	4055.125	4225.454102	1.352663398
Cortex_3	Cortex_2	Cortex_3->Cortex_2	0	137.5572662	307.8862915	0.6378240585
Cortex_3	Cortex_2	Cortex_3->Cortex_2	1	307.8862915	478.215332	0.7842627764
Cortex_3	Cortex_2	Cortex_3->Cortex_2	2	478.215332	648.5443726	0.8887489438
Cortex_3	Cortex_2	Cortex_3->Cortex_2	3	648.5443726	818.8734131	0.953014791
Cortex_3	Cortex_2	Cortex_3->Cortex_2	4	818.8734131	989.2024536	0.9986701608
Cortex_3	Cortex_2	Cortex_3->Cortex_2	5	989.2024536	1159.531494	0.9993872046
Cortex_3	Cortex_2	Cortex_3->Cortex_2	6	1159.531494	1329.860474	0.987563014
Cortex_3	Cortex_2	Cortex_3->Cortex_2	7	1329.860474	1500.189575	0.9961509109
Cortex_3	Cortex_2	Cortex_3->Cortex_2	8	1500.189575	1670.518555	0.9991306067
Cortex_3	Cortex_2	Cortex_3->Cortex_2	9	1670.518555	1840.847656	1.027395248
Cortex_3	Cortex_2	Cortex_3->Cortex_2	10	1840.847656	2011.176636	1.047588825
Cortex_3	Cortex_2	Cortex_3->Cortex_2	11	2011.176636	2181.505615	1.066323519
Cortex_3	Cortex_2	Cortex_3->Cortex_2	12	2181.505615	2351.834717	1.075309992
Cortex_3	Cortex_2	Cortex_3->Cortex_2	13	2351.834717	2522.163818	1.087486029
Cortex_3	Cortex_2	Cortex_3->Cortex_2	14	2522.163818	2692.492676	1.092015624
Cortex_3	Cortex_2	Cortex_3->Cortex_2	15	2692.492676	2862.821777	1.096681595
Cortex_3	Cortex_2	Cortex_3->Cortex_2	16	2862.821777	3033.150879	1.086552858
Cortex_3	Cortex_2	Cortex_3->Cortex_2	17	3033.150879	3203.47998	1.078242064
Cortex_3	Cortex_2	Cortex_3->Cortex_2	18	3203.47998	3373.808838	1.062403679
Cortex_3	Cortex_2	Cortex_3->Cortex_2	19	3373.808838	3544.137939	1.049785137
Cortex_3	Cortex_2	Cortex_3->Cortex_2	20	3544.137939	3714.467041	1.030641079
Cortex_3	Cortex_2	Cortex_3->Cortex_2	21	3714.467041	3884.796143	1.014615297
Cortex_3	Cortex_2	Cortex_3->Cortex_2	22	3884.796143	4055.125	1.003015995
Cortex_3	Cortex_2	Cortex_3->Cortex_2	23	4055.125	4225.454102	0.984372735
Cortex_3	Cortex_3	Cortex_3->Cortex_3	0	137.5572662	307.8862915	7.164371014
Cortex_3	Cortex_3	Cortex_3->Cortex_3	1	307.8862915	478.215332	5.829379559
Cortex_3	Cortex_3	Cortex_3->Cortex_3	2	478.215332	648.5443726	4.507491112
Cortex_3	Cortex_3	Cortex_3->Cortex_3	3	648.5443726	818.8734131	3.84830761
Cortex_3	Cortex_3	Cortex_3->Cortex_3	4	818.8734131	989.2024536	3.131700277
Cortex_3	Cortex_3	Cortex_3->Cortex_3	5	989.2024536	1159.531494	2.728114367
Cortex_3	Cortex_3	Cortex_3->Cortex_3	6	1159.531494	1329.860474	2.387829542
Cortex_3	Cortex_3	Cortex_3->Cortex_3	7	1329.860474	1500.189575	2.209262133
Cortex_3	Cortex_3	Cortex_3->Cortex_3	8	1500.189575	1670.518555	2.085623026
Cortex_3	Cortex_3	Cortex_3->Cortex_3	9	1670.518555	1840.847656	1.966807127
Cortex_3	Cortex_3	Cortex_3->Cortex_3	10	1840.847656	2011.176636	1.891055703
Cortex_3	Cortex_3	Cortex_3->Cortex_3	11	2011.176636	2181.505615	1.810134292
Cortex_3	Cortex_3	Cortex_3->Cortex_3	12	2181.505615	2351.834717	1.747051954
Cortex_3	Cortex_3	Cortex_3->Cortex_3	13	2351.834717	2522.163818	1.68547833
Cortex_3	Cortex_3	Cortex_3->Cortex_3	14	2522.163818	2692.492676	1.622304797
Cortex_3	Cortex_3	Cortex_3->Cortex_3	15	2692.492676	2862.821777	1.578114152
Cortex_3	Cortex_3	Cortex_3->Cortex_3	16	2862.821777	3033.150879	1.517171979
Cortex_3	Cortex_3	Cortex_3->Cortex_3	17	3033.150879	3203.47998	1.475045562
Cortex_3	Cortex_3	Cortex_3->Cortex_3	18	3203.47998	3373.808838	1.426074028
Cortex_3	Cortex_3	Cortex_3->Cortex_3	19	3373.808838	3544.137939	1.385865688
Cortex_3	Cortex_3	Cortex_3->Cortex_3	20	3544.137939	3714.467041	1.345115185
Cortex_3	Cortex_3	Cortex_3->Cortex_3	21	3714.467041	3884.796143	1.303508043
Cortex_3	Cortex_3	Cortex_3->Cortex_3	22	3884.796143	4055.125	1.270342946
Cortex_3	Cortex_3	Cortex_3->Cortex_3	23	4055.125	4225.454102	1.231552839
Cortex_3	Cortex_4	Cortex_3->Cortex_4	0	137.5572662	307.8862915	0.02684796415
Cortex_3	Cortex_4	Cortex_3->Cortex_4	1	307.8862915	478.215332	0.134856686
Cortex_3	Cortex_4	Cortex_3->Cortex_4	2	478.215332	648.5443726	0.321089834
Cortex_3	Cortex_4	Cortex_3->Cortex_4	3	648.5443726	818.8734131	0.5434864759
Cortex_3	Cortex_4	Cortex_3->Cortex_4	4	818.8734131	989.2024536	1.076413393
Cortex_3	Cortex_4	Cortex_3->Cortex_4	5	989.2024536	1159.531494	1.539265871
Cortex_3	Cortex_4	Cortex_3->Cortex_4	6	1159.531494	1329.860474	1.937218189
Cortex_3	Cortex_4	Cortex_3->Cortex_4	7	1329.860474	1500.189575	2.105790854
Cortex_3	Cortex_4	Cortex_3->Cortex_4	8	1500.189575	1670.518555	2.163706779
Cortex_3	Cortex_4	Cortex_3->Cortex_4	9	1670.518555	1840.847656	2.170962334
Cortex_3	Cortex_4	Cortex_3->Cortex_4	10	1840.847656	2011.176636	2.142124653
Cortex_3	Cortex_4	Cortex_3->Cortex_4	11	2011.176636	2181.505615	2.096542358
Cortex_3	Cortex_4	Cortex_3->Cortex_4	12	2181.505615	2351.834717	2.047576189
Cortex_3	Cortex_4	Cortex_3->Cortex_4	13	2351.834717	2522.163818	1.990708232
Cortex_3	Cortex_4	Cortex_3->Cortex_4	14	2522.163818	2692.492676	1.937969208
Cortex_3	Cortex_4	Cortex_3->Cortex_4	15	2692.492676	2862.821777	1.882205248
Cortex_3	Cortex_4	Cortex_3->Cortex_4	16	2862.821777	3033.150879	1.82897675
Cortex_3	Cortex_4	Cortex_3->Cortex_4	17	3033.150879	3203.47998	1.777561784
Cortex_3	Cortex_4	Cortex_3->Cortex_4	18	3203.47998	3373.808838	1.724629521
Cortex_3	Cortex_4	Cortex_3->Cortex_4	19	3373.808838	3544.137939	1.673529148
Cortex_3	Cortex_4	Cortex_3->Cortex_4	20	3544.137939	3714.467041	1.623594642
Cortex_3	Cortex_4	Cortex_3->Cortex_4	21	3714.467041	3884.796143	1.57898438
Cortex_3	Cortex_4	Cortex_3->Cortex_4	22	3884.796143	4055.125	1.540100574
Cortex_3	Cortex_4	Cortex_3->Cortex_4	23	4055.125	4225.454102	1.491727114
Cortex_3	Cortex_5	Cortex_3->Cortex_5	0	137.5572662	307.8862915	0.04562822729
Cortex_3	Cortex_5	Cortex_3->Cortex_5	1	307.8862915	478.215332	0.08844638616
Cortex_3	Cortex_5	Cortex_3->Cortex_5	2	478.215332	648.5443726	0.2885516286
Cortex_3	Cortex_5	Cortex_3->Cortex_5	3	648.5443726	818.8734131	0.4625663161
Cortex_3	Cortex_5	Cortex_3->Cortex_5	4	818.8734131	989.2024536	0.7555593848
Cortex_3	Cortex_5	Cortex_3->Cortex_5	5	989.2024536	1159.531494	1.075495243
Cortex_3	Cortex_5	Cortex_3->Cortex_5	6	1159.531494	1329.860474	1.47442019
Cortex_3	Cortex_5	Cortex_3->Cortex_5	7	1329.860474	1500.189575	1.71324861
Cortex_3	Cortex_5	Cortex_3->Cortex_5	8	1500.189575	1670.518555	1.842488885
Cortex_3	Cortex_5	Cortex_3->Cortex_5	9	1670.518555	1840.847656	1.91610074
Cortex_3	Cortex_5	Cortex_3->Cortex_5	10	1840.847656	2011.176636	1.926064253
Cortex_3	Cortex_5	Cortex_3->Cortex_5	11	2011.176636	2181.505615	1.893879175
Cortex_3	Cortex_5	Cortex_3->Cortex_5	12	2181.505615	2351.834717	1.85516417
Cortex_3	Cortex_5	Cortex_3->Cortex_5	13	2351.834717	2522.163818	1.807470083
Cortex_3	Cortex_5	Cortex_3->Cortex_5	14	2522.163818	2692.492676	1.7634027
Cortex_3	Cortex_5	Cortex_3->Cortex_5	15	2692.492676	2862.821777	1.715107799
Cortex_3	Cortex_5	Cortex_3->Cortex_5	16	2862.821777	3033.150879	1.667054057
Cortex_3	Cortex_5	Cortex_3->Cortex_5	17	3033.150879	3203.47998	1.619032502
Cortex_3	Cortex_5	Cortex_3->Cortex_5	18	3203.47998	3373.808838	1.568443179
Cortex_3	Cortex_5	Cortex_3->Cortex_5	19	3373.808838	3544.137939	1.518051267
Cortex_3	Cortex_5	Cortex_3->Cortex_5	20	3544.137939	3714.467041	1.467693925
Cortex_3	Cortex_5	Cortex_3->Cortex_5	21	3714.467041	3884.796143	1.423523903
Cortex_3	Cortex_5	Cortex_3->Cortex_5	22	3884.796143	4055.125	1.38681519
Cortex_3	Cortex_5	Cortex_3->Cortex_5	23	4055.125	4225.454102	1.342664957
Cortex_3	Fiber_tract	Cortex_3->Fiber_tract	0	137.5572662	307.8862915	0.8659983277
Cortex_3	Fiber_tract	Cortex_3->Fiber_tract	1	307.8862915	478.215332	0.9681120515
Cortex_3	Fiber_tract	Cortex_3->Fiber_tract	2	478.215332	648.5443726	0.9560959339
Cortex_3	Fiber_tract	Cortex_3->Fiber_tract	3	648.5443726	818.8734131	0.9098547697
Cortex_3	Fiber_tract	Cortex_3->Fiber_tract	4	818.8734131	989.2024536	0.8461948633
Cortex_3	Fiber_tract	Cortex_3->Fiber_tract	5	989.2024536	1159.531494	0.8071191907
Cortex_3	Fiber_tract	Cortex_3->Fiber_tract	6	1159.531494	1329.860474	0.7964941859
Cortex_3	Fiber_tract	Cortex_3->Fiber_tract	7	1329.860474	1500.189575	0.7980057001
Cortex_3	Fiber_tract	Cortex_3->Fiber_tract	8	1500.189575	1670.518555	0.8206537366
Cortex_3	Fiber_tract	Cortex_3->Fiber_tract	9	1670.518555	1840.847656	0.8432078362
Cortex_3	Fiber_tract	Cortex_3->Fiber_tract	10	1840.847656	2011.176636	0.8693814874
Cortex_3	Fiber_tract	Cortex_3->Fiber_tract	11	2011.176636	2181.505615	0.8933565617
Cortex_3	Fiber_tract	Cortex_3->Fiber_tract	12	2181.505615	2351.834717	0.9111728668
Cortex_3	Fiber_tract	Cortex_3->Fiber_tract	13	2351.834717	2522.163818	0.9217361808
Cortex_3	Fiber_tract	Cortex_3->Fiber_tract	14	2522.163818	2692.492676	0.9307181835
Cortex_3	Fiber_tract	Cortex_3->Fiber_tract	15	2692.492676	2862.821777	0.936493516
Cortex_3	Fiber_tract	Cortex_3->Fiber_tract	16	2862.821777	3033.150879	0.9409879446
Cortex_3	Fiber_tract	Cortex_3->Fiber_tract	17	3033.150879	3203.47998	0.946675837
Cortex_3	Fiber_tract	Cortex_3->Fiber_tract	18	3203.47998	3373.808838	0.9527218938
Cortex_3	Fiber_tract	Cortex_3->Fiber_tract	19	3373.808838	3544.137939	0.9589576721
Cortex_3	Fiber_tract	Cortex_3->Fiber_tract	20	3544.137939	3714.467041	0.9654117823
Cortex_3	Fiber_tract	Cortex_3->Fiber_tract	21	3714.467041	3884.796143	0.9722323418
Cortex_3	Fiber_tract	Cortex_3->Fiber_tract	22	3884.796143	4055.125	0.9791814685
Cortex_3	Fiber_tract	Cortex_3->Fiber_tract	23	4055.125	4225.454102	0.9885075092
Cortex_3	Hippocampus	Cortex_3->Hippocampus	0	137.5572662	307.8862915	0.1714865714
Cortex_3	Hippocampus	Cortex_3->Hippocampus	1	307.8862915	478.215332	0.3936336339
Cortex_3	Hippocampus	Cortex_3->Hippocampus	2	478.215332	648.5443726	0.6007105708
Cortex_3	Hippocampus	Cortex_3->Hippocampus	3	648.5443726	818.8734131	0.736405015
Cortex_3	Hippocampus	Cortex_3->Hippocampus	4	818.8734131	989.2024536	0.9286675453
Cortex_3	Hippocampus	Cortex_3->Hippocampus	5	989.2024536	1159.531494	1.063810349
Cortex_3	Hippocampus	Cortex_3->Hippocampus	6	1159.531494	1329.860474	1.19422996
Cortex_3	Hippocampus	Cortex_3->Hippocampus	7	1329.860474	1500.189575	1.256384969
Cortex_3	Hippocampus	Cortex_3->Hippocampus	8	1500.189575	1670.518555	1.289632082
Cortex_3	Hippocampus	Cortex_3->Hippocampus	9	1670.518555	1840.847656	1.295838594
Cortex_3	Hippocampus	Cortex_3->Hippocampus	10	1840.847656	2011.176636	1.288811922
Cortex_3	Hippocampus	Cortex_3->Hippocampus	11	2011.176636	2181.505615	1.270941257
Cortex_3	Hippocampus	Cortex_3->Hippocampus	12	2181.505615	2351.834717	1.251392841
Cortex_3	Hippocampus	Cortex_3->Hippocampus	13	2351.834717	2522.163818	1.234418273
Cortex_3	Hippocampus	Cortex_3->Hippocampus	14	2522.163818	2692.492676	1.214709759
Cortex_3	Hippocampus	Cortex_3->Hippocampus	15	2692.492676	2862.821777	1.19855988
Cortex_3	Hippocampus	Cortex_3->Hippocampus	16	2862.821777	3033.150879	1.188144207
Cortex_3	Hippocampus	Cortex_3->Hippocampus	17	3033.150879	3203.47998	1.17770505
Cortex_3	Hippocampus	Cortex_3->Hippocampus	18	3203.47998	3373.808838	1.168195605
Cortex_3	Hippocampus	Cortex_3->Hippocampus	19	3373.808838	3544.137939	1.157270074
Cortex_3	Hippocampus	Cortex_3->Hippocampus	20	3544.137939	3714.467041	1.150384665
Cortex_3	Hippocampus	Cortex_3->Hippocampus	21	3714.467041	3884.796143	1.139863133
Cortex_3	Hippocampus	Cortex_3->Hippocampus	22	3884.796143	4055.125	1.129624009
Cortex_3	Hippocampus	Cortex_3->Hippocampus	23	4055.125	4225.454102	1.118155599
Cortex_3	Hypothalamus_1	Cortex_3->Hypothalamus_1	0	137.5572662	307.8862915	0
Cortex_3	Hypothalamus_1	Cortex_3->Hypothalamus_1	1	307.8862915	478.215332	0
Cortex_3	Hypothalamus_1	Cortex_3->Hypothalamus_1	2	478.215332	648.5443726	0
Cortex_3	Hypothalamus_1	Cortex_3->Hypothalamus_1	3	648.5443726	818.8734131	0
Cortex_3	Hypothalamus_1	Cortex_3->Hypothalamus_1	4	818.8734131	989.2024536	0
Cortex_3	Hypothalamus_1	Cortex_3->Hypothalamus_1	5	989.2024536	1159.531494	0
Cortex_3	Hypothalamus_1	Cortex_3->Hypothalamus_1	6	1159.531494	1329.860474	0
Cortex_3	Hypothalamus_1	Cortex_3->Hypothalamus_1	7	1329.860474	1500.189575	0
Cortex_3	Hypothalamus_1	Cortex_3->Hypothalamus_1	8	1500.189575	1670.518555	0
Cortex_3	Hypothalamus_1	Cortex_3->Hypothalamus_1	9	1670.518555	1840.847656	0
Cortex_3	Hypothalamus_1	Cortex_3->Hypothalamus_1	10	1840.847656	2011.176636	0
Cortex_3	Hypothalamus_1	Cortex_3->Hypothalamus_1	11	2011.176636	2181.505615	0
Cortex_3	Hypothalamus_1	Cortex_3->Hypothalamus_1	12	2181.505615	2351.834717	0
Cortex_3	Hypothalamus_1	Cortex_3->Hypothalamus_1	13	2351.834717	2522.163818	0
Cortex_3	Hypothalamus_1	Cortex_3->Hypothalamus_1	14	2522.163818	2692.492676	0
Cortex_3	Hypothalamus_1	Cortex_3->Hypothalamus_1	15	2692.492676	2862.821777	0
Cortex_3	Hypothalamus_1	Cortex_3->Hypothalamus_1	16	2862.821777	3033.150879	6.925710477e-05
Cortex_3	Hypothalamus_1	Cortex_3->Hypothalamus_1	17	3033.150879	3203.47998	0.00142022036
Cortex_3	Hypothalamus_1	Cortex_3->Hypothalamus_1	18	3203.47998	3373.808838	0.005501704756
Cortex_3	Hypothalamus_1	Cortex_3->Hypothalamus_1	19	3373.808838	3544.137939	0.01491495967
Cortex_3	Hypothalamus_1	Cortex_3->Hypothalamus_1	20	3544.137939	3714.467041	0.03151909262
Cortex_3	Hypothalamus_1	Cortex_3->Hypothalamus_1	21	3714.467041	3884.796143	0.05221261084
Cortex_3	Hypothalamus_1	Cortex_3->Hypothalamus_1	22	3884.796143	4055.125	0.0745421946
Cortex_3	Hypothalamus_1	Cortex_3->Hypothalamus_1	23	4055.125	4225.454102	0.1211371943
Cortex_3	Hypothalamus_2	Cortex_3->Hypothalamus_2	0	137.5572662	307.8862915	0
Cortex_3	Hypothalamus_2	Cortex_3->Hypothalamus_2	1	307.8862915	478.215332	0
Cortex_3	Hypothalamus_2	Cortex_3->Hypothalamus_2	2	478.215332	648.5443726	0
Cortex_3	Hypothalamus_2	Cortex_3->Hypothalamus_2	3	648.5443726	818.8734131	0
Cortex_3	Hypothalamus_2	Cortex_3->Hypothalamus_2	4	818.8734131	989.2024536	0
Cortex_3	Hypothalamus_2	Cortex_3->Hypothalamus_2	5	989.2024536	1159.531494	0
Cortex_3	Hypothalamus_2	Cortex_3->Hypothalamus_2	6	1159.531494	1329.860474	0.0006575031439
Cortex_3	Hypothalamus_2	Cortex_3->Hypothalamus_2	7	1329.860474	1500.189575	0.007623484358
Cortex_3	Hypothalamus_2	Cortex_3->Hypothalamus_2	8	1500.189575	1670.518555	0.04114164039
Cortex_3	Hypothalamus_2	Cortex_3->Hypothalamus_2	9	1670.518555	1840.847656	0.1063237563
Cortex_3	Hypothalamus_2	Cortex_3->Hypothalamus_2	10	1840.847656	2011.176636	0.1953098327
Cortex_3	Hypothalamus_2	Cortex_3->Hypothalamus_2	11	2011.176636	2181.505615	0.2944572866
Cortex_3	Hypothalamus_2	Cortex_3->Hypothalamus_2	12	2181.505615	2351.834717	0.3830116391
Cortex_3	Hypothalamus_2	Cortex_3->Hypothalamus_2	13	2351.834717	2522.163818	0.4533580244
Cortex_3	Hypothalamus_2	Cortex_3->Hypothalamus_2	14	2522.163818	2692.492676	0.5066887736
Cortex_3	Hypothalamus_2	Cortex_3->Hypothalamus_2	15	2692.492676	2862.821777	0.5410792232
Cortex_3	Hypothalamus_2	Cortex_3->Hypothalamus_2	16	2862.821777	3033.150879	0.5742021799
Cortex_3	Hypothalamus_2	Cortex_3->Hypothalamus_2	17	3033.150879	3203.47998	0.6029274464
Cortex_3	Hypothalamus_2	Cortex_3->Hypothalamus_2	18	3203.47998	3373.808838	0.6396965981
Cortex_3	Hypothalamus_2	Cortex_3->Hypothalamus_2	19	3373.808838	3544.137939	0.6760718226
Cortex_3	Hypothalamus_2	Cortex_3->Hypothalamus_2	20	3544.137939	3714.467041	0.716776669
Cortex_3	Hypothalamus_2	Cortex_3->Hypothalamus_2	21	3714.467041	3884.796143	0.7579922676
Cortex_3	Hypothalamus_2	Cortex_3->Hypothalamus_2	22	3884.796143	4055.125	0.7934659123
Cortex_3	Hypothalamus_2	Cortex_3->Hypothalamus_2	23	4055.125	4225.454102	0.8383094668
Cortex_3	Lateral_ventricle	Cortex_3->Lateral_ventricle	0	137.5572662	307.8862915	0.08862090856
Cortex_3	Lateral_ventricle	Cortex_3->Lateral_ventricle	1	307.8862915	478.215332	0.2400889844
Cortex_3	Lateral_ventricle	Cortex_3->Lateral_ventricle	2	478.215332	648.5443726	0.3840486109
Cortex_3	Lateral_ventricle	Cortex_3->Lateral_ventricle	3	648.5443726	818.8734131	0.4727523029
Cortex_3	Lateral_ventricle	Cortex_3->Lateral_ventricle	4	818.8734131	989.2024536	0.5712144375
Cortex_3	Lateral_ventricle	Cortex_3->Lateral_ventricle	5	989.2024536	1159.531494	0.6552268863
Cortex_3	Lateral_ventricle	Cortex_3->Lateral_ventricle	6	1159.531494	1329.860474	0.788631618
Cortex_3	Lateral_ventricle	Cortex_3->Lateral_ventricle	7	1329.860474	1500.189575	0.8875454664
Cortex_3	Lateral_ventricle	Cortex_3->Lateral_ventricle	8	1500.189575	1670.518555	0.9715328217
Cortex_3	Lateral_ventricle	Cortex_3->Lateral_ventricle	9	1670.518555	1840.847656	1.027073264
Cortex_3	Lateral_ventricle	Cortex_3->Lateral_ventricle	10	1840.847656	2011.176636	1.050301433
Cortex_3	Lateral_ventricle	Cortex_3->Lateral_ventricle	11	2011.176636	2181.505615	1.03842628
Cortex_3	Lateral_ventricle	Cortex_3->Lateral_ventricle	12	2181.505615	2351.834717	1.011865258
Cortex_3	Lateral_ventricle	Cortex_3->Lateral_ventricle	13	2351.834717	2522.163818	0.9797457457
Cortex_3	Lateral_ventricle	Cortex_3->Lateral_ventricle	14	2522.163818	2692.492676	0.9513220191
Cortex_3	Lateral_ventricle	Cortex_3->Lateral_ventricle	15	2692.492676	2862.821777	0.9273738265
Cortex_3	Lateral_ventricle	Cortex_3->Lateral_ventricle	16	2862.821777	3033.150879	0.9121296406
Cortex_3	Lateral_ventricle	Cortex_3->Lateral_ventricle	17	3033.150879	3203.47998	0.8969861865
Cortex_3	Lateral_ventricle	Cortex_3->Lateral_ventricle	18	3203.47998	3373.808838	0.891582489
Cortex_3	Lateral_ventricle	Cortex_3->Lateral_ventricle	19	3373.808838	3544.137939	0.8859634995
Cortex_3	Lateral_ventricle	Cortex_3->Lateral_ventricle	20	3544.137939	3714.467041	0.8868514895
Cortex_3	Lateral_ventricle	Cortex_3->Lateral_ventricle	21	3714.467041	3884.796143	0.8905853629
Cortex_3	Lateral_ventricle	Cortex_3->Lateral_ventricle	22	3884.796143	4055.125	0.8962515593
Cortex_3	Lateral_ventricle	Cortex_3->Lateral_ventricle	23	4055.125	4225.454102	0.9024009109
Cortex_3	Pyramidal_layer	Cortex_3->Pyramidal_layer	0	137.5572662	307.8862915	0
Cortex_3	Pyramidal_layer	Cortex_3->Pyramidal_layer	1	307.8862915	478.215332	0.2037597299
Cortex_3	Pyramidal_layer	Cortex_3->Pyramidal_layer	2	478.215332	648.5443726	0.9423757195
Cortex_3	Pyramidal_layer	Cortex_3->Pyramidal_layer	3	648.5443726	818.8734131	1.238806129
Cortex_3	Pyramidal_layer	Cortex_3->Pyramidal_layer	4	818.8734131	989.2024536	1.42125845
Cortex_3	Pyramidal_layer	Cortex_3->Pyramidal_layer	5	989.2024536	1159.531494	1.433255076
Cortex_3	Pyramidal_layer	Cortex_3->Pyramidal_layer	6	1159.531494	1329.860474	1.389289021
Cortex_3	Pyramidal_layer	Cortex_3->Pyramidal_layer	7	1329.860474	1500.189575	1.33671999
Cortex_3	Pyramidal_layer	Cortex_3->Pyramidal_layer	8	1500.189575	1670.518555	1.304929733
Cortex_3	Pyramidal_layer	Cortex_3->Pyramidal_layer	9	1670.518555	1840.847656	1.257486939
Cortex_3	Pyramidal_layer	Cortex_3->Pyramidal_layer	10	1840.847656	2011.176636	1.214623928
Cortex_3	Pyramidal_layer	Cortex_3->Pyramidal_layer	11	2011.176636	2181.505615	1.185836434
Cortex_3	Pyramidal_layer	Cortex_3->Pyramidal_layer	12	2181.505615	2351.834717	1.164528966
Cortex_3	Pyramidal_layer	Cortex_3->Pyramidal_layer	13	2351.834717	2522.163818	1.15249753
Cortex_3	Pyramidal_layer	Cortex_3->Pyramidal_layer	14	2522.163818	2692.492676	1.13961637
Cortex_3	Pyramidal_layer	Cortex_3->Pyramidal_layer	15	2692.492676	2862.821777	1.130386829
Cortex_3	Pyramidal_layer	Cortex_3->Pyramidal_layer	16	2862.821777	3033.150879	1.126731396
Cortex_3	Pyramidal_layer	Cortex_3->Pyramidal_layer	17	3033.150879	3203.47998	1.120698571
Cortex_3	Pyramidal_layer	Cortex_3->Pyramidal_layer	18	3203.47998	3373.808838	1.115553856
Cortex_3	Pyramidal_layer	Cortex_3->Pyramidal_layer	19	3373.808838	3544.137939	1.11231482
Cortex_3	Pyramidal_layer	Cortex_3->Pyramidal_layer	20	3544.137939	3714.467041	1.113078237
Cortex_3	Pyramidal_layer	Cortex_3->Pyramidal_layer	21	3714.467041	3884.796143	1.111182213
Cortex_3	Pyramidal_layer	Cortex_3->Pyramidal_layer	22	3884.796143	4055.125	1.10732305
Cortex_3	Pyramidal_layer	Cortex_3->Pyramidal_layer	23	4055.125	4225.454102	1.104633451
Cortex_3	Pyramidal_layer_dentate_gyrus	Cortex_3->Pyramidal_layer_dentate_gyrus	0	137.5572662	307.8862915	0
Cortex_3	Pyramidal_layer_dentate_gyrus	Cortex_3->Pyramidal_layer_dentate_gyrus	1	307.8862915	478.215332	0.007599431556
Cortex_3	Pyramidal_layer_dentate_gyrus	Cortex_3->Pyramidal_layer_dentate_gyrus	2	478.215332	648.5443726	0.0586803481
Cortex_3	Pyramidal_layer_dentate_gyrus	Cortex_3->Pyramidal_layer_dentate_gyrus	3	648.5443726	818.8734131	0.1315795183
Cortex_3	Pyramidal_layer_dentate_gyrus	Cortex_3->Pyramidal_layer_dentate_gyrus	4	818.8734131	989.2024536	0.2634325027
Cortex_3	Pyramidal_layer_dentate_gyrus	Cortex_3->Pyramidal_layer_dentate_gyrus	5	989.2024536	1159.531494	0.365449369
Cortex_3	Pyramidal_layer_dentate_gyrus	Cortex_3->Pyramidal_layer_dentate_gyrus	6	1159.531494	1329.860474	0.500631094
Cortex_3	Pyramidal_layer_dentate_gyrus	Cortex_3->Pyramidal_layer_dentate_gyrus	7	1329.860474	1500.189575	0.7054768205
Cortex_3	Pyramidal_layer_dentate_gyrus	Cortex_3->Pyramidal_layer_dentate_gyrus	8	1500.189575	1670.518555	0.9231755137
Cortex_3	Pyramidal_layer_dentate_gyrus	Cortex_3->Pyramidal_layer_dentate_gyrus	9	1670.518555	1840.847656	1.153465152
Cortex_3	Pyramidal_layer_dentate_gyrus	Cortex_3->Pyramidal_layer_dentate_gyrus	10	1840.847656	2011.176636	1.244972467
Cortex_3	Pyramidal_layer_dentate_gyrus	Cortex_3->Pyramidal_layer_dentate_gyrus	11	2011.176636	2181.505615	1.275269747
Cortex_3	Pyramidal_layer_dentate_gyrus	Cortex_3->Pyramidal_layer_dentate_gyrus	12	2181.505615	2351.834717	1.27942884
Cortex_3	Pyramidal_layer_dentate_gyrus	Cortex_3->Pyramidal_layer_dentate_gyrus	13	2351.834717	2522.163818	1.265903831
Cortex_3	Pyramidal_layer_dentate_gyrus	Cortex_3->Pyramidal_layer_dentate_gyrus	14	2522.163818	2692.492676	1.25231111
Cortex_3	Pyramidal_layer_dentate_gyrus	Cortex_3->Pyramidal_layer_dentate_gyrus	15	2692.492676	2862.821777	1.238718748
Cortex_3	Pyramidal_layer_dentate_gyrus	Cortex_3->Pyramidal_layer_dentate_gyrus	16	2862.821777	3033.150879	1.225844026
Cortex_3	Pyramidal_layer_dentate_gyrus	Cortex_3->Pyramidal_layer_dentate_gyrus	17	3033.150879	3203.47998	1.215354919
Cortex_3	Pyramidal_layer_dentate_gyrus	Cortex_3->Pyramidal_layer_dentate_gyrus	18	3203.47998	3373.808838	1.207333446
Cortex_3	Pyramidal_layer_dentate_gyrus	Cortex_3->Pyramidal_layer_dentate_gyrus	19	3373.808838	3544.137939	1.191118121
Cortex_3	Pyramidal_layer_dentate_gyrus	Cortex_3->Pyramidal_layer_dentate_gyrus	20	3544.137939	3714.467041	1.180680752
Cortex_3	Pyramidal_layer_dentate_gyrus	Cortex_3->Pyramidal_layer_dentate_gyrus	21	3714.467041	3884.796143	1.163091898
Cortex_3	Pyramidal_layer_dentate_gyrus	Cortex_3->Pyramidal_layer_dentate_gyrus	22	3884.796143	4055.125	1.144236565
Cortex_3	Pyramidal_layer_dentate_gyrus	Cortex_3->Pyramidal_layer_dentate_gyrus	23	4055.125	4225.454102	1.128267884
Cortex_3	Striatum	Cortex_3->Striatum	0	137.5572662	307.8862915	0.3546691835
Cortex_3	Striatum	Cortex_3->Striatum	1	307.8862915	478.215332	0.5502634048
Cortex_3	Striatum	Cortex_3->Striatum	2	478.215332	648.5443726	0.7201344371
Cortex_3	Striatum	Cortex_3->Striatum	3	648.5443726	818.8734131	0.8227695227
Cortex_3	Striatum	Cortex_3->Striatum	4	818.8734131	989.2024536	0.9342524409
Cortex_3	Striatum	Cortex_3->Striatum	5	989.2024536	1159.531494	0.9924572706
Cortex_3	Striatum	Cortex_3->Striatum	6	1159.531494	1329.860474	1.022332788
Cortex_3	Striatum	Cortex_3->Striatum	7	1329.860474	1500.189575	1.013032913
Cortex_3	Striatum	Cortex_3->Striatum	8	1500.189575	1670.518555	0.987139225
Cortex_3	Striatum	Cortex_3->Striatum	9	1670.518555	1840.847656	0.9549966455
Cortex_3	Striatum	Cortex_3->Striatum	10	1840.847656	2011.176636	0.9248575568
Cortex_3	Striatum	Cortex_3->Striatum	11	2011.176636	2181.505615	0.9047535658
Cortex_3	Striatum	Cortex_3->Striatum	12	2181.505615	2351.834717	0.889375031
Cortex_3	Striatum	Cortex_3->Striatum	13	2351.834717	2522.163818	0.8858761191
Cortex_3	Striatum	Cortex_3->Striatum	14	2522.163818	2692.492676	0.880366087
Cortex_3	Striatum	Cortex_3->Striatum	15	2692.492676	2862.821777	0.8787543774
Cortex_3	Striatum	Cortex_3->Striatum	16	2862.821777	3033.150879	0.8832792044
Cortex_3	Striatum	Cortex_3->Striatum	17	3033.150879	3203.47998	0.886300087
Cortex_3	Striatum	Cortex_3->Striatum	18	3203.47998	3373.808838	0.8917003274
Cortex_3	Striatum	Cortex_3->Striatum	19	3373.808838	3544.137939	0.8993760943
Cortex_3	Striatum	Cortex_3->Striatum	20	3544.137939	3714.467041	0.9034373164
Cortex_3	Striatum	Cortex_3->Striatum	21	3714.467041	3884.796143	0.9072245359
Cortex_3	Striatum	Cortex_3->Striatum	22	3884.796143	4055.125	0.9118211865
Cortex_3	Striatum	Cortex_3->Striatum	23	4055.125	4225.454102	0.9122512341
Cortex_3	Thalamus_1	Cortex_3->Thalamus_1	0	137.5572662	307.8862915	0
Cortex_3	Thalamus_1	Cortex_3->Thalamus_1	1	307.8862915	478.215332	0
Cortex_3	Thalamus_1	Cortex_3->Thalamus_1	2	478.215332	648.5443726	0
Cortex_3	Thalamus_1	Cortex_3->Thalamus_1	3	648.5443726	818.8734131	0
Cortex_3	Thalamus_1	Cortex_3->Thalamus_1	4	818.8734131	989.2024536	0
Cortex_3	Thalamus_1	Cortex_3->Thalamus_1	5	989.2024536	1159.531494	0
Cortex_3	Thalamus_1	Cortex_3->Thalamus_1	6	1159.531494	1329.860474	0
Cortex_3	Thalamus_1	Cortex_3->Thalamus_1	7	1329.860474	1500.189575	0
Cortex_3	Thalamus_1	Cortex_3->Thalamus_1	8	1500.189575	1670.518555	0.002861208282
Cortex_3	Thalamus_1	Cortex_3->Thalamus_1	9	1670.518555	1840.847656	0.02271002717
Cortex_3	Thalamus_1	Cortex_3->Thalamus_1	10	1840.847656	2011.176636	0.06500760466
Cortex_3	Thalamus_1	Cortex_3->Thalamus_1	11	2011.176636	2181.505615	0.1377724558
Cortex_3	Thalamus_1	Cortex_3->Thalamus_1	12	2181.505615	2351.834717	0.2164043933
Cortex_3	Thalamus_1	Cortex_3->Thalamus_1	13	2351.834717	2522.163818	0.3061004281
Cortex_3	Thalamus_1	Cortex_3->Thalamus_1	14	2522.163818	2692.492676	0.4085121155
Cortex_3	Thalamus_1	Cortex_3->Thalamus_1	15	2692.492676	2862.821777	0.5023447871
Cortex_3	Thalamus_1	Cortex_3->Thalamus_1	16	2862.821777	3033.150879	0.6048173904
Cortex_3	Thalamus_1	Cortex_3->Thalamus_1	17	3033.150879	3203.47998	0.688359797
Cortex_3	Thalamus_1	Cortex_3->Thalamus_1	18	3203.47998	3373.808838	0.7692145705
Cortex_3	Thalamus_1	Cortex_3->Thalamus_1	19	3373.808838	3544.137939	0.8369731307
Cortex_3	Thalamus_1	Cortex_3->Thalamus_1	20	3544.137939	3714.467041	0.890938282
Cortex_3	Thalamus_1	Cortex_3->Thalamus_1	21	3714.467041	3884.796143	0.9380383492
Cortex_3	Thalamus_1	Cortex_3->Thalamus_1	22	3884.796143	4055.125	0.9659802318
Cortex_3	Thalamus_1	Cortex_3->Thalamus_1	23	4055.125	4225.454102	0.9890297055
Cortex_3	Thalamus_2	Cortex_3->Thalamus_2	0	137.5572662	307.8862915	0
Cortex_3	Thalamus_2	Cortex_3->Thalamus_2	1	307.8862915	478.215332	0
Cortex_3	Thalamus_2	Cortex_3->Thalamus_2	2	478.215332	648.5443726	0
Cortex_3	Thalamus_2	Cortex_3->Thalamus_2	3	648.5443726	818.8734131	0
Cortex_3	Thalamus_2	Cortex_3->Thalamus_2	4	818.8734131	989.2024536	0
Cortex_3	Thalamus_2	Cortex_3->Thalamus_2	5	989.2024536	1159.531494	0
Cortex_3	Thalamus_2	Cortex_3->Thalamus_2	6	1159.531494	1329.860474	0
Cortex_3	Thalamus_2	Cortex_3->Thalamus_2	7	1329.860474	1500.189575	0.0001724956965
Cortex_3	Thalamus_2	Cortex_3->Thalamus_2	8	1500.189575	1670.518555	0.002371757058
Cortex_3	Thalamus_2	Cortex_3->Thalamus_2	9	1670.518555	1840.847656	0.009736223146
Cortex_3	Thalamus_2	Cortex_3->Thalamus_2	10	1840.847656	2011.176636	0.02310242318
Cortex_3	Thalamus_2	Cortex_3->Thalamus_2	11	2011.176636	2181.505615	0.04704198614
Cortex_3	Thalamus_2	Cortex_3->Thalamus_2	12	2181.505615	2351.834717	0.07177788019
Cortex_3	Thalamus_2	Cortex_3->Thalamus_2	13	2351.834717	2522.163818	0.0992147103
Cortex_3	Thalamus_2	Cortex_3->Thalamus_2	14	2522.163818	2692.492676	0.1279984564
Cortex_3	Thalamus_2	Cortex_3->Thalamus_2	15	2692.492676	2862.821777	0.1531017721
Cortex_3	Thalamus_2	Cortex_3->Thalamus_2	16	2862.821777	3033.150879	0.1818807572
Cortex_3	Thalamus_2	Cortex_3->Thalamus_2	17	3033.150879	3203.47998	0.2066676617
Cortex_3	Thalamus_2	Cortex_3->Thalamus_2	18	3203.47998	3373.808838	0.2382722497
Cortex_3	Thalamus_2	Cortex_3->Thalamus_2	19	3373.808838	3544.137939	0.2711651623
Cortex_3	Thalamus_2	Cortex_3->Thalamus_2	20	3544.137939	3714.467041	0.3125070333
Cortex_3	Thalamus_2	Cortex_3->Thalamus_2	21	3714.467041	3884.796143	0.3654404581
Cortex_3	Thalamus_2	Cortex_3->Thalamus_2	22	3884.796143	4055.125	0.419544518
Cortex_3	Thalamus_2	Cortex_3->Thalamus_2	23	4055.125	4225.454102	0.496112287
Cortex_4	Cortex_1	Cortex_4->Cortex_1	0	137.5572662	307.8862915	1.92905736
Cortex_4	Cortex_1	Cortex_4->Cortex_1	1	307.8862915	478.215332	2.687097311
Cortex_4	Cortex_1	Cortex_4->Cortex_1	2	478.215332	648.5443726	3.47893858
Cortex_4	Cortex_1	Cortex_4->Cortex_1	3	648.5443726	818.8734131	3.816442728
Cortex_4	Cortex_1	Cortex_4->Cortex_1	4	818.8734131	989.2024536	4.003633022
Cortex_4	Cortex_1	Cortex_4->Cortex_1	5	989.2024536	1159.531494	3.973828554
Cortex_4	Cortex_1	Cortex_4->Cortex_1	6	1159.531494	1329.860474	3.840191603
Cortex_4	Cortex_1	Cortex_4->Cortex_1	7	1329.860474	1500.189575	3.703110695
Cortex_4	Cortex_1	Cortex_4->Cortex_1	8	1500.189575	1670.518555	3.578230619
Cortex_4	Cortex_1	Cortex_4->Cortex_1	9	1670.518555	1840.847656	3.406607151
Cortex_4	Cortex_1	Cortex_4->Cortex_1	10	1840.847656	2011.176636	3.27086091
Cortex_4	Cortex_1	Cortex_4->Cortex_1	11	2011.176636	2181.505615	3.116270781
Cortex_4	Cortex_1	Cortex_4->Cortex_1	12	2181.505615	2351.834717	2.987564325
Cortex_4	Cortex_1	Cortex_4->Cortex_1	13	2351.834717	2522.163818	2.854721546
Cortex_4	Cortex_1	Cortex_4->Cortex_1	14	2522.163818	2692.492676	2.720825911
Cortex_4	Cortex_1	Cortex_4->Cortex_1	15	2692.492676	2862.821777	2.606030226
Cortex_4	Cortex_1	Cortex_4->Cortex_1	16	2862.821777	3033.150879	2.480130672
Cortex_4	Cortex_1	Cortex_4->Cortex_1	17	3033.150879	3203.47998	2.382294893
Cortex_4	Cortex_1	Cortex_4->Cortex_1	18	3203.47998	3373.808838	2.276118517
Cortex_4	Cortex_1	Cortex_4->Cortex_1	19	3373.808838	3544.137939	2.177791357
Cortex_4	Cortex_1	Cortex_4->Cortex_1	20	3544.137939	3714.467041	2.090143442
Cortex_4	Cortex_1	Cortex_4->Cortex_1	21	3714.467041	3884.796143	1.999248147
Cortex_4	Cortex_1	Cortex_4->Cortex_1	22	3884.796143	4055.125	1.922499061
Cortex_4	Cortex_1	Cortex_4->Cortex_1	23	4055.125	4225.454102	1.833699346
Cortex_4	Cortex_2	Cortex_4->Cortex_2	0	137.5572662	307.8862915	0.1088882759
Cortex_4	Cortex_2	Cortex_4->Cortex_2	1	307.8862915	478.215332	0.0916345641
Cortex_4	Cortex_2	Cortex_4->Cortex_2	2	478.215332	648.5443726	0.09880074114
Cortex_4	Cortex_2	Cortex_4->Cortex_2	3	648.5443726	818.8734131	0.1017927229
Cortex_4	Cortex_2	Cortex_4->Cortex_2	4	818.8734131	989.2024536	0.115555279
Cortex_4	Cortex_2	Cortex_4->Cortex_2	5	989.2024536	1159.531494	0.1355049759
Cortex_4	Cortex_2	Cortex_4->Cortex_2	6	1159.531494	1329.860474	0.1724568307
Cortex_4	Cortex_2	Cortex_4->Cortex_2	7	1329.860474	1500.189575	0.2037328333
Cortex_4	Cortex_2	Cortex_4->Cortex_2	8	1500.189575	1670.518555	0.2260917723
Cortex_4	Cortex_2	Cortex_4->Cortex_2	9	1670.518555	1840.847656	0.2611752152
Cortex_4	Cortex_2	Cortex_4->Cortex_2	10	1840.847656	2011.176636	0.2842838466
Cortex_4	Cortex_2	Cortex_4->Cortex_2	11	2011.176636	2181.505615	0.3115932643
Cortex_4	Cortex_2	Cortex_4->Cortex_2	12	2181.505615	2351.834717	0.3301538229
Cortex_4	Cortex_2	Cortex_4->Cortex_2	13	2351.834717	2522.163818	0.3560465276
Cortex_4	Cortex_2	Cortex_4->Cortex_2	14	2522.163818	2692.492676	0.3782803416
Cortex_4	Cortex_2	Cortex_4->Cortex_2	15	2692.492676	2862.821777	0.4032685459
Cortex_4	Cortex_2	Cortex_4->Cortex_2	16	2862.821777	3033.150879	0.42372033
Cortex_4	Cortex_2	Cortex_4->Cortex_2	17	3033.150879	3203.47998	0.4435167909
Cortex_4	Cortex_2	Cortex_4->Cortex_2	18	3203.47998	3373.808838	0.4605805874
Cortex_4	Cortex_2	Cortex_4->Cortex_2	19	3373.808838	3544.137939	0.48139292
Cortex_4	Cortex_2	Cortex_4->Cortex_2	20	3544.137939	3714.467041	0.495649606
Cortex_4	Cortex_2	Cortex_4->Cortex_2	21	3714.467041	3884.796143	0.5148243904
Cortex_4	Cortex_2	Cortex_4->Cortex_2	22	3884.796143	4055.125	0.5336056352
Cortex_4	Cortex_2	Cortex_4->Cortex_2	23	4055.125	4225.454102	0.556022644
Cortex_4	Cortex_3	Cortex_4->Cortex_3	0	137.5572662	307.8862915	0.02684796229
Cortex_4	Cortex_3	Cortex_4->Cortex_3	1	307.8862915	478.215332	0.134856686
Cortex_4	Cortex_3	Cortex_4->Cortex_3	2	478.215332	648.5443726	0.3210898638
Cortex_4	Cortex_3	Cortex_4->Cortex_3	3	648.5443726	818.8734131	0.5434865355
Cortex_4	Cortex_3	Cortex_4->Cortex_3	4	818.8734131	989.2024536	1.076413512
Cortex_4	Cortex_3	Cortex_4->Cortex_3	5	989.2024536	1159.531494	1.539265633
Cortex_4	Cortex_3	Cortex_4->Cortex_3	6	1159.531494	1329.860474	1.937218189
Cortex_4	Cortex_3	Cortex_4->Cortex_3	7	1329.860474	1500.189575	2.105790615
Cortex_4	Cortex_3	Cortex_4->Cortex_3	8	1500.189575	1670.518555	2.163706779
Cortex_4	Cortex_3	Cortex_4->Cortex_3	9	1670.518555	1840.847656	2.170962572
Cortex_4	Cortex_3	Cortex_4->Cortex_3	10	1840.847656	2011.176636	2.142124414
Cortex_4	Cortex_3	Cortex_4->Cortex_3	11	2011.176636	2181.505615	2.09654212
Cortex_4	Cortex_3	Cortex_4->Cortex_3	12	2181.505615	2351.834717	2.047576427
Cortex_4	Cortex_3	Cortex_4->Cortex_3	13	2351.834717	2522.163818	1.990708113
Cortex_4	Cortex_3	Cortex_4->Cortex_3	14	2522.163818	2692.492676	1.937969446
Cortex_4	Cortex_3	Cortex_4->Cortex_3	15	2692.492676	2862.821777	1.882205129
Cortex_4	Cortex_3	Cortex_4->Cortex_3	16	2862.821777	3033.150879	1.82897675
Cortex_4	Cortex_3	Cortex_4->Cortex_3	17	3033.150879	3203.47998	1.777561784
Cortex_4	Cortex_3	Cortex_4->Cortex_3	18	3203.47998	3373.808838	1.724629521
Cortex_4	Cortex_3	Cortex_4->Cortex_3	19	3373.808838	3544.137939	1.673529148
Cortex_4	Cortex_3	Cortex_4->Cortex_3	20	3544.137939	3714.467041	1.623594642
Cortex_4	Cortex_3	Cortex_4->Cortex_3	21	3714.467041	3884.796143	1.57898438
Cortex_4	Cortex_3	Cortex_4->Cortex_3	22	3884.796143	4055.125	1.540100574
Cortex_4	Cortex_3	Cortex_4->Cortex_3	23	4055.125	4225.454102	1.491726875
Cortex_4	Cortex_4	Cortex_4->Cortex_4	0	137.5572662	307.8862915	9.949136734
Cortex_4	Cortex_4	Cortex_4->Cortex_4	1	307.8862915	478.215332	8.641983032
Cortex_4	Cortex_4	Cortex_4->Cortex_4	2	478.215332	648.5443726	7.719483852
Cortex_4	Cortex_4	Cortex_4->Cortex_4	3	648.5443726	818.8734131	7.233738422
Cortex_4	Cortex_4	Cortex_4->Cortex_4	4	818.8734131	989.2024536	6.563197136
Cortex_4	Cortex_4	Cortex_4->Cortex_4	5	989.2024536	1159.531494	6.060323238
Cortex_4	Cortex_4	Cortex_4->Cortex_4	6	1159.531494	1329.860474	5.558308601
Cortex_4	Cortex_4	Cortex_4->Cortex_4	7	1329.860474	1500.189575	5.146949768
Cortex_4	Cortex_4	Cortex_4->Cortex_4	8	1500.189575	1670.518555	4.816681862
Cortex_4	Cortex_4	Cortex_4->Cortex_4	9	1670.518555	1840.847656	4.455554962
Cortex_4	Cortex_4	Cortex_4->Cortex_4	10	1840.847656	2011.176636	4.174163818
Cortex_4	Cortex_4	Cortex_4->Cortex_4	11	2011.176636	2181.505615	3.89154911
Cortex_4	Cortex_4	Cortex_4->Cortex_4	12	2181.505615	2351.834717	3.677069902
Cortex_4	Cortex_4	Cortex_4->Cortex_4	13	2351.834717	2522.163818	3.456649542
Cortex_4	Cortex_4	Cortex_4->Cortex_4	14	2522.163818	2692.492676	3.255265713
Cortex_4	Cortex_4	Cortex_4->Cortex_4	15	2692.492676	2862.821777	3.087796688
Cortex_4	Cortex_4	Cortex_4->Cortex_4	16	2862.821777	3033.150879	2.914071083
Cortex_4	Cortex_4	Cortex_4->Cortex_4	17	3033.150879	3203.47998	2.774600983
Cortex_4	Cortex_4	Cortex_4->Cortex_4	18	3203.47998	3373.808838	2.631474733
Cortex_4	Cortex_4	Cortex_4->Cortex_4	19	3373.808838	3544.137939	2.498929262
Cortex_4	Cortex_4	Cortex_4->Cortex_4	20	3544.137939	3714.467041	2.383365154
Cortex_4	Cortex_4	Cortex_4->Cortex_4	21	3714.467041	3884.796143	2.260145903
Cortex_4	Cortex_4	Cortex_4->Cortex_4	22	3884.796143	4055.125	2.161803484
Cortex_4	Cortex_4	Cortex_4->Cortex_4	23	4055.125	4225.454102	2.049576521
Cortex_4	Cortex_5	Cortex_4->Cortex_5	0	137.5572662	307.8862915	5.251441002
Cortex_4	Cortex_5	Cortex_4->Cortex_5	1	307.8862915	478.215332	5.819913387
Cortex_4	Cortex_5	Cortex_4->Cortex_5	2	478.215332	648.5443726	5.420343876
Cortex_4	Cortex_5	Cortex_4->Cortex_5	3	648.5443726	818.8734131	5.039544582
Cortex_4	Cortex_5	Cortex_4->Cortex_5	4	818.8734131	989.2024536	4.531250477
Cortex_4	Cortex_5	Cortex_4->Cortex_5	5	989.2024536	1159.531494	4.158503056
Cortex_4	Cortex_5	Cortex_4->Cortex_5	6	1159.531494	1329.860474	3.745647907
Cortex_4	Cortex_5	Cortex_4->Cortex_5	7	1329.860474	1500.189575	3.470174074
Cortex_4	Cortex_5	Cortex_4->Cortex_5	8	1500.189575	1670.518555	3.234789133
Cortex_4	Cortex_5	Cortex_4->Cortex_5	9	1670.518555	1840.847656	2.979136944
Cortex_4	Cortex_5	Cortex_4->Cortex_5	10	1840.847656	2011.176636	2.788288116
Cortex_4	Cortex_5	Cortex_4->Cortex_5	11	2011.176636	2181.505615	2.626352072
Cortex_4	Cortex_5	Cortex_4->Cortex_5	12	2181.505615	2351.834717	2.495490313
Cortex_4	Cortex_5	Cortex_4->Cortex_5	13	2351.834717	2522.163818	2.372751951
Cortex_4	Cortex_5	Cortex_4->Cortex_5	14	2522.163818	2692.492676	2.251307011
Cortex_4	Cortex_5	Cortex_4->Cortex_5	15	2692.492676	2862.821777	2.150354385
Cortex_4	Cortex_5	Cortex_4->Cortex_5	16	2862.821777	3033.150879	2.042145252
Cortex_4	Cortex_5	Cortex_4->Cortex_5	17	3033.150879	3203.47998	1.953895092
Cortex_4	Cortex_5	Cortex_4->Cortex_5	18	3203.47998	3373.808838	1.866530538
Cortex_4	Cortex_5	Cortex_4->Cortex_5	19	3373.808838	3544.137939	1.78693068
Cortex_4	Cortex_5	Cortex_4->Cortex_5	20	3544.137939	3714.467041	1.71675241
Cortex_4	Cortex_5	Cortex_4->Cortex_5	21	3714.467041	3884.796143	1.643330693
Cortex_4	Cortex_5	Cortex_4->Cortex_5	22	3884.796143	4055.125	1.589779735
Cortex_4	Cortex_5	Cortex_4->Cortex_5	23	4055.125	4225.454102	1.521777391
Cortex_4	Fiber_tract	Cortex_4->Fiber_tract	0	137.5572662	307.8862915	0
Cortex_4	Fiber_tract	Cortex_4->Fiber_tract	1	307.8862915	478.215332	0
Cortex_4	Fiber_tract	Cortex_4->Fiber_tract	2	478.215332	648.5443726	0
Cortex_4	Fiber_tract	Cortex_4->Fiber_tract	3	648.5443726	818.8734131	0
Cortex_4	Fiber_tract	Cortex_4->Fiber_tract	4	818.8734131	989.2024536	0.01269401703
Cortex_4	Fiber_tract	Cortex_4->Fiber_tract	5	989.2024536	1159.531494	0.07485408336
Cortex_4	Fiber_tract	Cortex_4->Fiber_tract	6	1159.531494	1329.860474	0.1987935603
Cortex_4	Fiber_tract	Cortex_4->Fiber_tract	7	1329.860474	1500.189575	0.3314447105
Cortex_4	Fiber_tract	Cortex_4->Fiber_tract	8	1500.189575	1670.518555	0.4474563003
Cortex_4	Fiber_tract	Cortex_4->Fiber_tract	9	1670.518555	1840.847656	0.5447775126
Cortex_4	Fiber_tract	Cortex_4->Fiber_tract	10	1840.847656	2011.176636	0.5974034071
Cortex_4	Fiber_tract	Cortex_4->Fiber_tract	11	2011.176636	2181.505615	0.6372890472
Cortex_4	Fiber_tract	Cortex_4->Fiber_tract	12	2181.505615	2351.834717	0.673593998
Cortex_4	Fiber_tract	Cortex_4->Fiber_tract	13	2351.834717	2522.163818	0.7107543349
Cortex_4	Fiber_tract	Cortex_4->Fiber_tract	14	2522.163818	2692.492676	0.7400823832
Cortex_4	Fiber_tract	Cortex_4->Fiber_tract	15	2692.492676	2862.821777	0.7552073598
Cortex_4	Fiber_tract	Cortex_4->Fiber_tract	16	2862.821777	3033.150879	0.7762508392
Cortex_4	Fiber_tract	Cortex_4->Fiber_tract	17	3033.150879	3203.47998	0.7940154076
Cortex_4	Fiber_tract	Cortex_4->Fiber_tract	18	3203.47998	3373.808838	0.8171999454
Cortex_4	Fiber_tract	Cortex_4->Fiber_tract	19	3373.808838	3544.137939	0.8390248418
Cortex_4	Fiber_tract	Cortex_4->Fiber_tract	20	3544.137939	3714.467041	0.8617635369
Cortex_4	Fiber_tract	Cortex_4->Fiber_tract	21	3714.467041	3884.796143	0.8834218979
Cortex_4	Fiber_tract	Cortex_4->Fiber_tract	22	3884.796143	4055.125	0.9019919634
Cortex_4	Fiber_tract	Cortex_4->Fiber_tract	23	4055.125	4225.454102	0.9208260775
Cortex_4	Hippocampus	Cortex_4->Hippocampus	0	137.5572662	307.8862915	0
Cortex_4	Hippocampus	Cortex_4->Hippocampus	1	307.8862915	478.215332	0.004170390777
Cortex_4	Hippocampus	Cortex_4->Hippocampus	2	478.215332	648.5443726	0.004401890561
Cortex_4	Hippocampus	Cortex_4->Hippocampus	3	648.5443726	818.8734131	0.006471075583
Cortex_4	Hippocampus	Cortex_4->Hippocampus	4	818.8734131	989.2024536	0.01324196905
Cortex_4	Hippocampus	Cortex_4->Hippocampus	5	989.2024536	1159.531494	0.04087304696
Cortex_4	Hippocampus	Cortex_4->Hippocampus	6	1159.531494	1329.860474	0.1198829785
Cortex_4	Hippocampus	Cortex_4->Hippocampus	7	1329.860474	1500.189575	0.2283883691
Cortex_4	Hippocampus	Cortex_4->Hippocampus	8	1500.189575	1670.518555	0.3428079486
Cortex_4	Hippocampus	Cortex_4->Hippocampus	9	1670.518555	1840.847656	0.5643208027
Cortex_4	Hippocampus	Cortex_4->Hippocampus	10	1840.847656	2011.176636	0.7761264443
Cortex_4	Hippocampus	Cortex_4->Hippocampus	11	2011.176636	2181.505615	0.9985591173
Cortex_4	Hippocampus	Cortex_4->Hippocampus	12	2181.505615	2351.834717	1.16573894
Cortex_4	Hippocampus	Cortex_4->Hippocampus	13	2351.834717	2522.163818	1.318770766
Cortex_4	Hippocampus	Cortex_4->Hippocampus	14	2522.163818	2692.492676	1.440815687
Cortex_4	Hippocampus	Cortex_4->Hippocampus	15	2692.492676	2862.821777	1.510273457
Cortex_4	Hippocampus	Cortex_4->Hippocampus	16	2862.821777	3033.150879	1.542564988
Cortex_4	Hippocampus	Cortex_4->Hippocampus	17	3033.150879	3203.47998	1.552518725
Cortex_4	Hippocampus	Cortex_4->Hippocampus	18	3203.47998	3373.808838	1.542729139
Cortex_4	Hippocampus	Cortex_4->Hippocampus	19	3373.808838	3544.137939	1.523348212
Cortex_4	Hippocampus	Cortex_4->Hippocampus	20	3544.137939	3714.467041	1.506109715
Cortex_4	Hippocampus	Cortex_4->Hippocampus	21	3714.467041	3884.796143	1.482542157
Cortex_4	Hippocampus	Cortex_4->Hippocampus	22	3884.796143	4055.125	1.455503225
Cortex_4	Hippocampus	Cortex_4->Hippocampus	23	4055.125	4225.454102	1.426467776
Cortex_4	Hypothalamus_1	Cortex_4->Hypothalamus_1	0	137.5572662	307.8862915	0
Cortex_4	Hypothalamus_1	Cortex_4->Hypothalamus_1	1	307.8862915	478.215332	0
Cortex_4	Hypothalamus_1	Cortex_4->Hypothalamus_1	2	478.215332	648.5443726	0
Cortex_4	Hypothalamus_1	Cortex_4->Hypothalamus_1	3	648.5443726	818.8734131	0
Cortex_4	Hypothalamus_1	Cortex_4->Hypothalamus_1	4	818.8734131	989.2024536	0
Cortex_4	Hypothalamus_1	Cortex_4->Hypothalamus_1	5	989.2024536	1159.531494	0
Cortex_4	Hypothalamus_1	Cortex_4->Hypothalamus_1	6	1159.531494	1329.860474	0
Cortex_4	Hypothalamus_1	Cortex_4->Hypothalamus_1	7	1329.860474	1500.189575	0
Cortex_4	Hypothalamus_1	Cortex_4->Hypothalamus_1	8	1500.189575	1670.518555	0
Cortex_4	Hypothalamus_1	Cortex_4->Hypothalamus_1	9	1670.518555	1840.847656	0
Cortex_4	Hypothalamus_1	Cortex_4->Hypothalamus_1	10	1840.847656	2011.176636	0
Cortex_4	Hypothalamus_1	Cortex_4->Hypothalamus_1	11	2011.176636	2181.505615	0
Cortex_4	Hypothalamus_1	Cortex_4->Hypothalamus_1	12	2181.505615	2351.834717	0
Cortex_4	Hypothalamus_1	Cortex_4->Hypothalamus_1	13	2351.834717	2522.163818	0
Cortex_4	Hypothalamus_1	Cortex_4->Hypothalamus_1	14	2522.163818	2692.492676	0
Cortex_4	Hypothalamus_1	Cortex_4->Hypothalamus_1	15	2692.492676	2862.821777	0
Cortex_4	Hypothalamus_1	Cortex_4->Hypothalamus_1	16	2862.821777	3033.150879	0
Cortex_4	Hypothalamus_1	Cortex_4->Hypothalamus_1	17	3033.150879	3203.47998	0
Cortex_4	Hypothalamus_1	Cortex_4->Hypothalamus_1	18	3203.47998	3373.808838	0
Cortex_4	Hypothalamus_1	Cortex_4->Hypothalamus_1	19	3373.808838	3544.137939	0
Cortex_4	Hypothalamus_1	Cortex_4->Hypothalamus_1	20	3544.137939	3714.467041	0
Cortex_4	Hypothalamus_1	Cortex_4->Hypothalamus_1	21	3714.467041	3884.796143	0
Cortex_4	Hypothalamus_1	Cortex_4->Hypothalamus_1	22	3884.796143	4055.125	0
Cortex_4	Hypothalamus_1	Cortex_4->Hypothalamus_1	23	4055.125	4225.454102	0
Cortex_4	Hypothalamus_2	Cortex_4->Hypothalamus_2	0	137.5572662	307.8862915	0
Cortex_4	Hypothalamus_2	Cortex_4->Hypothalamus_2	1	307.8862915	478.215332	0
Cortex_4	Hypothalamus_2	Cortex_4->Hypothalamus_2	2	478.215332	648.5443726	0
Cortex_4	Hypothalamus_2	Cortex_4->Hypothalamus_2	3	648.5443726	818.8734131	0
Cortex_4	Hypothalamus_2	Cortex_4->Hypothalamus_2	4	818.8734131	989.2024536	0
Cortex_4	Hypothalamus_2	Cortex_4->Hypothalamus_2	5	989.2024536	1159.531494	0
Cortex_4	Hypothalamus_2	Cortex_4->Hypothalamus_2	6	1159.531494	1329.860474	0
Cortex_4	Hypothalamus_2	Cortex_4->Hypothalamus_2	7	1329.860474	1500.189575	0
Cortex_4	Hypothalamus_2	Cortex_4->Hypothalamus_2	8	1500.189575	1670.518555	0
Cortex_4	Hypothalamus_2	Cortex_4->Hypothalamus_2	9	1670.518555	1840.847656	0
Cortex_4	Hypothalamus_2	Cortex_4->Hypothalamus_2	10	1840.847656	2011.176636	0
Cortex_4	Hypothalamus_2	Cortex_4->Hypothalamus_2	11	2011.176636	2181.505615	0
Cortex_4	Hypothalamus_2	Cortex_4->Hypothalamus_2	12	2181.505615	2351.834717	0
Cortex_4	Hypothalamus_2	Cortex_4->Hypothalamus_2	13	2351.834717	2522.163818	0.001257023308
Cortex_4	Hypothalamus_2	Cortex_4->Hypothalamus_2	14	2522.163818	2692.492676	0.02907041274
Cortex_4	Hypothalamus_2	Cortex_4->Hypothalamus_2	15	2692.492676	2862.821777	0.09139692783
Cortex_4	Hypothalamus_2	Cortex_4->Hypothalamus_2	16	2862.821777	3033.150879	0.167923227
Cortex_4	Hypothalamus_2	Cortex_4->Hypothalamus_2	17	3033.150879	3203.47998	0.2247403264
Cortex_4	Hypothalamus_2	Cortex_4->Hypothalamus_2	18	3203.47998	3373.808838	0.2792176604
Cortex_4	Hypothalamus_2	Cortex_4->Hypothalamus_2	19	3373.808838	3544.137939	0.3265002072
Cortex_4	Hypothalamus_2	Cortex_4->Hypothalamus_2	20	3544.137939	3714.467041	0.373917371
Cortex_4	Hypothalamus_2	Cortex_4->Hypothalamus_2	21	3714.467041	3884.796143	0.4233042002
Cortex_4	Hypothalamus_2	Cortex_4->Hypothalamus_2	22	3884.796143	4055.125	0.4663034379
Cortex_4	Hypothalamus_2	Cortex_4->Hypothalamus_2	23	4055.125	4225.454102	0.5200608373
Cortex_4	Lateral_ventricle	Cortex_4->Lateral_ventricle	0	137.5572662	307.8862915	0.05049282312
Cortex_4	Lateral_ventricle	Cortex_4->Lateral_ventricle	1	307.8862915	478.215332	0.1658457518
Cortex_4	Lateral_ventricle	Cortex_4->Lateral_ventricle	2	478.215332	648.5443726	0.1820828766
Cortex_4	Lateral_ventricle	Cortex_4->Lateral_ventricle	3	648.5443726	818.8734131	0.172827512
Cortex_4	Lateral_ventricle	Cortex_4->Lateral_ventricle	4	818.8734131	989.2024536	0.1511819065
Cortex_4	Lateral_ventricle	Cortex_4->Lateral_ventricle	5	989.2024536	1159.531494	0.136804536
Cortex_4	Lateral_ventricle	Cortex_4->Lateral_ventricle	6	1159.531494	1329.860474	0.1238742694
Cortex_4	Lateral_ventricle	Cortex_4->Lateral_ventricle	7	1329.860474	1500.189575	0.1328975856
Cortex_4	Lateral_ventricle	Cortex_4->Lateral_ventricle	8	1500.189575	1670.518555	0.2126972526
Cortex_4	Lateral_ventricle	Cortex_4->Lateral_ventricle	9	1670.518555	1840.847656	0.3463769257
Cortex_4	Lateral_ventricle	Cortex_4->Lateral_ventricle	10	1840.847656	2011.176636	0.4480543733
Cortex_4	Lateral_ventricle	Cortex_4->Lateral_ventricle	11	2011.176636	2181.505615	0.533692956
Cortex_4	Lateral_ventricle	Cortex_4->Lateral_ventricle	12	2181.505615	2351.834717	0.5761488676
Cortex_4	Lateral_ventricle	Cortex_4->Lateral_ventricle	13	2351.834717	2522.163818	0.6008036137
Cortex_4	Lateral_ventricle	Cortex_4->Lateral_ventricle	14	2522.163818	2692.492676	0.6179341674
Cortex_4	Lateral_ventricle	Cortex_4->Lateral_ventricle	15	2692.492676	2862.821777	0.6512359977
Cortex_4	Lateral_ventricle	Cortex_4->Lateral_ventricle	16	2862.821777	3033.150879	0.6757870913
Cortex_4	Lateral_ventricle	Cortex_4->Lateral_ventricle	17	3033.150879	3203.47998	0.70788306
Cortex_4	Lateral_ventricle	Cortex_4->Lateral_ventricle	18	3203.47998	3373.808838	0.7321258783
Cortex_4	Lateral_ventricle	Cortex_4->Lateral_ventricle	19	3373.808838	3544.137939	0.7554134727
Cortex_4	Lateral_ventricle	Cortex_4->Lateral_ventricle	20	3544.137939	3714.467041	0.7673031688
Cortex_4	Lateral_ventricle	Cortex_4->Lateral_ventricle	21	3714.467041	3884.796143	0.7812361121
Cortex_4	Lateral_ventricle	Cortex_4->Lateral_ventricle	22	3884.796143	4055.125	0.7919254303
Cortex_4	Lateral_ventricle	Cortex_4->Lateral_ventricle	23	4055.125	4225.454102	0.8086206913
Cortex_4	Pyramidal_layer	Cortex_4->Pyramidal_layer	0	137.5572662	307.8862915	0
Cortex_4	Pyramidal_layer	Cortex_4->Pyramidal_layer	1	307.8862915	478.215332	0
Cortex_4	Pyramidal_layer	Cortex_4->Pyramidal_layer	2	478.215332	648.5443726	0
Cortex_4	Pyramidal_layer	Cortex_4->Pyramidal_layer	3	648.5443726	818.8734131	0
Cortex_4	Pyramidal_layer	Cortex_4->Pyramidal_layer	4	818.8734131	989.2024536	0
Cortex_4	Pyramidal_layer	Cortex_4->Pyramidal_layer	5	989.2024536	1159.531494	0.002171742963
Cortex_4	Pyramidal_layer	Cortex_4->Pyramidal_layer	6	1159.531494	1329.860474	0.1171864048
Cortex_4	Pyramidal_layer	Cortex_4->Pyramidal_layer	7	1329.860474	1500.189575	0.435143292
Cortex_4	Pyramidal_layer	Cortex_4->Pyramidal_layer	8	1500.189575	1670.518555	0.7210696936
Cortex_4	Pyramidal_layer	Cortex_4->Pyramidal_layer	9	1670.518555	1840.847656	1.028675437
Cortex_4	Pyramidal_layer	Cortex_4->Pyramidal_layer	10	1840.847656	2011.176636	1.212050319
Cortex_4	Pyramidal_layer	Cortex_4->Pyramidal_layer	11	2011.176636	2181.505615	1.378848195
Cortex_4	Pyramidal_layer	Cortex_4->Pyramidal_layer	12	2181.505615	2351.834717	1.459859133
Cortex_4	Pyramidal_layer	Cortex_4->Pyramidal_layer	13	2351.834717	2522.163818	1.515721202
Cortex_4	Pyramidal_layer	Cortex_4->Pyramidal_layer	14	2522.163818	2692.492676	1.547664881
Cortex_4	Pyramidal_layer	Cortex_4->Pyramidal_layer	15	2692.492676	2862.821777	1.565318584
Cortex_4	Pyramidal_layer	Cortex_4->Pyramidal_layer	16	2862.821777	3033.150879	1.564878941
Cortex_4	Pyramidal_layer	Cortex_4->Pyramidal_layer	17	3033.150879	3203.47998	1.556058049
Cortex_4	Pyramidal_layer	Cortex_4->Pyramidal_layer	18	3203.47998	3373.808838	1.54618597
Cortex_4	Pyramidal_layer	Cortex_4->Pyramidal_layer	19	3373.808838	3544.137939	1.527041435
Cortex_4	Pyramidal_layer	Cortex_4->Pyramidal_layer	20	3544.137939	3714.467041	1.513395071
Cortex_4	Pyramidal_layer	Cortex_4->Pyramidal_layer	21	3714.467041	3884.796143	1.492566466
Cortex_4	Pyramidal_layer	Cortex_4->Pyramidal_layer	22	3884.796143	4055.125	1.468402028
Cortex_4	Pyramidal_layer	Cortex_4->Pyramidal_layer	23	4055.125	4225.454102	1.442251325
Cortex_4	Pyramidal_layer_dentate_gyrus	Cortex_4->Pyramidal_layer_dentate_gyrus	0	137.5572662	307.8862915	0
Cortex_4	Pyramidal_layer_dentate_gyrus	Cortex_4->Pyramidal_layer_dentate_gyrus	1	307.8862915	478.215332	0
Cortex_4	Pyramidal_layer_dentate_gyrus	Cortex_4->Pyramidal_layer_dentate_gyrus	2	478.215332	648.5443726	0
Cortex_4	Pyramidal_layer_dentate_gyrus	Cortex_4->Pyramidal_layer_dentate_gyrus	3	648.5443726	818.8734131	0
Cortex_4	Pyramidal_layer_dentate_gyrus	Cortex_4->Pyramidal_layer_dentate_gyrus	4	818.8734131	989.2024536	0
Cortex_4	Pyramidal_layer_dentate_gyrus	Cortex_4->Pyramidal_layer_dentate_gyrus	5	989.2024536	1159.531494	0
Cortex_4	Pyramidal_layer_dentate_gyrus	Cortex_4->Pyramidal_layer_dentate_gyrus	6	1159.531494	1329.860474	0
Cortex_4	Pyramidal_layer_dentate_gyrus	Cortex_4->Pyramidal_layer_dentate_gyrus	7	1329.860474	1500.189575	0
Cortex_4	Pyramidal_layer_dentate_gyrus	Cortex_4->Pyramidal_layer_dentate_gyrus	8	1500.189575	1670.518555	0.003212012118
Cortex_4	Pyramidal_layer_dentate_gyrus	Cortex_4->Pyramidal_layer_dentate_gyrus	9	1670.518555	1840.847656	0.03043540195
Cortex_4	Pyramidal_layer_dentate_gyrus	Cortex_4->Pyramidal_layer_dentate_gyrus	10	1840.847656	2011.176636	0.1097439677
Cortex_4	Pyramidal_layer_dentate_gyrus	Cortex_4->Pyramidal_layer_dentate_gyrus	11	2011.176636	2181.505615	0.2742946744
Cortex_4	Pyramidal_layer_dentate_gyrus	Cortex_4->Pyramidal_layer_dentate_gyrus	12	2181.505615	2351.834717	0.4825004041
Cortex_4	Pyramidal_layer_dentate_gyrus	Cortex_4->Pyramidal_layer_dentate_gyrus	13	2351.834717	2522.163818	0.7542945147
Cortex_4	Pyramidal_layer_dentate_gyrus	Cortex_4->Pyramidal_layer_dentate_gyrus	14	2522.163818	2692.492676	1.044724226
Cortex_4	Pyramidal_layer_dentate_gyrus	Cortex_4->Pyramidal_layer_dentate_gyrus	15	2692.492676	2862.821777	1.255064249
Cortex_4	Pyramidal_layer_dentate_gyrus	Cortex_4->Pyramidal_layer_dentate_gyrus	16	2862.821777	3033.150879	1.403990626
Cortex_4	Pyramidal_layer_dentate_gyrus	Cortex_4->Pyramidal_layer_dentate_gyrus	17	3033.150879	3203.47998	1.453829646
Cortex_4	Pyramidal_layer_dentate_gyrus	Cortex_4->Pyramidal_layer_dentate_gyrus	18	3203.47998	3373.808838	1.488252044
Cortex_4	Pyramidal_layer_dentate_gyrus	Cortex_4->Pyramidal_layer_dentate_gyrus	19	3373.808838	3544.137939	1.492735386
Cortex_4	Pyramidal_layer_dentate_gyrus	Cortex_4->Pyramidal_layer_dentate_gyrus	20	3544.137939	3714.467041	1.484656334
Cortex_4	Pyramidal_layer_dentate_gyrus	Cortex_4->Pyramidal_layer_dentate_gyrus	21	3714.467041	3884.796143	1.465091825
Cortex_4	Pyramidal_layer_dentate_gyrus	Cortex_4->Pyramidal_layer_dentate_gyrus	22	3884.796143	4055.125	1.439553142
Cortex_4	Pyramidal_layer_dentate_gyrus	Cortex_4->Pyramidal_layer_dentate_gyrus	23	4055.125	4225.454102	1.40887022
Cortex_4	Striatum	Cortex_4->Striatum	0	137.5572662	307.8862915	0
Cortex_4	Striatum	Cortex_4->Striatum	1	307.8862915	478.215332	0
Cortex_4	Striatum	Cortex_4->Striatum	2	478.215332	648.5443726	0
Cortex_4	Striatum	Cortex_4->Striatum	3	648.5443726	818.8734131	0
Cortex_4	Striatum	Cortex_4->Striatum	4	818.8734131	989.2024536	0
Cortex_4	Striatum	Cortex_4->Striatum	5	989.2024536	1159.531494	0.00717025483
Cortex_4	Striatum	Cortex_4->Striatum	6	1159.531494	1329.860474	0.07192910463
Cortex_4	Striatum	Cortex_4->Striatum	7	1329.860474	1500.189575	0.1578003019
Cortex_4	Striatum	Cortex_4->Striatum	8	1500.189575	1670.518555	0.2494874895
Cortex_4	Striatum	Cortex_4->Striatum	9	1670.518555	1840.847656	0.3166876435
Cortex_4	Striatum	Cortex_4->Striatum	10	1840.847656	2011.176636	0.3540683389
Cortex_4	Striatum	Cortex_4->Striatum	11	2011.176636	2181.505615	0.3750473559
Cortex_4	Striatum	Cortex_4->Striatum	12	2181.505615	2351.834717	0.3896758258
Cortex_4	Striatum	Cortex_4->Striatum	13	2351.834717	2522.163818	0.4066943526
Cortex_4	Striatum	Cortex_4->Striatum	14	2522.163818	2692.492676	0.4258050621
Cortex_4	Striatum	Cortex_4->Striatum	15	2692.492676	2862.821777	0.443921119
Cortex_4	Striatum	Cortex_4->Striatum	16	2862.821777	3033.150879	0.4670051634
Cortex_4	Striatum	Cortex_4->Striatum	17	3033.150879	3203.47998	0.4853298068
Cortex_4	Striatum	Cortex_4->Striatum	18	3203.47998	3373.808838	0.5112300515
Cortex_4	Striatum	Cortex_4->Striatum	19	3373.808838	3544.137939	0.5353343487
Cortex_4	Striatum	Cortex_4->Striatum	20	3544.137939	3714.467041	0.5598787069
Cortex_4	Striatum	Cortex_4->Striatum	21	3714.467041	3884.796143	0.5889128447
Cortex_4	Striatum	Cortex_4->Striatum	22	3884.796143	4055.125	0.6154432297
Cortex_4	Striatum	Cortex_4->Striatum	23	4055.125	4225.454102	0.644251585
Cortex_4	Thalamus_1	Cortex_4->Thalamus_1	0	137.5572662	307.8862915	0
Cortex_4	Thalamus_1	Cortex_4->Thalamus_1	1	307.8862915	478.215332	0
Cortex_4	Thalamus_1	Cortex_4->Thalamus_1	2	478.215332	648.5443726	0
Cortex_4	Thalamus_1	Cortex_4->Thalamus_1	3	648.5443726	818.8734131	0
Cortex_4	Thalamus_1	Cortex_4->Thalamus_1	4	818.8734131	989.2024536	0
Cortex_4	Thalamus_1	Cortex_4->Thalamus_1	5	989.2024536	1159.531494	0
Cortex_4	Thalamus_1	Cortex_4->Thalamus_1	6	1159.531494	1329.860474	0
Cortex_4	Thalamus_1	Cortex_4->Thalamus_1	7	1329.860474	1500.189575	0
Cortex_4	Thalamus_1	Cortex_4->Thalamus_1	8	1500.189575	1670.518555	0
Cortex_4	Thalamus_1	Cortex_4->Thalamus_1	9	1670.518555	1840.847656	0
Cortex_4	Thalamus_1	Cortex_4->Thalamus_1	10	1840.847656	2011.176636	0
Cortex_4	Thalamus_1	Cortex_4->Thalamus_1	11	2011.176636	2181.505615	0
Cortex_4	Thalamus_1	Cortex_4->Thalamus_1	12	2181.505615	2351.834717	0
Cortex_4	Thalamus_1	Cortex_4->Thalamus_1	13	2351.834717	2522.163818	0
Cortex_4	Thalamus_1	Cortex_4->Thalamus_1	14	2522.163818	2692.492676	0.003093660576
Cortex_4	Thalamus_1	Cortex_4->Thalamus_1	15	2692.492676	2862.821777	0.02329494618
Cortex_4	Thalamus_1	Cortex_4->Thalamus_1	16	2862.821777	3033.150879	0.08729463071
Cortex_4	Thalamus_1	Cortex_4->Thalamus_1	17	3033.150879	3203.47998	0.1659554839
Cortex_4	Thalamus_1	Cortex_4->Thalamus_1	18	3203.47998	3373.808838	0.2661722898
Cortex_4	Thalamus_1	Cortex_4->Thalamus_1	19	3373.808838	3544.137939	0.3660958707
Cortex_4	Thalamus_1	Cortex_4->Thalamus_1	20	3544.137939	3714.467041	0.4570555985
Cortex_4	Thalamus_1	Cortex_4->Thalamus_1	21	3714.467041	3884.796143	0.5505725145
Cortex_4	Thalamus_1	Cortex_4->Thalamus_1	22	3884.796143	4055.125	0.6278415322
Cortex_4	Thalamus_1	Cortex_4->Thalamus_1	23	4055.125	4225.454102	0.7211695313
Cortex_4	Thalamus_2	Cortex_4->Thalamus_2	0	137.5572662	307.8862915	0
Cortex_4	Thalamus_2	Cortex_4->Thalamus_2	1	307.8862915	478.215332	0
Cortex_4	Thalamus_2	Cortex_4->Thalamus_2	2	478.215332	648.5443726	0
Cortex_4	Thalamus_2	Cortex_4->Thalamus_2	3	648.5443726	818.8734131	0
Cortex_4	Thalamus_2	Cortex_4->Thalamus_2	4	818.8734131	989.2024536	0
Cortex_4	Thalamus_2	Cortex_4->Thalamus_2	5	989.2024536	1159.531494	0
Cortex_4	Thalamus_2	Cortex_4->Thalamus_2	6	1159.531494	1329.860474	0
Cortex_4	Thalamus_2	Cortex_4->Thalamus_2	7	1329.860474	1500.189575	0
Cortex_4	Thalamus_2	Cortex_4->Thalamus_2	8	1500.189575	1670.518555	0
Cortex_4	Thalamus_2	Cortex_4->Thalamus_2	9	1670.518555	1840.847656	0
Cortex_4	Thalamus_2	Cortex_4->Thalamus_2	10	1840.847656	2011.176636	0
Cortex_4	Thalamus_2	Cortex_4->Thalamus_2	11	2011.176636	2181.505615	0
Cortex_4	Thalamus_2	Cortex_4->Thalamus_2	12	2181.505615	2351.834717	0
Cortex_4	Thalamus_2	Cortex_4->Thalamus_2	13	2351.834717	2522.163818	0
Cortex_4	Thalamus_2	Cortex_4->Thalamus_2	14	2522.163818	2692.492676	0.0007046075189
Cortex_4	Thalamus_2	Cortex_4->Thalamus_2	15	2692.492676	2862.821777	0.005078029353
Cortex_4	Thalamus_2	Cortex_4->Thalamus_2	16	2862.821777	3033.150879	0.02137203328
Cortex_4	Thalamus_2	Cortex_4->Thalamus_2	17	3033.150879	3203.47998	0.03987802193
Cortex_4	Thalamus_2	Cortex_4->Thalamus_2	18	3203.47998	3373.808838	0.06247252226
Cortex_4	Thalamus_2	Cortex_4->Thalamus_2	19	3373.808838	3544.137939	0.09425386041
Cortex_4	Thalamus_2	Cortex_4->Thalamus_2	20	3544.137939	3714.467041	0.1230413765
Cortex_4	Thalamus_2	Cortex_4->Thalamus_2	21	3714.467041	3884.796143	0.155519098
Cortex_4	Thalamus_2	Cortex_4->Thalamus_2	22	3884.796143	4055.125	0.1879518479
Cortex_4	Thalamus_2	Cortex_4->Thalamus_2	23	4055.125	4225.454102	0.2240528911
Cortex_5	Cortex_1	Cortex_5->Cortex_1	0	137.5572662	307.8862915	0.1148315743
Cortex_5	Cortex_1	Cortex_5->Cortex_1	1	307.8862915	478.215332	0.5002728701
Cortex_5	Cortex_1	Cortex_5->Cortex_1	2	478.215332	648.5443726	1.213338137
Cortex_5	Cortex_1	Cortex_5->Cortex_1	3	648.5443726	818.8734131	1.606596589
Cortex_5	Cortex_1	Cortex_5->Cortex_1	4	818.8734131	989.2024536	2.037477493
Cortex_5	Cortex_1	Cortex_5->Cortex_1	5	989.2024536	1159.531494	2.238678694
Cortex_5	Cortex_1	Cortex_5->Cortex_1	6	1159.531494	1329.860474	2.298245668
Cortex_5	Cortex_1	Cortex_5->Cortex_1	7	1329.860474	1500.189575	2.27462697
Cortex_5	Cortex_1	Cortex_5->Cortex_1	8	1500.189575	1670.518555	2.222340584
Cortex_5	Cortex_1	Cortex_5->Cortex_1	9	1670.518555	1840.847656	2.148659706
Cortex_5	Cortex_1	Cortex_5->Cortex_1	10	1840.847656	2011.176636	2.086503983
Cortex_5	Cortex_1	Cortex_5->Cortex_1	11	2011.176636	2181.505615	2.013583422
Cortex_5	Cortex_1	Cortex_5->Cortex_1	12	2181.505615	2351.834717	1.948049545
Cortex_5	Cortex_1	Cortex_5->Cortex_1	13	2351.834717	2522.163818	1.88554883
Cortex_5	Cortex_1	Cortex_5->Cortex_1	14	2522.163818	2692.492676	1.816279531
Cortex_5	Cortex_1	Cortex_5->Cortex_1	15	2692.492676	2862.821777	1.761227131
Cortex_5	Cortex_1	Cortex_5->Cortex_1	16	2862.821777	3033.150879	1.69757092
Cortex_5	Cortex_1	Cortex_5->Cortex_1	17	3033.150879	3203.47998	1.646694422
Cortex_5	Cortex_1	Cortex_5->Cortex_1	18	3203.47998	3373.808838	1.592276335
Cortex_5	Cortex_1	Cortex_5->Cortex_1	19	3373.808838	3544.137939	1.543271065
Cortex_5	Cortex_1	Cortex_5->Cortex_1	20	3544.137939	3714.467041	1.496281862
Cortex_5	Cortex_1	Cortex_5->Cortex_1	21	3714.467041	3884.796143	1.451359749
Cortex_5	Cortex_1	Cortex_5->Cortex_1	22	3884.796143	4055.125	1.41252768
Cortex_5	Cortex_1	Cortex_5->Cortex_1	23	4055.125	4225.454102	1.366789222
Cortex_5	Cortex_2	Cortex_5->Cortex_2	0	137.5572662	307.8862915	2.137717009
Cortex_5	Cortex_2	Cortex_5->Cortex_2	1	307.8862915	478.215332	2.745070934
Cortex_5	Cortex_2	Cortex_5->Cortex_2	2	478.215332	648.5443726	3.05073452
Cortex_5	Cortex_2	Cortex_5->Cortex_2	3	648.5443726	818.8734131	3.124893904
Cortex_5	Cortex_2	Cortex_5->Cortex_2	4	818.8734131	989.2024536	3.132260799
Cortex_5	Cortex_2	Cortex_5->Cortex_2	5	989.2024536	1159.531494	3.067345858
Cortex_5	Cortex_2	Cortex_5->Cortex_2	6	1159.531494	1329.860474	2.983491898
Cortex_5	Cortex_2	Cortex_5->Cortex_2	7	1329.860474	1500.189575	2.901116371
Cortex_5	Cortex_2	Cortex_5->Cortex_2	8	1500.189575	1670.518555	2.798898935
Cortex_5	Cortex_2	Cortex_5->Cortex_2	9	1670.518555	1840.847656	2.661351204
Cortex_5	Cortex_2	Cortex_5->Cortex_2	10	1840.847656	2011.176636	2.513701439
Cortex_5	Cortex_2	Cortex_5->Cortex_2	11	2011.176636	2181.505615	2.354120016
Cortex_5	Cortex_2	Cortex_5->Cortex_2	12	2181.505615	2351.834717	2.215959549
Cortex_5	Cortex_2	Cortex_5->Cortex_2	13	2351.834717	2522.163818	2.086662054
Cortex_5	Cortex_2	Cortex_5->Cortex_2	14	2522.163818	2692.492676	1.958981633
Cortex_5	Cortex_2	Cortex_5->Cortex_2	15	2692.492676	2862.821777	1.855739832
Cortex_5	Cortex_2	Cortex_5->Cortex_2	16	2862.821777	3033.150879	1.746185184
Cortex_5	Cortex_2	Cortex_5->Cortex_2	17	3033.150879	3203.47998	1.655981302
Cortex_5	Cortex_2	Cortex_5->Cortex_2	18	3203.47998	3373.808838	1.566094279
Cortex_5	Cortex_2	Cortex_5->Cortex_2	19	3373.808838	3544.137939	1.485079765
Cortex_5	Cortex_2	Cortex_5->Cortex_2	20	3544.137939	3714.467041	1.411737919
Cortex_5	Cortex_2	Cortex_5->Cortex_2	21	3714.467041	3884.796143	1.340714335
Cortex_5	Cortex_2	Cortex_5->Cortex_2	22	3884.796143	4055.125	1.286687136
Cortex_5	Cortex_2	Cortex_5->Cortex_2	23	4055.125	4225.454102	1.223613501
Cortex_5	Cortex_3	Cortex_5->Cortex_3	0	137.5572662	307.8862915	0.04562823102
Cortex_5	Cortex_3	Cortex_5->Cortex_3	1	307.8862915	478.215332	0.08844636381
Cortex_5	Cortex_3	Cortex_5->Cortex_3	2	478.215332	648.5443726	0.2885516286
Cortex_5	Cortex_3	Cortex_5->Cortex_3	3	648.5443726	818.8734131	0.4625663161
Cortex_5	Cortex_3	Cortex_5->Cortex_3	4	818.8734131	989.2024536	0.7555593252
Cortex_5	Cortex_3	Cortex_5->Cortex_3	5	989.2024536	1159.531494	1.075495124
Cortex_5	Cortex_3	Cortex_5->Cortex_3	6	1159.531494	1329.860474	1.47442019
Cortex_5	Cortex_3	Cortex_5->Cortex_3	7	1329.860474	1500.189575	1.71324873
Cortex_5	Cortex_3	Cortex_5->Cortex_3	8	1500.189575	1670.518555	1.842489123
Cortex_5	Cortex_3	Cortex_5->Cortex_3	9	1670.518555	1840.847656	1.91610074
Cortex_5	Cortex_3	Cortex_5->Cortex_3	10	1840.847656	2011.176636	1.926063895
Cortex_5	Cortex_3	Cortex_5->Cortex_3	11	2011.176636	2181.505615	1.893878818
Cortex_5	Cortex_3	Cortex_5->Cortex_3	12	2181.505615	2351.834717	1.855164289
Cortex_5	Cortex_3	Cortex_5->Cortex_3	13	2351.834717	2522.163818	1.807470083
Cortex_5	Cortex_3	Cortex_5->Cortex_3	14	2522.163818	2692.492676	1.763403058
Cortex_5	Cortex_3	Cortex_5->Cortex_3	15	2692.492676	2862.821777	1.715107799
Cortex_5	Cortex_3	Cortex_5->Cortex_3	16	2862.821777	3033.150879	1.667054296
Cortex_5	Cortex_3	Cortex_5->Cortex_3	17	3033.150879	3203.47998	1.619032502
Cortex_5	Cortex_3	Cortex_5->Cortex_3	18	3203.47998	3373.808838	1.568443298
Cortex_5	Cortex_3	Cortex_5->Cortex_3	19	3373.808838	3544.137939	1.518051147
Cortex_5	Cortex_3	Cortex_5->Cortex_3	20	3544.137939	3714.467041	1.467693806
Cortex_5	Cortex_3	Cortex_5->Cortex_3	21	3714.467041	3884.796143	1.423524022
Cortex_5	Cortex_3	Cortex_5->Cortex_3	22	3884.796143	4055.125	1.386815071
Cortex_5	Cortex_3	Cortex_5->Cortex_3	23	4055.125	4225.454102	1.342664838
Cortex_5	Cortex_4	Cortex_5->Cortex_4	0	137.5572662	307.8862915	5.251441002
Cortex_5	Cortex_4	Cortex_5->Cortex_4	1	307.8862915	478.215332	5.819911957
Cortex_5	Cortex_4	Cortex_5->Cortex_4	2	478.215332	648.5443726	5.420342922
Cortex_5	Cortex_4	Cortex_5->Cortex_4	3	648.5443726	818.8734131	5.039543629
Cortex_5	Cortex_4	Cortex_5->Cortex_4	4	818.8734131	989.2024536	4.531249523
Cortex_5	Cortex_4	Cortex_5->Cortex_4	5	989.2024536	1159.531494	4.158502102
Cortex_5	Cortex_4	Cortex_5->Cortex_4	6	1159.531494	1329.860474	3.745647907
Cortex_5	Cortex_4	Cortex_5->Cortex_4	7	1329.860474	1500.189575	3.470174789
Cortex_5	Cortex_4	Cortex_5->Cortex_4	8	1500.189575	1670.518555	3.23478961
Cortex_5	Cortex_4	Cortex_5->Cortex_4	9	1670.518555	1840.847656	2.979137182
Cortex_5	Cortex_4	Cortex_5->Cortex_4	10	1840.847656	2011.176636	2.78828764
Cortex_5	Cortex_4	Cortex_5->Cortex_4	11	2011.176636	2181.505615	2.626351833
Cortex_5	Cortex_4	Cortex_5->Cortex_4	12	2181.505615	2351.834717	2.495490074
Cortex_5	Cortex_4	Cortex_5->Cortex_4	13	2351.834717	2522.163818	2.372751951
Cortex_5	Cortex_4	Cortex_5->Cortex_4	14	2522.163818	2692.492676	2.251307011
Cortex_5	Cortex_4	Cortex_5->Cortex_4	15	2692.492676	2862.821777	2.150354862
Cortex_5	Cortex_4	Cortex_5->Cortex_4	16	2862.821777	3033.150879	2.042145491
Cortex_5	Cortex_4	Cortex_5->Cortex_4	17	3033.150879	3203.47998	1.95389533
Cortex_5	Cortex_4	Cortex_5->Cortex_4	18	3203.47998	3373.808838	1.866530895
Cortex_5	Cortex_4	Cortex_5->Cortex_4	19	3373.808838	3544.137939	1.786930561
Cortex_5	Cortex_4	Cortex_5->Cortex_4	20	3544.137939	3714.467041	1.716752291
Cortex_5	Cortex_4	Cortex_5->Cortex_4	21	3714.467041	3884.796143	1.643330693
Cortex_5	Cortex_4	Cortex_5->Cortex_4	22	3884.796143	4055.125	1.589779735
Cortex_5	Cortex_4	Cortex_5->Cortex_4	23	4055.125	4225.454102	1.521777511
Cortex_5	Cortex_5	Cortex_5->Cortex_5	0	137.5572662	307.8862915	12.0529604
Cortex_5	Cortex_5	Cortex_5->Cortex_5	1	307.8862915	478.215332	9.290435791
Cortex_5	Cortex_5	Cortex_5->Cortex_5	2	478.215332	648.5443726	7.323129177
Cortex_5	Cortex_5	Cortex_5->Cortex_5	3	648.5443726	818.8734131	6.414768219
Cortex_5	Cortex_5	Cortex_5->Cortex_5	4	818.8734131	989.2024536	5.401543617
Cortex_5	Cortex_5	Cortex_5->Cortex_5	5	989.2024536	1159.531494	4.81119585
Cortex_5	Cortex_5	Cortex_5->Cortex_5	6	1159.531494	1329.860474	4.313421726
Cortex_5	Cortex_5	Cortex_5->Cortex_5	7	1329.860474	1500.189575	3.932272434
Cortex_5	Cortex_5	Cortex_5->Cortex_5	8	1500.189575	1670.518555	3.648993015
Cortex_5	Cortex_5	Cortex_5->Cortex_5	9	1670.518555	1840.847656	3.391254902
Cortex_5	Cortex_5	Cortex_5->Cortex_5	10	1840.847656	2011.176636	3.152236223
Cortex_5	Cortex_5	Cortex_5->Cortex_5	11	2011.176636	2181.505615	2.906617165
Cortex_5	Cortex_5	Cortex_5->Cortex_5	12	2181.505615	2351.834717	2.717637062
Cortex_5	Cortex_5	Cortex_5->Cortex_5	13	2351.834717	2522.163818	2.548009157
Cortex_5	Cortex_5	Cortex_5->Cortex_5	14	2522.163818	2692.492676	2.396081209
Cortex_5	Cortex_5	Cortex_5->Cortex_5	15	2692.492676	2862.821777	2.276331186
Cortex_5	Cortex_5	Cortex_5->Cortex_5	16	2862.821777	3033.150879	2.142928123
Cortex_5	Cortex_5	Cortex_5->Cortex_5	17	3033.150879	3203.47998	2.044637203
Cortex_5	Cortex_5	Cortex_5->Cortex_5	18	3203.47998	3373.808838	1.930589437
Cortex_5	Cortex_5	Cortex_5->Cortex_5	19	3373.808838	3544.137939	1.832869053
Cortex_5	Cortex_5	Cortex_5->Cortex_5	20	3544.137939	3714.467041	1.739495993
Cortex_5	Cortex_5	Cortex_5->Cortex_5	21	3714.467041	3884.796143	1.648812175
Cortex_5	Cortex_5	Cortex_5->Cortex_5	22	3884.796143	4055.125	1.578474879
Cortex_5	Cortex_5	Cortex_5->Cortex_5	23	4055.125	4225.454102	1.499860168
Cortex_5	Fiber_tract	Cortex_5->Fiber_tract	0	137.5572662	307.8862915	0
Cortex_5	Fiber_tract	Cortex_5->Fiber_tract	1	307.8862915	478.215332	0
Cortex_5	Fiber_tract	Cortex_5->Fiber_tract	2	478.215332	648.5443726	0
Cortex_5	Fiber_tract	Cortex_5->Fiber_tract	3	648.5443726	818.8734131	0.002375665586
Cortex_5	Fiber_tract	Cortex_5->Fiber_tract	4	818.8734131	989.2024536	0.01498208568
Cortex_5	Fiber_tract	Cortex_5->Fiber_tract	5	989.2024536	1159.531494	0.019561138
Cortex_5	Fiber_tract	Cortex_5->Fiber_tract	6	1159.531494	1329.860474	0.04112505168
Cortex_5	Fiber_tract	Cortex_5->Fiber_tract	7	1329.860474	1500.189575	0.100636825
Cortex_5	Fiber_tract	Cortex_5->Fiber_tract	8	1500.189575	1670.518555	0.1786305606
Cortex_5	Fiber_tract	Cortex_5->Fiber_tract	9	1670.518555	1840.847656	0.3073914945
Cortex_5	Fiber_tract	Cortex_5->Fiber_tract	10	1840.847656	2011.176636	0.4212227166
Cortex_5	Fiber_tract	Cortex_5->Fiber_tract	11	2011.176636	2181.505615	0.5428646207
Cortex_5	Fiber_tract	Cortex_5->Fiber_tract	12	2181.505615	2351.834717	0.6280942559
Cortex_5	Fiber_tract	Cortex_5->Fiber_tract	13	2351.834717	2522.163818	0.7071616054
Cortex_5	Fiber_tract	Cortex_5->Fiber_tract	14	2522.163818	2692.492676	0.7928124666
Cortex_5	Fiber_tract	Cortex_5->Fiber_tract	15	2692.492676	2862.821777	0.8552125096
Cortex_5	Fiber_tract	Cortex_5->Fiber_tract	16	2862.821777	3033.150879	0.9009924531
Cortex_5	Fiber_tract	Cortex_5->Fiber_tract	17	3033.150879	3203.47998	0.9249508381
Cortex_5	Fiber_tract	Cortex_5->Fiber_tract	18	3203.47998	3373.808838	0.9435954094
Cortex_5	Fiber_tract	Cortex_5->Fiber_tract	19	3373.808838	3544.137939	0.9579645395
Cortex_5	Fiber_tract	Cortex_5->Fiber_tract	20	3544.137939	3714.467041	0.9696346521
Cortex_5	Fiber_tract	Cortex_5->Fiber_tract	21	3714.467041	3884.796143	0.9771347642
Cortex_5	Fiber_tract	Cortex_5->Fiber_tract	22	3884.796143	4055.125	0.9783206582
Cortex_5	Fiber_tract	Cortex_5->Fiber_tract	23	4055.125	4225.454102	0.9802426696
Cortex_5	Hippocampus	Cortex_5->Hippocampus	0	137.5572662	307.8862915	0.1328421384
Cortex_5	Hippocampus	Cortex_5->Hippocampus	1	307.8862915	478.215332	0.1116703749
Cortex_5	Hippocampus	Cortex_5->Hippocampus	2	478.215332	648.5443726	0.09199849516
Cortex_5	Hippocampus	Cortex_5->Hippocampus	3	648.5443726	818.8734131	0.08191423118
Cortex_5	Hippocampus	Cortex_5->Hippocampus	4	818.8734131	989.2024536	0.07732145488
Cortex_5	Hippocampus	Cortex_5->Hippocampus	5	989.2024536	1159.531494	0.07716345787
Cortex_5	Hippocampus	Cortex_5->Hippocampus	6	1159.531494	1329.860474	0.07675070316
Cortex_5	Hippocampus	Cortex_5->Hippocampus	7	1329.860474	1500.189575	0.1033433005
Cortex_5	Hippocampus	Cortex_5->Hippocampus	8	1500.189575	1670.518555	0.1439290941
Cortex_5	Hippocampus	Cortex_5->Hippocampus	9	1670.518555	1840.847656	0.2178655118
Cortex_5	Hippocampus	Cortex_5->Hippocampus	10	1840.847656	2011.176636	0.2994366884
Cortex_5	Hippocampus	Cortex_5->Hippocampus	11	2011.176636	2181.505615	0.424693644
Cortex_5	Hippocampus	Cortex_5->Hippocampus	12	2181.505615	2351.834717	0.5314021707
Cortex_5	Hippocampus	Cortex_5->Hippocampus	13	2351.834717	2522.163818	0.6427716613
Cortex_5	Hippocampus	Cortex_5->Hippocampus	14	2522.163818	2692.492676	0.737524271
Cortex_5	Hippocampus	Cortex_5->Hippocampus	15	2692.492676	2862.821777	0.8118312359
Cortex_5	Hippocampus	Cortex_5->Hippocampus	16	2862.821777	3033.150879	0.8839450479
Cortex_5	Hippocampus	Cortex_5->Hippocampus	17	3033.150879	3203.47998	0.9229541421
Cortex_5	Hippocampus	Cortex_5->Hippocampus	18	3203.47998	3373.808838	0.9546015263
Cortex_5	Hippocampus	Cortex_5->Hippocampus	19	3373.808838	3544.137939	0.9687168002
Cortex_5	Hippocampus	Cortex_5->Hippocampus	20	3544.137939	3714.467041	0.9736813903
Cortex_5	Hippocampus	Cortex_5->Hippocampus	21	3714.467041	3884.796143	0.9758096337
Cortex_5	Hippocampus	Cortex_5->Hippocampus	22	3884.796143	4055.125	0.9781934023
Cortex_5	Hippocampus	Cortex_5->Hippocampus	23	4055.125	4225.454102	0.9838814735
Cortex_5	Hypothalamus_1	Cortex_5->Hypothalamus_1	0	137.5572662	307.8862915	0
Cortex_5	Hypothalamus_1	Cortex_5->Hypothalamus_1	1	307.8862915	478.215332	0
Cortex_5	Hypothalamus_1	Cortex_5->Hypothalamus_1	2	478.215332	648.5443726	0
Cortex_5	Hypothalamus_1	Cortex_5->Hypothalamus_1	3	648.5443726	818.8734131	0
Cortex_5	Hypothalamus_1	Cortex_5->Hypothalamus_1	4	818.8734131	989.2024536	0
Cortex_5	Hypothalamus_1	Cortex_5->Hypothalamus_1	5	989.2024536	1159.531494	0
Cortex_5	Hypothalamus_1	Cortex_5->Hypothalamus_1	6	1159.531494	1329.860474	0
Cortex_5	Hypothalamus_1	Cortex_5->Hypothalamus_1	7	1329.860474	1500.189575	0.002171308268
Cortex_5	Hypothalamus_1	Cortex_5->Hypothalamus_1	8	1500.189575	1670.518555	0.01172013674
Cortex_5	Hypothalamus_1	Cortex_5->Hypothalamus_1	9	1670.518555	1840.847656	0.02796610072
Cortex_5	Hypothalamus_1	Cortex_5->Hypothalamus_1	10	1840.847656	2011.176636	0.04937054217
Cortex_5	Hypothalamus_1	Cortex_5->Hypothalamus_1	11	2011.176636	2181.505615	0.07835413516
Cortex_5	Hypothalamus_1	Cortex_5->Hypothalamus_1	12	2181.505615	2351.834717	0.1088486016
Cortex_5	Hypothalamus_1	Cortex_5->Hypothalamus_1	13	2351.834717	2522.163818	0.1335497648
Cortex_5	Hypothalamus_1	Cortex_5->Hypothalamus_1	14	2522.163818	2692.492676	0.1611193269
Cortex_5	Hypothalamus_1	Cortex_5->Hypothalamus_1	15	2692.492676	2862.821777	0.1909250766
Cortex_5	Hypothalamus_1	Cortex_5->Hypothalamus_1	16	2862.821777	3033.150879	0.2310636491
Cortex_5	Hypothalamus_1	Cortex_5->Hypothalamus_1	17	3033.150879	3203.47998	0.287653774
Cortex_5	Hypothalamus_1	Cortex_5->Hypothalamus_1	18	3203.47998	3373.808838	0.3325374722
Cortex_5	Hypothalamus_1	Cortex_5->Hypothalamus_1	19	3373.808838	3544.137939	0.3790752888
Cortex_5	Hypothalamus_1	Cortex_5->Hypothalamus_1	20	3544.137939	3714.467041	0.4099409878
Cortex_5	Hypothalamus_1	Cortex_5->Hypothalamus_1	21	3714.467041	3884.796143	0.4447020888
Cortex_5	Hypothalamus_1	Cortex_5->Hypothalamus_1	22	3884.796143	4055.125	0.4654147327
Cortex_5	Hypothalamus_1	Cortex_5->Hypothalamus_1	23	4055.125	4225.454102	0.4879059196
Cortex_5	Hypothalamus_2	Cortex_5->Hypothalamus_2	0	137.5572662	307.8862915	0
Cortex_5	Hypothalamus_2	Cortex_5->Hypothalamus_2	1	307.8862915	478.215332	0
Cortex_5	Hypothalamus_2	Cortex_5->Hypothalamus_2	2	478.215332	648.5443726	0.002744494006
Cortex_5	Hypothalamus_2	Cortex_5->Hypothalamus_2	3	648.5443726	818.8734131	0.003904551966
Cortex_5	Hypothalamus_2	Cortex_5->Hypothalamus_2	4	818.8734131	989.2024536	0.006422100589
Cortex_5	Hypothalamus_2	Cortex_5->Hypothalamus_2	5	989.2024536	1159.531494	0.005754300393
Cortex_5	Hypothalamus_2	Cortex_5->Hypothalamus_2	6	1159.531494	1329.860474	0.006397665478
Cortex_5	Hypothalamus_2	Cortex_5->Hypothalamus_2	7	1329.860474	1500.189575	0.009113911539
Cortex_5	Hypothalamus_2	Cortex_5->Hypothalamus_2	8	1500.189575	1670.518555	0.01039875858
Cortex_5	Hypothalamus_2	Cortex_5->Hypothalamus_2	9	1670.518555	1840.847656	0.01307815965
Cortex_5	Hypothalamus_2	Cortex_5->Hypothalamus_2	10	1840.847656	2011.176636	0.01830693334
Cortex_5	Hypothalamus_2	Cortex_5->Hypothalamus_2	11	2011.176636	2181.505615	0.03587804735
Cortex_5	Hypothalamus_2	Cortex_5->Hypothalamus_2	12	2181.505615	2351.834717	0.06974016875
Cortex_5	Hypothalamus_2	Cortex_5->Hypothalamus_2	13	2351.834717	2522.163818	0.1311194003
Cortex_5	Hypothalamus_2	Cortex_5->Hypothalamus_2	14	2522.163818	2692.492676	0.2166315466
Cortex_5	Hypothalamus_2	Cortex_5->Hypothalamus_2	15	2692.492676	2862.821777	0.3115578592
Cortex_5	Hypothalamus_2	Cortex_5->Hypothalamus_2	16	2862.821777	3033.150879	0.4295002222
Cortex_5	Hypothalamus_2	Cortex_5->Hypothalamus_2	17	3033.150879	3203.47998	0.5304194093
Cortex_5	Hypothalamus_2	Cortex_5->Hypothalamus_2	18	3203.47998	3373.808838	0.6208601594
Cortex_5	Hypothalamus_2	Cortex_5->Hypothalamus_2	19	3373.808838	3544.137939	0.6836889982
Cortex_5	Hypothalamus_2	Cortex_5->Hypothalamus_2	20	3544.137939	3714.467041	0.7249927521
Cortex_5	Hypothalamus_2	Cortex_5->Hypothalamus_2	21	3714.467041	3884.796143	0.7635000348
Cortex_5	Hypothalamus_2	Cortex_5->Hypothalamus_2	22	3884.796143	4055.125	0.7891070843
Cortex_5	Hypothalamus_2	Cortex_5->Hypothalamus_2	23	4055.125	4225.454102	0.816678226
Cortex_5	Lateral_ventricle	Cortex_5->Lateral_ventricle	0	137.5572662	307.8862915	0.8066400886
Cortex_5	Lateral_ventricle	Cortex_5->Lateral_ventricle	1	307.8862915	478.215332	0.6040854454
Cortex_5	Lateral_ventricle	Cortex_5->Lateral_ventricle	2	478.215332	648.5443726	0.4800456762
Cortex_5	Lateral_ventricle	Cortex_5->Lateral_ventricle	3	648.5443726	818.8734131	0.4331283569
Cortex_5	Lateral_ventricle	Cortex_5->Lateral_ventricle	4	818.8734131	989.2024536	0.368460238
Cortex_5	Lateral_ventricle	Cortex_5->Lateral_ventricle	5	989.2024536	1159.531494	0.3315740526
Cortex_5	Lateral_ventricle	Cortex_5->Lateral_ventricle	6	1159.531494	1329.860474	0.311105758
Cortex_5	Lateral_ventricle	Cortex_5->Lateral_ventricle	7	1329.860474	1500.189575	0.327478826
Cortex_5	Lateral_ventricle	Cortex_5->Lateral_ventricle	8	1500.189575	1670.518555	0.3495332897
Cortex_5	Lateral_ventricle	Cortex_5->Lateral_ventricle	9	1670.518555	1840.847656	0.4188660383
Cortex_5	Lateral_ventricle	Cortex_5->Lateral_ventricle	10	1840.847656	2011.176636	0.5604538321
Cortex_5	Lateral_ventricle	Cortex_5->Lateral_ventricle	11	2011.176636	2181.505615	0.6825973392
Cortex_5	Lateral_ventricle	Cortex_5->Lateral_ventricle	12	2181.505615	2351.834717	0.8198479414
Cortex_5	Lateral_ventricle	Cortex_5->Lateral_ventricle	13	2351.834717	2522.163818	0.9611413479
Cortex_5	Lateral_ventricle	Cortex_5->Lateral_ventricle	14	2522.163818	2692.492676	1.043395638
Cortex_5	Lateral_ventricle	Cortex_5->Lateral_ventricle	15	2692.492676	2862.821777	1.072335482
Cortex_5	Lateral_ventricle	Cortex_5->Lateral_ventricle	16	2862.821777	3033.150879	1.082026839
Cortex_5	Lateral_ventricle	Cortex_5->Lateral_ventricle	17	3033.150879	3203.47998	1.08144021
Cortex_5	Lateral_ventricle	Cortex_5->Lateral_ventricle	18	3203.47998	3373.808838	1.066701412
Cortex_5	Lateral_ventricle	Cortex_5->Lateral_ventricle	19	3373.808838	3544.137939	1.058178067
Cortex_5	Lateral_ventricle	Cortex_5->Lateral_ventricle	20	3544.137939	3714.467041	1.045494795
Cortex_5	Lateral_ventricle	Cortex_5->Lateral_ventricle	21	3714.467041	3884.796143	1.031643271
Cortex_5	Lateral_ventricle	Cortex_5->Lateral_ventricle	22	3884.796143	4055.125	1.029688358
Cortex_5	Lateral_ventricle	Cortex_5->Lateral_ventricle	23	4055.125	4225.454102	1.017443538
Cortex_5	Pyramidal_layer	Cortex_5->Pyramidal_layer	0	137.5572662	307.8862915	0
Cortex_5	Pyramidal_layer	Cortex_5->Pyramidal_layer	1	307.8862915	478.215332	0.08922525495
Cortex_5	Pyramidal_layer	Cortex_5->Pyramidal_layer	2	478.215332	648.5443726	0.07081747055
Cortex_5	Pyramidal_layer	Cortex_5->Pyramidal_layer	3	648.5443726	818.8734131	0.0573335588
Cortex_5	Pyramidal_layer	Cortex_5->Pyramidal_layer	4	818.8734131	989.2024536	0.0465622507
Cortex_5	Pyramidal_layer	Cortex_5->Pyramidal_layer	5	989.2024536	1159.531494	0.05090551078
Cortex_5	Pyramidal_layer	Cortex_5->Pyramidal_layer	6	1159.531494	1329.860474	0.06423605233
Cortex_5	Pyramidal_layer	Cortex_5->Pyramidal_layer	7	1329.860474	1500.189575	0.08815686405
Cortex_5	Pyramidal_layer	Cortex_5->Pyramidal_layer	8	1500.189575	1670.518555	0.1697171181
Cortex_5	Pyramidal_layer	Cortex_5->Pyramidal_layer	9	1670.518555	1840.847656	0.387920469
Cortex_5	Pyramidal_layer	Cortex_5->Pyramidal_layer	10	1840.847656	2011.176636	0.5664202571
Cortex_5	Pyramidal_layer	Cortex_5->Pyramidal_layer	11	2011.176636	2181.505615	0.688677907
Cortex_5	Pyramidal_layer	Cortex_5->Pyramidal_layer	12	2181.505615	2351.834717	0.7774482965
Cortex_5	Pyramidal_layer	Cortex_5->Pyramidal_layer	13	2351.834717	2522.163818	0.8543648124
Cortex_5	Pyramidal_layer	Cortex_5->Pyramidal_layer	14	2522.163818	2692.492676	0.8812904954
Cortex_5	Pyramidal_layer	Cortex_5->Pyramidal_layer	15	2692.492676	2862.821777	0.901068449
Cortex_5	Pyramidal_layer	Cortex_5->Pyramidal_layer	16	2862.821777	3033.150879	0.9025773406
Cortex_5	Pyramidal_layer	Cortex_5->Pyramidal_layer	17	3033.150879	3203.47998	0.9057830572
Cortex_5	Pyramidal_layer	Cortex_5->Pyramidal_layer	18	3203.47998	3373.808838	0.90826267
Cortex_5	Pyramidal_layer	Cortex_5->Pyramidal_layer	19	3373.808838	3544.137939	0.8989497423
Cortex_5	Pyramidal_layer	Cortex_5->Pyramidal_layer	20	3544.137939	3714.467041	0.8966935277
Cortex_5	Pyramidal_layer	Cortex_5->Pyramidal_layer	21	3714.467041	3884.796143	0.8874671459
Cortex_5	Pyramidal_layer	Cortex_5->Pyramidal_layer	22	3884.796143	4055.125	0.8760104775
Cortex_5	Pyramidal_layer	Cortex_5->Pyramidal_layer	23	4055.125	4225.454102	0.8757266402
Cortex_5	Pyramidal_layer_dentate_gyrus	Cortex_5->Pyramidal_layer_dentate_gyrus	0	137.5572662	307.8862915	0
Cortex_5	Pyramidal_layer_dentate_gyrus	Cortex_5->Pyramidal_layer_dentate_gyrus	1	307.8862915	478.215332	0.04392628372
Cortex_5	Pyramidal_layer_dentate_gyrus	Cortex_5->Pyramidal_layer_dentate_gyrus	2	478.215332	648.5443726	0.1186944097
Cortex_5	Pyramidal_layer_dentate_gyrus	Cortex_5->Pyramidal_layer_dentate_gyrus	3	648.5443726	818.8734131	0.1264602691
Cortex_5	Pyramidal_layer_dentate_gyrus	Cortex_5->Pyramidal_layer_dentate_gyrus	4	818.8734131	989.2024536	0.1080386117
Cortex_5	Pyramidal_layer_dentate_gyrus	Cortex_5->Pyramidal_layer_dentate_gyrus	5	989.2024536	1159.531494	0.0897326991
Cortex_5	Pyramidal_layer_dentate_gyrus	Cortex_5->Pyramidal_layer_dentate_gyrus	6	1159.531494	1329.860474	0.07443355769
Cortex_5	Pyramidal_layer_dentate_gyrus	Cortex_5->Pyramidal_layer_dentate_gyrus	7	1329.860474	1500.189575	0.06381801516
Cortex_5	Pyramidal_layer_dentate_gyrus	Cortex_5->Pyramidal_layer_dentate_gyrus	8	1500.189575	1670.518555	0.05633533001
Cortex_5	Pyramidal_layer_dentate_gyrus	Cortex_5->Pyramidal_layer_dentate_gyrus	9	1670.518555	1840.847656	0.04774422571
Cortex_5	Pyramidal_layer_dentate_gyrus	Cortex_5->Pyramidal_layer_dentate_gyrus	10	1840.847656	2011.176636	0.04588216543
Cortex_5	Pyramidal_layer_dentate_gyrus	Cortex_5->Pyramidal_layer_dentate_gyrus	11	2011.176636	2181.505615	0.07058495283
Cortex_5	Pyramidal_layer_dentate_gyrus	Cortex_5->Pyramidal_layer_dentate_gyrus	12	2181.505615	2351.834717	0.1341725886
Cortex_5	Pyramidal_layer_dentate_gyrus	Cortex_5->Pyramidal_layer_dentate_gyrus	13	2351.834717	2522.163818	0.2269417644
Cortex_5	Pyramidal_layer_dentate_gyrus	Cortex_5->Pyramidal_layer_dentate_gyrus	14	2522.163818	2692.492676	0.3857751489
Cortex_5	Pyramidal_layer_dentate_gyrus	Cortex_5->Pyramidal_layer_dentate_gyrus	15	2692.492676	2862.821777	0.5468987226
Cortex_5	Pyramidal_layer_dentate_gyrus	Cortex_5->Pyramidal_layer_dentate_gyrus	16	2862.821777	3033.150879	0.712892592
Cortex_5	Pyramidal_layer_dentate_gyrus	Cortex_5->Pyramidal_layer_dentate_gyrus	17	3033.150879	3203.47998	0.820781827
Cortex_5	Pyramidal_layer_dentate_gyrus	Cortex_5->Pyramidal_layer_dentate_gyrus	18	3203.47998	3373.808838	0.8957178593
Cortex_5	Pyramidal_layer_dentate_gyrus	Cortex_5->Pyramidal_layer_dentate_gyrus	19	3373.808838	3544.137939	0.9491459131
Cortex_5	Pyramidal_layer_dentate_gyrus	Cortex_5->Pyramidal_layer_dentate_gyrus	20	3544.137939	3714.467041	1.001378059
Cortex_5	Pyramidal_layer_dentate_gyrus	Cortex_5->Pyramidal_layer_dentate_gyrus	21	3714.467041	3884.796143	1.032912254
Cortex_5	Pyramidal_layer_dentate_gyrus	Cortex_5->Pyramidal_layer_dentate_gyrus	22	3884.796143	4055.125	1.049651504
Cortex_5	Pyramidal_layer_dentate_gyrus	Cortex_5->Pyramidal_layer_dentate_gyrus	23	4055.125	4225.454102	1.067741513
Cortex_5	Striatum	Cortex_5->Striatum	0	137.5572662	307.8862915	0
Cortex_5	Striatum	Cortex_5->Striatum	1	307.8862915	478.215332	0.01477075554
Cortex_5	Striatum	Cortex_5->Striatum	2	478.215332	648.5443726	0.05143951625
Cortex_5	Striatum	Cortex_5->Striatum	3	648.5443726	818.8734131	0.08242602646
Cortex_5	Striatum	Cortex_5->Striatum	4	818.8734131	989.2024536	0.1397410035
Cortex_5	Striatum	Cortex_5->Striatum	5	989.2024536	1159.531494	0.2013342083
Cortex_5	Striatum	Cortex_5->Striatum	6	1159.531494	1329.860474	0.3371275961
Cortex_5	Striatum	Cortex_5->Striatum	7	1329.860474	1500.189575	0.5238321424
Cortex_5	Striatum	Cortex_5->Striatum	8	1500.189575	1670.518555	0.7568010688
Cortex_5	Striatum	Cortex_5->Striatum	9	1670.518555	1840.847656	0.970454514
Cortex_5	Striatum	Cortex_5->Striatum	10	1840.847656	2011.176636	1.130426764
Cortex_5	Striatum	Cortex_5->Striatum	11	2011.176636	2181.505615	1.266732693
Cortex_5	Striatum	Cortex_5->Striatum	12	2181.505615	2351.834717	1.331034422
Cortex_5	Striatum	Cortex_5->Striatum	13	2351.834717	2522.163818	1.332449198
Cortex_5	Striatum	Cortex_5->Striatum	14	2522.163818	2692.492676	1.311169267
Cortex_5	Striatum	Cortex_5->Striatum	15	2692.492676	2862.821777	1.281651139
Cortex_5	Striatum	Cortex_5->Striatum	16	2862.821777	3033.150879	1.245972991
Cortex_5	Striatum	Cortex_5->Striatum	17	3033.150879	3203.47998	1.216336489
Cortex_5	Striatum	Cortex_5->Striatum	18	3203.47998	3373.808838	1.18621099
Cortex_5	Striatum	Cortex_5->Striatum	19	3373.808838	3544.137939	1.157027483
Cortex_5	Striatum	Cortex_5->Striatum	20	3544.137939	3714.467041	1.135178447
Cortex_5	Striatum	Cortex_5->Striatum	21	3714.467041	3884.796143	1.11267221
Cortex_5	Striatum	Cortex_5->Striatum	22	3884.796143	4055.125	1.093848109
Cortex_5	Striatum	Cortex_5->Striatum	23	4055.125	4225.454102	1.076773286
Cortex_5	Thalamus_1	Cortex_5->Thalamus_1	0	137.5572662	307.8862915	0
Cortex_5	Thalamus_1	Cortex_5->Thalamus_1	1	307.8862915	478.215332	0
Cortex_5	Thalamus_1	Cortex_5->Thalamus_1	2	478.215332	648.5443726	0
Cortex_5	Thalamus_1	Cortex_5->Thalamus_1	3	648.5443726	818.8734131	0.003993565217
Cortex_5	Thalamus_1	Cortex_5->Thalamus_1	4	818.8734131	989.2024536	0.009872878902
Cortex_5	Thalamus_1	Cortex_5->Thalamus_1	5	989.2024536	1159.531494	0.01378262043
Cortex_5	Thalamus_1	Cortex_5->Thalamus_1	6	1159.531494	1329.860474	0.01572213322
Cortex_5	Thalamus_1	Cortex_5->Thalamus_1	7	1329.860474	1500.189575	0.01643867604
Cortex_5	Thalamus_1	Cortex_5->Thalamus_1	8	1500.189575	1670.518555	0.01734666713
Cortex_5	Thalamus_1	Cortex_5->Thalamus_1	9	1670.518555	1840.847656	0.01871497557
Cortex_5	Thalamus_1	Cortex_5->Thalamus_1	10	1840.847656	2011.176636	0.01964620687
Cortex_5	Thalamus_1	Cortex_5->Thalamus_1	11	2011.176636	2181.505615	0.02016792446
Cortex_5	Thalamus_1	Cortex_5->Thalamus_1	12	2181.505615	2351.834717	0.02032549679
Cortex_5	Thalamus_1	Cortex_5->Thalamus_1	13	2351.834717	2522.163818	0.02039754763
Cortex_5	Thalamus_1	Cortex_5->Thalamus_1	14	2522.163818	2692.492676	0.0227923505
Cortex_5	Thalamus_1	Cortex_5->Thalamus_1	15	2692.492676	2862.821777	0.03085060976
Cortex_5	Thalamus_1	Cortex_5->Thalamus_1	16	2862.821777	3033.150879	0.06030267105
Cortex_5	Thalamus_1	Cortex_5->Thalamus_1	17	3033.150879	3203.47998	0.1066434383
Cortex_5	Thalamus_1	Cortex_5->Thalamus_1	18	3203.47998	3373.808838	0.1906038374
Cortex_5	Thalamus_1	Cortex_5->Thalamus_1	19	3373.808838	3544.137939	0.2907001078
Cortex_5	Thalamus_1	Cortex_5->Thalamus_1	20	3544.137939	3714.467041	0.399115324
Cortex_5	Thalamus_1	Cortex_5->Thalamus_1	21	3714.467041	3884.796143	0.510296762
Cortex_5	Thalamus_1	Cortex_5->Thalamus_1	22	3884.796143	4055.125	0.6023932099
Cortex_5	Thalamus_1	Cortex_5->Thalamus_1	23	4055.125	4225.454102	0.7074009776
Cortex_5	Thalamus_2	Cortex_5->Thalamus_2	0	137.5572662	307.8862915	0
Cortex_5	Thalamus_2	Cortex_5->Thalamus_2	1	307.8862915	478.215332	0
Cortex_5	Thalamus_2	Cortex_5->Thalamus_2	2	478.215332	648.5443726	0
Cortex_5	Thalamus_2	Cortex_5->Thalamus_2	3	648.5443726	818.8734131	0
Cortex_5	Thalamus_2	Cortex_5->Thalamus_2	4	818.8734131	989.2024536	0
Cortex_5	Thalamus_2	Cortex_5->Thalamus_2	5	989.2024536	1159.531494	0
Cortex_5	Thalamus_2	Cortex_5->Thalamus_2	6	1159.531494	1329.860474	0.001357060159
Cortex_5	Thalamus_2	Cortex_5->Thalamus_2	7	1329.860474	1500.189575	0.001662644092
Cortex_5	Thalamus_2	Cortex_5->Thalamus_2	8	1500.189575	1670.518555	0.001405016286
Cortex_5	Thalamus_2	Cortex_5->Thalamus_2	9	1670.518555	1840.847656	0.001155589591
Cortex_5	Thalamus_2	Cortex_5->Thalamus_2	10	1840.847656	2011.176636	0.001322437194
Cortex_5	Thalamus_2	Cortex_5->Thalamus_2	11	2011.176636	2181.505615	0.001692776335
Cortex_5	Thalamus_2	Cortex_5->Thalamus_2	12	2181.505615	2351.834717	0.002230141545
Cortex_5	Thalamus_2	Cortex_5->Thalamus_2	13	2351.834717	2522.163818	0.004573438317
Cortex_5	Thalamus_2	Cortex_5->Thalamus_2	14	2522.163818	2692.492676	0.007089375518
Cortex_5	Thalamus_2	Cortex_5->Thalamus_2	15	2692.492676	2862.821777	0.01134928595
Cortex_5	Thalamus_2	Cortex_5->Thalamus_2	16	2862.821777	3033.150879	0.0212062709
Cortex_5	Thalamus_2	Cortex_5->Thalamus_2	17	3033.150879	3203.47998	0.03477185965
Cortex_5	Thalamus_2	Cortex_5->Thalamus_2	18	3203.47998	3373.808838	0.05595782399
Cortex_5	Thalamus_2	Cortex_5->Thalamus_2	19	3373.808838	3544.137939	0.07659653574
Cortex_5	Thalamus_2	Cortex_5->Thalamus_2	20	3544.137939	3714.467041	0.1024492532
Cortex_5	Thalamus_2	Cortex_5->Thalamus_2	21	3714.467041	3884.796143	0.13328664
Cortex_5	Thalamus_2	Cortex_5->Thalamus_2	22	3884.796143	4055.125	0.1655017287
Cortex_5	Thalamus_2	Cortex_5->Thalamus_2	23	4055.125	4225.454102	0.2139261067
Fiber_tract	Cortex_1	Fiber_tract->Cortex_1	0	137.5572662	307.8862915	0.04623052478
Fiber_tract	Cortex_1	Fiber_tract->Cortex_1	1	307.8862915	478.215332	0.08981435001
Fiber_tract	Cortex_1	Fiber_tract->Cortex_1	2	478.215332	648.5443726	0.2442734241
Fiber_tract	Cortex_1	Fiber_tract->Cortex_1	3	648.5443726	818.8734131	0.3679553568
Fiber_tract	Cortex_1	Fiber_tract->Cortex_1	4	818.8734131	989.2024536	0.5337424874
Fiber_tract	Cortex_1	Fiber_tract->Cortex_1	5	989.2024536	1159.531494	0.6430417895
Fiber_tract	Cortex_1	Fiber_tract->Cortex_1	6	1159.531494	1329.860474	0.7342713475
Fiber_tract	Cortex_1	Fiber_tract->Cortex_1	7	1329.860474	1500.189575	0.7768983841
Fiber_tract	Cortex_1	Fiber_tract->Cortex_1	8	1500.189575	1670.518555	0.7988451123
Fiber_tract	Cortex_1	Fiber_tract->Cortex_1	9	1670.518555	1840.847656	0.8171287775
Fiber_tract	Cortex_1	Fiber_tract->Cortex_1	10	1840.847656	2011.176636	0.8217056394
Fiber_tract	Cortex_1	Fiber_tract->Cortex_1	11	2011.176636	2181.505615	0.8321251273
Fiber_tract	Cortex_1	Fiber_tract->Cortex_1	12	2181.505615	2351.834717	0.836235404
Fiber_tract	Cortex_1	Fiber_tract->Cortex_1	13	2351.834717	2522.163818	0.8372895718
Fiber_tract	Cortex_1	Fiber_tract->Cortex_1	14	2522.163818	2692.492676	0.8336359262
Fiber_tract	Cortex_1	Fiber_tract->Cortex_1	15	2692.492676	2862.821777	0.8349897265
Fiber_tract	Cortex_1	Fiber_tract->Cortex_1	16	2862.821777	3033.150879	0.8446957469
Fiber_tract	Cortex_1	Fiber_tract->Cortex_1	17	3033.150879	3203.47998	0.852163136
Fiber_tract	Cortex_1	Fiber_tract->Cortex_1	18	3203.47998	3373.808838	0.8634355664
Fiber_tract	Cortex_1	Fiber_tract->Cortex_1	19	3373.808838	3544.137939	0.8742537498
Fiber_tract	Cortex_1	Fiber_tract->Cortex_1	20	3544.137939	3714.467041	0.8862411976
Fiber_tract	Cortex_1	Fiber_tract->Cortex_1	21	3714.467041	3884.796143	0.9030100107
Fiber_tract	Cortex_1	Fiber_tract->Cortex_1	22	3884.796143	4055.125	0.9196947217
Fiber_tract	Cortex_1	Fiber_tract->Cortex_1	23	4055.125	4225.454102	0.9425277114
Fiber_tract	Cortex_2	Fiber_tract->Cortex_2	0	137.5572662	307.8862915	0
Fiber_tract	Cortex_2	Fiber_tract->Cortex_2	1	307.8862915	478.215332	0
Fiber_tract	Cortex_2	Fiber_tract->Cortex_2	2	478.215332	648.5443726	0.01260407642
Fiber_tract	Cortex_2	Fiber_tract->Cortex_2	3	648.5443726	818.8734131	0.04405076429
Fiber_tract	Cortex_2	Fiber_tract->Cortex_2	4	818.8734131	989.2024536	0.148792699
Fiber_tract	Cortex_2	Fiber_tract->Cortex_2	5	989.2024536	1159.531494	0.280038327
Fiber_tract	Cortex_2	Fiber_tract->Cortex_2	6	1159.531494	1329.860474	0.4746850431
Fiber_tract	Cortex_2	Fiber_tract->Cortex_2	7	1329.860474	1500.189575	0.6283055544
Fiber_tract	Cortex_2	Fiber_tract->Cortex_2	8	1500.189575	1670.518555	0.760630846
Fiber_tract	Cortex_2	Fiber_tract->Cortex_2	9	1670.518555	1840.847656	0.8745853305
Fiber_tract	Cortex_2	Fiber_tract->Cortex_2	10	1840.847656	2011.176636	0.9560266137
Fiber_tract	Cortex_2	Fiber_tract->Cortex_2	11	2011.176636	2181.505615	1.021796823
Fiber_tract	Cortex_2	Fiber_tract->Cortex_2	12	2181.505615	2351.834717	1.069918036
Fiber_tract	Cortex_2	Fiber_tract->Cortex_2	13	2351.834717	2522.163818	1.111507297
Fiber_tract	Cortex_2	Fiber_tract->Cortex_2	14	2522.163818	2692.492676	1.143129945
Fiber_tract	Cortex_2	Fiber_tract->Cortex_2	15	2692.492676	2862.821777	1.150011539
Fiber_tract	Cortex_2	Fiber_tract->Cortex_2	16	2862.821777	3033.150879	1.146559238
Fiber_tract	Cortex_2	Fiber_tract->Cortex_2	17	3033.150879	3203.47998	1.13260591
Fiber_tract	Cortex_2	Fiber_tract->Cortex_2	18	3203.47998	3373.808838	1.107281327
Fiber_tract	Cortex_2	Fiber_tract->Cortex_2	19	3373.808838	3544.137939	1.078495502
Fiber_tract	Cortex_2	Fiber_tract->Cortex_2	20	3544.137939	3714.467041	1.046474218
Fiber_tract	Cortex_2	Fiber_tract->Cortex_2	21	3714.467041	3884.796143	1.015917301
Fiber_tract	Cortex_2	Fiber_tract->Cortex_2	22	3884.796143	4055.125	0.991239965
Fiber_tract	Cortex_2	Fiber_tract->Cortex_2	23	4055.125	4225.454102	0.9642971754
Fiber_tract	Cortex_3	Fiber_tract->Cortex_3	0	137.5572662	307.8862915	0.8659982085
Fiber_tract	Cortex_3	Fiber_tract->Cortex_3	1	307.8862915	478.215332	0.9681120515
Fiber_tract	Cortex_3	Fiber_tract->Cortex_3	2	478.215332	648.5443726	0.9560959935
Fiber_tract	Cortex_3	Fiber_tract->Cortex_3	3	648.5443726	818.8734131	0.9098548293
Fiber_tract	Cortex_3	Fiber_tract->Cortex_3	4	818.8734131	989.2024536	0.8461948633
Fiber_tract	Cortex_3	Fiber_tract->Cortex_3	5	989.2024536	1159.531494	0.8071191311
Fiber_tract	Cortex_3	Fiber_tract->Cortex_3	6	1159.531494	1329.860474	0.7964941859
Fiber_tract	Cortex_3	Fiber_tract->Cortex_3	7	1329.860474	1500.189575	0.7980056405
Fiber_tract	Cortex_3	Fiber_tract->Cortex_3	8	1500.189575	1670.518555	0.8206537366
Fiber_tract	Cortex_3	Fiber_tract->Cortex_3	9	1670.518555	1840.847656	0.8432078362
Fiber_tract	Cortex_3	Fiber_tract->Cortex_3	10	1840.847656	2011.176636	0.8693813682
Fiber_tract	Cortex_3	Fiber_tract->Cortex_3	11	2011.176636	2181.505615	0.8933565617
Fiber_tract	Cortex_3	Fiber_tract->Cortex_3	12	2181.505615	2351.834717	0.9111728668
Fiber_tract	Cortex_3	Fiber_tract->Cortex_3	13	2351.834717	2522.163818	0.9217361212
Fiber_tract	Cortex_3	Fiber_tract->Cortex_3	14	2522.163818	2692.492676	0.9307182431
Fiber_tract	Cortex_3	Fiber_tract->Cortex_3	15	2692.492676	2862.821777	0.9364933968
Fiber_tract	Cortex_3	Fiber_tract->Cortex_3	16	2862.821777	3033.150879	0.9409880638
Fiber_tract	Cortex_3	Fiber_tract->Cortex_3	17	3033.150879	3203.47998	0.9466757178
Fiber_tract	Cortex_3	Fiber_tract->Cortex_3	18	3203.47998	3373.808838	0.9527218938
Fiber_tract	Cortex_3	Fiber_tract->Cortex_3	19	3373.808838	3544.137939	0.9589575529
Fiber_tract	Cortex_3	Fiber_tract->Cortex_3	20	3544.137939	3714.467041	0.9654116631
Fiber_tract	Cortex_3	Fiber_tract->Cortex_3	21	3714.467041	3884.796143	0.972232461
Fiber_tract	Cortex_3	Fiber_tract->Cortex_3	22	3884.796143	4055.125	0.9791812301
Fiber_tract	Cortex_3	Fiber_tract->Cortex_3	23	4055.125	4225.454102	0.9885072708
Fiber_tract	Cortex_4	Fiber_tract->Cortex_4	0	137.5572662	307.8862915	0
Fiber_tract	Cortex_4	Fiber_tract->Cortex_4	1	307.8862915	478.215332	0
Fiber_tract	Cortex_4	Fiber_tract->Cortex_4	2	478.215332	648.5443726	0
Fiber_tract	Cortex_4	Fiber_tract->Cortex_4	3	648.5443726	818.8734131	0
Fiber_tract	Cortex_4	Fiber_tract->Cortex_4	4	818.8734131	989.2024536	0.01269401703
Fiber_tract	Cortex_4	Fiber_tract->Cortex_4	5	989.2024536	1159.531494	0.07485408336
Fiber_tract	Cortex_4	Fiber_tract->Cortex_4	6	1159.531494	1329.860474	0.1987935454
Fiber_tract	Cortex_4	Fiber_tract->Cortex_4	7	1329.860474	1500.189575	0.3314447403
Fiber_tract	Cortex_4	Fiber_tract->Cortex_4	8	1500.189575	1670.518555	0.4474563003
Fiber_tract	Cortex_4	Fiber_tract->Cortex_4	9	1670.518555	1840.847656	0.5447775126
Fiber_tract	Cortex_4	Fiber_tract->Cortex_4	10	1840.847656	2011.176636	0.5974034071
Fiber_tract	Cortex_4	Fiber_tract->Cortex_4	11	2011.176636	2181.505615	0.6372891665
Fiber_tract	Cortex_4	Fiber_tract->Cortex_4	12	2181.505615	2351.834717	0.6735938787
Fiber_tract	Cortex_4	Fiber_tract->Cortex_4	13	2351.834717	2522.163818	0.7107542753
Fiber_tract	Cortex_4	Fiber_tract->Cortex_4	14	2522.163818	2692.492676	0.7400823236
Fiber_tract	Cortex_4	Fiber_tract->Cortex_4	15	2692.492676	2862.821777	0.7552073002
Fiber_tract	Cortex_4	Fiber_tract->Cortex_4	16	2862.821777	3033.150879	0.7762509584
Fiber_tract	Cortex_4	Fiber_tract->Cortex_4	17	3033.150879	3203.47998	0.7940152884
Fiber_tract	Cortex_4	Fiber_tract->Cortex_4	18	3203.47998	3373.808838	0.8171999454
Fiber_tract	Cortex_4	Fiber_tract->Cortex_4	19	3373.808838	3544.137939	0.8390248418
Fiber_tract	Cortex_4	Fiber_tract->Cortex_4	20	3544.137939	3714.467041	0.8617634773
Fiber_tract	Cortex_4	Fiber_tract->Cortex_4	21	3714.467041	3884.796143	0.8834218979
Fiber_tract	Cortex_4	Fiber_tract->Cortex_4	22	3884.796143	4055.125	0.9019918442
Fiber_tract	Cortex_4	Fiber_tract->Cortex_4	23	4055.125	4225.454102	0.9208260179
Fiber_tract	Cortex_5	Fiber_tract->Cortex_5	0	137.5572662	307.8862915	0
Fiber_tract	Cortex_5	Fiber_tract->Cortex_5	1	307.8862915	478.215332	0
Fiber_tract	Cortex_5	Fiber_tract->Cortex_5	2	478.215332	648.5443726	0
Fiber_tract	Cortex_5	Fiber_tract->Cortex_5	3	648.5443726	818.8734131	0.002375665586
Fiber_tract	Cortex_5	Fiber_tract->Cortex_5	4	818.8734131	989.2024536	0.01498208661
Fiber_tract	Cortex_5	Fiber_tract->Cortex_5	5	989.2024536	1159.531494	0.01956113987
Fiber_tract	Cortex_5	Fiber_tract->Cortex_5	6	1159.531494	1329.860474	0.04112504795
Fiber_tract	Cortex_5	Fiber_tract->Cortex_5	7	1329.860474	1500.189575	0.1006368101
Fiber_tract	Cortex_5	Fiber_tract->Cortex_5	8	1500.189575	1670.518555	0.1786305457
Fiber_tract	Cortex_5	Fiber_tract->Cortex_5	9	1670.518555	1840.847656	0.3073914945
Fiber_tract	Cortex_5	Fiber_tract->Cortex_5	10	1840.847656	2011.176636	0.4212227464
Fiber_tract	Cortex_5	Fiber_tract->Cortex_5	11	2011.176636	2181.505615	0.5428646803
Fiber_tract	Cortex_5	Fiber_tract->Cortex_5	12	2181.505615	2351.834717	0.6280942559
Fiber_tract	Cortex_5	Fiber_tract->Cortex_5	13	2351.834717	2522.163818	0.7071616054
Fiber_tract	Cortex_5	Fiber_tract->Cortex_5	14	2522.163818	2692.492676	0.792812407
Fiber_tract	Cortex_5	Fiber_tract->Cortex_5	15	2692.492676	2862.821777	0.8552123904
Fiber_tract	Cortex_5	Fiber_tract->Cortex_5	16	2862.821777	3033.150879	0.9009925127
Fiber_tract	Cortex_5	Fiber_tract->Cortex_5	17	3033.150879	3203.47998	0.9249506593
Fiber_tract	Cortex_5	Fiber_tract->Cortex_5	18	3203.47998	3373.808838	0.943595171
Fiber_tract	Cortex_5	Fiber_tract->Cortex_5	19	3373.808838	3544.137939	0.9579644799
Fiber_tract	Cortex_5	Fiber_tract->Cortex_5	20	3544.137939	3714.467041	0.9696345329
Fiber_tract	Cortex_5	Fiber_tract->Cortex_5	21	3714.467041	3884.796143	0.9771348834
Fiber_tract	Cortex_5	Fiber_tract->Cortex_5	22	3884.796143	4055.125	0.978320539
Fiber_tract	Cortex_5	Fiber_tract->Cortex_5	23	4055.125	4225.454102	0.98024261
Fiber_tract	Fiber_tract	Fiber_tract->Fiber_tract	0	137.5572662	307.8862915	6.244545937
Fiber_tract	Fiber_tract	Fiber_tract->Fiber_tract	1	307.8862915	478.215332	5.009411335
Fiber_tract	Fiber_tract	Fiber_tract->Fiber_tract	2	478.215332	648.5443726	3.766454697
Fiber_tract	Fiber_tract	Fiber_tract->Fiber_tract	3	648.5443726	818.8734131	3.212115288
Fiber_tract	Fiber_tract	Fiber_tract->Fiber_tract	4	818.8734131	989.2024536	2.613360882
Fiber_tract	Fiber_tract	Fiber_tract->Fiber_tract	5	989.2024536	1159.531494	2.258736134
Fiber_tract	Fiber_tract	Fiber_tract->Fiber_tract	6	1159.531494	1329.860474	1.924372196
Fiber_tract	Fiber_tract	Fiber_tract->Fiber_tract	7	1329.860474	1500.189575	1.703803182
Fiber_tract	Fiber_tract	Fiber_tract->Fiber_tract	8	1500.189575	1670.518555	1.539625645
Fiber_tract	Fiber_tract	Fiber_tract->Fiber_tract	9	1670.518555	1840.847656	1.37257266
Fiber_tract	Fiber_tract	Fiber_tract->Fiber_tract	10	1840.847656	2011.176636	1.266577482
Fiber_tract	Fiber_tract	Fiber_tract->Fiber_tract	11	2011.176636	2181.505615	1.165407181
Fiber_tract	Fiber_tract	Fiber_tract->Fiber_tract	12	2181.505615	2351.834717	1.094528675
Fiber_tract	Fiber_tract	Fiber_tract->Fiber_tract	13	2351.834717	2522.163818	1.036647081
Fiber_tract	Fiber_tract	Fiber_tract->Fiber_tract	14	2522.163818	2692.492676	0.9895439148
Fiber_tract	Fiber_tract	Fiber_tract->Fiber_tract	15	2692.492676	2862.821777	0.9658433199
Fiber_tract	Fiber_tract	Fiber_tract->Fiber_tract	16	2862.821777	3033.150879	0.9384958744
Fiber_tract	Fiber_tract	Fiber_tract->Fiber_tract	17	3033.150879	3203.47998	0.9285624027
Fiber_tract	Fiber_tract	Fiber_tract->Fiber_tract	18	3203.47998	3373.808838	0.9111896753
Fiber_tract	Fiber_tract	Fiber_tract->Fiber_tract	19	3373.808838	3544.137939	0.9050602317
Fiber_tract	Fiber_tract	Fiber_tract->Fiber_tract	20	3544.137939	3714.467041	0.912810266
Fiber_tract	Fiber_tract	Fiber_tract->Fiber_tract	21	3714.467041	3884.796143	0.930395484
Fiber_tract	Fiber_tract	Fiber_tract->Fiber_tract	22	3884.796143	4055.125	0.9502065778
Fiber_tract	Fiber_tract	Fiber_tract->Fiber_tract	23	4055.125	4225.454102	0.9764428139
Fiber_tract	Hippocampus	Fiber_tract->Hippocampus	0	137.5572662	307.8862915	0.995349586
Fiber_tract	Hippocampus	Fiber_tract->Hippocampus	1	307.8862915	478.215332	1.08387351
Fiber_tract	Hippocampus	Fiber_tract->Hippocampus	2	478.215332	648.5443726	1.271073222
Fiber_tract	Hippocampus	Fiber_tract->Hippocampus	3	648.5443726	818.8734131	1.358535647
Fiber_tract	Hippocampus	Fiber_tract->Hippocampus	4	818.8734131	989.2024536	1.427076697
Fiber_tract	Hippocampus	Fiber_tract->Hippocampus	5	989.2024536	1159.531494	1.4253968
Fiber_tract	Hippocampus	Fiber_tract->Hippocampus	6	1159.531494	1329.860474	1.348201036
Fiber_tract	Hippocampus	Fiber_tract->Hippocampus	7	1329.860474	1500.189575	1.2711519
Fiber_tract	Hippocampus	Fiber_tract->Hippocampus	8	1500.189575	1670.518555	1.206315517
Fiber_tract	Hippocampus	Fiber_tract->Hippocampus	9	1670.518555	1840.847656	1.12666893
Fiber_tract	Hippocampus	Fiber_tract->Hippocampus	10	1840.847656	2011.176636	1.071770549
Fiber_tract	Hippocampus	Fiber_tract->Hippocampus	11	2011.176636	2181.505615	1.021371961
Fiber_tract	Hippocampus	Fiber_tract->Hippocampus	12	2181.505615	2351.834717	0.9907579422
Fiber_tract	Hippocampus	Fiber_tract->Hippocampus	13	2351.834717	2522.163818	0.9709373713
Fiber_tract	Hippocampus	Fiber_tract->Hippocampus	14	2522.163818	2692.492676	0.964720428
Fiber_tract	Hippocampus	Fiber_tract->Hippocampus	15	2692.492676	2862.821777	0.9696102142
Fiber_tract	Hippocampus	Fiber_tract->Hippocampus	16	2862.821777	3033.150879	0.9862204194
Fiber_tract	Hippocampus	Fiber_tract->Hippocampus	17	3033.150879	3203.47998	1.001930833
Fiber_tract	Hippocampus	Fiber_tract->Hippocampus	18	3203.47998	3373.808838	1.023668289
Fiber_tract	Hippocampus	Fiber_tract->Hippocampus	19	3373.808838	3544.137939	1.043846607
Fiber_tract	Hippocampus	Fiber_tract->Hippocampus	20	3544.137939	3714.467041	1.061052203
Fiber_tract	Hippocampus	Fiber_tract->Hippocampus	21	3714.467041	3884.796143	1.074352145
Fiber_tract	Hippocampus	Fiber_tract->Hippocampus	22	3884.796143	4055.125	1.08243835
Fiber_tract	Hippocampus	Fiber_tract->Hippocampus	23	4055.125	4225.454102	1.085358381
Fiber_tract	Hypothalamus_1	Fiber_tract->Hypothalamus_1	0	137.5572662	307.8862915	0.1182141677
Fiber_tract	Hypothalamus_1	Fiber_tract->Hypothalamus_1	1	307.8862915	478.215332	0.1929587871
Fiber_tract	Hypothalamus_1	Fiber_tract->Hypothalamus_1	2	478.215332	648.5443726	0.2641905248
Fiber_tract	Hypothalamus_1	Fiber_tract->Hypothalamus_1	3	648.5443726	818.8734131	0.312643826
Fiber_tract	Hypothalamus_1	Fiber_tract->Hypothalamus_1	4	818.8734131	989.2024536	0.3763248324
Fiber_tract	Hypothalamus_1	Fiber_tract->Hypothalamus_1	5	989.2024536	1159.531494	0.4216163456
Fiber_tract	Hypothalamus_1	Fiber_tract->Hypothalamus_1	6	1159.531494	1329.860474	0.4779387116
Fiber_tract	Hypothalamus_1	Fiber_tract->Hypothalamus_1	7	1329.860474	1500.189575	0.5169708133
Fiber_tract	Hypothalamus_1	Fiber_tract->Hypothalamus_1	8	1500.189575	1670.518555	0.5597817302
Fiber_tract	Hypothalamus_1	Fiber_tract->Hypothalamus_1	9	1670.518555	1840.847656	0.6186336875
Fiber_tract	Hypothalamus_1	Fiber_tract->Hypothalamus_1	10	1840.847656	2011.176636	0.6645302773
Fiber_tract	Hypothalamus_1	Fiber_tract->Hypothalamus_1	11	2011.176636	2181.505615	0.7186075449
Fiber_tract	Hypothalamus_1	Fiber_tract->Hypothalamus_1	12	2181.505615	2351.834717	0.7584441304
Fiber_tract	Hypothalamus_1	Fiber_tract->Hypothalamus_1	13	2351.834717	2522.163818	0.8086259365
Fiber_tract	Hypothalamus_1	Fiber_tract->Hypothalamus_1	14	2522.163818	2692.492676	0.842158854
Fiber_tract	Hypothalamus_1	Fiber_tract->Hypothalamus_1	15	2692.492676	2862.821777	0.8714943528
Fiber_tract	Hypothalamus_1	Fiber_tract->Hypothalamus_1	16	2862.821777	3033.150879	0.900106132
Fiber_tract	Hypothalamus_1	Fiber_tract->Hypothalamus_1	17	3033.150879	3203.47998	0.9166168571
Fiber_tract	Hypothalamus_1	Fiber_tract->Hypothalamus_1	18	3203.47998	3373.808838	0.9348499179
Fiber_tract	Hypothalamus_1	Fiber_tract->Hypothalamus_1	19	3373.808838	3544.137939	0.9450603127
Fiber_tract	Hypothalamus_1	Fiber_tract->Hypothalamus_1	20	3544.137939	3714.467041	0.95380193
Fiber_tract	Hypothalamus_1	Fiber_tract->Hypothalamus_1	21	3714.467041	3884.796143	0.9569453001
Fiber_tract	Hypothalamus_1	Fiber_tract->Hypothalamus_1	22	3884.796143	4055.125	0.9590290189
Fiber_tract	Hypothalamus_1	Fiber_tract->Hypothalamus_1	23	4055.125	4225.454102	0.9569114447
Fiber_tract	Hypothalamus_2	Fiber_tract->Hypothalamus_2	0	137.5572662	307.8862915	1.670001745
Fiber_tract	Hypothalamus_2	Fiber_tract->Hypothalamus_2	1	307.8862915	478.215332	2.048838615
Fiber_tract	Hypothalamus_2	Fiber_tract->Hypothalamus_2	2	478.215332	648.5443726	2.313335419
Fiber_tract	Hypothalamus_2	Fiber_tract->Hypothalamus_2	3	648.5443726	818.8734131	2.352599621
Fiber_tract	Hypothalamus_2	Fiber_tract->Hypothalamus_2	4	818.8734131	989.2024536	2.26371479
Fiber_tract	Hypothalamus_2	Fiber_tract->Hypothalamus_2	5	989.2024536	1159.531494	2.113236427
Fiber_tract	Hypothalamus_2	Fiber_tract->Hypothalamus_2	6	1159.531494	1329.860474	1.91369915
Fiber_tract	Hypothalamus_2	Fiber_tract->Hypothalamus_2	7	1329.860474	1500.189575	1.755729198
Fiber_tract	Hypothalamus_2	Fiber_tract->Hypothalamus_2	8	1500.189575	1670.518555	1.61354804
Fiber_tract	Hypothalamus_2	Fiber_tract->Hypothalamus_2	9	1670.518555	1840.847656	1.471511006
Fiber_tract	Hypothalamus_2	Fiber_tract->Hypothalamus_2	10	1840.847656	2011.176636	1.368046761
Fiber_tract	Hypothalamus_2	Fiber_tract->Hypothalamus_2	11	2011.176636	2181.505615	1.273599744
Fiber_tract	Hypothalamus_2	Fiber_tract->Hypothalamus_2	12	2181.505615	2351.834717	1.201187491
Fiber_tract	Hypothalamus_2	Fiber_tract->Hypothalamus_2	13	2351.834717	2522.163818	1.136615753
Fiber_tract	Hypothalamus_2	Fiber_tract->Hypothalamus_2	14	2522.163818	2692.492676	1.079601049
Fiber_tract	Hypothalamus_2	Fiber_tract->Hypothalamus_2	15	2692.492676	2862.821777	1.032986283
Fiber_tract	Hypothalamus_2	Fiber_tract->Hypothalamus_2	16	2862.821777	3033.150879	0.9922804832
Fiber_tract	Hypothalamus_2	Fiber_tract->Hypothalamus_2	17	3033.150879	3203.47998	0.9630638361
Fiber_tract	Hypothalamus_2	Fiber_tract->Hypothalamus_2	18	3203.47998	3373.808838	0.9428561926
Fiber_tract	Hypothalamus_2	Fiber_tract->Hypothalamus_2	19	3373.808838	3544.137939	0.9327634573
Fiber_tract	Hypothalamus_2	Fiber_tract->Hypothalamus_2	20	3544.137939	3714.467041	0.9359515905
Fiber_tract	Hypothalamus_2	Fiber_tract->Hypothalamus_2	21	3714.467041	3884.796143	0.9472020864
Fiber_tract	Hypothalamus_2	Fiber_tract->Hypothalamus_2	22	3884.796143	4055.125	0.9661278129
Fiber_tract	Hypothalamus_2	Fiber_tract->Hypothalamus_2	23	4055.125	4225.454102	0.9836013913
Fiber_tract	Lateral_ventricle	Fiber_tract->Lateral_ventricle	0	137.5572662	307.8862915	2.100501537
Fiber_tract	Lateral_ventricle	Fiber_tract->Lateral_ventricle	1	307.8862915	478.215332	2.222404718
Fiber_tract	Lateral_ventricle	Fiber_tract->Lateral_ventricle	2	478.215332	648.5443726	2.175675154
Fiber_tract	Lateral_ventricle	Fiber_tract->Lateral_ventricle	3	648.5443726	818.8734131	2.057338476
Fiber_tract	Lateral_ventricle	Fiber_tract->Lateral_ventricle	4	818.8734131	989.2024536	1.862029195
Fiber_tract	Lateral_ventricle	Fiber_tract->Lateral_ventricle	5	989.2024536	1159.531494	1.749354959
Fiber_tract	Lateral_ventricle	Fiber_tract->Lateral_ventricle	6	1159.531494	1329.860474	1.617451549
Fiber_tract	Lateral_ventricle	Fiber_tract->Lateral_ventricle	7	1329.860474	1500.189575	1.532540321
Fiber_tract	Lateral_ventricle	Fiber_tract->Lateral_ventricle	8	1500.189575	1670.518555	1.425523639
Fiber_tract	Lateral_ventricle	Fiber_tract->Lateral_ventricle	9	1670.518555	1840.847656	1.321569204
Fiber_tract	Lateral_ventricle	Fiber_tract->Lateral_ventricle	10	1840.847656	2011.176636	1.24033165
Fiber_tract	Lateral_ventricle	Fiber_tract->Lateral_ventricle	11	2011.176636	2181.505615	1.14721179
Fiber_tract	Lateral_ventricle	Fiber_tract->Lateral_ventricle	12	2181.505615	2351.834717	1.081910849
Fiber_tract	Lateral_ventricle	Fiber_tract->Lateral_ventricle	13	2351.834717	2522.163818	1.028534532
Fiber_tract	Lateral_ventricle	Fiber_tract->Lateral_ventricle	14	2522.163818	2692.492676	0.9859718084
Fiber_tract	Lateral_ventricle	Fiber_tract->Lateral_ventricle	15	2692.492676	2862.821777	0.9623491764
Fiber_tract	Lateral_ventricle	Fiber_tract->Lateral_ventricle	16	2862.821777	3033.150879	0.942430675
Fiber_tract	Lateral_ventricle	Fiber_tract->Lateral_ventricle	17	3033.150879	3203.47998	0.9379031062
Fiber_tract	Lateral_ventricle	Fiber_tract->Lateral_ventricle	18	3203.47998	3373.808838	0.9396733046
Fiber_tract	Lateral_ventricle	Fiber_tract->Lateral_ventricle	19	3373.808838	3544.137939	0.9543791413
Fiber_tract	Lateral_ventricle	Fiber_tract->Lateral_ventricle	20	3544.137939	3714.467041	0.9634674191
Fiber_tract	Lateral_ventricle	Fiber_tract->Lateral_ventricle	21	3714.467041	3884.796143	0.975920856
Fiber_tract	Lateral_ventricle	Fiber_tract->Lateral_ventricle	22	3884.796143	4055.125	0.9869816303
Fiber_tract	Lateral_ventricle	Fiber_tract->Lateral_ventricle	23	4055.125	4225.454102	0.9949446321
Fiber_tract	Pyramidal_layer	Fiber_tract->Pyramidal_layer	0	137.5572662	307.8862915	0.7909277081
Fiber_tract	Pyramidal_layer	Fiber_tract->Pyramidal_layer	1	307.8862915	478.215332	1.700704575
Fiber_tract	Pyramidal_layer	Fiber_tract->Pyramidal_layer	2	478.215332	648.5443726	1.997468233
Fiber_tract	Pyramidal_layer	Fiber_tract->Pyramidal_layer	3	648.5443726	818.8734131	1.957065821
Fiber_tract	Pyramidal_layer	Fiber_tract->Pyramidal_layer	4	818.8734131	989.2024536	1.726649761
Fiber_tract	Pyramidal_layer	Fiber_tract->Pyramidal_layer	5	989.2024536	1159.531494	1.520811319
Fiber_tract	Pyramidal_layer	Fiber_tract->Pyramidal_layer	6	1159.531494	1329.860474	1.338482022
Fiber_tract	Pyramidal_layer	Fiber_tract->Pyramidal_layer	7	1329.860474	1500.189575	1.219492793
Fiber_tract	Pyramidal_layer	Fiber_tract->Pyramidal_layer	8	1500.189575	1670.518555	1.136193871
Fiber_tract	Pyramidal_layer	Fiber_tract->Pyramidal_layer	9	1670.518555	1840.847656	1.044997931
Fiber_tract	Pyramidal_layer	Fiber_tract->Pyramidal_layer	10	1840.847656	2011.176636	0.9918217659
Fiber_tract	Pyramidal_layer	Fiber_tract->Pyramidal_layer	11	2011.176636	2181.505615	0.9471532702
Fiber_tract	Pyramidal_layer	Fiber_tract->Pyramidal_layer	12	2181.505615	2351.834717	0.9226617217
Fiber_tract	Pyramidal_layer	Fiber_tract->Pyramidal_layer	13	2351.834717	2522.163818	0.9000887871
Fiber_tract	Pyramidal_layer	Fiber_tract->Pyramidal_layer	14	2522.163818	2692.492676	0.8918474913
Fiber_tract	Pyramidal_layer	Fiber_tract->Pyramidal_layer	15	2692.492676	2862.821777	0.8949300647
Fiber_tract	Pyramidal_layer	Fiber_tract->Pyramidal_layer	16	2862.821777	3033.150879	0.9065063596
Fiber_tract	Pyramidal_layer	Fiber_tract->Pyramidal_layer	17	3033.150879	3203.47998	0.9315855503
Fiber_tract	Pyramidal_layer	Fiber_tract->Pyramidal_layer	18	3203.47998	3373.808838	0.9757472277
Fiber_tract	Pyramidal_layer	Fiber_tract->Pyramidal_layer	19	3373.808838	3544.137939	1.012829185
Fiber_tract	Pyramidal_layer	Fiber_tract->Pyramidal_layer	20	3544.137939	3714.467041	1.048488617
Fiber_tract	Pyramidal_layer	Fiber_tract->Pyramidal_layer	21	3714.467041	3884.796143	1.092347145
Fiber_tract	Pyramidal_layer	Fiber_tract->Pyramidal_layer	22	3884.796143	4055.125	1.125089288
Fiber_tract	Pyramidal_layer	Fiber_tract->Pyramidal_layer	23	4055.125	4225.454102	1.14711237
Fiber_tract	Pyramidal_layer_dentate_gyrus	Fiber_tract->Pyramidal_layer_dentate_gyrus	0	137.5572662	307.8862915	0.08499420434
Fiber_tract	Pyramidal_layer_dentate_gyrus	Fiber_tract->Pyramidal_layer_dentate_gyrus	1	307.8862915	478.215332	0.2877073288
Fiber_tract	Pyramidal_layer_dentate_gyrus	Fiber_tract->Pyramidal_layer_dentate_gyrus	2	478.215332	648.5443726	0.604778111
Fiber_tract	Pyramidal_layer_dentate_gyrus	Fiber_tract->Pyramidal_layer_dentate_gyrus	3	648.5443726	818.8734131	0.70908916
Fiber_tract	Pyramidal_layer_dentate_gyrus	Fiber_tract->Pyramidal_layer_dentate_gyrus	4	818.8734131	989.2024536	0.8147156835
Fiber_tract	Pyramidal_layer_dentate_gyrus	Fiber_tract->Pyramidal_layer_dentate_gyrus	5	989.2024536	1159.531494	0.909989655
Fiber_tract	Pyramidal_layer_dentate_gyrus	Fiber_tract->Pyramidal_layer_dentate_gyrus	6	1159.531494	1329.860474	1.072622538
Fiber_tract	Pyramidal_layer_dentate_gyrus	Fiber_tract->Pyramidal_layer_dentate_gyrus	7	1329.860474	1500.189575	1.172324538
Fiber_tract	Pyramidal_layer_dentate_gyrus	Fiber_tract->Pyramidal_layer_dentate_gyrus	8	1500.189575	1670.518555	1.182418942
Fiber_tract	Pyramidal_layer_dentate_gyrus	Fiber_tract->Pyramidal_layer_dentate_gyrus	9	1670.518555	1840.847656	1.163884521
Fiber_tract	Pyramidal_layer_dentate_gyrus	Fiber_tract->Pyramidal_layer_dentate_gyrus	10	1840.847656	2011.176636	1.131713986
Fiber_tract	Pyramidal_layer_dentate_gyrus	Fiber_tract->Pyramidal_layer_dentate_gyrus	11	2011.176636	2181.505615	1.108885527
Fiber_tract	Pyramidal_layer_dentate_gyrus	Fiber_tract->Pyramidal_layer_dentate_gyrus	12	2181.505615	2351.834717	1.089057565
Fiber_tract	Pyramidal_layer_dentate_gyrus	Fiber_tract->Pyramidal_layer_dentate_gyrus	13	2351.834717	2522.163818	1.078947663
Fiber_tract	Pyramidal_layer_dentate_gyrus	Fiber_tract->Pyramidal_layer_dentate_gyrus	14	2522.163818	2692.492676	1.073347688
Fiber_tract	Pyramidal_layer_dentate_gyrus	Fiber_tract->Pyramidal_layer_dentate_gyrus	15	2692.492676	2862.821777	1.070818782
Fiber_tract	Pyramidal_layer_dentate_gyrus	Fiber_tract->Pyramidal_layer_dentate_gyrus	16	2862.821777	3033.150879	1.082201004
Fiber_tract	Pyramidal_layer_dentate_gyrus	Fiber_tract->Pyramidal_layer_dentate_gyrus	17	3033.150879	3203.47998	1.091714978
Fiber_tract	Pyramidal_layer_dentate_gyrus	Fiber_tract->Pyramidal_layer_dentate_gyrus	18	3203.47998	3373.808838	1.101763129
Fiber_tract	Pyramidal_layer_dentate_gyrus	Fiber_tract->Pyramidal_layer_dentate_gyrus	19	3373.808838	3544.137939	1.106842279
Fiber_tract	Pyramidal_layer_dentate_gyrus	Fiber_tract->Pyramidal_layer_dentate_gyrus	20	3544.137939	3714.467041	1.1009624
Fiber_tract	Pyramidal_layer_dentate_gyrus	Fiber_tract->Pyramidal_layer_dentate_gyrus	21	3714.467041	3884.796143	1.090803862
Fiber_tract	Pyramidal_layer_dentate_gyrus	Fiber_tract->Pyramidal_layer_dentate_gyrus	22	3884.796143	4055.125	1.07670784
Fiber_tract	Pyramidal_layer_dentate_gyrus	Fiber_tract->Pyramidal_layer_dentate_gyrus	23	4055.125	4225.454102	1.054570556
Fiber_tract	Striatum	Fiber_tract->Striatum	0	137.5572662	307.8862915	0.7784820795
Fiber_tract	Striatum	Fiber_tract->Striatum	1	307.8862915	478.215332	1.078685045
Fiber_tract	Striatum	Fiber_tract->Striatum	2	478.215332	648.5443726	1.519094944
Fiber_tract	Striatum	Fiber_tract->Striatum	3	648.5443726	818.8734131	1.747118235
Fiber_tract	Striatum	Fiber_tract->Striatum	4	818.8734131	989.2024536	1.940137863
Fiber_tract	Striatum	Fiber_tract->Striatum	5	989.2024536	1159.531494	1.949512005
Fiber_tract	Striatum	Fiber_tract->Striatum	6	1159.531494	1329.860474	1.827610016
Fiber_tract	Striatum	Fiber_tract->Striatum	7	1329.860474	1500.189575	1.701034307
Fiber_tract	Striatum	Fiber_tract->Striatum	8	1500.189575	1670.518555	1.558717966
Fiber_tract	Striatum	Fiber_tract->Striatum	9	1670.518555	1840.847656	1.453129292
Fiber_tract	Striatum	Fiber_tract->Striatum	10	1840.847656	2011.176636	1.353458881
Fiber_tract	Striatum	Fiber_tract->Striatum	11	2011.176636	2181.505615	1.273667216
Fiber_tract	Striatum	Fiber_tract->Striatum	12	2181.505615	2351.834717	1.204101682
Fiber_tract	Striatum	Fiber_tract->Striatum	13	2351.834717	2522.163818	1.141879559
Fiber_tract	Striatum	Fiber_tract->Striatum	14	2522.163818	2692.492676	1.086373806
Fiber_tract	Striatum	Fiber_tract->Striatum	15	2692.492676	2862.821777	1.044592023
Fiber_tract	Striatum	Fiber_tract->Striatum	16	2862.821777	3033.150879	1.001538038
Fiber_tract	Striatum	Fiber_tract->Striatum	17	3033.150879	3203.47998	0.9745386243
Fiber_tract	Striatum	Fiber_tract->Striatum	18	3203.47998	3373.808838	0.9495049119
Fiber_tract	Striatum	Fiber_tract->Striatum	19	3373.808838	3544.137939	0.9321197271
Fiber_tract	Striatum	Fiber_tract->Striatum	20	3544.137939	3714.467041	0.918430686
Fiber_tract	Striatum	Fiber_tract->Striatum	21	3714.467041	3884.796143	0.9051453471
Fiber_tract	Striatum	Fiber_tract->Striatum	22	3884.796143	4055.125	0.8945611119
Fiber_tract	Striatum	Fiber_tract->Striatum	23	4055.125	4225.454102	0.885528326
Fiber_tract	Thalamus_1	Fiber_tract->Thalamus_1	0	137.5572662	307.8862915	0.2518775761
Fiber_tract	Thalamus_1	Fiber_tract->Thalamus_1	1	307.8862915	478.215332	0.2676565647
Fiber_tract	Thalamus_1	Fiber_tract->Thalamus_1	2	478.215332	648.5443726	0.314220041
Fiber_tract	Thalamus_1	Fiber_tract->Thalamus_1	3	648.5443726	818.8734131	0.3716079593
Fiber_tract	Thalamus_1	Fiber_tract->Thalamus_1	4	818.8734131	989.2024536	0.507057488
Fiber_tract	Thalamus_1	Fiber_tract->Thalamus_1	5	989.2024536	1159.531494	0.6261680722
Fiber_tract	Thalamus_1	Fiber_tract->Thalamus_1	6	1159.531494	1329.860474	0.7714767456
Fiber_tract	Thalamus_1	Fiber_tract->Thalamus_1	7	1329.860474	1500.189575	0.8780308962
Fiber_tract	Thalamus_1	Fiber_tract->Thalamus_1	8	1500.189575	1670.518555	0.9881670475
Fiber_tract	Thalamus_1	Fiber_tract->Thalamus_1	9	1670.518555	1840.847656	1.097329378
Fiber_tract	Thalamus_1	Fiber_tract->Thalamus_1	10	1840.847656	2011.176636	1.177459717
Fiber_tract	Thalamus_1	Fiber_tract->Thalamus_1	11	2011.176636	2181.505615	1.23514533
Fiber_tract	Thalamus_1	Fiber_tract->Thalamus_1	12	2181.505615	2351.834717	1.267828465
Fiber_tract	Thalamus_1	Fiber_tract->Thalamus_1	13	2351.834717	2522.163818	1.276360273
Fiber_tract	Thalamus_1	Fiber_tract->Thalamus_1	14	2522.163818	2692.492676	1.268494725
Fiber_tract	Thalamus_1	Fiber_tract->Thalamus_1	15	2692.492676	2862.821777	1.25319016
Fiber_tract	Thalamus_1	Fiber_tract->Thalamus_1	16	2862.821777	3033.150879	1.228694677
Fiber_tract	Thalamus_1	Fiber_tract->Thalamus_1	17	3033.150879	3203.47998	1.201921344
Fiber_tract	Thalamus_1	Fiber_tract->Thalamus_1	18	3203.47998	3373.808838	1.170392394
Fiber_tract	Thalamus_1	Fiber_tract->Thalamus_1	19	3373.808838	3544.137939	1.136135936
Fiber_tract	Thalamus_1	Fiber_tract->Thalamus_1	20	3544.137939	3714.467041	1.103792667
Fiber_tract	Thalamus_1	Fiber_tract->Thalamus_1	21	3714.467041	3884.796143	1.071432114
Fiber_tract	Thalamus_1	Fiber_tract->Thalamus_1	22	3884.796143	4055.125	1.043697357
Fiber_tract	Thalamus_1	Fiber_tract->Thalamus_1	23	4055.125	4225.454102	1.016428471
Fiber_tract	Thalamus_2	Fiber_tract->Thalamus_2	0	137.5572662	307.8862915	0.3947280347
Fiber_tract	Thalamus_2	Fiber_tract->Thalamus_2	1	307.8862915	478.215332	0.4692983329
Fiber_tract	Thalamus_2	Fiber_tract->Thalamus_2	2	478.215332	648.5443726	0.4823888242
Fiber_tract	Thalamus_2	Fiber_tract->Thalamus_2	3	648.5443726	818.8734131	0.4616162777
Fiber_tract	Thalamus_2	Fiber_tract->Thalamus_2	4	818.8734131	989.2024536	0.4165016115
Fiber_tract	Thalamus_2	Fiber_tract->Thalamus_2	5	989.2024536	1159.531494	0.398213625
Fiber_tract	Thalamus_2	Fiber_tract->Thalamus_2	6	1159.531494	1329.860474	0.4017359316
Fiber_tract	Thalamus_2	Fiber_tract->Thalamus_2	7	1329.860474	1500.189575	0.4278316498
Fiber_tract	Thalamus_2	Fiber_tract->Thalamus_2	8	1500.189575	1670.518555	0.4517804682
Fiber_tract	Thalamus_2	Fiber_tract->Thalamus_2	9	1670.518555	1840.847656	0.5083630085
Fiber_tract	Thalamus_2	Fiber_tract->Thalamus_2	10	1840.847656	2011.176636	0.5665690899
Fiber_tract	Thalamus_2	Fiber_tract->Thalamus_2	11	2011.176636	2181.505615	0.6555840373
Fiber_tract	Thalamus_2	Fiber_tract->Thalamus_2	12	2181.505615	2351.834717	0.7465216517
Fiber_tract	Thalamus_2	Fiber_tract->Thalamus_2	13	2351.834717	2522.163818	0.8398729563
Fiber_tract	Thalamus_2	Fiber_tract->Thalamus_2	14	2522.163818	2692.492676	0.940946579
Fiber_tract	Thalamus_2	Fiber_tract->Thalamus_2	15	2692.492676	2862.821777	1.016272426
Fiber_tract	Thalamus_2	Fiber_tract->Thalamus_2	16	2862.821777	3033.150879	1.089030504
Fiber_tract	Thalamus_2	Fiber_tract->Thalamus_2	17	3033.150879	3203.47998	1.138842106
Fiber_tract	Thalamus_2	Fiber_tract->Thalamus_2	18	3203.47998	3373.808838	1.186643243
Fiber_tract	Thalamus_2	Fiber_tract->Thalamus_2	19	3373.808838	3544.137939	1.218788981
Fiber_tract	Thalamus_2	Fiber_tract->Thalamus_2	20	3544.137939	3714.467041	1.229530096
Fiber_tract	Thalamus_2	Fiber_tract->Thalamus_2	21	3714.467041	3884.796143	1.221514702
Fiber_tract	Thalamus_2	Fiber_tract->Thalamus_2	22	3884.796143	4055.125	1.205075979
Fiber_tract	Thalamus_2	Fiber_tract->Thalamus_2	23	4055.125	4225.454102	1.188408852
Hippocampus	Cortex_1	Hippocampus->Cortex_1	0	137.5572662	307.8862915	0.278127104
Hippocampus	Cortex_1	Hippocampus->Cortex_1	1	307.8862915	478.215332	0.2551115155
Hippocampus	Cortex_1	Hippocampus->Cortex_1	2	478.215332	648.5443726	0.2649056613
Hippocampus	Cortex_1	Hippocampus->Cortex_1	3	648.5443726	818.8734131	0.3101711273
Hippocampus	Cortex_1	Hippocampus->Cortex_1	4	818.8734131	989.2024536	0.4310411513
Hippocampus	Cortex_1	Hippocampus->Cortex_1	5	989.2024536	1159.531494	0.5814657807
Hippocampus	Cortex_1	Hippocampus->Cortex_1	6	1159.531494	1329.860474	0.7973115444
Hippocampus	Cortex_1	Hippocampus->Cortex_1	7	1329.860474	1500.189575	1.005156517
Hippocampus	Cortex_1	Hippocampus->Cortex_1	8	1500.189575	1670.518555	1.189000607
Hippocampus	Cortex_1	Hippocampus->Cortex_1	9	1670.518555	1840.847656	1.385564446
Hippocampus	Cortex_1	Hippocampus->Cortex_1	10	1840.847656	2011.176636	1.515022278
Hippocampus	Cortex_1	Hippocampus->Cortex_1	11	2011.176636	2181.505615	1.611600399
Hippocampus	Cortex_1	Hippocampus->Cortex_1	12	2181.505615	2351.834717	1.668663979
Hippocampus	Cortex_1	Hippocampus->Cortex_1	13	2351.834717	2522.163818	1.68850553
Hippocampus	Cortex_1	Hippocampus->Cortex_1	14	2522.163818	2692.492676	1.685299993
Hippocampus	Cortex_1	Hippocampus->Cortex_1	15	2692.492676	2862.821777	1.665525913
Hippocampus	Cortex_1	Hippocampus->Cortex_1	16	2862.821777	3033.150879	1.63904798
Hippocampus	Cortex_1	Hippocampus->Cortex_1	17	3033.150879	3203.47998	1.614540577
Hippocampus	Cortex_1	Hippocampus->Cortex_1	18	3203.47998	3373.808838	1.586065054
Hippocampus	Cortex_1	Hippocampus->Cortex_1	19	3373.808838	3544.137939	1.554392338
Hippocampus	Cortex_1	Hippocampus->Cortex_1	20	3544.137939	3714.467041	1.524932623
Hippocampus	Cortex_1	Hippocampus->Cortex_1	21	3714.467041	3884.796143	1.492065668
Hippocampus	Cortex_1	Hippocampus->Cortex_1	22	3884.796143	4055.125	1.460029483
Hippocampus	Cortex_1	Hippocampus->Cortex_1	23	4055.125	4225.454102	1.422075629
Hippocampus	Cortex_2	Hippocampus->Cortex_2	0	137.5572662	307.8862915	0
Hippocampus	Cortex_2	Hippocampus->Cortex_2	1	307.8862915	478.215332	0
Hippocampus	Cortex_2	Hippocampus->Cortex_2	2	478.215332	648.5443726	0
Hippocampus	Cortex_2	Hippocampus->Cortex_2	3	648.5443726	818.8734131	0
Hippocampus	Cortex_2	Hippocampus->Cortex_2	4	818.8734131	989.2024536	0
Hippocampus	Cortex_2	Hippocampus->Cortex_2	5	989.2024536	1159.531494	0
Hippocampus	Cortex_2	Hippocampus->Cortex_2	6	1159.531494	1329.860474	0
Hippocampus	Cortex_2	Hippocampus->Cortex_2	7	1329.860474	1500.189575	0.0002571434306
Hippocampus	Cortex_2	Hippocampus->Cortex_2	8	1500.189575	1670.518555	0.002707091859
Hippocampus	Cortex_2	Hippocampus->Cortex_2	9	1670.518555	1840.847656	0.008372682147
Hippocampus	Cortex_2	Hippocampus->Cortex_2	10	1840.847656	2011.176636	0.018090453
Hippocampus	Cortex_2	Hippocampus->Cortex_2	11	2011.176636	2181.505615	0.0277253259
Hippocampus	Cortex_2	Hippocampus->Cortex_2	12	2181.505615	2351.834717	0.03921047598
Hippocampus	Cortex_2	Hippocampus->Cortex_2	13	2351.834717	2522.163818	0.05640627444
Hippocampus	Cortex_2	Hippocampus->Cortex_2	14	2522.163818	2692.492676	0.0771862343
Hippocampus	Cortex_2	Hippocampus->Cortex_2	15	2692.492676	2862.821777	0.1034152359
Hippocampus	Cortex_2	Hippocampus->Cortex_2	16	2862.821777	3033.150879	0.1332451403
Hippocampus	Cortex_2	Hippocampus->Cortex_2	17	3033.150879	3203.47998	0.1642997116
Hippocampus	Cortex_2	Hippocampus->Cortex_2	18	3203.47998	3373.808838	0.1985291392
Hippocampus	Cortex_2	Hippocampus->Cortex_2	19	3373.808838	3544.137939	0.2416641265
Hippocampus	Cortex_2	Hippocampus->Cortex_2	20	3544.137939	3714.467041	0.282672286
Hippocampus	Cortex_2	Hippocampus->Cortex_2	21	3714.467041	3884.796143	0.3320111334
Hippocampus	Cortex_2	Hippocampus->Cortex_2	22	3884.796143	4055.125	0.3783942759
Hippocampus	Cortex_2	Hippocampus->Cortex_2	23	4055.125	4225.454102	0.4327138066
Hippocampus	Cortex_3	Hippocampus->Cortex_3	0	137.5572662	307.8862915	0.1714865714
Hippocampus	Cortex_3	Hippocampus->Cortex_3	1	307.8862915	478.215332	0.3936336339
Hippocampus	Cortex_3	Hippocampus->Cortex_3	2	478.215332	648.5443726	0.6007105708
Hippocampus	Cortex_3	Hippocampus->Cortex_3	3	648.5443726	818.8734131	0.736405015
Hippocampus	Cortex_3	Hippocampus->Cortex_3	4	818.8734131	989.2024536	0.9286676049
Hippocampus	Cortex_3	Hippocampus->Cortex_3	5	989.2024536	1159.531494	1.063810349
Hippocampus	Cortex_3	Hippocampus->Cortex_3	6	1159.531494	1329.860474	1.19422996
Hippocampus	Cortex_3	Hippocampus->Cortex_3	7	1329.860474	1500.189575	1.25638485
Hippocampus	Cortex_3	Hippocampus->Cortex_3	8	1500.189575	1670.518555	1.28963232
Hippocampus	Cortex_3	Hippocampus->Cortex_3	9	1670.518555	1840.847656	1.295838714
Hippocampus	Cortex_3	Hippocampus->Cortex_3	10	1840.847656	2011.176636	1.288811684
Hippocampus	Cortex_3	Hippocampus->Cortex_3	11	2011.176636	2181.505615	1.270941257
Hippocampus	Cortex_3	Hippocampus->Cortex_3	12	2181.505615	2351.834717	1.251392841
Hippocampus	Cortex_3	Hippocampus->Cortex_3	13	2351.834717	2522.163818	1.234418273
Hippocampus	Cortex_3	Hippocampus->Cortex_3	14	2522.163818	2692.492676	1.214709878
Hippocampus	Cortex_3	Hippocampus->Cortex_3	15	2692.492676	2862.821777	1.19855988
Hippocampus	Cortex_3	Hippocampus->Cortex_3	16	2862.821777	3033.150879	1.188144326
Hippocampus	Cortex_3	Hippocampus->Cortex_3	17	3033.150879	3203.47998	1.177705169
Hippocampus	Cortex_3	Hippocampus->Cortex_3	18	3203.47998	3373.808838	1.168195724
Hippocampus	Cortex_3	Hippocampus->Cortex_3	19	3373.808838	3544.137939	1.157270074
Hippocampus	Cortex_3	Hippocampus->Cortex_3	20	3544.137939	3714.467041	1.150384665
Hippocampus	Cortex_3	Hippocampus->Cortex_3	21	3714.467041	3884.796143	1.139863253
Hippocampus	Cortex_3	Hippocampus->Cortex_3	22	3884.796143	4055.125	1.129624009
Hippocampus	Cortex_3	Hippocampus->Cortex_3	23	4055.125	4225.454102	1.118155479
Hippocampus	Cortex_4	Hippocampus->Cortex_4	0	137.5572662	307.8862915	0
Hippocampus	Cortex_4	Hippocampus->Cortex_4	1	307.8862915	478.215332	0.004170390312
Hippocampus	Cortex_4	Hippocampus->Cortex_4	2	478.215332	648.5443726	0.004401890095
Hippocampus	Cortex_4	Hippocampus->Cortex_4	3	648.5443726	818.8734131	0.006471075118
Hippocampus	Cortex_4	Hippocampus->Cortex_4	4	818.8734131	989.2024536	0.01324196905
Hippocampus	Cortex_4	Hippocampus->Cortex_4	5	989.2024536	1159.531494	0.04087304696
Hippocampus	Cortex_4	Hippocampus->Cortex_4	6	1159.531494	1329.860474	0.119882971
Hippocampus	Cortex_4	Hippocampus->Cortex_4	7	1329.860474	1500.189575	0.2283883542
Hippocampus	Cortex_4	Hippocampus->Cortex_4	8	1500.189575	1670.518555	0.3428079784
Hippocampus	Cortex_4	Hippocampus->Cortex_4	9	1670.518555	1840.847656	0.5643208623
Hippocampus	Cortex_4	Hippocampus->Cortex_4	10	1840.847656	2011.176636	0.7761263847
Hippocampus	Cortex_4	Hippocampus->Cortex_4	11	2011.176636	2181.505615	0.9985591769
Hippocampus	Cortex_4	Hippocampus->Cortex_4	12	2181.505615	2351.834717	1.165738702
Hippocampus	Cortex_4	Hippocampus->Cortex_4	13	2351.834717	2522.163818	1.318770766
Hippocampus	Cortex_4	Hippocampus->Cortex_4	14	2522.163818	2692.492676	1.440815687
Hippocampus	Cortex_4	Hippocampus->Cortex_4	15	2692.492676	2862.821777	1.510273457
Hippocampus	Cortex_4	Hippocampus->Cortex_4	16	2862.821777	3033.150879	1.542564988
Hippocampus	Cortex_4	Hippocampus->Cortex_4	17	3033.150879	3203.47998	1.552518845
Hippocampus	Cortex_4	Hippocampus->Cortex_4	18	3203.47998	3373.808838	1.542729378
Hippocampus	Cortex_4	Hippocampus->Cortex_4	19	3373.808838	3544.137939	1.523348212
Hippocampus	Cortex_4	Hippocampus->Cortex_4	20	3544.137939	3714.467041	1.506109834
Hippocampus	Cortex_4	Hippocampus->Cortex_4	21	3714.467041	3884.796143	1.482542157
Hippocampus	Cortex_4	Hippocampus->Cortex_4	22	3884.796143	4055.125	1.455503345
Hippocampus	Cortex_4	Hippocampus->Cortex_4	23	4055.125	4225.454102	1.426467896
Hippocampus	Cortex_5	Hippocampus->Cortex_5	0	137.5572662	307.8862915	0.1328421384
Hippocampus	Cortex_5	Hippocampus->Cortex_5	1	307.8862915	478.215332	0.1116703898
Hippocampus	Cortex_5	Hippocampus->Cortex_5	2	478.215332	648.5443726	0.09199848771
Hippocampus	Cortex_5	Hippocampus->Cortex_5	3	648.5443726	818.8734131	0.08191423863
Hippocampus	Cortex_5	Hippocampus->Cortex_5	4	818.8734131	989.2024536	0.07732146978
Hippocampus	Cortex_5	Hippocampus->Cortex_5	5	989.2024536	1159.531494	0.07716347277
Hippocampus	Cortex_5	Hippocampus->Cortex_5	6	1159.531494	1329.860474	0.07675069571
Hippocampus	Cortex_5	Hippocampus->Cortex_5	7	1329.860474	1500.189575	0.1033432856
Hippocampus	Cortex_5	Hippocampus->Cortex_5	8	1500.189575	1670.518555	0.1439290941
Hippocampus	Cortex_5	Hippocampus->Cortex_5	9	1670.518555	1840.847656	0.2178655416
Hippocampus	Cortex_5	Hippocampus->Cortex_5	10	1840.847656	2011.176636	0.2994366884
Hippocampus	Cortex_5	Hippocampus->Cortex_5	11	2011.176636	2181.505615	0.4246937037
Hippocampus	Cortex_5	Hippocampus->Cortex_5	12	2181.505615	2351.834717	0.5314021111
Hippocampus	Cortex_5	Hippocampus->Cortex_5	13	2351.834717	2522.163818	0.6427717209
Hippocampus	Cortex_5	Hippocampus->Cortex_5	14	2522.163818	2692.492676	0.737524271
Hippocampus	Cortex_5	Hippocampus->Cortex_5	15	2692.492676	2862.821777	0.8118312359
Hippocampus	Cortex_5	Hippocampus->Cortex_5	16	2862.821777	3033.150879	0.8839450479
Hippocampus	Cortex_5	Hippocampus->Cortex_5	17	3033.150879	3203.47998	0.9229542017
Hippocampus	Cortex_5	Hippocampus->Cortex_5	18	3203.47998	3373.808838	0.9546014667
Hippocampus	Cortex_5	Hippocampus->Cortex_5	19	3373.808838	3544.137939	0.9687168598
Hippocampus	Cortex_5	Hippocampus->Cortex_5	20	3544.137939	3714.467041	0.9736814499
Hippocampus	Cortex_5	Hippocampus->Cortex_5	21	3714.467041	3884.796143	0.9758096337
Hippocampus	Cortex_5	Hippocampus->Cortex_5	22	3884.796143	4055.125	0.9781934619
Hippocampus	Cortex_5	Hippocampus->Cortex_5	23	4055.125	4225.454102	0.9838815331
Hippocampus	Fiber_tract	Hippocampus->Fiber_tract	0	137.5572662	307.8862915	0.9953497052
Hippocampus	Fiber_tract	Hippocampus->Fiber_tract	1	307.8862915	478.215332	1.08387351
Hippocampus	Fiber_tract	Hippocampus->Fiber_tract	2	478.215332	648.5443726	1.271073103
Hippocampus	Fiber_tract	Hippocampus->Fiber_tract	3	648.5443726	818.8734131	1.358535767
Hippocampus	Fiber_tract	Hippocampus->Fiber_tract	4	818.8734131	989.2024536	1.427076817
Hippocampus	Fiber_tract	Hippocampus->Fiber_tract	5	989.2024536	1159.531494	1.4253968
Hippocampus	Fiber_tract	Hippocampus->Fiber_tract	6	1159.531494	1329.860474	1.348201156
Hippocampus	Fiber_tract	Hippocampus->Fiber_tract	7	1329.860474	1500.189575	1.2711519
Hippocampus	Fiber_tract	Hippocampus->Fiber_tract	8	1500.189575	1670.518555	1.206315637
Hippocampus	Fiber_tract	Hippocampus->Fiber_tract	9	1670.518555	1840.847656	1.126669049
Hippocampus	Fiber_tract	Hippocampus->Fiber_tract	10	1840.847656	2011.176636	1.07177043
Hippocampus	Fiber_tract	Hippocampus->Fiber_tract	11	2011.176636	2181.505615	1.021371841
Hippocampus	Fiber_tract	Hippocampus->Fiber_tract	12	2181.505615	2351.834717	0.9907578826
Hippocampus	Fiber_tract	Hippocampus->Fiber_tract	13	2351.834717	2522.163818	0.9709374309
Hippocampus	Fiber_tract	Hippocampus->Fiber_tract	14	2522.163818	2692.492676	0.964720428
Hippocampus	Fiber_tract	Hippocampus->Fiber_tract	15	2692.492676	2862.821777	0.9696103334
Hippocampus	Fiber_tract	Hippocampus->Fiber_tract	16	2862.821777	3033.150879	0.9862203002
Hippocampus	Fiber_tract	Hippocampus->Fiber_tract	17	3033.150879	3203.47998	1.001930952
Hippocampus	Fiber_tract	Hippocampus->Fiber_tract	18	3203.47998	3373.808838	1.023668408
Hippocampus	Fiber_tract	Hippocampus->Fiber_tract	19	3373.808838	3544.137939	1.043846726
Hippocampus	Fiber_tract	Hippocampus->Fiber_tract	20	3544.137939	3714.467041	1.061052322
Hippocampus	Fiber_tract	Hippocampus->Fiber_tract	21	3714.467041	3884.796143	1.074352145
Hippocampus	Fiber_tract	Hippocampus->Fiber_tract	22	3884.796143	4055.125	1.082438588
Hippocampus	Fiber_tract	Hippocampus->Fiber_tract	23	4055.125	4225.454102	1.0853585
Hippocampus	Hippocampus	Hippocampus->Hippocampus	0	137.5572662	307.8862915	6.89111042
Hippocampus	Hippocampus	Hippocampus->Hippocampus	1	307.8862915	478.215332	6.225464344
Hippocampus	Hippocampus	Hippocampus->Hippocampus	2	478.215332	648.5443726	5.469957352
Hippocampus	Hippocampus	Hippocampus->Hippocampus	3	648.5443726	818.8734131	5.034063339
Hippocampus	Hippocampus	Hippocampus->Hippocampus	4	818.8734131	989.2024536	4.442404747
Hippocampus	Hippocampus	Hippocampus->Hippocampus	5	989.2024536	1159.531494	3.966409445
Hippocampus	Hippocampus	Hippocampus->Hippocampus	6	1159.531494	1329.860474	3.497044086
Hippocampus	Hippocampus	Hippocampus->Hippocampus	7	1329.860474	1500.189575	3.149699926
Hippocampus	Hippocampus	Hippocampus->Hippocampus	8	1500.189575	1670.518555	2.89705348
Hippocampus	Hippocampus	Hippocampus->Hippocampus	9	1670.518555	1840.847656	2.603598356
Hippocampus	Hippocampus	Hippocampus->Hippocampus	10	1840.847656	2011.176636	2.393184423
Hippocampus	Hippocampus	Hippocampus->Hippocampus	11	2011.176636	2181.505615	2.197163343
Hippocampus	Hippocampus	Hippocampus->Hippocampus	12	2181.505615	2351.834717	2.057398081
Hippocampus	Hippocampus	Hippocampus->Hippocampus	13	2351.834717	2522.163818	1.922950506
Hippocampus	Hippocampus	Hippocampus->Hippocampus	14	2522.163818	2692.492676	1.810972214
Hippocampus	Hippocampus	Hippocampus->Hippocampus	15	2692.492676	2862.821777	1.722651839
Hippocampus	Hippocampus	Hippocampus->Hippocampus	16	2862.821777	3033.150879	1.639886141
Hippocampus	Hippocampus	Hippocampus->Hippocampus	17	3033.150879	3203.47998	1.574545264
Hippocampus	Hippocampus	Hippocampus->Hippocampus	18	3203.47998	3373.808838	1.512369633
Hippocampus	Hippocampus	Hippocampus->Hippocampus	19	3373.808838	3544.137939	1.454530954
Hippocampus	Hippocampus	Hippocampus->Hippocampus	20	3544.137939	3714.467041	1.404226542
Hippocampus	Hippocampus	Hippocampus->Hippocampus	21	3714.467041	3884.796143	1.354643226
Hippocampus	Hippocampus	Hippocampus->Hippocampus	22	3884.796143	4055.125	1.312377214
Hippocampus	Hippocampus	Hippocampus->Hippocampus	23	4055.125	4225.454102	1.268496275
Hippocampus	Hypothalamus_1	Hippocampus->Hypothalamus_1	0	137.5572662	307.8862915	0
Hippocampus	Hypothalamus_1	Hippocampus->Hypothalamus_1	1	307.8862915	478.215332	0
Hippocampus	Hypothalamus_1	Hippocampus->Hypothalamus_1	2	478.215332	648.5443726	0
Hippocampus	Hypothalamus_1	Hippocampus->Hypothalamus_1	3	648.5443726	818.8734131	0
Hippocampus	Hypothalamus_1	Hippocampus->Hypothalamus_1	4	818.8734131	989.2024536	0
Hippocampus	Hypothalamus_1	Hippocampus->Hypothalamus_1	5	989.2024536	1159.531494	0
Hippocampus	Hypothalamus_1	Hippocampus->Hypothalamus_1	6	1159.531494	1329.860474	0
Hippocampus	Hypothalamus_1	Hippocampus->Hypothalamus_1	7	1329.860474	1500.189575	0
Hippocampus	Hypothalamus_1	Hippocampus->Hypothalamus_1	8	1500.189575	1670.518555	0
Hippocampus	Hypothalamus_1	Hippocampus->Hypothalamus_1	9	1670.518555	1840.847656	0
Hippocampus	Hypothalamus_1	Hippocampus->Hypothalamus_1	10	1840.847656	2011.176636	0
Hippocampus	Hypothalamus_1	Hippocampus->Hypothalamus_1	11	2011.176636	2181.505615	0
Hippocampus	Hypothalamus_1	Hippocampus->Hypothalamus_1	12	2181.505615	2351.834717	0
Hippocampus	Hypothalamus_1	Hippocampus->Hypothalamus_1	13	2351.834717	2522.163818	0
Hippocampus	Hypothalamus_1	Hippocampus->Hypothalamus_1	14	2522.163818	2692.492676	0
Hippocampus	Hypothalamus_1	Hippocampus->Hypothalamus_1	15	2692.492676	2862.821777	0
Hippocampus	Hypothalamus_1	Hippocampus->Hypothalamus_1	16	2862.821777	3033.150879	6.588273391e-05
Hippocampus	Hypothalamus_1	Hippocampus->Hypothalamus_1	17	3033.150879	3203.47998	0.00123424083
Hippocampus	Hypothalamus_1	Hippocampus->Hypothalamus_1	18	3203.47998	3373.808838	0.005009230226
Hippocampus	Hypothalamus_1	Hippocampus->Hypothalamus_1	19	3373.808838	3544.137939	0.01513206121
Hippocampus	Hypothalamus_1	Hippocampus->Hypothalamus_1	20	3544.137939	3714.467041	0.0302752275
Hippocampus	Hypothalamus_1	Hippocampus->Hypothalamus_1	21	3714.467041	3884.796143	0.05972588062
Hippocampus	Hypothalamus_1	Hippocampus->Hypothalamus_1	22	3884.796143	4055.125	0.09897869825
Hippocampus	Hypothalamus_1	Hippocampus->Hypothalamus_1	23	4055.125	4225.454102	0.1617083549
Hippocampus	Hypothalamus_2	Hippocampus->Hypothalamus_2	0	137.5572662	307.8862915	0.174217701
Hippocampus	Hypothalamus_2	Hippocampus->Hypothalamus_2	1	307.8862915	478.215332	0.1811550111
Hippocampus	Hypothalamus_2	Hippocampus->Hypothalamus_2	2	478.215332	648.5443726	0.218354553
Hippocampus	Hypothalamus_2	Hippocampus->Hypothalamus_2	3	648.5443726	818.8734131	0.2615360022
Hippocampus	Hypothalamus_2	Hippocampus->Hypothalamus_2	4	818.8734131	989.2024536	0.2993298173
Hippocampus	Hypothalamus_2	Hippocampus->Hypothalamus_2	5	989.2024536	1159.531494	0.3328743875
Hippocampus	Hypothalamus_2	Hippocampus->Hypothalamus_2	6	1159.531494	1329.860474	0.3569281101
Hippocampus	Hypothalamus_2	Hippocampus->Hypothalamus_2	7	1329.860474	1500.189575	0.3762006462
Hippocampus	Hypothalamus_2	Hippocampus->Hypothalamus_2	8	1500.189575	1670.518555	0.3825431466
Hippocampus	Hypothalamus_2	Hippocampus->Hypothalamus_2	9	1670.518555	1840.847656	0.3984024227
Hippocampus	Hypothalamus_2	Hippocampus->Hypothalamus_2	10	1840.847656	2011.176636	0.4082067013
Hippocampus	Hypothalamus_2	Hippocampus->Hypothalamus_2	11	2011.176636	2181.505615	0.4253114462
Hippocampus	Hypothalamus_2	Hippocampus->Hypothalamus_2	12	2181.505615	2351.834717	0.441683501
Hippocampus	Hypothalamus_2	Hippocampus->Hypothalamus_2	13	2351.834717	2522.163818	0.4671924114
Hippocampus	Hypothalamus_2	Hippocampus->Hypothalamus_2	14	2522.163818	2692.492676	0.5013090968
Hippocampus	Hypothalamus_2	Hippocampus->Hypothalamus_2	15	2692.492676	2862.821777	0.5411624312
Hippocampus	Hypothalamus_2	Hippocampus->Hypothalamus_2	16	2862.821777	3033.150879	0.5908787251
Hippocampus	Hypothalamus_2	Hippocampus->Hypothalamus_2	17	3033.150879	3203.47998	0.6451904178
Hippocampus	Hypothalamus_2	Hippocampus->Hypothalamus_2	18	3203.47998	3373.808838	0.7063238621
Hippocampus	Hypothalamus_2	Hippocampus->Hypothalamus_2	19	3373.808838	3544.137939	0.7749240994
Hippocampus	Hypothalamus_2	Hippocampus->Hypothalamus_2	20	3544.137939	3714.467041	0.829498291
Hippocampus	Hypothalamus_2	Hippocampus->Hypothalamus_2	21	3714.467041	3884.796143	0.8837907314
Hippocampus	Hypothalamus_2	Hippocampus->Hypothalamus_2	22	3884.796143	4055.125	0.9218353629
Hippocampus	Hypothalamus_2	Hippocampus->Hypothalamus_2	23	4055.125	4225.454102	0.9556933641
Hippocampus	Lateral_ventricle	Hippocampus->Lateral_ventricle	0	137.5572662	307.8862915	0.9245399237
Hippocampus	Lateral_ventricle	Hippocampus->Lateral_ventricle	1	307.8862915	478.215332	0.9210942984
Hippocampus	Lateral_ventricle	Hippocampus->Lateral_ventricle	2	478.215332	648.5443726	0.9386957288
Hippocampus	Lateral_ventricle	Hippocampus->Lateral_ventricle	3	648.5443726	818.8734131	0.9457982183
Hippocampus	Lateral_ventricle	Hippocampus->Lateral_ventricle	4	818.8734131	989.2024536	0.9353107214
Hippocampus	Lateral_ventricle	Hippocampus->Lateral_ventricle	5	989.2024536	1159.531494	0.8982136846
Hippocampus	Lateral_ventricle	Hippocampus->Lateral_ventricle	6	1159.531494	1329.860474	0.8440929651
Hippocampus	Lateral_ventricle	Hippocampus->Lateral_ventricle	7	1329.860474	1500.189575	0.8151131868
Hippocampus	Lateral_ventricle	Hippocampus->Lateral_ventricle	8	1500.189575	1670.518555	0.7879863977
Hippocampus	Lateral_ventricle	Hippocampus->Lateral_ventricle	9	1670.518555	1840.847656	0.7711811066
Hippocampus	Lateral_ventricle	Hippocampus->Lateral_ventricle	10	1840.847656	2011.176636	0.7488043308
Hippocampus	Lateral_ventricle	Hippocampus->Lateral_ventricle	11	2011.176636	2181.505615	0.7338514328
Hippocampus	Lateral_ventricle	Hippocampus->Lateral_ventricle	12	2181.505615	2351.834717	0.7337677479
Hippocampus	Lateral_ventricle	Hippocampus->Lateral_ventricle	13	2351.834717	2522.163818	0.7354428768
Hippocampus	Lateral_ventricle	Hippocampus->Lateral_ventricle	14	2522.163818	2692.492676	0.7419219017
Hippocampus	Lateral_ventricle	Hippocampus->Lateral_ventricle	15	2692.492676	2862.821777	0.7510209084
Hippocampus	Lateral_ventricle	Hippocampus->Lateral_ventricle	16	2862.821777	3033.150879	0.7606655955
Hippocampus	Lateral_ventricle	Hippocampus->Lateral_ventricle	17	3033.150879	3203.47998	0.774435699
Hippocampus	Lateral_ventricle	Hippocampus->Lateral_ventricle	18	3203.47998	3373.808838	0.7856354713
Hippocampus	Lateral_ventricle	Hippocampus->Lateral_ventricle	19	3373.808838	3544.137939	0.7943306565
Hippocampus	Lateral_ventricle	Hippocampus->Lateral_ventricle	20	3544.137939	3714.467041	0.7998843193
Hippocampus	Lateral_ventricle	Hippocampus->Lateral_ventricle	21	3714.467041	3884.796143	0.805955112
Hippocampus	Lateral_ventricle	Hippocampus->Lateral_ventricle	22	3884.796143	4055.125	0.8073339462
Hippocampus	Lateral_ventricle	Hippocampus->Lateral_ventricle	23	4055.125	4225.454102	0.8108450174
Hippocampus	Pyramidal_layer	Hippocampus->Pyramidal_layer	0	137.5572662	307.8862915	7.288899422
Hippocampus	Pyramidal_layer	Hippocampus->Pyramidal_layer	1	307.8862915	478.215332	6.739981651
Hippocampus	Pyramidal_layer	Hippocampus->Pyramidal_layer	2	478.215332	648.5443726	5.907258511
Hippocampus	Pyramidal_layer	Hippocampus->Pyramidal_layer	3	648.5443726	818.8734131	5.404129028
Hippocampus	Pyramidal_layer	Hippocampus->Pyramidal_layer	4	818.8734131	989.2024536	4.620755672
Hippocampus	Pyramidal_layer	Hippocampus->Pyramidal_layer	5	989.2024536	1159.531494	4.139977455
Hippocampus	Pyramidal_layer	Hippocampus->Pyramidal_layer	6	1159.531494	1329.860474	3.731131554
Hippocampus	Pyramidal_layer	Hippocampus->Pyramidal_layer	7	1329.860474	1500.189575	3.383668423
Hippocampus	Pyramidal_layer	Hippocampus->Pyramidal_layer	8	1500.189575	1670.518555	3.1154356
Hippocampus	Pyramidal_layer	Hippocampus->Pyramidal_layer	9	1670.518555	1840.847656	2.805600643
Hippocampus	Pyramidal_layer	Hippocampus->Pyramidal_layer	10	1840.847656	2011.176636	2.590752125
Hippocampus	Pyramidal_layer	Hippocampus->Pyramidal_layer	11	2011.176636	2181.505615	2.395290136
Hippocampus	Pyramidal_layer	Hippocampus->Pyramidal_layer	12	2181.505615	2351.834717	2.260118723
Hippocampus	Pyramidal_layer	Hippocampus->Pyramidal_layer	13	2351.834717	2522.163818	2.126692295
Hippocampus	Pyramidal_layer	Hippocampus->Pyramidal_layer	14	2522.163818	2692.492676	2.016783953
Hippocampus	Pyramidal_layer	Hippocampus->Pyramidal_layer	15	2692.492676	2862.821777	1.92522347
Hippocampus	Pyramidal_layer	Hippocampus->Pyramidal_layer	16	2862.821777	3033.150879	1.837548018
Hippocampus	Pyramidal_layer	Hippocampus->Pyramidal_layer	17	3033.150879	3203.47998	1.769652486
Hippocampus	Pyramidal_layer	Hippocampus->Pyramidal_layer	18	3203.47998	3373.808838	1.689870834
Hippocampus	Pyramidal_layer	Hippocampus->Pyramidal_layer	19	3373.808838	3544.137939	1.617159367
Hippocampus	Pyramidal_layer	Hippocampus->Pyramidal_layer	20	3544.137939	3714.467041	1.550794482
Hippocampus	Pyramidal_layer	Hippocampus->Pyramidal_layer	21	3714.467041	3884.796143	1.481843233
Hippocampus	Pyramidal_layer	Hippocampus->Pyramidal_layer	22	3884.796143	4055.125	1.424864173
Hippocampus	Pyramidal_layer	Hippocampus->Pyramidal_layer	23	4055.125	4225.454102	1.361955643
Hippocampus	Pyramidal_layer_dentate_gyrus	Hippocampus->Pyramidal_layer_dentate_gyrus	0	137.5572662	307.8862915	4.192539215
Hippocampus	Pyramidal_layer_dentate_gyrus	Hippocampus->Pyramidal_layer_dentate_gyrus	1	307.8862915	478.215332	4.812876225
Hippocampus	Pyramidal_layer_dentate_gyrus	Hippocampus->Pyramidal_layer_dentate_gyrus	2	478.215332	648.5443726	4.974339008
Hippocampus	Pyramidal_layer_dentate_gyrus	Hippocampus->Pyramidal_layer_dentate_gyrus	3	648.5443726	818.8734131	4.798089504
Hippocampus	Pyramidal_layer_dentate_gyrus	Hippocampus->Pyramidal_layer_dentate_gyrus	4	818.8734131	989.2024536	4.368511677
Hippocampus	Pyramidal_layer_dentate_gyrus	Hippocampus->Pyramidal_layer_dentate_gyrus	5	989.2024536	1159.531494	4.020545483
Hippocampus	Pyramidal_layer_dentate_gyrus	Hippocampus->Pyramidal_layer_dentate_gyrus	6	1159.531494	1329.860474	3.595285416
Hippocampus	Pyramidal_layer_dentate_gyrus	Hippocampus->Pyramidal_layer_dentate_gyrus	7	1329.860474	1500.189575	3.221030951
Hippocampus	Pyramidal_layer_dentate_gyrus	Hippocampus->Pyramidal_layer_dentate_gyrus	8	1500.189575	1670.518555	2.918293476
Hippocampus	Pyramidal_layer_dentate_gyrus	Hippocampus->Pyramidal_layer_dentate_gyrus	9	1670.518555	1840.847656	2.559069633
Hippocampus	Pyramidal_layer_dentate_gyrus	Hippocampus->Pyramidal_layer_dentate_gyrus	10	1840.847656	2011.176636	2.305548668
Hippocampus	Pyramidal_layer_dentate_gyrus	Hippocampus->Pyramidal_layer_dentate_gyrus	11	2011.176636	2181.505615	2.074314117
Hippocampus	Pyramidal_layer_dentate_gyrus	Hippocampus->Pyramidal_layer_dentate_gyrus	12	2181.505615	2351.834717	1.904141188
Hippocampus	Pyramidal_layer_dentate_gyrus	Hippocampus->Pyramidal_layer_dentate_gyrus	13	2351.834717	2522.163818	1.749653935
Hippocampus	Pyramidal_layer_dentate_gyrus	Hippocampus->Pyramidal_layer_dentate_gyrus	14	2522.163818	2692.492676	1.618206859
Hippocampus	Pyramidal_layer_dentate_gyrus	Hippocampus->Pyramidal_layer_dentate_gyrus	15	2692.492676	2862.821777	1.512536883
Hippocampus	Pyramidal_layer_dentate_gyrus	Hippocampus->Pyramidal_layer_dentate_gyrus	16	2862.821777	3033.150879	1.416852713
Hippocampus	Pyramidal_layer_dentate_gyrus	Hippocampus->Pyramidal_layer_dentate_gyrus	17	3033.150879	3203.47998	1.347680926
Hippocampus	Pyramidal_layer_dentate_gyrus	Hippocampus->Pyramidal_layer_dentate_gyrus	18	3203.47998	3373.808838	1.283265352
Hippocampus	Pyramidal_layer_dentate_gyrus	Hippocampus->Pyramidal_layer_dentate_gyrus	19	3373.808838	3544.137939	1.23169744
Hippocampus	Pyramidal_layer_dentate_gyrus	Hippocampus->Pyramidal_layer_dentate_gyrus	20	3544.137939	3714.467041	1.19351542
Hippocampus	Pyramidal_layer_dentate_gyrus	Hippocampus->Pyramidal_layer_dentate_gyrus	21	3714.467041	3884.796143	1.157089233
Hippocampus	Pyramidal_layer_dentate_gyrus	Hippocampus->Pyramidal_layer_dentate_gyrus	22	3884.796143	4055.125	1.127328157
Hippocampus	Pyramidal_layer_dentate_gyrus	Hippocampus->Pyramidal_layer_dentate_gyrus	23	4055.125	4225.454102	1.097049475
Hippocampus	Striatum	Hippocampus->Striatum	0	137.5572662	307.8862915	0.008729581721
Hippocampus	Striatum	Hippocampus->Striatum	1	307.8862915	478.215332	0.03898558393
Hippocampus	Striatum	Hippocampus->Striatum	2	478.215332	648.5443726	0.06154250726
Hippocampus	Striatum	Hippocampus->Striatum	3	648.5443726	818.8734131	0.07484235615
Hippocampus	Striatum	Hippocampus->Striatum	4	818.8734131	989.2024536	0.09784904867
Hippocampus	Striatum	Hippocampus->Striatum	5	989.2024536	1159.531494	0.1211624742
Hippocampus	Striatum	Hippocampus->Striatum	6	1159.531494	1329.860474	0.149459824
Hippocampus	Striatum	Hippocampus->Striatum	7	1329.860474	1500.189575	0.167006433
Hippocampus	Striatum	Hippocampus->Striatum	8	1500.189575	1670.518555	0.1831851304
Hippocampus	Striatum	Hippocampus->Striatum	9	1670.518555	1840.847656	0.2024638057
Hippocampus	Striatum	Hippocampus->Striatum	10	1840.847656	2011.176636	0.2178517282
Hippocampus	Striatum	Hippocampus->Striatum	11	2011.176636	2181.505615	0.2368523777
Hippocampus	Striatum	Hippocampus->Striatum	12	2181.505615	2351.834717	0.2532417476
Hippocampus	Striatum	Hippocampus->Striatum	13	2351.834717	2522.163818	0.2748527825
Hippocampus	Striatum	Hippocampus->Striatum	14	2522.163818	2692.492676	0.2991820276
Hippocampus	Striatum	Hippocampus->Striatum	15	2692.492676	2862.821777	0.3254463077
Hippocampus	Striatum	Hippocampus->Striatum	16	2862.821777	3033.150879	0.3572827578
Hippocampus	Striatum	Hippocampus->Striatum	17	3033.150879	3203.47998	0.3884344101
Hippocampus	Striatum	Hippocampus->Striatum	18	3203.47998	3373.808838	0.4303003848
Hippocampus	Striatum	Hippocampus->Striatum	19	3373.808838	3544.137939	0.4739573598
Hippocampus	Striatum	Hippocampus->Striatum	20	3544.137939	3714.467041	0.521690011
Hippocampus	Striatum	Hippocampus->Striatum	21	3714.467041	3884.796143	0.575353682
Hippocampus	Striatum	Hippocampus->Striatum	22	3884.796143	4055.125	0.6279096007
Hippocampus	Striatum	Hippocampus->Striatum	23	4055.125	4225.454102	0.6911737919
Hippocampus	Thalamus_1	Hippocampus->Thalamus_1	0	137.5572662	307.8862915	0.0837052688
Hippocampus	Thalamus_1	Hippocampus->Thalamus_1	1	307.8862915	478.215332	0.1496694386
Hippocampus	Thalamus_1	Hippocampus->Thalamus_1	2	478.215332	648.5443726	0.2518321276
Hippocampus	Thalamus_1	Hippocampus->Thalamus_1	3	648.5443726	818.8734131	0.3334466815
Hippocampus	Thalamus_1	Hippocampus->Thalamus_1	4	818.8734131	989.2024536	0.4809668064
Hippocampus	Thalamus_1	Hippocampus->Thalamus_1	5	989.2024536	1159.531494	0.6040244699
Hippocampus	Thalamus_1	Hippocampus->Thalamus_1	6	1159.531494	1329.860474	0.7431610227
Hippocampus	Thalamus_1	Hippocampus->Thalamus_1	7	1329.860474	1500.189575	0.8585302234
Hippocampus	Thalamus_1	Hippocampus->Thalamus_1	8	1500.189575	1670.518555	0.9383078218
Hippocampus	Thalamus_1	Hippocampus->Thalamus_1	9	1670.518555	1840.847656	1.032924294
Hippocampus	Thalamus_1	Hippocampus->Thalamus_1	10	1840.847656	2011.176636	1.089511991
Hippocampus	Thalamus_1	Hippocampus->Thalamus_1	11	2011.176636	2181.505615	1.134222865
Hippocampus	Thalamus_1	Hippocampus->Thalamus_1	12	2181.505615	2351.834717	1.156038284
Hippocampus	Thalamus_1	Hippocampus->Thalamus_1	13	2351.834717	2522.163818	1.174095869
Hippocampus	Thalamus_1	Hippocampus->Thalamus_1	14	2522.163818	2692.492676	1.184612274
Hippocampus	Thalamus_1	Hippocampus->Thalamus_1	15	2692.492676	2862.821777	1.187494159
Hippocampus	Thalamus_1	Hippocampus->Thalamus_1	16	2862.821777	3033.150879	1.177491784
Hippocampus	Thalamus_1	Hippocampus->Thalamus_1	17	3033.150879	3203.47998	1.161106467
Hippocampus	Thalamus_1	Hippocampus->Thalamus_1	18	3203.47998	3373.808838	1.138620138
Hippocampus	Thalamus_1	Hippocampus->Thalamus_1	19	3373.808838	3544.137939	1.116748214
Hippocampus	Thalamus_1	Hippocampus->Thalamus_1	20	3544.137939	3714.467041	1.095297575
Hippocampus	Thalamus_1	Hippocampus->Thalamus_1	21	3714.467041	3884.796143	1.074988484
Hippocampus	Thalamus_1	Hippocampus->Thalamus_1	22	3884.796143	4055.125	1.059783459
Hippocampus	Thalamus_1	Hippocampus->Thalamus_1	23	4055.125	4225.454102	1.039915085
Hippocampus	Thalamus_2	Hippocampus->Thalamus_2	0	137.5572662	307.8862915	0.03032848611
Hippocampus	Thalamus_2	Hippocampus->Thalamus_2	1	307.8862915	478.215332	0.08448909968
Hippocampus	Thalamus_2	Hippocampus->Thalamus_2	2	478.215332	648.5443726	0.1889934093
Hippocampus	Thalamus_2	Hippocampus->Thalamus_2	3	648.5443726	818.8734131	0.2362163663
Hippocampus	Thalamus_2	Hippocampus->Thalamus_2	4	818.8734131	989.2024536	0.3171419799
Hippocampus	Thalamus_2	Hippocampus->Thalamus_2	5	989.2024536	1159.531494	0.3796799481
Hippocampus	Thalamus_2	Hippocampus->Thalamus_2	6	1159.531494	1329.860474	0.4350392222
Hippocampus	Thalamus_2	Hippocampus->Thalamus_2	7	1329.860474	1500.189575	0.4842756987
Hippocampus	Thalamus_2	Hippocampus->Thalamus_2	8	1500.189575	1670.518555	0.5160384774
Hippocampus	Thalamus_2	Hippocampus->Thalamus_2	9	1670.518555	1840.847656	0.5710724592
Hippocampus	Thalamus_2	Hippocampus->Thalamus_2	10	1840.847656	2011.176636	0.6207240224
Hippocampus	Thalamus_2	Hippocampus->Thalamus_2	11	2011.176636	2181.505615	0.6836383939
Hippocampus	Thalamus_2	Hippocampus->Thalamus_2	12	2181.505615	2351.834717	0.7402217388
Hippocampus	Thalamus_2	Hippocampus->Thalamus_2	13	2351.834717	2522.163818	0.8111223578
Hippocampus	Thalamus_2	Hippocampus->Thalamus_2	14	2522.163818	2692.492676	0.8768656254
Hippocampus	Thalamus_2	Hippocampus->Thalamus_2	15	2692.492676	2862.821777	0.9350188971
Hippocampus	Thalamus_2	Hippocampus->Thalamus_2	16	2862.821777	3033.150879	0.9941875935
Hippocampus	Thalamus_2	Hippocampus->Thalamus_2	17	3033.150879	3203.47998	1.040709972
Hippocampus	Thalamus_2	Hippocampus->Thalamus_2	18	3203.47998	3373.808838	1.084871173
Hippocampus	Thalamus_2	Hippocampus->Thalamus_2	19	3373.808838	3544.137939	1.113200426
Hippocampus	Thalamus_2	Hippocampus->Thalamus_2	20	3544.137939	3714.467041	1.131217957
Hippocampus	Thalamus_2	Hippocampus->Thalamus_2	21	3714.467041	3884.796143	1.140514493
Hippocampus	Thalamus_2	Hippocampus->Thalamus_2	22	3884.796143	4055.125	1.146259546
Hippocampus	Thalamus_2	Hippocampus->Thalamus_2	23	4055.125	4225.454102	1.14572978
Hypothalamus_1	Cortex_1	Hypothalamus_1->Cortex_1	0	137.5572662	307.8862915	0
Hypothalamus_1	Cortex_1	Hypothalamus_1->Cortex_1	1	307.8862915	478.215332	0
Hypothalamus_1	Cortex_1	Hypothalamus_1->Cortex_1	2	478.215332	648.5443726	0
Hypothalamus_1	Cortex_1	Hypothalamus_1->Cortex_1	3	648.5443726	818.8734131	0
Hypothalamus_1	Cortex_1	Hypothalamus_1->Cortex_1	4	818.8734131	989.2024536	0
Hypothalamus_1	Cortex_1	Hypothalamus_1->Cortex_1	5	989.2024536	1159.531494	0
Hypothalamus_1	Cortex_1	Hypothalamus_1->Cortex_1	6	1159.531494	1329.860474	0
Hypothalamus_1	Cortex_1	Hypothalamus_1->Cortex_1	7	1329.860474	1500.189575	0
Hypothalamus_1	Cortex_1	Hypothalamus_1->Cortex_1	8	1500.189575	1670.518555	0
Hypothalamus_1	Cortex_1	Hypothalamus_1->Cortex_1	9	1670.518555	1840.847656	0
Hypothalamus_1	Cortex_1	Hypothalamus_1->Cortex_1	10	1840.847656	2011.176636	0
Hypothalamus_1	Cortex_1	Hypothalamus_1->Cortex_1	11	2011.176636	2181.505615	0
Hypothalamus_1	Cortex_1	Hypothalamus_1->Cortex_1	12	2181.505615	2351.834717	0
Hypothalamus_1	Cortex_1	Hypothalamus_1->Cortex_1	13	2351.834717	2522.163818	0
Hypothalamus_1	Cortex_1	Hypothalamus_1->Cortex_1	14	2522.163818	2692.492676	0
Hypothalamus_1	Cortex_1	Hypothalamus_1->Cortex_1	15	2692.492676	2862.821777	0
Hypothalamus_1	Cortex_1	Hypothalamus_1->Cortex_1	16	2862.821777	3033.150879	0
Hypothalamus_1	Cortex_1	Hypothalamus_1->Cortex_1	17	3033.150879	3203.47998	0
Hypothalamus_1	Cortex_1	Hypothalamus_1->Cortex_1	18	3203.47998	3373.808838	0
Hypothalamus_1	Cortex_1	Hypothalamus_1->Cortex_1	19	3373.808838	3544.137939	0
Hypothalamus_1	Cortex_1	Hypothalamus_1->Cortex_1	20	3544.137939	3714.467041	0
Hypothalamus_1	Cortex_1	Hypothalamus_1->Cortex_1	21	3714.467041	3884.796143	0
Hypothalamus_1	Cortex_1	Hypothalamus_1->Cortex_1	22	3884.796143	4055.125	0
Hypothalamus_1	Cortex_1	Hypothalamus_1->Cortex_1	23	4055.125	4225.454102	0
Hypothalamus_1	Cortex_2	Hypothalamus_1->Cortex_2	0	137.5572662	307.8862915	0
Hypothalamus_1	Cortex_2	Hypothalamus_1->Cortex_2	1	307.8862915	478.215332	0
Hypothalamus_1	Cortex_2	Hypothalamus_1->Cortex_2	2	478.215332	648.5443726	0
Hypothalamus_1	Cortex_2	Hypothalamus_1->Cortex_2	3	648.5443726	818.8734131	0
Hypothalamus_1	Cortex_2	Hypothalamus_1->Cortex_2	4	818.8734131	989.2024536	0
Hypothalamus_1	Cortex_2	Hypothalamus_1->Cortex_2	5	989.2024536	1159.531494	0.0002844901173
Hypothalamus_1	Cortex_2	Hypothalamus_1->Cortex_2	6	1159.531494	1329.860474	0.01073353365
Hypothalamus_1	Cortex_2	Hypothalamus_1->Cortex_2	7	1329.860474	1500.189575	0.03479368985
Hypothalamus_1	Cortex_2	Hypothalamus_1->Cortex_2	8	1500.189575	1670.518555	0.08734012395
Hypothalamus_1	Cortex_2	Hypothalamus_1->Cortex_2	9	1670.518555	1840.847656	0.1544363052
Hypothalamus_1	Cortex_2	Hypothalamus_1->Cortex_2	10	1840.847656	2011.176636	0.2508733273
Hypothalamus_1	Cortex_2	Hypothalamus_1->Cortex_2	11	2011.176636	2181.505615	0.361682266
Hypothalamus_1	Cortex_2	Hypothalamus_1->Cortex_2	12	2181.505615	2351.834717	0.494921118
Hypothalamus_1	Cortex_2	Hypothalamus_1->Cortex_2	13	2351.834717	2522.163818	0.6070617437
Hypothalamus_1	Cortex_2	Hypothalamus_1->Cortex_2	14	2522.163818	2692.492676	0.7509662509
Hypothalamus_1	Cortex_2	Hypothalamus_1->Cortex_2	15	2692.492676	2862.821777	0.8710564971
Hypothalamus_1	Cortex_2	Hypothalamus_1->Cortex_2	16	2862.821777	3033.150879	1.002301216
Hypothalamus_1	Cortex_2	Hypothalamus_1->Cortex_2	17	3033.150879	3203.47998	1.115660787
Hypothalamus_1	Cortex_2	Hypothalamus_1->Cortex_2	18	3203.47998	3373.808838	1.224363446
Hypothalamus_1	Cortex_2	Hypothalamus_1->Cortex_2	19	3373.808838	3544.137939	1.315983057
Hypothalamus_1	Cortex_2	Hypothalamus_1->Cortex_2	20	3544.137939	3714.467041	1.398426175
Hypothalamus_1	Cortex_2	Hypothalamus_1->Cortex_2	21	3714.467041	3884.796143	1.464802504
Hypothalamus_1	Cortex_2	Hypothalamus_1->Cortex_2	22	3884.796143	4055.125	1.498078942
Hypothalamus_1	Cortex_2	Hypothalamus_1->Cortex_2	23	4055.125	4225.454102	1.536611795
Hypothalamus_1	Cortex_3	Hypothalamus_1->Cortex_3	0	137.5572662	307.8862915	0
Hypothalamus_1	Cortex_3	Hypothalamus_1->Cortex_3	1	307.8862915	478.215332	0
Hypothalamus_1	Cortex_3	Hypothalamus_1->Cortex_3	2	478.215332	648.5443726	0
Hypothalamus_1	Cortex_3	Hypothalamus_1->Cortex_3	3	648.5443726	818.8734131	0
Hypothalamus_1	Cortex_3	Hypothalamus_1->Cortex_3	4	818.8734131	989.2024536	0
Hypothalamus_1	Cortex_3	Hypothalamus_1->Cortex_3	5	989.2024536	1159.531494	0
Hypothalamus_1	Cortex_3	Hypothalamus_1->Cortex_3	6	1159.531494	1329.860474	0
Hypothalamus_1	Cortex_3	Hypothalamus_1->Cortex_3	7	1329.860474	1500.189575	0
Hypothalamus_1	Cortex_3	Hypothalamus_1->Cortex_3	8	1500.189575	1670.518555	0
Hypothalamus_1	Cortex_3	Hypothalamus_1->Cortex_3	9	1670.518555	1840.847656	0
Hypothalamus_1	Cortex_3	Hypothalamus_1->Cortex_3	10	1840.847656	2011.176636	0
Hypothalamus_1	Cortex_3	Hypothalamus_1->Cortex_3	11	2011.176636	2181.505615	0
Hypothalamus_1	Cortex_3	Hypothalamus_1->Cortex_3	12	2181.505615	2351.834717	0
Hypothalamus_1	Cortex_3	Hypothalamus_1->Cortex_3	13	2351.834717	2522.163818	0
Hypothalamus_1	Cortex_3	Hypothalamus_1->Cortex_3	14	2522.163818	2692.492676	0
Hypothalamus_1	Cortex_3	Hypothalamus_1->Cortex_3	15	2692.492676	2862.821777	0
Hypothalamus_1	Cortex_3	Hypothalamus_1->Cortex_3	16	2862.821777	3033.150879	6.925710477e-05
Hypothalamus_1	Cortex_3	Hypothalamus_1->Cortex_3	17	3033.150879	3203.47998	0.00142022036
Hypothalamus_1	Cortex_3	Hypothalamus_1->Cortex_3	18	3203.47998	3373.808838	0.005501704756
Hypothalamus_1	Cortex_3	Hypothalamus_1->Cortex_3	19	3373.808838	3544.137939	0.01491495967
Hypothalamus_1	Cortex_3	Hypothalamus_1->Cortex_3	20	3544.137939	3714.467041	0.03151909262
Hypothalamus_1	Cortex_3	Hypothalamus_1->Cortex_3	21	3714.467041	3884.796143	0.05221261457
Hypothalamus_1	Cortex_3	Hypothalamus_1->Cortex_3	22	3884.796143	4055.125	0.07454218715
Hypothalamus_1	Cortex_3	Hypothalamus_1->Cortex_3	23	4055.125	4225.454102	0.1211371943
Hypothalamus_1	Cortex_4	Hypothalamus_1->Cortex_4	0	137.5572662	307.8862915	0
Hypothalamus_1	Cortex_4	Hypothalamus_1->Cortex_4	1	307.8862915	478.215332	0
Hypothalamus_1	Cortex_4	Hypothalamus_1->Cortex_4	2	478.215332	648.5443726	0
Hypothalamus_1	Cortex_4	Hypothalamus_1->Cortex_4	3	648.5443726	818.8734131	0
Hypothalamus_1	Cortex_4	Hypothalamus_1->Cortex_4	4	818.8734131	989.2024536	0
Hypothalamus_1	Cortex_4	Hypothalamus_1->Cortex_4	5	989.2024536	1159.531494	0
Hypothalamus_1	Cortex_4	Hypothalamus_1->Cortex_4	6	1159.531494	1329.860474	0
Hypothalamus_1	Cortex_4	Hypothalamus_1->Cortex_4	7	1329.860474	1500.189575	0
Hypothalamus_1	Cortex_4	Hypothalamus_1->Cortex_4	8	1500.189575	1670.518555	0
Hypothalamus_1	Cortex_4	Hypothalamus_1->Cortex_4	9	1670.518555	1840.847656	0
Hypothalamus_1	Cortex_4	Hypothalamus_1->Cortex_4	10	1840.847656	2011.176636	0
Hypothalamus_1	Cortex_4	Hypothalamus_1->Cortex_4	11	2011.176636	2181.505615	0
Hypothalamus_1	Cortex_4	Hypothalamus_1->Cortex_4	12	2181.505615	2351.834717	0
Hypothalamus_1	Cortex_4	Hypothalamus_1->Cortex_4	13	2351.834717	2522.163818	0
Hypothalamus_1	Cortex_4	Hypothalamus_1->Cortex_4	14	2522.163818	2692.492676	0
Hypothalamus_1	Cortex_4	Hypothalamus_1->Cortex_4	15	2692.492676	2862.821777	0
Hypothalamus_1	Cortex_4	Hypothalamus_1->Cortex_4	16	2862.821777	3033.150879	0
Hypothalamus_1	Cortex_4	Hypothalamus_1->Cortex_4	17	3033.150879	3203.47998	0
Hypothalamus_1	Cortex_4	Hypothalamus_1->Cortex_4	18	3203.47998	3373.808838	0
Hypothalamus_1	Cortex_4	Hypothalamus_1->Cortex_4	19	3373.808838	3544.137939	0
Hypothalamus_1	Cortex_4	Hypothalamus_1->Cortex_4	20	3544.137939	3714.467041	0
Hypothalamus_1	Cortex_4	Hypothalamus_1->Cortex_4	21	3714.467041	3884.796143	0
Hypothalamus_1	Cortex_4	Hypothalamus_1->Cortex_4	22	3884.796143	4055.125	0
Hypothalamus_1	Cortex_4	Hypothalamus_1->Cortex_4	23	4055.125	4225.454102	0
Hypothalamus_1	Cortex_5	Hypothalamus_1->Cortex_5	0	137.5572662	307.8862915	0
Hypothalamus_1	Cortex_5	Hypothalamus_1->Cortex_5	1	307.8862915	478.215332	0
Hypothalamus_1	Cortex_5	Hypothalamus_1->Cortex_5	2	478.215332	648.5443726	0
Hypothalamus_1	Cortex_5	Hypothalamus_1->Cortex_5	3	648.5443726	818.8734131	0
Hypothalamus_1	Cortex_5	Hypothalamus_1->Cortex_5	4	818.8734131	989.2024536	0
Hypothalamus_1	Cortex_5	Hypothalamus_1->Cortex_5	5	989.2024536	1159.531494	0
Hypothalamus_1	Cortex_5	Hypothalamus_1->Cortex_5	6	1159.531494	1329.860474	0
Hypothalamus_1	Cortex_5	Hypothalamus_1->Cortex_5	7	1329.860474	1500.189575	0.002171308035
Hypothalamus_1	Cortex_5	Hypothalamus_1->Cortex_5	8	1500.189575	1670.518555	0.01172013674
Hypothalamus_1	Cortex_5	Hypothalamus_1->Cortex_5	9	1670.518555	1840.847656	0.02796609886
Hypothalamus_1	Cortex_5	Hypothalamus_1->Cortex_5	10	1840.847656	2011.176636	0.04937054962
Hypothalamus_1	Cortex_5	Hypothalamus_1->Cortex_5	11	2011.176636	2181.505615	0.07835415006
Hypothalamus_1	Cortex_5	Hypothalamus_1->Cortex_5	12	2181.505615	2351.834717	0.1088486016
Hypothalamus_1	Cortex_5	Hypothalamus_1->Cortex_5	13	2351.834717	2522.163818	0.1335497648
Hypothalamus_1	Cortex_5	Hypothalamus_1->Cortex_5	14	2522.163818	2692.492676	0.1611192971
Hypothalamus_1	Cortex_5	Hypothalamus_1->Cortex_5	15	2692.492676	2862.821777	0.1909250617
Hypothalamus_1	Cortex_5	Hypothalamus_1->Cortex_5	16	2862.821777	3033.150879	0.2310636342
Hypothalamus_1	Cortex_5	Hypothalamus_1->Cortex_5	17	3033.150879	3203.47998	0.2876537442
Hypothalamus_1	Cortex_5	Hypothalamus_1->Cortex_5	18	3203.47998	3373.808838	0.3325374126
Hypothalamus_1	Cortex_5	Hypothalamus_1->Cortex_5	19	3373.808838	3544.137939	0.3790752888
Hypothalamus_1	Cortex_5	Hypothalamus_1->Cortex_5	20	3544.137939	3714.467041	0.409940958
Hypothalamus_1	Cortex_5	Hypothalamus_1->Cortex_5	21	3714.467041	3884.796143	0.4447021186
Hypothalamus_1	Cortex_5	Hypothalamus_1->Cortex_5	22	3884.796143	4055.125	0.4654147327
Hypothalamus_1	Cortex_5	Hypothalamus_1->Cortex_5	23	4055.125	4225.454102	0.4879059792
Hypothalamus_1	Fiber_tract	Hypothalamus_1->Fiber_tract	0	137.5572662	307.8862915	0.1182141677
Hypothalamus_1	Fiber_tract	Hypothalamus_1->Fiber_tract	1	307.8862915	478.215332	0.1929587871
Hypothalamus_1	Fiber_tract	Hypothalamus_1->Fiber_tract	2	478.215332	648.5443726	0.2641905248
Hypothalamus_1	Fiber_tract	Hypothalamus_1->Fiber_tract	3	648.5443726	818.8734131	0.3126438856
Hypothalamus_1	Fiber_tract	Hypothalamus_1->Fiber_tract	4	818.8734131	989.2024536	0.3763248622
Hypothalamus_1	Fiber_tract	Hypothalamus_1->Fiber_tract	5	989.2024536	1159.531494	0.4216164052
Hypothalamus_1	Fiber_tract	Hypothalamus_1->Fiber_tract	6	1159.531494	1329.860474	0.477938652
Hypothalamus_1	Fiber_tract	Hypothalamus_1->Fiber_tract	7	1329.860474	1500.189575	0.5169708133
Hypothalamus_1	Fiber_tract	Hypothalamus_1->Fiber_tract	8	1500.189575	1670.518555	0.5597817302
Hypothalamus_1	Fiber_tract	Hypothalamus_1->Fiber_tract	9	1670.518555	1840.847656	0.6186337471
Hypothalamus_1	Fiber_tract	Hypothalamus_1->Fiber_tract	10	1840.847656	2011.176636	0.6645302176
Hypothalamus_1	Fiber_tract	Hypothalamus_1->Fiber_tract	11	2011.176636	2181.505615	0.7186075449
Hypothalamus_1	Fiber_tract	Hypothalamus_1->Fiber_tract	12	2181.505615	2351.834717	0.7584441304
Hypothalamus_1	Fiber_tract	Hypothalamus_1->Fiber_tract	13	2351.834717	2522.163818	0.8086260557
Hypothalamus_1	Fiber_tract	Hypothalamus_1->Fiber_tract	14	2522.163818	2692.492676	0.8421589136
Hypothalamus_1	Fiber_tract	Hypothalamus_1->Fiber_tract	15	2692.492676	2862.821777	0.8714944124
Hypothalamus_1	Fiber_tract	Hypothalamus_1->Fiber_tract	16	2862.821777	3033.150879	0.9001059532
Hypothalamus_1	Fiber_tract	Hypothalamus_1->Fiber_tract	17	3033.150879	3203.47998	0.9166169763
Hypothalamus_1	Fiber_tract	Hypothalamus_1->Fiber_tract	18	3203.47998	3373.808838	0.9348499179
Hypothalamus_1	Fiber_tract	Hypothalamus_1->Fiber_tract	19	3373.808838	3544.137939	0.9450603127
Hypothalamus_1	Fiber_tract	Hypothalamus_1->Fiber_tract	20	3544.137939	3714.467041	0.95380193
Hypothalamus_1	Fiber_tract	Hypothalamus_1->Fiber_tract	21	3714.467041	3884.796143	0.9569452405
Hypothalamus_1	Fiber_tract	Hypothalamus_1->Fiber_tract	22	3884.796143	4055.125	0.9590291381
Hypothalamus_1	Fiber_tract	Hypothalamus_1->Fiber_tract	23	4055.125	4225.454102	0.9569116235
Hypothalamus_1	Hippocampus	Hypothalamus_1->Hippocampus	0	137.5572662	307.8862915	0
Hypothalamus_1	Hippocampus	Hypothalamus_1->Hippocampus	1	307.8862915	478.215332	0
Hypothalamus_1	Hippocampus	Hypothalamus_1->Hippocampus	2	478.215332	648.5443726	0
Hypothalamus_1	Hippocampus	Hypothalamus_1->Hippocampus	3	648.5443726	818.8734131	0
Hypothalamus_1	Hippocampus	Hypothalamus_1->Hippocampus	4	818.8734131	989.2024536	0
Hypothalamus_1	Hippocampus	Hypothalamus_1->Hippocampus	5	989.2024536	1159.531494	0
Hypothalamus_1	Hippocampus	Hypothalamus_1->Hippocampus	6	1159.531494	1329.860474	0
Hypothalamus_1	Hippocampus	Hypothalamus_1->Hippocampus	7	1329.860474	1500.189575	0
Hypothalamus_1	Hippocampus	Hypothalamus_1->Hippocampus	8	1500.189575	1670.518555	0
Hypothalamus_1	Hippocampus	Hypothalamus_1->Hippocampus	9	1670.518555	1840.847656	0
Hypothalamus_1	Hippocampus	Hypothalamus_1->Hippocampus	10	1840.847656	2011.176636	0
Hypothalamus_1	Hippocampus	Hypothalamus_1->Hippocampus	11	2011.176636	2181.505615	0
Hypothalamus_1	Hippocampus	Hypothalamus_1->Hippocampus	12	2181.505615	2351.834717	0
Hypothalamus_1	Hippocampus	Hypothalamus_1->Hippocampus	13	2351.834717	2522.163818	0
Hypothalamus_1	Hippocampus	Hypothalamus_1->Hippocampus	14	2522.163818	2692.492676	0
Hypothalamus_1	Hippocampus	Hypothalamus_1->Hippocampus	15	2692.492676	2862.821777	0
Hypothalamus_1	Hippocampus	Hypothalamus_1->Hippocampus	16	2862.821777	3033.150879	6.588272663e-05
Hypothalamus_1	Hippocampus	Hypothalamus_1->Hippocampus	17	3033.150879	3203.47998	0.00123424083
Hypothalamus_1	Hippocampus	Hypothalamus_1->Hippocampus	18	3203.47998	3373.808838	0.005009229295
Hypothalamus_1	Hippocampus	Hypothalamus_1->Hippocampus	19	3373.808838	3544.137939	0.01513206027
Hypothalamus_1	Hippocampus	Hypothalamus_1->Hippocampus	20	3544.137939	3714.467041	0.03027522564
Hypothalamus_1	Hippocampus	Hypothalamus_1->Hippocampus	21	3714.467041	3884.796143	0.05972587317
Hypothalamus_1	Hippocampus	Hypothalamus_1->Hippocampus	22	3884.796143	4055.125	0.09897868335
Hypothalamus_1	Hippocampus	Hypothalamus_1->Hippocampus	23	4055.125	4225.454102	0.16170834
Hypothalamus_1	Hypothalamus_1	Hypothalamus_1->Hypothalamus_1	0	137.5572662	307.8862915	12.21838856
Hypothalamus_1	Hypothalamus_1	Hypothalamus_1->Hypothalamus_1	1	307.8862915	478.215332	11.97103977
Hypothalamus_1	Hypothalamus_1	Hypothalamus_1->Hypothalamus_1	2	478.215332	648.5443726	11.6007967
Hypothalamus_1	Hypothalamus_1	Hypothalamus_1->Hypothalamus_1	3	648.5443726	818.8734131	11.36170292
Hypothalamus_1	Hypothalamus_1	Hypothalamus_1->Hypothalamus_1	4	818.8734131	989.2024536	10.95817947
Hypothalamus_1	Hypothalamus_1	Hypothalamus_1->Hypothalamus_1	5	989.2024536	1159.531494	10.59070778
Hypothalamus_1	Hypothalamus_1	Hypothalamus_1->Hypothalamus_1	6	1159.531494	1329.860474	10.11805439
Hypothalamus_1	Hypothalamus_1	Hypothalamus_1->Hypothalamus_1	7	1329.860474	1500.189575	9.656064034
Hypothalamus_1	Hypothalamus_1	Hypothalamus_1->Hypothalamus_1	8	1500.189575	1670.518555	9.206236839
Hypothalamus_1	Hypothalamus_1	Hypothalamus_1->Hypothalamus_1	9	1670.518555	1840.847656	8.605641365
Hypothalamus_1	Hypothalamus_1	Hypothalamus_1->Hypothalamus_1	10	1840.847656	2011.176636	8.078629494
Hypothalamus_1	Hypothalamus_1	Hypothalamus_1->Hypothalamus_1	11	2011.176636	2181.505615	7.505774498
Hypothalamus_1	Hypothalamus_1	Hypothalamus_1->Hypothalamus_1	12	2181.505615	2351.834717	6.995360851
Hypothalamus_1	Hypothalamus_1	Hypothalamus_1->Hypothalamus_1	13	2351.834717	2522.163818	6.492999077
Hypothalamus_1	Hypothalamus_1	Hypothalamus_1->Hypothalamus_1	14	2522.163818	2692.492676	5.981193066
Hypothalamus_1	Hypothalamus_1	Hypothalamus_1->Hypothalamus_1	15	2692.492676	2862.821777	5.556923389
Hypothalamus_1	Hypothalamus_1	Hypothalamus_1->Hypothalamus_1	16	2862.821777	3033.150879	5.111915588
Hypothalamus_1	Hypothalamus_1	Hypothalamus_1->Hypothalamus_1	17	3033.150879	3203.47998	4.760456085
Hypothalamus_1	Hypothalamus_1	Hypothalamus_1->Hypothalamus_1	18	3203.47998	3373.808838	4.399420261
Hypothalamus_1	Hypothalamus_1	Hypothalamus_1->Hypothalamus_1	19	3373.808838	3544.137939	4.080509663
Hypothalamus_1	Hypothalamus_1	Hypothalamus_1->Hypothalamus_1	20	3544.137939	3714.467041	3.798778534
Hypothalamus_1	Hypothalamus_1	Hypothalamus_1->Hypothalamus_1	21	3714.467041	3884.796143	3.523724794
Hypothalamus_1	Hypothalamus_1	Hypothalamus_1->Hypothalamus_1	22	3884.796143	4055.125	3.305297613
Hypothalamus_1	Hypothalamus_1	Hypothalamus_1->Hypothalamus_1	23	4055.125	4225.454102	3.053094149
Hypothalamus_1	Hypothalamus_2	Hypothalamus_1->Hypothalamus_2	0	137.5572662	307.8862915	0.6733514071
Hypothalamus_1	Hypothalamus_2	Hypothalamus_1->Hypothalamus_2	1	307.8862915	478.215332	0.8879424334
Hypothalamus_1	Hypothalamus_2	Hypothalamus_1->Hypothalamus_2	2	478.215332	648.5443726	1.190765381
Hypothalamus_1	Hypothalamus_2	Hypothalamus_1->Hypothalamus_2	3	648.5443726	818.8734131	1.318369985
Hypothalamus_1	Hypothalamus_2	Hypothalamus_1->Hypothalamus_2	4	818.8734131	989.2024536	1.463992715
Hypothalamus_1	Hypothalamus_2	Hypothalamus_1->Hypothalamus_2	5	989.2024536	1159.531494	1.561138988
Hypothalamus_1	Hypothalamus_2	Hypothalamus_1->Hypothalamus_2	6	1159.531494	1329.860474	1.632582426
Hypothalamus_1	Hypothalamus_2	Hypothalamus_1->Hypothalamus_2	7	1329.860474	1500.189575	1.710184693
Hypothalamus_1	Hypothalamus_2	Hypothalamus_1->Hypothalamus_2	8	1500.189575	1670.518555	1.746592879
Hypothalamus_1	Hypothalamus_2	Hypothalamus_1->Hypothalamus_2	9	1670.518555	1840.847656	1.806295991
Hypothalamus_1	Hypothalamus_2	Hypothalamus_1->Hypothalamus_2	10	1840.847656	2011.176636	1.848136187
Hypothalamus_1	Hypothalamus_2	Hypothalamus_1->Hypothalamus_2	11	2011.176636	2181.505615	1.861656189
Hypothalamus_1	Hypothalamus_2	Hypothalamus_1->Hypothalamus_2	12	2181.505615	2351.834717	1.862871289
Hypothalamus_1	Hypothalamus_2	Hypothalamus_1->Hypothalamus_2	13	2351.834717	2522.163818	1.859570861
Hypothalamus_1	Hypothalamus_2	Hypothalamus_1->Hypothalamus_2	14	2522.163818	2692.492676	1.824676275
Hypothalamus_1	Hypothalamus_2	Hypothalamus_1->Hypothalamus_2	15	2692.492676	2862.821777	1.812294006
Hypothalamus_1	Hypothalamus_2	Hypothalamus_1->Hypothalamus_2	16	2862.821777	3033.150879	1.76140523
Hypothalamus_1	Hypothalamus_2	Hypothalamus_1->Hypothalamus_2	17	3033.150879	3203.47998	1.741715074
Hypothalamus_1	Hypothalamus_2	Hypothalamus_1->Hypothalamus_2	18	3203.47998	3373.808838	1.710633039
Hypothalamus_1	Hypothalamus_2	Hypothalamus_1->Hypothalamus_2	19	3373.808838	3544.137939	1.695510149
Hypothalamus_1	Hypothalamus_2	Hypothalamus_1->Hypothalamus_2	20	3544.137939	3714.467041	1.678442359
Hypothalamus_1	Hypothalamus_2	Hypothalamus_1->Hypothalamus_2	21	3714.467041	3884.796143	1.658789158
Hypothalamus_1	Hypothalamus_2	Hypothalamus_1->Hypothalamus_2	22	3884.796143	4055.125	1.642692327
Hypothalamus_1	Hypothalamus_2	Hypothalamus_1->Hypothalamus_2	23	4055.125	4225.454102	1.61499083
Hypothalamus_1	Lateral_ventricle	Hypothalamus_1->Lateral_ventricle	0	137.5572662	307.8862915	0.594743073
Hypothalamus_1	Lateral_ventricle	Hypothalamus_1->Lateral_ventricle	1	307.8862915	478.215332	0.7982231975
Hypothalamus_1	Lateral_ventricle	Hypothalamus_1->Lateral_ventricle	2	478.215332	648.5443726	0.9703134298
Hypothalamus_1	Lateral_ventricle	Hypothalamus_1->Lateral_ventricle	3	648.5443726	818.8734131	1.070246935
Hypothalamus_1	Lateral_ventricle	Hypothalamus_1->Lateral_ventricle	4	818.8734131	989.2024536	1.196343422
Hypothalamus_1	Lateral_ventricle	Hypothalamus_1->Lateral_ventricle	5	989.2024536	1159.531494	1.267710686
Hypothalamus_1	Lateral_ventricle	Hypothalamus_1->Lateral_ventricle	6	1159.531494	1329.860474	1.327103496
Hypothalamus_1	Lateral_ventricle	Hypothalamus_1->Lateral_ventricle	7	1329.860474	1500.189575	1.345117331
Hypothalamus_1	Lateral_ventricle	Hypothalamus_1->Lateral_ventricle	8	1500.189575	1670.518555	1.379178047
Hypothalamus_1	Lateral_ventricle	Hypothalamus_1->Lateral_ventricle	9	1670.518555	1840.847656	1.3664397
Hypothalamus_1	Lateral_ventricle	Hypothalamus_1->Lateral_ventricle	10	1840.847656	2011.176636	1.359781146
Hypothalamus_1	Lateral_ventricle	Hypothalamus_1->Lateral_ventricle	11	2011.176636	2181.505615	1.336166263
Hypothalamus_1	Lateral_ventricle	Hypothalamus_1->Lateral_ventricle	12	2181.505615	2351.834717	1.311855435
Hypothalamus_1	Lateral_ventricle	Hypothalamus_1->Lateral_ventricle	13	2351.834717	2522.163818	1.271227956
Hypothalamus_1	Lateral_ventricle	Hypothalamus_1->Lateral_ventricle	14	2522.163818	2692.492676	1.232867718
Hypothalamus_1	Lateral_ventricle	Hypothalamus_1->Lateral_ventricle	15	2692.492676	2862.821777	1.199487686
Hypothalamus_1	Lateral_ventricle	Hypothalamus_1->Lateral_ventricle	16	2862.821777	3033.150879	1.173602581
Hypothalamus_1	Lateral_ventricle	Hypothalamus_1->Lateral_ventricle	17	3033.150879	3203.47998	1.152862549
Hypothalamus_1	Lateral_ventricle	Hypothalamus_1->Lateral_ventricle	18	3203.47998	3373.808838	1.144093752
Hypothalamus_1	Lateral_ventricle	Hypothalamus_1->Lateral_ventricle	19	3373.808838	3544.137939	1.138701081
Hypothalamus_1	Lateral_ventricle	Hypothalamus_1->Lateral_ventricle	20	3544.137939	3714.467041	1.152202487
Hypothalamus_1	Lateral_ventricle	Hypothalamus_1->Lateral_ventricle	21	3714.467041	3884.796143	1.169696569
Hypothalamus_1	Lateral_ventricle	Hypothalamus_1->Lateral_ventricle	22	3884.796143	4055.125	1.196004272
Hypothalamus_1	Lateral_ventricle	Hypothalamus_1->Lateral_ventricle	23	4055.125	4225.454102	1.23196125
Hypothalamus_1	Pyramidal_layer	Hypothalamus_1->Pyramidal_layer	0	137.5572662	307.8862915	0
Hypothalamus_1	Pyramidal_layer	Hypothalamus_1->Pyramidal_layer	1	307.8862915	478.215332	0
Hypothalamus_1	Pyramidal_layer	Hypothalamus_1->Pyramidal_layer	2	478.215332	648.5443726	0
Hypothalamus_1	Pyramidal_layer	Hypothalamus_1->Pyramidal_layer	3	648.5443726	818.8734131	0
Hypothalamus_1	Pyramidal_layer	Hypothalamus_1->Pyramidal_layer	4	818.8734131	989.2024536	0
Hypothalamus_1	Pyramidal_layer	Hypothalamus_1->Pyramidal_layer	5	989.2024536	1159.531494	0
Hypothalamus_1	Pyramidal_layer	Hypothalamus_1->Pyramidal_layer	6	1159.531494	1329.860474	0
Hypothalamus_1	Pyramidal_layer	Hypothalamus_1->Pyramidal_layer	7	1329.860474	1500.189575	0
Hypothalamus_1	Pyramidal_layer	Hypothalamus_1->Pyramidal_layer	8	1500.189575	1670.518555	0
Hypothalamus_1	Pyramidal_layer	Hypothalamus_1->Pyramidal_layer	9	1670.518555	1840.847656	0
Hypothalamus_1	Pyramidal_layer	Hypothalamus_1->Pyramidal_layer	10	1840.847656	2011.176636	0
Hypothalamus_1	Pyramidal_layer	Hypothalamus_1->Pyramidal_layer	11	2011.176636	2181.505615	0
Hypothalamus_1	Pyramidal_layer	Hypothalamus_1->Pyramidal_layer	12	2181.505615	2351.834717	0
Hypothalamus_1	Pyramidal_layer	Hypothalamus_1->Pyramidal_layer	13	2351.834717	2522.163818	0
Hypothalamus_1	Pyramidal_layer	Hypothalamus_1->Pyramidal_layer	14	2522.163818	2692.492676	0
Hypothalamus_1	Pyramidal_layer	Hypothalamus_1->Pyramidal_layer	15	2692.492676	2862.821777	0
Hypothalamus_1	Pyramidal_layer	Hypothalamus_1->Pyramidal_layer	16	2862.821777	3033.150879	0
Hypothalamus_1	Pyramidal_layer	Hypothalamus_1->Pyramidal_layer	17	3033.150879	3203.47998	0
Hypothalamus_1	Pyramidal_layer	Hypothalamus_1->Pyramidal_layer	18	3203.47998	3373.808838	0
Hypothalamus_1	Pyramidal_layer	Hypothalamus_1->Pyramidal_layer	19	3373.808838	3544.137939	0
Hypothalamus_1	Pyramidal_layer	Hypothalamus_1->Pyramidal_layer	20	3544.137939	3714.467041	0.001441110624
Hypothalamus_1	Pyramidal_layer	Hypothalamus_1->Pyramidal_layer	21	3714.467041	3884.796143	0.008399132639
Hypothalamus_1	Pyramidal_layer	Hypothalamus_1->Pyramidal_layer	22	3884.796143	4055.125	0.026980808
Hypothalamus_1	Pyramidal_layer	Hypothalamus_1->Pyramidal_layer	23	4055.125	4225.454102	0.06530146301
Hypothalamus_1	Pyramidal_layer_dentate_gyrus	Hypothalamus_1->Pyramidal_layer_dentate_gyrus	0	137.5572662	307.8862915	0
Hypothalamus_1	Pyramidal_layer_dentate_gyrus	Hypothalamus_1->Pyramidal_layer_dentate_gyrus	1	307.8862915	478.215332	0
Hypothalamus_1	Pyramidal_layer_dentate_gyrus	Hypothalamus_1->Pyramidal_layer_dentate_gyrus	2	478.215332	648.5443726	0
Hypothalamus_1	Pyramidal_layer_dentate_gyrus	Hypothalamus_1->Pyramidal_layer_dentate_gyrus	3	648.5443726	818.8734131	0
Hypothalamus_1	Pyramidal_layer_dentate_gyrus	Hypothalamus_1->Pyramidal_layer_dentate_gyrus	4	818.8734131	989.2024536	0
Hypothalamus_1	Pyramidal_layer_dentate_gyrus	Hypothalamus_1->Pyramidal_layer_dentate_gyrus	5	989.2024536	1159.531494	0
Hypothalamus_1	Pyramidal_layer_dentate_gyrus	Hypothalamus_1->Pyramidal_layer_dentate_gyrus	6	1159.531494	1329.860474	0
Hypothalamus_1	Pyramidal_layer_dentate_gyrus	Hypothalamus_1->Pyramidal_layer_dentate_gyrus	7	1329.860474	1500.189575	0
Hypothalamus_1	Pyramidal_layer_dentate_gyrus	Hypothalamus_1->Pyramidal_layer_dentate_gyrus	8	1500.189575	1670.518555	0
Hypothalamus_1	Pyramidal_layer_dentate_gyrus	Hypothalamus_1->Pyramidal_layer_dentate_gyrus	9	1670.518555	1840.847656	0
Hypothalamus_1	Pyramidal_layer_dentate_gyrus	Hypothalamus_1->Pyramidal_layer_dentate_gyrus	10	1840.847656	2011.176636	0
Hypothalamus_1	Pyramidal_layer_dentate_gyrus	Hypothalamus_1->Pyramidal_layer_dentate_gyrus	11	2011.176636	2181.505615	0
Hypothalamus_1	Pyramidal_layer_dentate_gyrus	Hypothalamus_1->Pyramidal_layer_dentate_gyrus	12	2181.505615	2351.834717	0
Hypothalamus_1	Pyramidal_layer_dentate_gyrus	Hypothalamus_1->Pyramidal_layer_dentate_gyrus	13	2351.834717	2522.163818	0
Hypothalamus_1	Pyramidal_layer_dentate_gyrus	Hypothalamus_1->Pyramidal_layer_dentate_gyrus	14	2522.163818	2692.492676	0
Hypothalamus_1	Pyramidal_layer_dentate_gyrus	Hypothalamus_1->Pyramidal_layer_dentate_gyrus	15	2692.492676	2862.821777	0
Hypothalamus_1	Pyramidal_layer_dentate_gyrus	Hypothalamus_1->Pyramidal_layer_dentate_gyrus	16	2862.821777	3033.150879	0
Hypothalamus_1	Pyramidal_layer_dentate_gyrus	Hypothalamus_1->Pyramidal_layer_dentate_gyrus	17	3033.150879	3203.47998	0.001013655216
Hypothalamus_1	Pyramidal_layer_dentate_gyrus	Hypothalamus_1->Pyramidal_layer_dentate_gyrus	18	3203.47998	3373.808838	0.008040984161
Hypothalamus_1	Pyramidal_layer_dentate_gyrus	Hypothalamus_1->Pyramidal_layer_dentate_gyrus	19	3373.808838	3544.137939	0.03259862214
Hypothalamus_1	Pyramidal_layer_dentate_gyrus	Hypothalamus_1->Pyramidal_layer_dentate_gyrus	20	3544.137939	3714.467041	0.07204485685
Hypothalamus_1	Pyramidal_layer_dentate_gyrus	Hypothalamus_1->Pyramidal_layer_dentate_gyrus	21	3714.467041	3884.796143	0.1395008564
Hypothalamus_1	Pyramidal_layer_dentate_gyrus	Hypothalamus_1->Pyramidal_layer_dentate_gyrus	22	3884.796143	4055.125	0.2160337716
Hypothalamus_1	Pyramidal_layer_dentate_gyrus	Hypothalamus_1->Pyramidal_layer_dentate_gyrus	23	4055.125	4225.454102	0.3229207993
Hypothalamus_1	Striatum	Hypothalamus_1->Striatum	0	137.5572662	307.8862915	0
Hypothalamus_1	Striatum	Hypothalamus_1->Striatum	1	307.8862915	478.215332	0.00908370968
Hypothalamus_1	Striatum	Hypothalamus_1->Striatum	2	478.215332	648.5443726	0.06423987448
Hypothalamus_1	Striatum	Hypothalamus_1->Striatum	3	648.5443726	818.8734131	0.1341940016
Hypothalamus_1	Striatum	Hypothalamus_1->Striatum	4	818.8734131	989.2024536	0.2797774374
Hypothalamus_1	Striatum	Hypothalamus_1->Striatum	5	989.2024536	1159.531494	0.4292971194
Hypothalamus_1	Striatum	Hypothalamus_1->Striatum	6	1159.531494	1329.860474	0.6373094916
Hypothalamus_1	Striatum	Hypothalamus_1->Striatum	7	1329.860474	1500.189575	0.7724841833
Hypothalamus_1	Striatum	Hypothalamus_1->Striatum	8	1500.189575	1670.518555	0.9116588235
Hypothalamus_1	Striatum	Hypothalamus_1->Striatum	9	1670.518555	1840.847656	1.022065639
Hypothalamus_1	Striatum	Hypothalamus_1->Striatum	10	1840.847656	2011.176636	1.110090971
Hypothalamus_1	Striatum	Hypothalamus_1->Striatum	11	2011.176636	2181.505615	1.209401727
Hypothalamus_1	Striatum	Hypothalamus_1->Striatum	12	2181.505615	2351.834717	1.296223164
Hypothalamus_1	Striatum	Hypothalamus_1->Striatum	13	2351.834717	2522.163818	1.365957737
Hypothalamus_1	Striatum	Hypothalamus_1->Striatum	14	2522.163818	2692.492676	1.421978593
Hypothalamus_1	Striatum	Hypothalamus_1->Striatum	15	2692.492676	2862.821777	1.44316113
Hypothalamus_1	Striatum	Hypothalamus_1->Striatum	16	2862.821777	3033.150879	1.47918117
Hypothalamus_1	Striatum	Hypothalamus_1->Striatum	17	3033.150879	3203.47998	1.477746367
Hypothalamus_1	Striatum	Hypothalamus_1->Striatum	18	3203.47998	3373.808838	1.490208387
Hypothalamus_1	Striatum	Hypothalamus_1->Striatum	19	3373.808838	3544.137939	1.472800016
Hypothalamus_1	Striatum	Hypothalamus_1->Striatum	20	3544.137939	3714.467041	1.476762414
Hypothalamus_1	Striatum	Hypothalamus_1->Striatum	21	3714.467041	3884.796143	1.465330362
Hypothalamus_1	Striatum	Hypothalamus_1->Striatum	22	3884.796143	4055.125	1.452238798
Hypothalamus_1	Striatum	Hypothalamus_1->Striatum	23	4055.125	4225.454102	1.448264837
Hypothalamus_1	Thalamus_1	Hypothalamus_1->Thalamus_1	0	137.5572662	307.8862915	0
Hypothalamus_1	Thalamus_1	Hypothalamus_1->Thalamus_1	1	307.8862915	478.215332	0.002622048371
Hypothalamus_1	Thalamus_1	Hypothalamus_1->Thalamus_1	2	478.215332	648.5443726	0.02321507968
Hypothalamus_1	Thalamus_1	Hypothalamus_1->Thalamus_1	3	648.5443726	818.8734131	0.0487826243
Hypothalamus_1	Thalamus_1	Hypothalamus_1->Thalamus_1	4	818.8734131	989.2024536	0.1121641323
Hypothalamus_1	Thalamus_1	Hypothalamus_1->Thalamus_1	5	989.2024536	1159.531494	0.1825068891
Hypothalamus_1	Thalamus_1	Hypothalamus_1->Thalamus_1	6	1159.531494	1329.860474	0.2776007056
Hypothalamus_1	Thalamus_1	Hypothalamus_1->Thalamus_1	7	1329.860474	1500.189575	0.3836949468
Hypothalamus_1	Thalamus_1	Hypothalamus_1->Thalamus_1	8	1500.189575	1670.518555	0.4590539634
Hypothalamus_1	Thalamus_1	Hypothalamus_1->Thalamus_1	9	1670.518555	1840.847656	0.5789376497
Hypothalamus_1	Thalamus_1	Hypothalamus_1->Thalamus_1	10	1840.847656	2011.176636	0.6708007455
Hypothalamus_1	Thalamus_1	Hypothalamus_1->Thalamus_1	11	2011.176636	2181.505615	0.7731791139
Hypothalamus_1	Thalamus_1	Hypothalamus_1->Thalamus_1	12	2181.505615	2351.834717	0.8521837592
Hypothalamus_1	Thalamus_1	Hypothalamus_1->Thalamus_1	13	2351.834717	2522.163818	0.9370375872
Hypothalamus_1	Thalamus_1	Hypothalamus_1->Thalamus_1	14	2522.163818	2692.492676	1.023714185
Hypothalamus_1	Thalamus_1	Hypothalamus_1->Thalamus_1	15	2692.492676	2862.821777	1.093745232
Hypothalamus_1	Thalamus_1	Hypothalamus_1->Thalamus_1	16	2862.821777	3033.150879	1.160267472
Hypothalamus_1	Thalamus_1	Hypothalamus_1->Thalamus_1	17	3033.150879	3203.47998	1.21264112
Hypothalamus_1	Thalamus_1	Hypothalamus_1->Thalamus_1	18	3203.47998	3373.808838	1.260734677
Hypothalamus_1	Thalamus_1	Hypothalamus_1->Thalamus_1	19	3373.808838	3544.137939	1.309359074
Hypothalamus_1	Thalamus_1	Hypothalamus_1->Thalamus_1	20	3544.137939	3714.467041	1.336979151
Hypothalamus_1	Thalamus_1	Hypothalamus_1->Thalamus_1	21	3714.467041	3884.796143	1.364766359
Hypothalamus_1	Thalamus_1	Hypothalamus_1->Thalamus_1	22	3884.796143	4055.125	1.387776136
Hypothalamus_1	Thalamus_1	Hypothalamus_1->Thalamus_1	23	4055.125	4225.454102	1.394622922
Hypothalamus_1	Thalamus_2	Hypothalamus_1->Thalamus_2	0	137.5572662	307.8862915	0.4525021017
Hypothalamus_1	Thalamus_2	Hypothalamus_1->Thalamus_2	1	307.8862915	478.215332	0.5475199223
Hypothalamus_1	Thalamus_2	Hypothalamus_1->Thalamus_2	2	478.215332	648.5443726	0.7177601457
Hypothalamus_1	Thalamus_2	Hypothalamus_1->Thalamus_2	3	648.5443726	818.8734131	0.8333966732
Hypothalamus_1	Thalamus_2	Hypothalamus_1->Thalamus_2	4	818.8734131	989.2024536	1.024596214
Hypothalamus_1	Thalamus_2	Hypothalamus_1->Thalamus_2	5	989.2024536	1159.531494	1.190810919
Hypothalamus_1	Thalamus_2	Hypothalamus_1->Thalamus_2	6	1159.531494	1329.860474	1.387947321
Hypothalamus_1	Thalamus_2	Hypothalamus_1->Thalamus_2	7	1329.860474	1500.189575	1.566609025
Hypothalamus_1	Thalamus_2	Hypothalamus_1->Thalamus_2	8	1500.189575	1670.518555	1.719519377
Hypothalamus_1	Thalamus_2	Hypothalamus_1->Thalamus_2	9	1670.518555	1840.847656	1.908011675
Hypothalamus_1	Thalamus_2	Hypothalamus_1->Thalamus_2	10	1840.847656	2011.176636	2.028523207
Hypothalamus_1	Thalamus_2	Hypothalamus_1->Thalamus_2	11	2011.176636	2181.505615	2.122252464
Hypothalamus_1	Thalamus_2	Hypothalamus_1->Thalamus_2	12	2181.505615	2351.834717	2.167495728
Hypothalamus_1	Thalamus_2	Hypothalamus_1->Thalamus_2	13	2351.834717	2522.163818	2.209370613
Hypothalamus_1	Thalamus_2	Hypothalamus_1->Thalamus_2	14	2522.163818	2692.492676	2.242030144
Hypothalamus_1	Thalamus_2	Hypothalamus_1->Thalamus_2	15	2692.492676	2862.821777	2.258877993
Hypothalamus_1	Thalamus_2	Hypothalamus_1->Thalamus_2	16	2862.821777	3033.150879	2.276372671
Hypothalamus_1	Thalamus_2	Hypothalamus_1->Thalamus_2	17	3033.150879	3203.47998	2.272172928
Hypothalamus_1	Thalamus_2	Hypothalamus_1->Thalamus_2	18	3203.47998	3373.808838	2.262680769
Hypothalamus_1	Thalamus_2	Hypothalamus_1->Thalamus_2	19	3373.808838	3544.137939	2.238789082
Hypothalamus_1	Thalamus_2	Hypothalamus_1->Thalamus_2	20	3544.137939	3714.467041	2.19467473
Hypothalamus_1	Thalamus_2	Hypothalamus_1->Thalamus_2	21	3714.467041	3884.796143	2.147437096
Hypothalamus_1	Thalamus_2	Hypothalamus_1->Thalamus_2	22	3884.796143	4055.125	2.097016811
Hypothalamus_1	Thalamus_2	Hypothalamus_1->Thalamus_2	23	4055.125	4225.454102	2.018738508
Hypothalamus_2	Cortex_1	Hypothalamus_2->Cortex_1	0	137.5572662	307.8862915	0
Hypothalamus_2	Cortex_1	Hypothalamus_2->Cortex_1	1	307.8862915	478.215332	0
Hypothalamus_2	Cortex_1	Hypothalamus_2->Cortex_1	2	478.215332	648.5443726	0
Hypothalamus_2	Cortex_1	Hypothalamus_2->Cortex_1	3	648.5443726	818.8734131	0
Hypothalamus_2	Cortex_1	Hypothalamus_2->Cortex_1	4	818.8734131	989.2024536	0
Hypothalamus_2	Cortex_1	Hypothalamus_2->Cortex_1	5	989.2024536	1159.531494	0
Hypothalamus_2	Cortex_1	Hypothalamus_2->Cortex_1	6	1159.531494	1329.860474	0
Hypothalamus_2	Cortex_1	Hypothalamus_2->Cortex_1	7	1329.860474	1500.189575	0
Hypothalamus_2	Cortex_1	Hypothalamus_2->Cortex_1	8	1500.189575	1670.518555	0
Hypothalamus_2	Cortex_1	Hypothalamus_2->Cortex_1	9	1670.518555	1840.847656	0.001300481264
Hypothalamus_2	Cortex_1	Hypothalamus_2->Cortex_1	10	1840.847656	2011.176636	0.006421389058
Hypothalamus_2	Cortex_1	Hypothalamus_2->Cortex_1	11	2011.176636	2181.505615	0.03126518056
Hypothalamus_2	Cortex_1	Hypothalamus_2->Cortex_1	12	2181.505615	2351.834717	0.06950610876
Hypothalamus_2	Cortex_1	Hypothalamus_2->Cortex_1	13	2351.834717	2522.163818	0.1296931058
Hypothalamus_2	Cortex_1	Hypothalamus_2->Cortex_1	14	2522.163818	2692.492676	0.2010778487
Hypothalamus_2	Cortex_1	Hypothalamus_2->Cortex_1	15	2692.492676	2862.821777	0.2557642162
Hypothalamus_2	Cortex_1	Hypothalamus_2->Cortex_1	16	2862.821777	3033.150879	0.3067528307
Hypothalamus_2	Cortex_1	Hypothalamus_2->Cortex_1	17	3033.150879	3203.47998	0.3440044522
Hypothalamus_2	Cortex_1	Hypothalamus_2->Cortex_1	18	3203.47998	3373.808838	0.3822698593
Hypothalamus_2	Cortex_1	Hypothalamus_2->Cortex_1	19	3373.808838	3544.137939	0.420425415
Hypothalamus_2	Cortex_1	Hypothalamus_2->Cortex_1	20	3544.137939	3714.467041	0.4560730159
Hypothalamus_2	Cortex_1	Hypothalamus_2->Cortex_1	21	3714.467041	3884.796143	0.494483918
Hypothalamus_2	Cortex_1	Hypothalamus_2->Cortex_1	22	3884.796143	4055.125	0.5305568576
Hypothalamus_2	Cortex_1	Hypothalamus_2->Cortex_1	23	4055.125	4225.454102	0.5790112019
Hypothalamus_2	Cortex_2	Hypothalamus_2->Cortex_2	0	137.5572662	307.8862915	0
Hypothalamus_2	Cortex_2	Hypothalamus_2->Cortex_2	1	307.8862915	478.215332	0
Hypothalamus_2	Cortex_2	Hypothalamus_2->Cortex_2	2	478.215332	648.5443726	0
Hypothalamus_2	Cortex_2	Hypothalamus_2->Cortex_2	3	648.5443726	818.8734131	0
Hypothalamus_2	Cortex_2	Hypothalamus_2->Cortex_2	4	818.8734131	989.2024536	0.001756268903
Hypothalamus_2	Cortex_2	Hypothalamus_2->Cortex_2	5	989.2024536	1159.531494	0.01116293669
Hypothalamus_2	Cortex_2	Hypothalamus_2->Cortex_2	6	1159.531494	1329.860474	0.06101573259
Hypothalamus_2	Cortex_2	Hypothalamus_2->Cortex_2	7	1329.860474	1500.189575	0.1436628699
Hypothalamus_2	Cortex_2	Hypothalamus_2->Cortex_2	8	1500.189575	1670.518555	0.2735204995
Hypothalamus_2	Cortex_2	Hypothalamus_2->Cortex_2	9	1670.518555	1840.847656	0.4511940479
Hypothalamus_2	Cortex_2	Hypothalamus_2->Cortex_2	10	1840.847656	2011.176636	0.6174970865
Hypothalamus_2	Cortex_2	Hypothalamus_2->Cortex_2	11	2011.176636	2181.505615	0.7893251181
Hypothalamus_2	Cortex_2	Hypothalamus_2->Cortex_2	12	2181.505615	2351.834717	0.9342227578
Hypothalamus_2	Cortex_2	Hypothalamus_2->Cortex_2	13	2351.834717	2522.163818	1.058828354
Hypothalamus_2	Cortex_2	Hypothalamus_2->Cortex_2	14	2522.163818	2692.492676	1.168995857
Hypothalamus_2	Cortex_2	Hypothalamus_2->Cortex_2	15	2692.492676	2862.821777	1.241083503
Hypothalamus_2	Cortex_2	Hypothalamus_2->Cortex_2	16	2862.821777	3033.150879	1.308798432
Hypothalamus_2	Cortex_2	Hypothalamus_2->Cortex_2	17	3033.150879	3203.47998	1.346680999
Hypothalamus_2	Cortex_2	Hypothalamus_2->Cortex_2	18	3203.47998	3373.808838	1.358854771
Hypothalamus_2	Cortex_2	Hypothalamus_2->Cortex_2	19	3373.808838	3544.137939	1.356774926
Hypothalamus_2	Cortex_2	Hypothalamus_2->Cortex_2	20	3544.137939	3714.467041	1.339688778
Hypothalamus_2	Cortex_2	Hypothalamus_2->Cortex_2	21	3714.467041	3884.796143	1.318996787
Hypothalamus_2	Cortex_2	Hypothalamus_2->Cortex_2	22	3884.796143	4055.125	1.295629859
Hypothalamus_2	Cortex_2	Hypothalamus_2->Cortex_2	23	4055.125	4225.454102	1.264907002
Hypothalamus_2	Cortex_3	Hypothalamus_2->Cortex_3	0	137.5572662	307.8862915	0
Hypothalamus_2	Cortex_3	Hypothalamus_2->Cortex_3	1	307.8862915	478.215332	0
Hypothalamus_2	Cortex_3	Hypothalamus_2->Cortex_3	2	478.215332	648.5443726	0
Hypothalamus_2	Cortex_3	Hypothalamus_2->Cortex_3	3	648.5443726	818.8734131	0
Hypothalamus_2	Cortex_3	Hypothalamus_2->Cortex_3	4	818.8734131	989.2024536	0
Hypothalamus_2	Cortex_3	Hypothalamus_2->Cortex_3	5	989.2024536	1159.531494	0
Hypothalamus_2	Cortex_3	Hypothalamus_2->Cortex_3	6	1159.531494	1329.860474	0.0006575031439
Hypothalamus_2	Cortex_3	Hypothalamus_2->Cortex_3	7	1329.860474	1500.189575	0.007623484358
Hypothalamus_2	Cortex_3	Hypothalamus_2->Cortex_3	8	1500.189575	1670.518555	0.04114164412
Hypothalamus_2	Cortex_3	Hypothalamus_2->Cortex_3	9	1670.518555	1840.847656	0.1063237637
Hypothalamus_2	Cortex_3	Hypothalamus_2->Cortex_3	10	1840.847656	2011.176636	0.1953098178
Hypothalamus_2	Cortex_3	Hypothalamus_2->Cortex_3	11	2011.176636	2181.505615	0.2944572568
Hypothalamus_2	Cortex_3	Hypothalamus_2->Cortex_3	12	2181.505615	2351.834717	0.3830116689
Hypothalamus_2	Cortex_3	Hypothalamus_2->Cortex_3	13	2351.834717	2522.163818	0.4533580244
Hypothalamus_2	Cortex_3	Hypothalamus_2->Cortex_3	14	2522.163818	2692.492676	0.5066887736
Hypothalamus_2	Cortex_3	Hypothalamus_2->Cortex_3	15	2692.492676	2862.821777	0.5410791039
Hypothalamus_2	Cortex_3	Hypothalamus_2->Cortex_3	16	2862.821777	3033.150879	0.5742021799
Hypothalamus_2	Cortex_3	Hypothalamus_2->Cortex_3	17	3033.150879	3203.47998	0.6029274464
Hypothalamus_2	Cortex_3	Hypothalamus_2->Cortex_3	18	3203.47998	3373.808838	0.6396965981
Hypothalamus_2	Cortex_3	Hypothalamus_2->Cortex_3	19	3373.808838	3544.137939	0.6760718226
Hypothalamus_2	Cortex_3	Hypothalamus_2->Cortex_3	20	3544.137939	3714.467041	0.716776669
Hypothalamus_2	Cortex_3	Hypothalamus_2->Cortex_3	21	3714.467041	3884.796143	0.757992208
Hypothalamus_2	Cortex_3	Hypothalamus_2->Cortex_3	22	3884.796143	4055.125	0.7934658527
Hypothalamus_2	Cortex_3	Hypothalamus_2->Cortex_3	23	4055.125	4225.454102	0.8383094668
Hypothalamus_2	Cortex_4	Hypothalamus_2->Cortex_4	0	137.5572662	307.8862915	0
Hypothalamus_2	Cortex_4	Hypothalamus_2->Cortex_4	1	307.8862915	478.215332	0
Hypothalamus_2	Cortex_4	Hypothalamus_2->Cortex_4	2	478.215332	648.5443726	0
Hypothalamus_2	Cortex_4	Hypothalamus_2->Cortex_4	3	648.5443726	818.8734131	0
Hypothalamus_2	Cortex_4	Hypothalamus_2->Cortex_4	4	818.8734131	989.2024536	0
Hypothalamus_2	Cortex_4	Hypothalamus_2->Cortex_4	5	989.2024536	1159.531494	0
Hypothalamus_2	Cortex_4	Hypothalamus_2->Cortex_4	6	1159.531494	1329.860474	0
Hypothalamus_2	Cortex_4	Hypothalamus_2->Cortex_4	7	1329.860474	1500.189575	0
Hypothalamus_2	Cortex_4	Hypothalamus_2->Cortex_4	8	1500.189575	1670.518555	0
Hypothalamus_2	Cortex_4	Hypothalamus_2->Cortex_4	9	1670.518555	1840.847656	0
Hypothalamus_2	Cortex_4	Hypothalamus_2->Cortex_4	10	1840.847656	2011.176636	0
Hypothalamus_2	Cortex_4	Hypothalamus_2->Cortex_4	11	2011.176636	2181.505615	0
Hypothalamus_2	Cortex_4	Hypothalamus_2->Cortex_4	12	2181.505615	2351.834717	0
Hypothalamus_2	Cortex_4	Hypothalamus_2->Cortex_4	13	2351.834717	2522.163818	0.001257023308
Hypothalamus_2	Cortex_4	Hypothalamus_2->Cortex_4	14	2522.163818	2692.492676	0.02907040901
Hypothalamus_2	Cortex_4	Hypothalamus_2->Cortex_4	15	2692.492676	2862.821777	0.09139691293
Hypothalamus_2	Cortex_4	Hypothalamus_2->Cortex_4	16	2862.821777	3033.150879	0.1679232419
Hypothalamus_2	Cortex_4	Hypothalamus_2->Cortex_4	17	3033.150879	3203.47998	0.2247403115
Hypothalamus_2	Cortex_4	Hypothalamus_2->Cortex_4	18	3203.47998	3373.808838	0.2792176306
Hypothalamus_2	Cortex_4	Hypothalamus_2->Cortex_4	19	3373.808838	3544.137939	0.3265002072
Hypothalamus_2	Cortex_4	Hypothalamus_2->Cortex_4	20	3544.137939	3714.467041	0.3739173412
Hypothalamus_2	Cortex_4	Hypothalamus_2->Cortex_4	21	3714.467041	3884.796143	0.4233041704
Hypothalamus_2	Cortex_4	Hypothalamus_2->Cortex_4	22	3884.796143	4055.125	0.4663034379
Hypothalamus_2	Cortex_4	Hypothalamus_2->Cortex_4	23	4055.125	4225.454102	0.5200608373
Hypothalamus_2	Cortex_5	Hypothalamus_2->Cortex_5	0	137.5572662	307.8862915	0
Hypothalamus_2	Cortex_5	Hypothalamus_2->Cortex_5	1	307.8862915	478.215332	0
Hypothalamus_2	Cortex_5	Hypothalamus_2->Cortex_5	2	478.215332	648.5443726	0.002744494006
Hypothalamus_2	Cortex_5	Hypothalamus_2->Cortex_5	3	648.5443726	818.8734131	0.003904552199
Hypothalamus_2	Cortex_5	Hypothalamus_2->Cortex_5	4	818.8734131	989.2024536	0.006422101986
Hypothalamus_2	Cortex_5	Hypothalamus_2->Cortex_5	5	989.2024536	1159.531494	0.00575430179
Hypothalamus_2	Cortex_5	Hypothalamus_2->Cortex_5	6	1159.531494	1329.860474	0.006397665478
Hypothalamus_2	Cortex_5	Hypothalamus_2->Cortex_5	7	1329.860474	1500.189575	0.009113909677
Hypothalamus_2	Cortex_5	Hypothalamus_2->Cortex_5	8	1500.189575	1670.518555	0.01039875858
Hypothalamus_2	Cortex_5	Hypothalamus_2->Cortex_5	9	1670.518555	1840.847656	0.01307815965
Hypothalamus_2	Cortex_5	Hypothalamus_2->Cortex_5	10	1840.847656	2011.176636	0.01830693521
Hypothalamus_2	Cortex_5	Hypothalamus_2->Cortex_5	11	2011.176636	2181.505615	0.03587805107
Hypothalamus_2	Cortex_5	Hypothalamus_2->Cortex_5	12	2181.505615	2351.834717	0.0697401762
Hypothalamus_2	Cortex_5	Hypothalamus_2->Cortex_5	13	2351.834717	2522.163818	0.1311193854
Hypothalamus_2	Cortex_5	Hypothalamus_2->Cortex_5	14	2522.163818	2692.492676	0.2166315168
Hypothalamus_2	Cortex_5	Hypothalamus_2->Cortex_5	15	2692.492676	2862.821777	0.3115577698
Hypothalamus_2	Cortex_5	Hypothalamus_2->Cortex_5	16	2862.821777	3033.150879	0.4295001924
Hypothalamus_2	Cortex_5	Hypothalamus_2->Cortex_5	17	3033.150879	3203.47998	0.5304193497
Hypothalamus_2	Cortex_5	Hypothalamus_2->Cortex_5	18	3203.47998	3373.808838	0.6208601594
Hypothalamus_2	Cortex_5	Hypothalamus_2->Cortex_5	19	3373.808838	3544.137939	0.6836889982
Hypothalamus_2	Cortex_5	Hypothalamus_2->Cortex_5	20	3544.137939	3714.467041	0.7249926925
Hypothalamus_2	Cortex_5	Hypothalamus_2->Cortex_5	21	3714.467041	3884.796143	0.7634999752
Hypothalamus_2	Cortex_5	Hypothalamus_2->Cortex_5	22	3884.796143	4055.125	0.7891070843
Hypothalamus_2	Cortex_5	Hypothalamus_2->Cortex_5	23	4055.125	4225.454102	0.816678226
Hypothalamus_2	Fiber_tract	Hypothalamus_2->Fiber_tract	0	137.5572662	307.8862915	1.670001745
Hypothalamus_2	Fiber_tract	Hypothalamus_2->Fiber_tract	1	307.8862915	478.215332	2.048838377
Hypothalamus_2	Fiber_tract	Hypothalamus_2->Fiber_tract	2	478.215332	648.5443726	2.313335419
Hypothalamus_2	Fiber_tract	Hypothalamus_2->Fiber_tract	3	648.5443726	818.8734131	2.352599859
Hypothalamus_2	Fiber_tract	Hypothalamus_2->Fiber_tract	4	818.8734131	989.2024536	2.263715029
Hypothalamus_2	Fiber_tract	Hypothalamus_2->Fiber_tract	5	989.2024536	1159.531494	2.113236904
Hypothalamus_2	Fiber_tract	Hypothalamus_2->Fiber_tract	6	1159.531494	1329.860474	1.913699269
Hypothalamus_2	Fiber_tract	Hypothalamus_2->Fiber_tract	7	1329.860474	1500.189575	1.755729198
Hypothalamus_2	Fiber_tract	Hypothalamus_2->Fiber_tract	8	1500.189575	1670.518555	1.61354816
Hypothalamus_2	Fiber_tract	Hypothalamus_2->Fiber_tract	9	1670.518555	1840.847656	1.471511126
Hypothalamus_2	Fiber_tract	Hypothalamus_2->Fiber_tract	10	1840.847656	2011.176636	1.368046641
Hypothalamus_2	Fiber_tract	Hypothalamus_2->Fiber_tract	11	2011.176636	2181.505615	1.273599505
Hypothalamus_2	Fiber_tract	Hypothalamus_2->Fiber_tract	12	2181.505615	2351.834717	1.201187611
Hypothalamus_2	Fiber_tract	Hypothalamus_2->Fiber_tract	13	2351.834717	2522.163818	1.136615992
Hypothalamus_2	Fiber_tract	Hypothalamus_2->Fiber_tract	14	2522.163818	2692.492676	1.07960093
Hypothalamus_2	Fiber_tract	Hypothalamus_2->Fiber_tract	15	2692.492676	2862.821777	1.032986403
Hypothalamus_2	Fiber_tract	Hypothalamus_2->Fiber_tract	16	2862.821777	3033.150879	0.9922804236
Hypothalamus_2	Fiber_tract	Hypothalamus_2->Fiber_tract	17	3033.150879	3203.47998	0.9630639553
Hypothalamus_2	Fiber_tract	Hypothalamus_2->Fiber_tract	18	3203.47998	3373.808838	0.9428561926
Hypothalamus_2	Fiber_tract	Hypothalamus_2->Fiber_tract	19	3373.808838	3544.137939	0.9327634573
Hypothalamus_2	Fiber_tract	Hypothalamus_2->Fiber_tract	20	3544.137939	3714.467041	0.9359515309
Hypothalamus_2	Fiber_tract	Hypothalamus_2->Fiber_tract	21	3714.467041	3884.796143	0.9472019672
Hypothalamus_2	Fiber_tract	Hypothalamus_2->Fiber_tract	22	3884.796143	4055.125	0.9661279321
Hypothalamus_2	Fiber_tract	Hypothalamus_2->Fiber_tract	23	4055.125	4225.454102	0.9836015105
Hypothalamus_2	Hippocampus	Hypothalamus_2->Hippocampus	0	137.5572662	307.8862915	0.1742176712
Hypothalamus_2	Hippocampus	Hypothalamus_2->Hippocampus	1	307.8862915	478.215332	0.1811550111
Hypothalamus_2	Hippocampus	Hypothalamus_2->Hippocampus	2	478.215332	648.5443726	0.2183545679
Hypothalamus_2	Hippocampus	Hypothalamus_2->Hippocampus	3	648.5443726	818.8734131	0.261536032
Hypothalamus_2	Hippocampus	Hypothalamus_2->Hippocampus	4	818.8734131	989.2024536	0.2993298173
Hypothalamus_2	Hippocampus	Hypothalamus_2->Hippocampus	5	989.2024536	1159.531494	0.3328744173
Hypothalamus_2	Hippocampus	Hypothalamus_2->Hippocampus	6	1159.531494	1329.860474	0.3569281399
Hypothalamus_2	Hippocampus	Hypothalamus_2->Hippocampus	7	1329.860474	1500.189575	0.376200676
Hypothalamus_2	Hippocampus	Hypothalamus_2->Hippocampus	8	1500.189575	1670.518555	0.3825431466
Hypothalamus_2	Hippocampus	Hypothalamus_2->Hippocampus	9	1670.518555	1840.847656	0.3984023929
Hypothalamus_2	Hippocampus	Hypothalamus_2->Hippocampus	10	1840.847656	2011.176636	0.4082067311
Hypothalamus_2	Hippocampus	Hypothalamus_2->Hippocampus	11	2011.176636	2181.505615	0.4253114462
Hypothalamus_2	Hippocampus	Hypothalamus_2->Hippocampus	12	2181.505615	2351.834717	0.4416835308
Hypothalamus_2	Hippocampus	Hypothalamus_2->Hippocampus	13	2351.834717	2522.163818	0.4671923816
Hypothalamus_2	Hippocampus	Hypothalamus_2->Hippocampus	14	2522.163818	2692.492676	0.5013090372
Hypothalamus_2	Hippocampus	Hypothalamus_2->Hippocampus	15	2692.492676	2862.821777	0.5411623716
Hypothalamus_2	Hippocampus	Hypothalamus_2->Hippocampus	16	2862.821777	3033.150879	0.5908787847
Hypothalamus_2	Hippocampus	Hypothalamus_2->Hippocampus	17	3033.150879	3203.47998	0.6451903582
Hypothalamus_2	Hippocampus	Hypothalamus_2->Hippocampus	18	3203.47998	3373.808838	0.7063238025
Hypothalamus_2	Hippocampus	Hypothalamus_2->Hippocampus	19	3373.808838	3544.137939	0.7749240398
Hypothalamus_2	Hippocampus	Hypothalamus_2->Hippocampus	20	3544.137939	3714.467041	0.8294982314
Hypothalamus_2	Hippocampus	Hypothalamus_2->Hippocampus	21	3714.467041	3884.796143	0.8837906718
Hypothalamus_2	Hippocampus	Hypothalamus_2->Hippocampus	22	3884.796143	4055.125	0.9218353033
Hypothalamus_2	Hippocampus	Hypothalamus_2->Hippocampus	23	4055.125	4225.454102	0.9556933045
Hypothalamus_2	Hypothalamus_1	Hypothalamus_2->Hypothalamus_1	0	137.5572662	307.8862915	0.6733513474
Hypothalamus_2	Hypothalamus_1	Hypothalamus_2->Hypothalamus_1	1	307.8862915	478.215332	0.8879423738
Hypothalamus_2	Hypothalamus_1	Hypothalamus_2->Hypothalamus_1	2	478.215332	648.5443726	1.190765381
Hypothalamus_2	Hypothalamus_1	Hypothalamus_2->Hypothalamus_1	3	648.5443726	818.8734131	1.318369985
Hypothalamus_2	Hypothalamus_1	Hypothalamus_2->Hypothalamus_1	4	818.8734131	989.2024536	1.463992715
Hypothalamus_2	Hypothalamus_1	Hypothalamus_2->Hypothalamus_1	5	989.2024536	1159.531494	1.561139226
Hypothalamus_2	Hypothalamus_1	Hypothalamus_2->Hypothalamus_1	6	1159.531494	1329.860474	1.632582664
Hypothalamus_2	Hypothalamus_1	Hypothalamus_2->Hypothalamus_1	7	1329.860474	1500.189575	1.710184574
Hypothalamus_2	Hypothalamus_1	Hypothalamus_2->Hypothalamus_1	8	1500.189575	1670.518555	1.74659276
Hypothalamus_2	Hypothalamus_1	Hypothalamus_2->Hypothalamus_1	9	1670.518555	1840.847656	1.80629611
Hypothalamus_2	Hypothalamus_1	Hypothalamus_2->Hypothalamus_1	10	1840.847656	2011.176636	1.848135948
Hypothalamus_2	Hypothalamus_1	Hypothalamus_2->Hypothalamus_1	11	2011.176636	2181.505615	1.86165607
Hypothalamus_2	Hypothalamus_1	Hypothalamus_2->Hypothalamus_1	12	2181.505615	2351.834717	1.862871408
Hypothalamus_2	Hypothalamus_1	Hypothalamus_2->Hypothalamus_1	13	2351.834717	2522.163818	1.859570622
Hypothalamus_2	Hypothalamus_1	Hypothalamus_2->Hypothalamus_1	14	2522.163818	2692.492676	1.824676037
Hypothalamus_2	Hypothalamus_1	Hypothalamus_2->Hypothalamus_1	15	2692.492676	2862.821777	1.812293887
Hypothalamus_2	Hypothalamus_1	Hypothalamus_2->Hypothalamus_1	16	2862.821777	3033.150879	1.761405468
Hypothalamus_2	Hypothalamus_1	Hypothalamus_2->Hypothalamus_1	17	3033.150879	3203.47998	1.741714954
Hypothalamus_2	Hypothalamus_1	Hypothalamus_2->Hypothalamus_1	18	3203.47998	3373.808838	1.710633039
Hypothalamus_2	Hypothalamus_1	Hypothalamus_2->Hypothalamus_1	19	3373.808838	3544.137939	1.695510149
Hypothalamus_2	Hypothalamus_1	Hypothalamus_2->Hypothalamus_1	20	3544.137939	3714.467041	1.67844224
Hypothalamus_2	Hypothalamus_1	Hypothalamus_2->Hypothalamus_1	21	3714.467041	3884.796143	1.658789158
Hypothalamus_2	Hypothalamus_1	Hypothalamus_2->Hypothalamus_1	22	3884.796143	4055.125	1.642692327
Hypothalamus_2	Hypothalamus_1	Hypothalamus_2->Hypothalamus_1	23	4055.125	4225.454102	1.614990711
Hypothalamus_2	Hypothalamus_2	Hypothalamus_2->Hypothalamus_2	0	137.5572662	307.8862915	11.7377224
Hypothalamus_2	Hypothalamus_2	Hypothalamus_2->Hypothalamus_2	1	307.8862915	478.215332	9.693408966
Hypothalamus_2	Hypothalamus_2	Hypothalamus_2->Hypothalamus_2	2	478.215332	648.5443726	7.420158386
Hypothalamus_2	Hypothalamus_2	Hypothalamus_2->Hypothalamus_2	3	648.5443726	818.8734131	6.27460289
Hypothalamus_2	Hypothalamus_2	Hypothalamus_2->Hypothalamus_2	4	818.8734131	989.2024536	4.962030411
Hypothalamus_2	Hypothalamus_2	Hypothalamus_2->Hypothalamus_2	5	989.2024536	1159.531494	4.149795532
Hypothalamus_2	Hypothalamus_2	Hypothalamus_2->Hypothalamus_2	6	1159.531494	1329.860474	3.453935862
Hypothalamus_2	Hypothalamus_2	Hypothalamus_2->Hypothalamus_2	7	1329.860474	1500.189575	2.986219406
Hypothalamus_2	Hypothalamus_2	Hypothalamus_2->Hypothalamus_2	8	1500.189575	1670.518555	2.647610188
Hypothalamus_2	Hypothalamus_2	Hypothalamus_2->Hypothalamus_2	9	1670.518555	1840.847656	2.327869892
Hypothalamus_2	Hypothalamus_2	Hypothalamus_2->Hypothalamus_2	10	1840.847656	2011.176636	2.098890066
Hypothalamus_2	Hypothalamus_2	Hypothalamus_2->Hypothalamus_2	11	2011.176636	2181.505615	1.902282596
Hypothalamus_2	Hypothalamus_2	Hypothalamus_2->Hypothalamus_2	12	2181.505615	2351.834717	1.760875106
Hypothalamus_2	Hypothalamus_2	Hypothalamus_2->Hypothalamus_2	13	2351.834717	2522.163818	1.647805452
Hypothalamus_2	Hypothalamus_2	Hypothalamus_2->Hypothalamus_2	14	2522.163818	2692.492676	1.539506555
Hypothalamus_2	Hypothalamus_2	Hypothalamus_2->Hypothalamus_2	15	2692.492676	2862.821777	1.44995296
Hypothalamus_2	Hypothalamus_2	Hypothalamus_2->Hypothalamus_2	16	2862.821777	3033.150879	1.360165715
Hypothalamus_2	Hypothalamus_2	Hypothalamus_2->Hypothalamus_2	17	3033.150879	3203.47998	1.292481303
Hypothalamus_2	Hypothalamus_2	Hypothalamus_2->Hypothalamus_2	18	3203.47998	3373.808838	1.230661273
Hypothalamus_2	Hypothalamus_2	Hypothalamus_2->Hypothalamus_2	19	3373.808838	3544.137939	1.180865526
Hypothalamus_2	Hypothalamus_2	Hypothalamus_2->Hypothalamus_2	20	3544.137939	3714.467041	1.142179966
Hypothalamus_2	Hypothalamus_2	Hypothalamus_2->Hypothalamus_2	21	3714.467041	3884.796143	1.103646994
Hypothalamus_2	Hypothalamus_2	Hypothalamus_2->Hypothalamus_2	22	3884.796143	4055.125	1.073603511
Hypothalamus_2	Hypothalamus_2	Hypothalamus_2->Hypothalamus_2	23	4055.125	4225.454102	1.043177962
Hypothalamus_2	Lateral_ventricle	Hypothalamus_2->Lateral_ventricle	0	137.5572662	307.8862915	0.1852092743
Hypothalamus_2	Lateral_ventricle	Hypothalamus_2->Lateral_ventricle	1	307.8862915	478.215332	0.2790673077
Hypothalamus_2	Lateral_ventricle	Hypothalamus_2->Lateral_ventricle	2	478.215332	648.5443726	0.5432884693
Hypothalamus_2	Lateral_ventricle	Hypothalamus_2->Lateral_ventricle	3	648.5443726	818.8734131	0.7653642297
Hypothalamus_2	Lateral_ventricle	Hypothalamus_2->Lateral_ventricle	4	818.8734131	989.2024536	1.080237865
Hypothalamus_2	Lateral_ventricle	Hypothalamus_2->Lateral_ventricle	5	989.2024536	1159.531494	1.232996821
Hypothalamus_2	Lateral_ventricle	Hypothalamus_2->Lateral_ventricle	6	1159.531494	1329.860474	1.314909697
Hypothalamus_2	Lateral_ventricle	Hypothalamus_2->Lateral_ventricle	7	1329.860474	1500.189575	1.31085062
Hypothalamus_2	Lateral_ventricle	Hypothalamus_2->Lateral_ventricle	8	1500.189575	1670.518555	1.276144385
Hypothalamus_2	Lateral_ventricle	Hypothalamus_2->Lateral_ventricle	9	1670.518555	1840.847656	1.24304986
Hypothalamus_2	Lateral_ventricle	Hypothalamus_2->Lateral_ventricle	10	1840.847656	2011.176636	1.189846277
Hypothalamus_2	Lateral_ventricle	Hypothalamus_2->Lateral_ventricle	11	2011.176636	2181.505615	1.152477145
Hypothalamus_2	Lateral_ventricle	Hypothalamus_2->Lateral_ventricle	12	2181.505615	2351.834717	1.122738004
Hypothalamus_2	Lateral_ventricle	Hypothalamus_2->Lateral_ventricle	13	2351.834717	2522.163818	1.112795234
Hypothalamus_2	Lateral_ventricle	Hypothalamus_2->Lateral_ventricle	14	2522.163818	2692.492676	1.109888673
Hypothalamus_2	Lateral_ventricle	Hypothalamus_2->Lateral_ventricle	15	2692.492676	2862.821777	1.12339294
Hypothalamus_2	Lateral_ventricle	Hypothalamus_2->Lateral_ventricle	16	2862.821777	3033.150879	1.150359511
Hypothalamus_2	Lateral_ventricle	Hypothalamus_2->Lateral_ventricle	17	3033.150879	3203.47998	1.166744947
Hypothalamus_2	Lateral_ventricle	Hypothalamus_2->Lateral_ventricle	18	3203.47998	3373.808838	1.191357255
Hypothalamus_2	Lateral_ventricle	Hypothalamus_2->Lateral_ventricle	19	3373.808838	3544.137939	1.193409681
Hypothalamus_2	Lateral_ventricle	Hypothalamus_2->Lateral_ventricle	20	3544.137939	3714.467041	1.184063315
Hypothalamus_2	Lateral_ventricle	Hypothalamus_2->Lateral_ventricle	21	3714.467041	3884.796143	1.163353205
Hypothalamus_2	Lateral_ventricle	Hypothalamus_2->Lateral_ventricle	22	3884.796143	4055.125	1.142116189
Hypothalamus_2	Lateral_ventricle	Hypothalamus_2->Lateral_ventricle	23	4055.125	4225.454102	1.119214416
Hypothalamus_2	Pyramidal_layer	Hypothalamus_2->Pyramidal_layer	0	137.5572662	307.8862915	0
Hypothalamus_2	Pyramidal_layer	Hypothalamus_2->Pyramidal_layer	1	307.8862915	478.215332	0
Hypothalamus_2	Pyramidal_layer	Hypothalamus_2->Pyramidal_layer	2	478.215332	648.5443726	0
Hypothalamus_2	Pyramidal_layer	Hypothalamus_2->Pyramidal_layer	3	648.5443726	818.8734131	0
Hypothalamus_2	Pyramidal_layer	Hypothalamus_2->Pyramidal_layer	4	818.8734131	989.2024536	0.04746837914
Hypothalamus_2	Pyramidal_layer	Hypothalamus_2->Pyramidal_layer	5	989.2024536	1159.531494	0.0937692374
Hypothalamus_2	Pyramidal_layer	Hypothalamus_2->Pyramidal_layer	6	1159.531494	1329.860474	0.1355059892
Hypothalamus_2	Pyramidal_layer	Hypothalamus_2->Pyramidal_layer	7	1329.860474	1500.189575	0.1765795052
Hypothalamus_2	Pyramidal_layer	Hypothalamus_2->Pyramidal_layer	8	1500.189575	1670.518555	0.1890528202
Hypothalamus_2	Pyramidal_layer	Hypothalamus_2->Pyramidal_layer	9	1670.518555	1840.847656	0.2051276267
Hypothalamus_2	Pyramidal_layer	Hypothalamus_2->Pyramidal_layer	10	1840.847656	2011.176636	0.216412738
Hypothalamus_2	Pyramidal_layer	Hypothalamus_2->Pyramidal_layer	11	2011.176636	2181.505615	0.2348866463
Hypothalamus_2	Pyramidal_layer	Hypothalamus_2->Pyramidal_layer	12	2181.505615	2351.834717	0.2471277565
Hypothalamus_2	Pyramidal_layer	Hypothalamus_2->Pyramidal_layer	13	2351.834717	2522.163818	0.2741098702
Hypothalamus_2	Pyramidal_layer	Hypothalamus_2->Pyramidal_layer	14	2522.163818	2692.492676	0.312757194
Hypothalamus_2	Pyramidal_layer	Hypothalamus_2->Pyramidal_layer	15	2692.492676	2862.821777	0.354831636
Hypothalamus_2	Pyramidal_layer	Hypothalamus_2->Pyramidal_layer	16	2862.821777	3033.150879	0.414906919
Hypothalamus_2	Pyramidal_layer	Hypothalamus_2->Pyramidal_layer	17	3033.150879	3203.47998	0.4838062823
Hypothalamus_2	Pyramidal_layer	Hypothalamus_2->Pyramidal_layer	18	3203.47998	3373.808838	0.5866501331
Hypothalamus_2	Pyramidal_layer	Hypothalamus_2->Pyramidal_layer	19	3373.808838	3544.137939	0.7003685832
Hypothalamus_2	Pyramidal_layer	Hypothalamus_2->Pyramidal_layer	20	3544.137939	3714.467041	0.793559134
Hypothalamus_2	Pyramidal_layer	Hypothalamus_2->Pyramidal_layer	21	3714.467041	3884.796143	0.8860800266
Hypothalamus_2	Pyramidal_layer	Hypothalamus_2->Pyramidal_layer	22	3884.796143	4055.125	0.9506286383
Hypothalamus_2	Pyramidal_layer	Hypothalamus_2->Pyramidal_layer	23	4055.125	4225.454102	1.016654611
Hypothalamus_2	Pyramidal_layer_dentate_gyrus	Hypothalamus_2->Pyramidal_layer_dentate_gyrus	0	137.5572662	307.8862915	0.6328490376
Hypothalamus_2	Pyramidal_layer_dentate_gyrus	Hypothalamus_2->Pyramidal_layer_dentate_gyrus	1	307.8862915	478.215332	0.6813010573
Hypothalamus_2	Pyramidal_layer_dentate_gyrus	Hypothalamus_2->Pyramidal_layer_dentate_gyrus	2	478.215332	648.5443726	0.7176471949
Hypothalamus_2	Pyramidal_layer_dentate_gyrus	Hypothalamus_2->Pyramidal_layer_dentate_gyrus	3	648.5443726	818.8734131	0.6934429407
Hypothalamus_2	Pyramidal_layer_dentate_gyrus	Hypothalamus_2->Pyramidal_layer_dentate_gyrus	4	818.8734131	989.2024536	0.6959381104
Hypothalamus_2	Pyramidal_layer_dentate_gyrus	Hypothalamus_2->Pyramidal_layer_dentate_gyrus	5	989.2024536	1159.531494	0.6907485127
Hypothalamus_2	Pyramidal_layer_dentate_gyrus	Hypothalamus_2->Pyramidal_layer_dentate_gyrus	6	1159.531494	1329.860474	0.6706266403
Hypothalamus_2	Pyramidal_layer_dentate_gyrus	Hypothalamus_2->Pyramidal_layer_dentate_gyrus	7	1329.860474	1500.189575	0.6831707954
Hypothalamus_2	Pyramidal_layer_dentate_gyrus	Hypothalamus_2->Pyramidal_layer_dentate_gyrus	8	1500.189575	1670.518555	0.6846690774
Hypothalamus_2	Pyramidal_layer_dentate_gyrus	Hypothalamus_2->Pyramidal_layer_dentate_gyrus	9	1670.518555	1840.847656	0.6942677498
Hypothalamus_2	Pyramidal_layer_dentate_gyrus	Hypothalamus_2->Pyramidal_layer_dentate_gyrus	10	1840.847656	2011.176636	0.7048276663
Hypothalamus_2	Pyramidal_layer_dentate_gyrus	Hypothalamus_2->Pyramidal_layer_dentate_gyrus	11	2011.176636	2181.505615	0.7037209868
Hypothalamus_2	Pyramidal_layer_dentate_gyrus	Hypothalamus_2->Pyramidal_layer_dentate_gyrus	12	2181.505615	2351.834717	0.7098288536
Hypothalamus_2	Pyramidal_layer_dentate_gyrus	Hypothalamus_2->Pyramidal_layer_dentate_gyrus	13	2351.834717	2522.163818	0.7238154411
Hypothalamus_2	Pyramidal_layer_dentate_gyrus	Hypothalamus_2->Pyramidal_layer_dentate_gyrus	14	2522.163818	2692.492676	0.7437475324
Hypothalamus_2	Pyramidal_layer_dentate_gyrus	Hypothalamus_2->Pyramidal_layer_dentate_gyrus	15	2692.492676	2862.821777	0.781332016
Hypothalamus_2	Pyramidal_layer_dentate_gyrus	Hypothalamus_2->Pyramidal_layer_dentate_gyrus	16	2862.821777	3033.150879	0.8209389448
Hypothalamus_2	Pyramidal_layer_dentate_gyrus	Hypothalamus_2->Pyramidal_layer_dentate_gyrus	17	3033.150879	3203.47998	0.861836791
Hypothalamus_2	Pyramidal_layer_dentate_gyrus	Hypothalamus_2->Pyramidal_layer_dentate_gyrus	18	3203.47998	3373.808838	0.909486711
Hypothalamus_2	Pyramidal_layer_dentate_gyrus	Hypothalamus_2->Pyramidal_layer_dentate_gyrus	19	3373.808838	3544.137939	0.9504140019
Hypothalamus_2	Pyramidal_layer_dentate_gyrus	Hypothalamus_2->Pyramidal_layer_dentate_gyrus	20	3544.137939	3714.467041	0.9731616378
Hypothalamus_2	Pyramidal_layer_dentate_gyrus	Hypothalamus_2->Pyramidal_layer_dentate_gyrus	21	3714.467041	3884.796143	0.9880370498
Hypothalamus_2	Pyramidal_layer_dentate_gyrus	Hypothalamus_2->Pyramidal_layer_dentate_gyrus	22	3884.796143	4055.125	0.9897797108
Hypothalamus_2	Pyramidal_layer_dentate_gyrus	Hypothalamus_2->Pyramidal_layer_dentate_gyrus	23	4055.125	4225.454102	0.9786624908
Hypothalamus_2	Striatum	Hypothalamus_2->Striatum	0	137.5572662	307.8862915	0
Hypothalamus_2	Striatum	Hypothalamus_2->Striatum	1	307.8862915	478.215332	0.01246780436
Hypothalamus_2	Striatum	Hypothalamus_2->Striatum	2	478.215332	648.5443726	0.04570359737
Hypothalamus_2	Striatum	Hypothalamus_2->Striatum	3	648.5443726	818.8734131	0.1443425864
Hypothalamus_2	Striatum	Hypothalamus_2->Striatum	4	818.8734131	989.2024536	0.4250663221
Hypothalamus_2	Striatum	Hypothalamus_2->Striatum	5	989.2024536	1159.531494	0.7462641001
Hypothalamus_2	Striatum	Hypothalamus_2->Striatum	6	1159.531494	1329.860474	1.152742386
Hypothalamus_2	Striatum	Hypothalamus_2->Striatum	7	1329.860474	1500.189575	1.407716632
Hypothalamus_2	Striatum	Hypothalamus_2->Striatum	8	1500.189575	1670.518555	1.56862998
Hypothalamus_2	Striatum	Hypothalamus_2->Striatum	9	1670.518555	1840.847656	1.636403441
Hypothalamus_2	Striatum	Hypothalamus_2->Striatum	10	1840.847656	2011.176636	1.635858774
Hypothalamus_2	Striatum	Hypothalamus_2->Striatum	11	2011.176636	2181.505615	1.606624961
Hypothalamus_2	Striatum	Hypothalamus_2->Striatum	12	2181.505615	2351.834717	1.556606531
Hypothalamus_2	Striatum	Hypothalamus_2->Striatum	13	2351.834717	2522.163818	1.490708828
Hypothalamus_2	Striatum	Hypothalamus_2->Striatum	14	2522.163818	2692.492676	1.4283427
Hypothalamus_2	Striatum	Hypothalamus_2->Striatum	15	2692.492676	2862.821777	1.365548134
Hypothalamus_2	Striatum	Hypothalamus_2->Striatum	16	2862.821777	3033.150879	1.318121076
Hypothalamus_2	Striatum	Hypothalamus_2->Striatum	17	3033.150879	3203.47998	1.276207685
Hypothalamus_2	Striatum	Hypothalamus_2->Striatum	18	3203.47998	3373.808838	1.247468472
Hypothalamus_2	Striatum	Hypothalamus_2->Striatum	19	3373.808838	3544.137939	1.219108701
Hypothalamus_2	Striatum	Hypothalamus_2->Striatum	20	3544.137939	3714.467041	1.199124575
Hypothalamus_2	Striatum	Hypothalamus_2->Striatum	21	3714.467041	3884.796143	1.173062801
Hypothalamus_2	Striatum	Hypothalamus_2->Striatum	22	3884.796143	4055.125	1.14787674
Hypothalamus_2	Striatum	Hypothalamus_2->Striatum	23	4055.125	4225.454102	1.123987079
Hypothalamus_2	Thalamus_1	Hypothalamus_2->Thalamus_1	0	137.5572662	307.8862915	1.077460527
Hypothalamus_2	Thalamus_1	Hypothalamus_2->Thalamus_1	1	307.8862915	478.215332	1.417958975
Hypothalamus_2	Thalamus_1	Hypothalamus_2->Thalamus_1	2	478.215332	648.5443726	1.84659791
Hypothalamus_2	Thalamus_1	Hypothalamus_2->Thalamus_1	3	648.5443726	818.8734131	2.057819843
Hypothalamus_2	Thalamus_1	Hypothalamus_2->Thalamus_1	4	818.8734131	989.2024536	2.249731064
Hypothalamus_2	Thalamus_1	Hypothalamus_2->Thalamus_1	5	989.2024536	1159.531494	2.320913792
Hypothalamus_2	Thalamus_1	Hypothalamus_2->Thalamus_1	6	1159.531494	1329.860474	2.311193228
Hypothalamus_2	Thalamus_1	Hypothalamus_2->Thalamus_1	7	1329.860474	1500.189575	2.277796268
Hypothalamus_2	Thalamus_1	Hypothalamus_2->Thalamus_1	8	1500.189575	1670.518555	2.219931602
Hypothalamus_2	Thalamus_1	Hypothalamus_2->Thalamus_1	9	1670.518555	1840.847656	2.126919985
Hypothalamus_2	Thalamus_1	Hypothalamus_2->Thalamus_1	10	1840.847656	2011.176636	2.031431198
Hypothalamus_2	Thalamus_1	Hypothalamus_2->Thalamus_1	11	2011.176636	2181.505615	1.92348814
Hypothalamus_2	Thalamus_1	Hypothalamus_2->Thalamus_1	12	2181.505615	2351.834717	1.814406276
Hypothalamus_2	Thalamus_1	Hypothalamus_2->Thalamus_1	13	2351.834717	2522.163818	1.700165749
Hypothalamus_2	Thalamus_1	Hypothalamus_2->Thalamus_1	14	2522.163818	2692.492676	1.589929223
Hypothalamus_2	Thalamus_1	Hypothalamus_2->Thalamus_1	15	2692.492676	2862.821777	1.489114881
Hypothalamus_2	Thalamus_1	Hypothalamus_2->Thalamus_1	16	2862.821777	3033.150879	1.3850559
Hypothalamus_2	Thalamus_1	Hypothalamus_2->Thalamus_1	17	3033.150879	3203.47998	1.301136613
Hypothalamus_2	Thalamus_1	Hypothalamus_2->Thalamus_1	18	3203.47998	3373.808838	1.219042659
Hypothalamus_2	Thalamus_1	Hypothalamus_2->Thalamus_1	19	3373.808838	3544.137939	1.150189161
Hypothalamus_2	Thalamus_1	Hypothalamus_2->Thalamus_1	20	3544.137939	3714.467041	1.095224261
Hypothalamus_2	Thalamus_1	Hypothalamus_2->Thalamus_1	21	3714.467041	3884.796143	1.046066046
Hypothalamus_2	Thalamus_1	Hypothalamus_2->Thalamus_1	22	3884.796143	4055.125	1.009874582
Hypothalamus_2	Thalamus_1	Hypothalamus_2->Thalamus_1	23	4055.125	4225.454102	0.9756325483
Hypothalamus_2	Thalamus_2	Hypothalamus_2->Thalamus_2	0	137.5572662	307.8862915	0.6857811809
Hypothalamus_2	Thalamus_2	Hypothalamus_2->Thalamus_2	1	307.8862915	478.215332	0.7458667755
Hypothalamus_2	Thalamus_2	Hypothalamus_2->Thalamus_2	2	478.215332	648.5443726	0.7374454737
Hypothalamus_2	Thalamus_2	Hypothalamus_2->Thalamus_2	3	648.5443726	818.8734131	0.7518858314
Hypothalamus_2	Thalamus_2	Hypothalamus_2->Thalamus_2	4	818.8734131	989.2024536	0.8123224378
Hypothalamus_2	Thalamus_2	Hypothalamus_2->Thalamus_2	5	989.2024536	1159.531494	0.8999750614
Hypothalamus_2	Thalamus_2	Hypothalamus_2->Thalamus_2	6	1159.531494	1329.860474	1.045266986
Hypothalamus_2	Thalamus_2	Hypothalamus_2->Thalamus_2	7	1329.860474	1500.189575	1.146632552
Hypothalamus_2	Thalamus_2	Hypothalamus_2->Thalamus_2	8	1500.189575	1670.518555	1.267044425
Hypothalamus_2	Thalamus_2	Hypothalamus_2->Thalamus_2	9	1670.518555	1840.847656	1.379250646
Hypothalamus_2	Thalamus_2	Hypothalamus_2->Thalamus_2	10	1840.847656	2011.176636	1.485918403
Hypothalamus_2	Thalamus_2	Hypothalamus_2->Thalamus_2	11	2011.176636	2181.505615	1.577688694
Hypothalamus_2	Thalamus_2	Hypothalamus_2->Thalamus_2	12	2181.505615	2351.834717	1.663712144
Hypothalamus_2	Thalamus_2	Hypothalamus_2->Thalamus_2	13	2351.834717	2522.163818	1.719051957
Hypothalamus_2	Thalamus_2	Hypothalamus_2->Thalamus_2	14	2522.163818	2692.492676	1.751989245
Hypothalamus_2	Thalamus_2	Hypothalamus_2->Thalamus_2	15	2692.492676	2862.821777	1.760040402
Hypothalamus_2	Thalamus_2	Hypothalamus_2->Thalamus_2	16	2862.821777	3033.150879	1.741493106
Hypothalamus_2	Thalamus_2	Hypothalamus_2->Thalamus_2	17	3033.150879	3203.47998	1.70266223
Hypothalamus_2	Thalamus_2	Hypothalamus_2->Thalamus_2	18	3203.47998	3373.808838	1.638797522
Hypothalamus_2	Thalamus_2	Hypothalamus_2->Thalamus_2	19	3373.808838	3544.137939	1.557622313
Hypothalamus_2	Thalamus_2	Hypothalamus_2->Thalamus_2	20	3544.137939	3714.467041	1.485384703
Hypothalamus_2	Thalamus_2	Hypothalamus_2->Thalamus_2	21	3714.467041	3884.796143	1.41167748
Hypothalamus_2	Thalamus_2	Hypothalamus_2->Thalamus_2	22	3884.796143	4055.125	1.353755951
Hypothalamus_2	Thalamus_2	Hypothalamus_2->Thalamus_2	23	4055.125	4225.454102	1.285848856
Lateral_ventricle	Cortex_1	Lateral_ventricle->Cortex_1	0	137.5572662	307.8862915	0
Lateral_ventricle	Cortex_1	Lateral_ventricle->Cortex_1	1	307.8862915	478.215332	0
Lateral_ventricle	Cortex_1	Lateral_ventricle->Cortex_1	2	478.215332	648.5443726	0.0284055341
Lateral_ventricle	Cortex_1	Lateral_ventricle->Cortex_1	3	648.5443726	818.8734131	0.06613936275
Lateral_ventricle	Cortex_1	Lateral_ventricle->Cortex_1	4	818.8734131	989.2024536	0.1613214612
Lateral_ventricle	Cortex_1	Lateral_ventricle->Cortex_1	5	989.2024536	1159.531494	0.2430980802
Lateral_ventricle	Cortex_1	Lateral_ventricle->Cortex_1	6	1159.531494	1329.860474	0.3431476057
Lateral_ventricle	Cortex_1	Lateral_ventricle->Cortex_1	7	1329.860474	1500.189575	0.4259266853
Lateral_ventricle	Cortex_1	Lateral_ventricle->Cortex_1	8	1500.189575	1670.518555	0.4896352887
Lateral_ventricle	Cortex_1	Lateral_ventricle->Cortex_1	9	1670.518555	1840.847656	0.5455492735
Lateral_ventricle	Cortex_1	Lateral_ventricle->Cortex_1	10	1840.847656	2011.176636	0.5806139708
Lateral_ventricle	Cortex_1	Lateral_ventricle->Cortex_1	11	2011.176636	2181.505615	0.6093998551
Lateral_ventricle	Cortex_1	Lateral_ventricle->Cortex_1	12	2181.505615	2351.834717	0.6339640617
Lateral_ventricle	Cortex_1	Lateral_ventricle->Cortex_1	13	2351.834717	2522.163818	0.6769484878
Lateral_ventricle	Cortex_1	Lateral_ventricle->Cortex_1	14	2522.163818	2692.492676	0.7195364833
Lateral_ventricle	Cortex_1	Lateral_ventricle->Cortex_1	15	2692.492676	2862.821777	0.7506480813
Lateral_ventricle	Cortex_1	Lateral_ventricle->Cortex_1	16	2862.821777	3033.150879	0.7616226673
Lateral_ventricle	Cortex_1	Lateral_ventricle->Cortex_1	17	3033.150879	3203.47998	0.765806973
Lateral_ventricle	Cortex_1	Lateral_ventricle->Cortex_1	18	3203.47998	3373.808838	0.7703665495
Lateral_ventricle	Cortex_1	Lateral_ventricle->Cortex_1	19	3373.808838	3544.137939	0.7706020474
Lateral_ventricle	Cortex_1	Lateral_ventricle->Cortex_1	20	3544.137939	3714.467041	0.7736039162
Lateral_ventricle	Cortex_1	Lateral_ventricle->Cortex_1	21	3714.467041	3884.796143	0.7763881683
Lateral_ventricle	Cortex_1	Lateral_ventricle->Cortex_1	22	3884.796143	4055.125	0.7809414268
Lateral_ventricle	Cortex_1	Lateral_ventricle->Cortex_1	23	4055.125	4225.454102	0.7888419032
Lateral_ventricle	Cortex_2	Lateral_ventricle->Cortex_2	0	137.5572662	307.8862915	0.2230901569
Lateral_ventricle	Cortex_2	Lateral_ventricle->Cortex_2	1	307.8862915	478.215332	0.2954167724
Lateral_ventricle	Cortex_2	Lateral_ventricle->Cortex_2	2	478.215332	648.5443726	0.4079327881
Lateral_ventricle	Cortex_2	Lateral_ventricle->Cortex_2	3	648.5443726	818.8734131	0.5301575661
Lateral_ventricle	Cortex_2	Lateral_ventricle->Cortex_2	4	818.8734131	989.2024536	0.7697978616
Lateral_ventricle	Cortex_2	Lateral_ventricle->Cortex_2	5	989.2024536	1159.531494	0.9817457795
Lateral_ventricle	Cortex_2	Lateral_ventricle->Cortex_2	6	1159.531494	1329.860474	1.159288406
Lateral_ventricle	Cortex_2	Lateral_ventricle->Cortex_2	7	1329.860474	1500.189575	1.249665976
Lateral_ventricle	Cortex_2	Lateral_ventricle->Cortex_2	8	1500.189575	1670.518555	1.304857731
Lateral_ventricle	Cortex_2	Lateral_ventricle->Cortex_2	9	1670.518555	1840.847656	1.376136422
Lateral_ventricle	Cortex_2	Lateral_ventricle->Cortex_2	10	1840.847656	2011.176636	1.430759788
Lateral_ventricle	Cortex_2	Lateral_ventricle->Cortex_2	11	2011.176636	2181.505615	1.521740675
Lateral_ventricle	Cortex_2	Lateral_ventricle->Cortex_2	12	2181.505615	2351.834717	1.570877671
Lateral_ventricle	Cortex_2	Lateral_ventricle->Cortex_2	13	2351.834717	2522.163818	1.581340551
Lateral_ventricle	Cortex_2	Lateral_ventricle->Cortex_2	14	2522.163818	2692.492676	1.572526932
Lateral_ventricle	Cortex_2	Lateral_ventricle->Cortex_2	15	2692.492676	2862.821777	1.548988819
Lateral_ventricle	Cortex_2	Lateral_ventricle->Cortex_2	16	2862.821777	3033.150879	1.528322101
Lateral_ventricle	Cortex_2	Lateral_ventricle->Cortex_2	17	3033.150879	3203.47998	1.494679093
Lateral_ventricle	Cortex_2	Lateral_ventricle->Cortex_2	18	3203.47998	3373.808838	1.456148148
Lateral_ventricle	Cortex_2	Lateral_ventricle->Cortex_2	19	3373.808838	3544.137939	1.409227729
Lateral_ventricle	Cortex_2	Lateral_ventricle->Cortex_2	20	3544.137939	3714.467041	1.361867309
Lateral_ventricle	Cortex_2	Lateral_ventricle->Cortex_2	21	3714.467041	3884.796143	1.311873555
Lateral_ventricle	Cortex_2	Lateral_ventricle->Cortex_2	22	3884.796143	4055.125	1.267941117
Lateral_ventricle	Cortex_2	Lateral_ventricle->Cortex_2	23	4055.125	4225.454102	1.225522876
Lateral_ventricle	Cortex_3	Lateral_ventricle->Cortex_3	0	137.5572662	307.8862915	0.08862089366
Lateral_ventricle	Cortex_3	Lateral_ventricle->Cortex_3	1	307.8862915	478.215332	0.2400889844
Lateral_ventricle	Cortex_3	Lateral_ventricle->Cortex_3	2	478.215332	648.5443726	0.3840486109
Lateral_ventricle	Cortex_3	Lateral_ventricle->Cortex_3	3	648.5443726	818.8734131	0.4727523029
Lateral_ventricle	Cortex_3	Lateral_ventricle->Cortex_3	4	818.8734131	989.2024536	0.5712144375
Lateral_ventricle	Cortex_3	Lateral_ventricle->Cortex_3	5	989.2024536	1159.531494	0.6552268267
Lateral_ventricle	Cortex_3	Lateral_ventricle->Cortex_3	6	1159.531494	1329.860474	0.7886315584
Lateral_ventricle	Cortex_3	Lateral_ventricle->Cortex_3	7	1329.860474	1500.189575	0.8875455856
Lateral_ventricle	Cortex_3	Lateral_ventricle->Cortex_3	8	1500.189575	1670.518555	0.9715329409
Lateral_ventricle	Cortex_3	Lateral_ventricle->Cortex_3	9	1670.518555	1840.847656	1.027073264
Lateral_ventricle	Cortex_3	Lateral_ventricle->Cortex_3	10	1840.847656	2011.176636	1.050301313
Lateral_ventricle	Cortex_3	Lateral_ventricle->Cortex_3	11	2011.176636	2181.505615	1.038426161
Lateral_ventricle	Cortex_3	Lateral_ventricle->Cortex_3	12	2181.505615	2351.834717	1.011865139
Lateral_ventricle	Cortex_3	Lateral_ventricle->Cortex_3	13	2351.834717	2522.163818	0.9797456861
Lateral_ventricle	Cortex_3	Lateral_ventricle->Cortex_3	14	2522.163818	2692.492676	0.9513219595
Lateral_ventricle	Cortex_3	Lateral_ventricle->Cortex_3	15	2692.492676	2862.821777	0.9273737669
Lateral_ventricle	Cortex_3	Lateral_ventricle->Cortex_3	16	2862.821777	3033.150879	0.9121297598
Lateral_ventricle	Cortex_3	Lateral_ventricle->Cortex_3	17	3033.150879	3203.47998	0.8969863057
Lateral_ventricle	Cortex_3	Lateral_ventricle->Cortex_3	18	3203.47998	3373.808838	0.891582489
Lateral_ventricle	Cortex_3	Lateral_ventricle->Cortex_3	19	3373.808838	3544.137939	0.8859633207
Lateral_ventricle	Cortex_3	Lateral_ventricle->Cortex_3	20	3544.137939	3714.467041	0.8868514895
Lateral_ventricle	Cortex_3	Lateral_ventricle->Cortex_3	21	3714.467041	3884.796143	0.8905854225
Lateral_ventricle	Cortex_3	Lateral_ventricle->Cortex_3	22	3884.796143	4055.125	0.8962515593
Lateral_ventricle	Cortex_3	Lateral_ventricle->Cortex_3	23	4055.125	4225.454102	0.9024008512
Lateral_ventricle	Cortex_4	Lateral_ventricle->Cortex_4	0	137.5572662	307.8862915	0.0504928194
Lateral_ventricle	Cortex_4	Lateral_ventricle->Cortex_4	1	307.8862915	478.215332	0.1658457518
Lateral_ventricle	Cortex_4	Lateral_ventricle->Cortex_4	2	478.215332	648.5443726	0.1820828617
Lateral_ventricle	Cortex_4	Lateral_ventricle->Cortex_4	3	648.5443726	818.8734131	0.1728274673
Lateral_ventricle	Cortex_4	Lateral_ventricle->Cortex_4	4	818.8734131	989.2024536	0.1511818916
Lateral_ventricle	Cortex_4	Lateral_ventricle->Cortex_4	5	989.2024536	1159.531494	0.136804536
Lateral_ventricle	Cortex_4	Lateral_ventricle->Cortex_4	6	1159.531494	1329.860474	0.123874262
Lateral_ventricle	Cortex_4	Lateral_ventricle->Cortex_4	7	1329.860474	1500.189575	0.1328976005
Lateral_ventricle	Cortex_4	Lateral_ventricle->Cortex_4	8	1500.189575	1670.518555	0.2126972526
Lateral_ventricle	Cortex_4	Lateral_ventricle->Cortex_4	9	1670.518555	1840.847656	0.3463768959
Lateral_ventricle	Cortex_4	Lateral_ventricle->Cortex_4	10	1840.847656	2011.176636	0.4480543435
Lateral_ventricle	Cortex_4	Lateral_ventricle->Cortex_4	11	2011.176636	2181.505615	0.533692956
Lateral_ventricle	Cortex_4	Lateral_ventricle->Cortex_4	12	2181.505615	2351.834717	0.5761487484
Lateral_ventricle	Cortex_4	Lateral_ventricle->Cortex_4	13	2351.834717	2522.163818	0.6008036137
Lateral_ventricle	Cortex_4	Lateral_ventricle->Cortex_4	14	2522.163818	2692.492676	0.6179341078
Lateral_ventricle	Cortex_4	Lateral_ventricle->Cortex_4	15	2692.492676	2862.821777	0.6512360573
Lateral_ventricle	Cortex_4	Lateral_ventricle->Cortex_4	16	2862.821777	3033.150879	0.6757871509
Lateral_ventricle	Cortex_4	Lateral_ventricle->Cortex_4	17	3033.150879	3203.47998	0.70788306
Lateral_ventricle	Cortex_4	Lateral_ventricle->Cortex_4	18	3203.47998	3373.808838	0.7321258783
Lateral_ventricle	Cortex_4	Lateral_ventricle->Cortex_4	19	3373.808838	3544.137939	0.7554133534
Lateral_ventricle	Cortex_4	Lateral_ventricle->Cortex_4	20	3544.137939	3714.467041	0.7673031688
Lateral_ventricle	Cortex_4	Lateral_ventricle->Cortex_4	21	3714.467041	3884.796143	0.7812361717
Lateral_ventricle	Cortex_4	Lateral_ventricle->Cortex_4	22	3884.796143	4055.125	0.7919254899
Lateral_ventricle	Cortex_4	Lateral_ventricle->Cortex_4	23	4055.125	4225.454102	0.8086208105
Lateral_ventricle	Cortex_5	Lateral_ventricle->Cortex_5	0	137.5572662	307.8862915	0.8066399097
Lateral_ventricle	Cortex_5	Lateral_ventricle->Cortex_5	1	307.8862915	478.215332	0.6040856242
Lateral_ventricle	Cortex_5	Lateral_ventricle->Cortex_5	2	478.215332	648.5443726	0.4800456762
Lateral_ventricle	Cortex_5	Lateral_ventricle->Cortex_5	3	648.5443726	818.8734131	0.4331283569
Lateral_ventricle	Cortex_5	Lateral_ventricle->Cortex_5	4	818.8734131	989.2024536	0.3684602678
Lateral_ventricle	Cortex_5	Lateral_ventricle->Cortex_5	5	989.2024536	1159.531494	0.3315740824
Lateral_ventricle	Cortex_5	Lateral_ventricle->Cortex_5	6	1159.531494	1329.860474	0.311105758
Lateral_ventricle	Cortex_5	Lateral_ventricle->Cortex_5	7	1329.860474	1500.189575	0.3274787962
Lateral_ventricle	Cortex_5	Lateral_ventricle->Cortex_5	8	1500.189575	1670.518555	0.3495332897
Lateral_ventricle	Cortex_5	Lateral_ventricle->Cortex_5	9	1670.518555	1840.847656	0.4188660085
Lateral_ventricle	Cortex_5	Lateral_ventricle->Cortex_5	10	1840.847656	2011.176636	0.5604538918
Lateral_ventricle	Cortex_5	Lateral_ventricle->Cortex_5	11	2011.176636	2181.505615	0.6825974584
Lateral_ventricle	Cortex_5	Lateral_ventricle->Cortex_5	12	2181.505615	2351.834717	0.8198478818
Lateral_ventricle	Cortex_5	Lateral_ventricle->Cortex_5	13	2351.834717	2522.163818	0.9611413479
Lateral_ventricle	Cortex_5	Lateral_ventricle->Cortex_5	14	2522.163818	2692.492676	1.043395519
Lateral_ventricle	Cortex_5	Lateral_ventricle->Cortex_5	15	2692.492676	2862.821777	1.072335362
Lateral_ventricle	Cortex_5	Lateral_ventricle->Cortex_5	16	2862.821777	3033.150879	1.082026839
Lateral_ventricle	Cortex_5	Lateral_ventricle->Cortex_5	17	3033.150879	3203.47998	1.08144033
Lateral_ventricle	Cortex_5	Lateral_ventricle->Cortex_5	18	3203.47998	3373.808838	1.066701293
Lateral_ventricle	Cortex_5	Lateral_ventricle->Cortex_5	19	3373.808838	3544.137939	1.058177948
Lateral_ventricle	Cortex_5	Lateral_ventricle->Cortex_5	20	3544.137939	3714.467041	1.045494676
Lateral_ventricle	Cortex_5	Lateral_ventricle->Cortex_5	21	3714.467041	3884.796143	1.031643391
Lateral_ventricle	Cortex_5	Lateral_ventricle->Cortex_5	22	3884.796143	4055.125	1.029688358
Lateral_ventricle	Cortex_5	Lateral_ventricle->Cortex_5	23	4055.125	4225.454102	1.017443538
Lateral_ventricle	Fiber_tract	Lateral_ventricle->Fiber_tract	0	137.5572662	307.8862915	2.100501537
Lateral_ventricle	Fiber_tract	Lateral_ventricle->Fiber_tract	1	307.8862915	478.215332	2.222404957
Lateral_ventricle	Fiber_tract	Lateral_ventricle->Fiber_tract	2	478.215332	648.5443726	2.175674677
Lateral_ventricle	Fiber_tract	Lateral_ventricle->Fiber_tract	3	648.5443726	818.8734131	2.057338476
Lateral_ventricle	Fiber_tract	Lateral_ventricle->Fiber_tract	4	818.8734131	989.2024536	1.862029314
Lateral_ventricle	Fiber_tract	Lateral_ventricle->Fiber_tract	5	989.2024536	1159.531494	1.749354839
Lateral_ventricle	Fiber_tract	Lateral_ventricle->Fiber_tract	6	1159.531494	1329.860474	1.617451549
Lateral_ventricle	Fiber_tract	Lateral_ventricle->Fiber_tract	7	1329.860474	1500.189575	1.532540441
Lateral_ventricle	Fiber_tract	Lateral_ventricle->Fiber_tract	8	1500.189575	1670.518555	1.425523758
Lateral_ventricle	Fiber_tract	Lateral_ventricle->Fiber_tract	9	1670.518555	1840.847656	1.321569204
Lateral_ventricle	Fiber_tract	Lateral_ventricle->Fiber_tract	10	1840.847656	2011.176636	1.240331531
Lateral_ventricle	Fiber_tract	Lateral_ventricle->Fiber_tract	11	2011.176636	2181.505615	1.147211671
Lateral_ventricle	Fiber_tract	Lateral_ventricle->Fiber_tract	12	2181.505615	2351.834717	1.081910729
Lateral_ventricle	Fiber_tract	Lateral_ventricle->Fiber_tract	13	2351.834717	2522.163818	1.028534651
Lateral_ventricle	Fiber_tract	Lateral_ventricle->Fiber_tract	14	2522.163818	2692.492676	0.9859716892
Lateral_ventricle	Fiber_tract	Lateral_ventricle->Fiber_tract	15	2692.492676	2862.821777	0.9623492956
Lateral_ventricle	Fiber_tract	Lateral_ventricle->Fiber_tract	16	2862.821777	3033.150879	0.9424306154
Lateral_ventricle	Fiber_tract	Lateral_ventricle->Fiber_tract	17	3033.150879	3203.47998	0.937903285
Lateral_ventricle	Fiber_tract	Lateral_ventricle->Fiber_tract	18	3203.47998	3373.808838	0.939673245
Lateral_ventricle	Fiber_tract	Lateral_ventricle->Fiber_tract	19	3373.808838	3544.137939	0.9543790817
Lateral_ventricle	Fiber_tract	Lateral_ventricle->Fiber_tract	20	3544.137939	3714.467041	0.9634674191
Lateral_ventricle	Fiber_tract	Lateral_ventricle->Fiber_tract	21	3714.467041	3884.796143	0.975920856
Lateral_ventricle	Fiber_tract	Lateral_ventricle->Fiber_tract	22	3884.796143	4055.125	0.9869818091
Lateral_ventricle	Fiber_tract	Lateral_ventricle->Fiber_tract	23	4055.125	4225.454102	0.9949448109
Lateral_ventricle	Hippocampus	Lateral_ventricle->Hippocampus	0	137.5572662	307.8862915	0.9245397449
Lateral_ventricle	Hippocampus	Lateral_ventricle->Hippocampus	1	307.8862915	478.215332	0.9210944176
Lateral_ventricle	Hippocampus	Lateral_ventricle->Hippocampus	2	478.215332	648.5443726	0.9386957884
Lateral_ventricle	Hippocampus	Lateral_ventricle->Hippocampus	3	648.5443726	818.8734131	0.9457981586
Lateral_ventricle	Hippocampus	Lateral_ventricle->Hippocampus	4	818.8734131	989.2024536	0.9353106618
Lateral_ventricle	Hippocampus	Lateral_ventricle->Hippocampus	5	989.2024536	1159.531494	0.898213625
Lateral_ventricle	Hippocampus	Lateral_ventricle->Hippocampus	6	1159.531494	1329.860474	0.8440929055
Lateral_ventricle	Hippocampus	Lateral_ventricle->Hippocampus	7	1329.860474	1500.189575	0.815113306
Lateral_ventricle	Hippocampus	Lateral_ventricle->Hippocampus	8	1500.189575	1670.518555	0.7879863381
Lateral_ventricle	Hippocampus	Lateral_ventricle->Hippocampus	9	1670.518555	1840.847656	0.7711811066
Lateral_ventricle	Hippocampus	Lateral_ventricle->Hippocampus	10	1840.847656	2011.176636	0.7488043308
Lateral_ventricle	Hippocampus	Lateral_ventricle->Hippocampus	11	2011.176636	2181.505615	0.7338513732
Lateral_ventricle	Hippocampus	Lateral_ventricle->Hippocampus	12	2181.505615	2351.834717	0.7337676883
Lateral_ventricle	Hippocampus	Lateral_ventricle->Hippocampus	13	2351.834717	2522.163818	0.7354428172
Lateral_ventricle	Hippocampus	Lateral_ventricle->Hippocampus	14	2522.163818	2692.492676	0.7419217229
Lateral_ventricle	Hippocampus	Lateral_ventricle->Hippocampus	15	2692.492676	2862.821777	0.7510210276
Lateral_ventricle	Hippocampus	Lateral_ventricle->Hippocampus	16	2862.821777	3033.150879	0.7606656551
Lateral_ventricle	Hippocampus	Lateral_ventricle->Hippocampus	17	3033.150879	3203.47998	0.774435699
Lateral_ventricle	Hippocampus	Lateral_ventricle->Hippocampus	18	3203.47998	3373.808838	0.7856354117
Lateral_ventricle	Hippocampus	Lateral_ventricle->Hippocampus	19	3373.808838	3544.137939	0.7943304181
Lateral_ventricle	Hippocampus	Lateral_ventricle->Hippocampus	20	3544.137939	3714.467041	0.7998842001
Lateral_ventricle	Hippocampus	Lateral_ventricle->Hippocampus	21	3714.467041	3884.796143	0.805955112
Lateral_ventricle	Hippocampus	Lateral_ventricle->Hippocampus	22	3884.796143	4055.125	0.8073338866
Lateral_ventricle	Hippocampus	Lateral_ventricle->Hippocampus	23	4055.125	4225.454102	0.8108449578
Lateral_ventricle	Hypothalamus_1	Lateral_ventricle->Hypothalamus_1	0	137.5572662	307.8862915	0.5947430134
Lateral_ventricle	Hypothalamus_1	Lateral_ventricle->Hypothalamus_1	1	307.8862915	478.215332	0.7982232571
Lateral_ventricle	Hypothalamus_1	Lateral_ventricle->Hypothalamus_1	2	478.215332	648.5443726	0.9703133702
Lateral_ventricle	Hypothalamus_1	Lateral_ventricle->Hypothalamus_1	3	648.5443726	818.8734131	1.070246696
Lateral_ventricle	Hypothalamus_1	Lateral_ventricle->Hypothalamus_1	4	818.8734131	989.2024536	1.196343303
Lateral_ventricle	Hypothalamus_1	Lateral_ventricle->Hypothalamus_1	5	989.2024536	1159.531494	1.267710686
Lateral_ventricle	Hypothalamus_1	Lateral_ventricle->Hypothalamus_1	6	1159.531494	1329.860474	1.327103734
Lateral_ventricle	Hypothalamus_1	Lateral_ventricle->Hypothalamus_1	7	1329.860474	1500.189575	1.34511745
Lateral_ventricle	Hypothalamus_1	Lateral_ventricle->Hypothalamus_1	8	1500.189575	1670.518555	1.379178047
Lateral_ventricle	Hypothalamus_1	Lateral_ventricle->Hypothalamus_1	9	1670.518555	1840.847656	1.366439581
Lateral_ventricle	Hypothalamus_1	Lateral_ventricle->Hypothalamus_1	10	1840.847656	2011.176636	1.359781146
Lateral_ventricle	Hypothalamus_1	Lateral_ventricle->Hypothalamus_1	11	2011.176636	2181.505615	1.336166024
Lateral_ventricle	Hypothalamus_1	Lateral_ventricle->Hypothalamus_1	12	2181.505615	2351.834717	1.311855435
Lateral_ventricle	Hypothalamus_1	Lateral_ventricle->Hypothalamus_1	13	2351.834717	2522.163818	1.271227956
Lateral_ventricle	Hypothalamus_1	Lateral_ventricle->Hypothalamus_1	14	2522.163818	2692.492676	1.232867479
Lateral_ventricle	Hypothalamus_1	Lateral_ventricle->Hypothalamus_1	15	2692.492676	2862.821777	1.199487805
Lateral_ventricle	Hypothalamus_1	Lateral_ventricle->Hypothalamus_1	16	2862.821777	3033.150879	1.1736027
Lateral_ventricle	Hypothalamus_1	Lateral_ventricle->Hypothalamus_1	17	3033.150879	3203.47998	1.152862549
Lateral_ventricle	Hypothalamus_1	Lateral_ventricle->Hypothalamus_1	18	3203.47998	3373.808838	1.144093752
Lateral_ventricle	Hypothalamus_1	Lateral_ventricle->Hypothalamus_1	19	3373.808838	3544.137939	1.138700962
Lateral_ventricle	Hypothalamus_1	Lateral_ventricle->Hypothalamus_1	20	3544.137939	3714.467041	1.152202487
Lateral_ventricle	Hypothalamus_1	Lateral_ventricle->Hypothalamus_1	21	3714.467041	3884.796143	1.169696689
Lateral_ventricle	Hypothalamus_1	Lateral_ventricle->Hypothalamus_1	22	3884.796143	4055.125	1.196004391
Lateral_ventricle	Hypothalamus_1	Lateral_ventricle->Hypothalamus_1	23	4055.125	4225.454102	1.23196125
Lateral_ventricle	Hypothalamus_2	Lateral_ventricle->Hypothalamus_2	0	137.5572662	307.8862915	0.1852092594
Lateral_ventricle	Hypothalamus_2	Lateral_ventricle->Hypothalamus_2	1	307.8862915	478.215332	0.2790673375
Lateral_ventricle	Hypothalamus_2	Lateral_ventricle->Hypothalamus_2	2	478.215332	648.5443726	0.5432884693
Lateral_ventricle	Hypothalamus_2	Lateral_ventricle->Hypothalamus_2	3	648.5443726	818.8734131	0.7653641701
Lateral_ventricle	Hypothalamus_2	Lateral_ventricle->Hypothalamus_2	4	818.8734131	989.2024536	1.080237865
Lateral_ventricle	Hypothalamus_2	Lateral_ventricle->Hypothalamus_2	5	989.2024536	1159.531494	1.232996702
Lateral_ventricle	Hypothalamus_2	Lateral_ventricle->Hypothalamus_2	6	1159.531494	1329.860474	1.314909339
Lateral_ventricle	Hypothalamus_2	Lateral_ventricle->Hypothalamus_2	7	1329.860474	1500.189575	1.31085062
Lateral_ventricle	Hypothalamus_2	Lateral_ventricle->Hypothalamus_2	8	1500.189575	1670.518555	1.276144385
Lateral_ventricle	Hypothalamus_2	Lateral_ventricle->Hypothalamus_2	9	1670.518555	1840.847656	1.243049741
Lateral_ventricle	Hypothalamus_2	Lateral_ventricle->Hypothalamus_2	10	1840.847656	2011.176636	1.189846396
Lateral_ventricle	Hypothalamus_2	Lateral_ventricle->Hypothalamus_2	11	2011.176636	2181.505615	1.152477145
Lateral_ventricle	Hypothalamus_2	Lateral_ventricle->Hypothalamus_2	12	2181.505615	2351.834717	1.122737885
Lateral_ventricle	Hypothalamus_2	Lateral_ventricle->Hypothalamus_2	13	2351.834717	2522.163818	1.112795234
Lateral_ventricle	Hypothalamus_2	Lateral_ventricle->Hypothalamus_2	14	2522.163818	2692.492676	1.109888792
Lateral_ventricle	Hypothalamus_2	Lateral_ventricle->Hypothalamus_2	15	2692.492676	2862.821777	1.123393178
Lateral_ventricle	Hypothalamus_2	Lateral_ventricle->Hypothalamus_2	16	2862.821777	3033.150879	1.150359631
Lateral_ventricle	Hypothalamus_2	Lateral_ventricle->Hypothalamus_2	17	3033.150879	3203.47998	1.166745067
Lateral_ventricle	Hypothalamus_2	Lateral_ventricle->Hypothalamus_2	18	3203.47998	3373.808838	1.191357255
Lateral_ventricle	Hypothalamus_2	Lateral_ventricle->Hypothalamus_2	19	3373.808838	3544.137939	1.193409562
Lateral_ventricle	Hypothalamus_2	Lateral_ventricle->Hypothalamus_2	20	3544.137939	3714.467041	1.184063315
Lateral_ventricle	Hypothalamus_2	Lateral_ventricle->Hypothalamus_2	21	3714.467041	3884.796143	1.163353324
Lateral_ventricle	Hypothalamus_2	Lateral_ventricle->Hypothalamus_2	22	3884.796143	4055.125	1.142116308
Lateral_ventricle	Hypothalamus_2	Lateral_ventricle->Hypothalamus_2	23	4055.125	4225.454102	1.119214416
Lateral_ventricle	Lateral_ventricle	Lateral_ventricle->Lateral_ventricle	0	137.5572662	307.8862915	11.43348312
Lateral_ventricle	Lateral_ventricle	Lateral_ventricle->Lateral_ventricle	1	307.8862915	478.215332	7.98365736
Lateral_ventricle	Lateral_ventricle	Lateral_ventricle->Lateral_ventricle	2	478.215332	648.5443726	5.574670315
Lateral_ventricle	Lateral_ventricle	Lateral_ventricle->Lateral_ventricle	3	648.5443726	818.8734131	4.584129333
Lateral_ventricle	Lateral_ventricle	Lateral_ventricle->Lateral_ventricle	4	818.8734131	989.2024536	3.585083008
Lateral_ventricle	Lateral_ventricle	Lateral_ventricle->Lateral_ventricle	5	989.2024536	1159.531494	2.99083066
Lateral_ventricle	Lateral_ventricle	Lateral_ventricle->Lateral_ventricle	6	1159.531494	1329.860474	2.429778576
Lateral_ventricle	Lateral_ventricle	Lateral_ventricle->Lateral_ventricle	7	1329.860474	1500.189575	2.071431637
Lateral_ventricle	Lateral_ventricle	Lateral_ventricle->Lateral_ventricle	8	1500.189575	1670.518555	1.790098906
Lateral_ventricle	Lateral_ventricle	Lateral_ventricle->Lateral_ventricle	9	1670.518555	1840.847656	1.526946664
Lateral_ventricle	Lateral_ventricle	Lateral_ventricle->Lateral_ventricle	10	1840.847656	2011.176636	1.33075428
Lateral_ventricle	Lateral_ventricle	Lateral_ventricle->Lateral_ventricle	11	2011.176636	2181.505615	1.189578533
Lateral_ventricle	Lateral_ventricle	Lateral_ventricle->Lateral_ventricle	12	2181.505615	2351.834717	1.100057602
Lateral_ventricle	Lateral_ventricle	Lateral_ventricle->Lateral_ventricle	13	2351.834717	2522.163818	1.057164788
Lateral_ventricle	Lateral_ventricle	Lateral_ventricle->Lateral_ventricle	14	2522.163818	2692.492676	1.024928212
Lateral_ventricle	Lateral_ventricle	Lateral_ventricle->Lateral_ventricle	15	2692.492676	2862.821777	0.9997951388
Lateral_ventricle	Lateral_ventricle	Lateral_ventricle->Lateral_ventricle	16	2862.821777	3033.150879	0.9684693813
Lateral_ventricle	Lateral_ventricle	Lateral_ventricle->Lateral_ventricle	17	3033.150879	3203.47998	0.9655413628
Lateral_ventricle	Lateral_ventricle	Lateral_ventricle->Lateral_ventricle	18	3203.47998	3373.808838	0.9704862833
Lateral_ventricle	Lateral_ventricle	Lateral_ventricle->Lateral_ventricle	19	3373.808838	3544.137939	0.987790525
Lateral_ventricle	Lateral_ventricle	Lateral_ventricle->Lateral_ventricle	20	3544.137939	3714.467041	1.009148479
Lateral_ventricle	Lateral_ventricle	Lateral_ventricle->Lateral_ventricle	21	3714.467041	3884.796143	1.021172285
Lateral_ventricle	Lateral_ventricle	Lateral_ventricle->Lateral_ventricle	22	3884.796143	4055.125	1.024714589
Lateral_ventricle	Lateral_ventricle	Lateral_ventricle->Lateral_ventricle	23	4055.125	4225.454102	1.033655405
Lateral_ventricle	Pyramidal_layer	Lateral_ventricle->Pyramidal_layer	0	137.5572662	307.8862915	0.2568245232
Lateral_ventricle	Pyramidal_layer	Lateral_ventricle->Pyramidal_layer	1	307.8862915	478.215332	0.6941261292
Lateral_ventricle	Pyramidal_layer	Lateral_ventricle->Pyramidal_layer	2	478.215332	648.5443726	1.011578679
Lateral_ventricle	Pyramidal_layer	Lateral_ventricle->Pyramidal_layer	3	648.5443726	818.8734131	0.9484621286
Lateral_ventricle	Pyramidal_layer	Lateral_ventricle->Pyramidal_layer	4	818.8734131	989.2024536	0.8329671025
Lateral_ventricle	Pyramidal_layer	Lateral_ventricle->Pyramidal_layer	5	989.2024536	1159.531494	0.7417680025
Lateral_ventricle	Pyramidal_layer	Lateral_ventricle->Pyramidal_layer	6	1159.531494	1329.860474	0.6401167512
Lateral_ventricle	Pyramidal_layer	Lateral_ventricle->Pyramidal_layer	7	1329.860474	1500.189575	0.5860793591
Lateral_ventricle	Pyramidal_layer	Lateral_ventricle->Pyramidal_layer	8	1500.189575	1670.518555	0.5659993887
Lateral_ventricle	Pyramidal_layer	Lateral_ventricle->Pyramidal_layer	9	1670.518555	1840.847656	0.5601284504
Lateral_ventricle	Pyramidal_layer	Lateral_ventricle->Pyramidal_layer	10	1840.847656	2011.176636	0.5619687438
Lateral_ventricle	Pyramidal_layer	Lateral_ventricle->Pyramidal_layer	11	2011.176636	2181.505615	0.5744891167
Lateral_ventricle	Pyramidal_layer	Lateral_ventricle->Pyramidal_layer	12	2181.505615	2351.834717	0.5823408365
Lateral_ventricle	Pyramidal_layer	Lateral_ventricle->Pyramidal_layer	13	2351.834717	2522.163818	0.6026261449
Lateral_ventricle	Pyramidal_layer	Lateral_ventricle->Pyramidal_layer	14	2522.163818	2692.492676	0.6243975759
Lateral_ventricle	Pyramidal_layer	Lateral_ventricle->Pyramidal_layer	15	2692.492676	2862.821777	0.6492053866
Lateral_ventricle	Pyramidal_layer	Lateral_ventricle->Pyramidal_layer	16	2862.821777	3033.150879	0.667384088
Lateral_ventricle	Pyramidal_layer	Lateral_ventricle->Pyramidal_layer	17	3033.150879	3203.47998	0.6866520047
Lateral_ventricle	Pyramidal_layer	Lateral_ventricle->Pyramidal_layer	18	3203.47998	3373.808838	0.7028210759
Lateral_ventricle	Pyramidal_layer	Lateral_ventricle->Pyramidal_layer	19	3373.808838	3544.137939	0.7312735319
Lateral_ventricle	Pyramidal_layer	Lateral_ventricle->Pyramidal_layer	20	3544.137939	3714.467041	0.7820231318
Lateral_ventricle	Pyramidal_layer	Lateral_ventricle->Pyramidal_layer	21	3714.467041	3884.796143	0.8154566288
Lateral_ventricle	Pyramidal_layer	Lateral_ventricle->Pyramidal_layer	22	3884.796143	4055.125	0.8478816152
Lateral_ventricle	Pyramidal_layer	Lateral_ventricle->Pyramidal_layer	23	4055.125	4225.454102	0.8633745313
Lateral_ventricle	Pyramidal_layer_dentate_gyrus	Lateral_ventricle->Pyramidal_layer_dentate_gyrus	0	137.5572662	307.8862915	0.2050191164
Lateral_ventricle	Pyramidal_layer_dentate_gyrus	Lateral_ventricle->Pyramidal_layer_dentate_gyrus	1	307.8862915	478.215332	0.5898801684
Lateral_ventricle	Pyramidal_layer_dentate_gyrus	Lateral_ventricle->Pyramidal_layer_dentate_gyrus	2	478.215332	648.5443726	0.7330440283
Lateral_ventricle	Pyramidal_layer_dentate_gyrus	Lateral_ventricle->Pyramidal_layer_dentate_gyrus	3	648.5443726	818.8734131	0.796744585
Lateral_ventricle	Pyramidal_layer_dentate_gyrus	Lateral_ventricle->Pyramidal_layer_dentate_gyrus	4	818.8734131	989.2024536	0.8856589198
Lateral_ventricle	Pyramidal_layer_dentate_gyrus	Lateral_ventricle->Pyramidal_layer_dentate_gyrus	5	989.2024536	1159.531494	0.9735978246
Lateral_ventricle	Pyramidal_layer_dentate_gyrus	Lateral_ventricle->Pyramidal_layer_dentate_gyrus	6	1159.531494	1329.860474	1.032324076
Lateral_ventricle	Pyramidal_layer_dentate_gyrus	Lateral_ventricle->Pyramidal_layer_dentate_gyrus	7	1329.860474	1500.189575	1.036108136
Lateral_ventricle	Pyramidal_layer_dentate_gyrus	Lateral_ventricle->Pyramidal_layer_dentate_gyrus	8	1500.189575	1670.518555	1.029454827
Lateral_ventricle	Pyramidal_layer_dentate_gyrus	Lateral_ventricle->Pyramidal_layer_dentate_gyrus	9	1670.518555	1840.847656	0.9882775545
Lateral_ventricle	Pyramidal_layer_dentate_gyrus	Lateral_ventricle->Pyramidal_layer_dentate_gyrus	10	1840.847656	2011.176636	0.9675053358
Lateral_ventricle	Pyramidal_layer_dentate_gyrus	Lateral_ventricle->Pyramidal_layer_dentate_gyrus	11	2011.176636	2181.505615	0.9382123351
Lateral_ventricle	Pyramidal_layer_dentate_gyrus	Lateral_ventricle->Pyramidal_layer_dentate_gyrus	12	2181.505615	2351.834717	0.9109018445
Lateral_ventricle	Pyramidal_layer_dentate_gyrus	Lateral_ventricle->Pyramidal_layer_dentate_gyrus	13	2351.834717	2522.163818	0.8845365644
Lateral_ventricle	Pyramidal_layer_dentate_gyrus	Lateral_ventricle->Pyramidal_layer_dentate_gyrus	14	2522.163818	2692.492676	0.8743000031
Lateral_ventricle	Pyramidal_layer_dentate_gyrus	Lateral_ventricle->Pyramidal_layer_dentate_gyrus	15	2692.492676	2862.821777	0.8724035621
Lateral_ventricle	Pyramidal_layer_dentate_gyrus	Lateral_ventricle->Pyramidal_layer_dentate_gyrus	16	2862.821777	3033.150879	0.8710408807
Lateral_ventricle	Pyramidal_layer_dentate_gyrus	Lateral_ventricle->Pyramidal_layer_dentate_gyrus	17	3033.150879	3203.47998	0.8702815771
Lateral_ventricle	Pyramidal_layer_dentate_gyrus	Lateral_ventricle->Pyramidal_layer_dentate_gyrus	18	3203.47998	3373.808838	0.8604553938
Lateral_ventricle	Pyramidal_layer_dentate_gyrus	Lateral_ventricle->Pyramidal_layer_dentate_gyrus	19	3373.808838	3544.137939	0.8466172814
Lateral_ventricle	Pyramidal_layer_dentate_gyrus	Lateral_ventricle->Pyramidal_layer_dentate_gyrus	20	3544.137939	3714.467041	0.8277647495
Lateral_ventricle	Pyramidal_layer_dentate_gyrus	Lateral_ventricle->Pyramidal_layer_dentate_gyrus	21	3714.467041	3884.796143	0.8086712956
Lateral_ventricle	Pyramidal_layer_dentate_gyrus	Lateral_ventricle->Pyramidal_layer_dentate_gyrus	22	3884.796143	4055.125	0.8036700487
Lateral_ventricle	Pyramidal_layer_dentate_gyrus	Lateral_ventricle->Pyramidal_layer_dentate_gyrus	23	4055.125	4225.454102	0.8126837611
Lateral_ventricle	Striatum	Lateral_ventricle->Striatum	0	137.5572662	307.8862915	2.618795872
Lateral_ventricle	Striatum	Lateral_ventricle->Striatum	1	307.8862915	478.215332	3.351506948
Lateral_ventricle	Striatum	Lateral_ventricle->Striatum	2	478.215332	648.5443726	3.645512342
Lateral_ventricle	Striatum	Lateral_ventricle->Striatum	3	648.5443726	818.8734131	3.58444047
Lateral_ventricle	Striatum	Lateral_ventricle->Striatum	4	818.8734131	989.2024536	3.246029139
Lateral_ventricle	Striatum	Lateral_ventricle->Striatum	5	989.2024536	1159.531494	2.874087334
Lateral_ventricle	Striatum	Lateral_ventricle->Striatum	6	1159.531494	1329.860474	2.457873821
Lateral_ventricle	Striatum	Lateral_ventricle->Striatum	7	1329.860474	1500.189575	2.191325426
Lateral_ventricle	Striatum	Lateral_ventricle->Striatum	8	1500.189575	1670.518555	1.97157979
Lateral_ventricle	Striatum	Lateral_ventricle->Striatum	9	1670.518555	1840.847656	1.779214621
Lateral_ventricle	Striatum	Lateral_ventricle->Striatum	10	1840.847656	2011.176636	1.650141835
Lateral_ventricle	Striatum	Lateral_ventricle->Striatum	11	2011.176636	2181.505615	1.52268064
Lateral_ventricle	Striatum	Lateral_ventricle->Striatum	12	2181.505615	2351.834717	1.432636499
Lateral_ventricle	Striatum	Lateral_ventricle->Striatum	13	2351.834717	2522.163818	1.358270764
Lateral_ventricle	Striatum	Lateral_ventricle->Striatum	14	2522.163818	2692.492676	1.291051984
Lateral_ventricle	Striatum	Lateral_ventricle->Striatum	15	2692.492676	2862.821777	1.249515653
Lateral_ventricle	Striatum	Lateral_ventricle->Striatum	16	2862.821777	3033.150879	1.198390245
Lateral_ventricle	Striatum	Lateral_ventricle->Striatum	17	3033.150879	3203.47998	1.166586995
Lateral_ventricle	Striatum	Lateral_ventricle->Striatum	18	3203.47998	3373.808838	1.131859064
Lateral_ventricle	Striatum	Lateral_ventricle->Striatum	19	3373.808838	3544.137939	1.109932065
Lateral_ventricle	Striatum	Lateral_ventricle->Striatum	20	3544.137939	3714.467041	1.091292262
Lateral_ventricle	Striatum	Lateral_ventricle->Striatum	21	3714.467041	3884.796143	1.083981514
Lateral_ventricle	Striatum	Lateral_ventricle->Striatum	22	3884.796143	4055.125	1.089923739
Lateral_ventricle	Striatum	Lateral_ventricle->Striatum	23	4055.125	4225.454102	1.099609613
Lateral_ventricle	Thalamus_1	Lateral_ventricle->Thalamus_1	0	137.5572662	307.8862915	0.0176961422
Lateral_ventricle	Thalamus_1	Lateral_ventricle->Thalamus_1	1	307.8862915	478.215332	0.04738410935
Lateral_ventricle	Thalamus_1	Lateral_ventricle->Thalamus_1	2	478.215332	648.5443726	0.09710726142
Lateral_ventricle	Thalamus_1	Lateral_ventricle->Thalamus_1	3	648.5443726	818.8734131	0.1266572922
Lateral_ventricle	Thalamus_1	Lateral_ventricle->Thalamus_1	4	818.8734131	989.2024536	0.1678137481
Lateral_ventricle	Thalamus_1	Lateral_ventricle->Thalamus_1	5	989.2024536	1159.531494	0.2262209356
Lateral_ventricle	Thalamus_1	Lateral_ventricle->Thalamus_1	6	1159.531494	1329.860474	0.3611102104
Lateral_ventricle	Thalamus_1	Lateral_ventricle->Thalamus_1	7	1329.860474	1500.189575	0.4796480834
Lateral_ventricle	Thalamus_1	Lateral_ventricle->Thalamus_1	8	1500.189575	1670.518555	0.6084678173
Lateral_ventricle	Thalamus_1	Lateral_ventricle->Thalamus_1	9	1670.518555	1840.847656	0.7249221802
Lateral_ventricle	Thalamus_1	Lateral_ventricle->Thalamus_1	10	1840.847656	2011.176636	0.8268255591
Lateral_ventricle	Thalamus_1	Lateral_ventricle->Thalamus_1	11	2011.176636	2181.505615	0.927588284
Lateral_ventricle	Thalamus_1	Lateral_ventricle->Thalamus_1	12	2181.505615	2351.834717	1.01135838
Lateral_ventricle	Thalamus_1	Lateral_ventricle->Thalamus_1	13	2351.834717	2522.163818	1.075894713
Lateral_ventricle	Thalamus_1	Lateral_ventricle->Thalamus_1	14	2522.163818	2692.492676	1.133087039
Lateral_ventricle	Thalamus_1	Lateral_ventricle->Thalamus_1	15	2692.492676	2862.821777	1.151687622
Lateral_ventricle	Thalamus_1	Lateral_ventricle->Thalamus_1	16	2862.821777	3033.150879	1.161534071
Lateral_ventricle	Thalamus_1	Lateral_ventricle->Thalamus_1	17	3033.150879	3203.47998	1.14285481
Lateral_ventricle	Thalamus_1	Lateral_ventricle->Thalamus_1	18	3203.47998	3373.808838	1.114601851
Lateral_ventricle	Thalamus_1	Lateral_ventricle->Thalamus_1	19	3373.808838	3544.137939	1.08496511
Lateral_ventricle	Thalamus_1	Lateral_ventricle->Thalamus_1	20	3544.137939	3714.467041	1.059906602
Lateral_ventricle	Thalamus_1	Lateral_ventricle->Thalamus_1	21	3714.467041	3884.796143	1.040209293
Lateral_ventricle	Thalamus_1	Lateral_ventricle->Thalamus_1	22	3884.796143	4055.125	1.025553346
Lateral_ventricle	Thalamus_1	Lateral_ventricle->Thalamus_1	23	4055.125	4225.454102	1.012305021
Lateral_ventricle	Thalamus_2	Lateral_ventricle->Thalamus_2	0	137.5572662	307.8862915	0.6612116694
Lateral_ventricle	Thalamus_2	Lateral_ventricle->Thalamus_2	1	307.8862915	478.215332	0.7452753782
Lateral_ventricle	Thalamus_2	Lateral_ventricle->Thalamus_2	2	478.215332	648.5443726	0.7622983456
Lateral_ventricle	Thalamus_2	Lateral_ventricle->Thalamus_2	3	648.5443726	818.8734131	0.7604317069
Lateral_ventricle	Thalamus_2	Lateral_ventricle->Thalamus_2	4	818.8734131	989.2024536	0.7448859811
Lateral_ventricle	Thalamus_2	Lateral_ventricle->Thalamus_2	5	989.2024536	1159.531494	0.7199307084
Lateral_ventricle	Thalamus_2	Lateral_ventricle->Thalamus_2	6	1159.531494	1329.860474	0.6740366817
Lateral_ventricle	Thalamus_2	Lateral_ventricle->Thalamus_2	7	1329.860474	1500.189575	0.6408304572
Lateral_ventricle	Thalamus_2	Lateral_ventricle->Thalamus_2	8	1500.189575	1670.518555	0.6100376248
Lateral_ventricle	Thalamus_2	Lateral_ventricle->Thalamus_2	9	1670.518555	1840.847656	0.603938818
Lateral_ventricle	Thalamus_2	Lateral_ventricle->Thalamus_2	10	1840.847656	2011.176636	0.5999845266
Lateral_ventricle	Thalamus_2	Lateral_ventricle->Thalamus_2	11	2011.176636	2181.505615	0.6144763231
Lateral_ventricle	Thalamus_2	Lateral_ventricle->Thalamus_2	12	2181.505615	2351.834717	0.6219152212
Lateral_ventricle	Thalamus_2	Lateral_ventricle->Thalamus_2	13	2351.834717	2522.163818	0.6294872165
Lateral_ventricle	Thalamus_2	Lateral_ventricle->Thalamus_2	14	2522.163818	2692.492676	0.645324707
Lateral_ventricle	Thalamus_2	Lateral_ventricle->Thalamus_2	15	2692.492676	2862.821777	0.6847846508
Lateral_ventricle	Thalamus_2	Lateral_ventricle->Thalamus_2	16	2862.821777	3033.150879	0.7554485202
Lateral_ventricle	Thalamus_2	Lateral_ventricle->Thalamus_2	17	3033.150879	3203.47998	0.8420764208
Lateral_ventricle	Thalamus_2	Lateral_ventricle->Thalamus_2	18	3203.47998	3373.808838	0.9313014746
Lateral_ventricle	Thalamus_2	Lateral_ventricle->Thalamus_2	19	3373.808838	3544.137939	1.018580198
Lateral_ventricle	Thalamus_2	Lateral_ventricle->Thalamus_2	20	3544.137939	3714.467041	1.095336437
Lateral_ventricle	Thalamus_2	Lateral_ventricle->Thalamus_2	21	3714.467041	3884.796143	1.160864115
Lateral_ventricle	Thalamus_2	Lateral_ventricle->Thalamus_2	22	3884.796143	4055.125	1.189190149
Lateral_ventricle	Thalamus_2	Lateral_ventricle->Thalamus_2	23	4055.125	4225.454102	1.194091678
Pyramidal_layer	Cortex_1	Pyramidal_layer->Cortex_1	0	137.5572662	307.8862915	0
Pyramidal_layer	Cortex_1	Pyramidal_layer->Cortex_1	1	307.8862915	478.215332	0
Pyramidal_layer	Cortex_1	Pyramidal_layer->Cortex_1	2	478.215332	648.5443726	0.03197496384
Pyramidal_layer	Cortex_1	Pyramidal_layer->Cortex_1	3	648.5443726	818.8734131	0.1429970562
Pyramidal_layer	Cortex_1	Pyramidal_layer->Cortex_1	4	818.8734131	989.2024536	0.5028451681
Pyramidal_layer	Cortex_1	Pyramidal_layer->Cortex_1	5	989.2024536	1159.531494	0.8594526052
Pyramidal_layer	Cortex_1	Pyramidal_layer->Cortex_1	6	1159.531494	1329.860474	1.240846038
Pyramidal_layer	Cortex_1	Pyramidal_layer->Cortex_1	7	1329.860474	1500.189575	1.470636725
Pyramidal_layer	Cortex_1	Pyramidal_layer->Cortex_1	8	1500.189575	1670.518555	1.600029945
Pyramidal_layer	Cortex_1	Pyramidal_layer->Cortex_1	9	1670.518555	1840.847656	1.69432199
Pyramidal_layer	Cortex_1	Pyramidal_layer->Cortex_1	10	1840.847656	2011.176636	1.756741047
Pyramidal_layer	Cortex_1	Pyramidal_layer->Cortex_1	11	2011.176636	2181.505615	1.783411741
Pyramidal_layer	Cortex_1	Pyramidal_layer->Cortex_1	12	2181.505615	2351.834717	1.803095698
Pyramidal_layer	Cortex_1	Pyramidal_layer->Cortex_1	13	2351.834717	2522.163818	1.786562443
Pyramidal_layer	Cortex_1	Pyramidal_layer->Cortex_1	14	2522.163818	2692.492676	1.765225768
Pyramidal_layer	Cortex_1	Pyramidal_layer->Cortex_1	15	2692.492676	2862.821777	1.731993437
Pyramidal_layer	Cortex_1	Pyramidal_layer->Cortex_1	16	2862.821777	3033.150879	1.711462975
Pyramidal_layer	Cortex_1	Pyramidal_layer->Cortex_1	17	3033.150879	3203.47998	1.685034037
Pyramidal_layer	Cortex_1	Pyramidal_layer->Cortex_1	18	3203.47998	3373.808838	1.658542752
Pyramidal_layer	Cortex_1	Pyramidal_layer->Cortex_1	19	3373.808838	3544.137939	1.626154423
Pyramidal_layer	Cortex_1	Pyramidal_layer->Cortex_1	20	3544.137939	3714.467041	1.596901298
Pyramidal_layer	Cortex_1	Pyramidal_layer->Cortex_1	21	3714.467041	3884.796143	1.564698458
Pyramidal_layer	Cortex_1	Pyramidal_layer->Cortex_1	22	3884.796143	4055.125	1.53122437
Pyramidal_layer	Cortex_1	Pyramidal_layer->Cortex_1	23	4055.125	4225.454102	1.493501067
Pyramidal_layer	Cortex_2	Pyramidal_layer->Cortex_2	0	137.5572662	307.8862915	0
Pyramidal_layer	Cortex_2	Pyramidal_layer->Cortex_2	1	307.8862915	478.215332	0
Pyramidal_layer	Cortex_2	Pyramidal_layer->Cortex_2	2	478.215332	648.5443726	0
Pyramidal_layer	Cortex_2	Pyramidal_layer->Cortex_2	3	648.5443726	818.8734131	0
Pyramidal_layer	Cortex_2	Pyramidal_layer->Cortex_2	4	818.8734131	989.2024536	0
Pyramidal_layer	Cortex_2	Pyramidal_layer->Cortex_2	5	989.2024536	1159.531494	0
Pyramidal_layer	Cortex_2	Pyramidal_layer->Cortex_2	6	1159.531494	1329.860474	0
Pyramidal_layer	Cortex_2	Pyramidal_layer->Cortex_2	7	1329.860474	1500.189575	0
Pyramidal_layer	Cortex_2	Pyramidal_layer->Cortex_2	8	1500.189575	1670.518555	0
Pyramidal_layer	Cortex_2	Pyramidal_layer->Cortex_2	9	1670.518555	1840.847656	0
Pyramidal_layer	Cortex_2	Pyramidal_layer->Cortex_2	10	1840.847656	2011.176636	0
Pyramidal_layer	Cortex_2	Pyramidal_layer->Cortex_2	11	2011.176636	2181.505615	0
Pyramidal_layer	Cortex_2	Pyramidal_layer->Cortex_2	12	2181.505615	2351.834717	0
Pyramidal_layer	Cortex_2	Pyramidal_layer->Cortex_2	13	2351.834717	2522.163818	0
Pyramidal_layer	Cortex_2	Pyramidal_layer->Cortex_2	14	2522.163818	2692.492676	0.0008161677397
Pyramidal_layer	Cortex_2	Pyramidal_layer->Cortex_2	15	2692.492676	2862.821777	0.004028024152
Pyramidal_layer	Cortex_2	Pyramidal_layer->Cortex_2	16	2862.821777	3033.150879	0.009021898732
Pyramidal_layer	Cortex_2	Pyramidal_layer->Cortex_2	17	3033.150879	3203.47998	0.0187898688
Pyramidal_layer	Cortex_2	Pyramidal_layer->Cortex_2	18	3203.47998	3373.808838	0.0307056345
Pyramidal_layer	Cortex_2	Pyramidal_layer->Cortex_2	19	3373.808838	3544.137939	0.04992580041
Pyramidal_layer	Cortex_2	Pyramidal_layer->Cortex_2	20	3544.137939	3714.467041	0.06971435994
Pyramidal_layer	Cortex_2	Pyramidal_layer->Cortex_2	21	3714.467041	3884.796143	0.09780924022
Pyramidal_layer	Cortex_2	Pyramidal_layer->Cortex_2	22	3884.796143	4055.125	0.1308870167
Pyramidal_layer	Cortex_2	Pyramidal_layer->Cortex_2	23	4055.125	4225.454102	0.1704751998
Pyramidal_layer	Cortex_3	Pyramidal_layer->Cortex_3	0	137.5572662	307.8862915	0
Pyramidal_layer	Cortex_3	Pyramidal_layer->Cortex_3	1	307.8862915	478.215332	0.2037597299
Pyramidal_layer	Cortex_3	Pyramidal_layer->Cortex_3	2	478.215332	648.5443726	0.9423757195
Pyramidal_layer	Cortex_3	Pyramidal_layer->Cortex_3	3	648.5443726	818.8734131	1.238806248
Pyramidal_layer	Cortex_3	Pyramidal_layer->Cortex_3	4	818.8734131	989.2024536	1.421258569
Pyramidal_layer	Cortex_3	Pyramidal_layer->Cortex_3	5	989.2024536	1159.531494	1.433254838
Pyramidal_layer	Cortex_3	Pyramidal_layer->Cortex_3	6	1159.531494	1329.860474	1.389288783
Pyramidal_layer	Cortex_3	Pyramidal_layer->Cortex_3	7	1329.860474	1500.189575	1.33671999
Pyramidal_layer	Cortex_3	Pyramidal_layer->Cortex_3	8	1500.189575	1670.518555	1.304929733
Pyramidal_layer	Cortex_3	Pyramidal_layer->Cortex_3	9	1670.518555	1840.847656	1.25748682
Pyramidal_layer	Cortex_3	Pyramidal_layer->Cortex_3	10	1840.847656	2011.176636	1.21462369
Pyramidal_layer	Cortex_3	Pyramidal_layer->Cortex_3	11	2011.176636	2181.505615	1.185836315
Pyramidal_layer	Cortex_3	Pyramidal_layer->Cortex_3	12	2181.505615	2351.834717	1.164528847
Pyramidal_layer	Cortex_3	Pyramidal_layer->Cortex_3	13	2351.834717	2522.163818	1.15249753
Pyramidal_layer	Cortex_3	Pyramidal_layer->Cortex_3	14	2522.163818	2692.492676	1.139616489
Pyramidal_layer	Cortex_3	Pyramidal_layer->Cortex_3	15	2692.492676	2862.821777	1.130386591
Pyramidal_layer	Cortex_3	Pyramidal_layer->Cortex_3	16	2862.821777	3033.150879	1.126731396
Pyramidal_layer	Cortex_3	Pyramidal_layer->Cortex_3	17	3033.150879	3203.47998	1.12069869
Pyramidal_layer	Cortex_3	Pyramidal_layer->Cortex_3	18	3203.47998	3373.808838	1.115553737
Pyramidal_layer	Cortex_3	Pyramidal_layer->Cortex_3	19	3373.808838	3544.137939	1.112314701
Pyramidal_layer	Cortex_3	Pyramidal_layer->Cortex_3	20	3544.137939	3714.467041	1.113078117
Pyramidal_layer	Cortex_3	Pyramidal_layer->Cortex_3	21	3714.467041	3884.796143	1.111182332
Pyramidal_layer	Cortex_3	Pyramidal_layer->Cortex_3	22	3884.796143	4055.125	1.107322931
Pyramidal_layer	Cortex_3	Pyramidal_layer->Cortex_3	23	4055.125	4225.454102	1.104633331
Pyramidal_layer	Cortex_4	Pyramidal_layer->Cortex_4	0	137.5572662	307.8862915	0
Pyramidal_layer	Cortex_4	Pyramidal_layer->Cortex_4	1	307.8862915	478.215332	0
Pyramidal_layer	Cortex_4	Pyramidal_layer->Cortex_4	2	478.215332	648.5443726	0
Pyramidal_layer	Cortex_4	Pyramidal_layer->Cortex_4	3	648.5443726	818.8734131	0
Pyramidal_layer	Cortex_4	Pyramidal_layer->Cortex_4	4	818.8734131	989.2024536	0
Pyramidal_layer	Cortex_4	Pyramidal_layer->Cortex_4	5	989.2024536	1159.531494	0.00217174273
Pyramidal_layer	Cortex_4	Pyramidal_layer->Cortex_4	6	1159.531494	1329.860474	0.1171863824
Pyramidal_layer	Cortex_4	Pyramidal_layer->Cortex_4	7	1329.860474	1500.189575	0.4351433814
Pyramidal_layer	Cortex_4	Pyramidal_layer->Cortex_4	8	1500.189575	1670.518555	0.7210696936
Pyramidal_layer	Cortex_4	Pyramidal_layer->Cortex_4	9	1670.518555	1840.847656	1.028675318
Pyramidal_layer	Cortex_4	Pyramidal_layer->Cortex_4	10	1840.847656	2011.176636	1.2120502
Pyramidal_layer	Cortex_4	Pyramidal_layer->Cortex_4	11	2011.176636	2181.505615	1.378848076
Pyramidal_layer	Cortex_4	Pyramidal_layer->Cortex_4	12	2181.505615	2351.834717	1.459858894
Pyramidal_layer	Cortex_4	Pyramidal_layer->Cortex_4	13	2351.834717	2522.163818	1.515721321
Pyramidal_layer	Cortex_4	Pyramidal_layer->Cortex_4	14	2522.163818	2692.492676	1.547664762
Pyramidal_layer	Cortex_4	Pyramidal_layer->Cortex_4	15	2692.492676	2862.821777	1.565318465
Pyramidal_layer	Cortex_4	Pyramidal_layer->Cortex_4	16	2862.821777	3033.150879	1.564878941
Pyramidal_layer	Cortex_4	Pyramidal_layer->Cortex_4	17	3033.150879	3203.47998	1.556058049
Pyramidal_layer	Cortex_4	Pyramidal_layer->Cortex_4	18	3203.47998	3373.808838	1.54618597
Pyramidal_layer	Cortex_4	Pyramidal_layer->Cortex_4	19	3373.808838	3544.137939	1.527041197
Pyramidal_layer	Cortex_4	Pyramidal_layer->Cortex_4	20	3544.137939	3714.467041	1.513394952
Pyramidal_layer	Cortex_4	Pyramidal_layer->Cortex_4	21	3714.467041	3884.796143	1.492566347
Pyramidal_layer	Cortex_4	Pyramidal_layer->Cortex_4	22	3884.796143	4055.125	1.468401909
Pyramidal_layer	Cortex_4	Pyramidal_layer->Cortex_4	23	4055.125	4225.454102	1.442251325
Pyramidal_layer	Cortex_5	Pyramidal_layer->Cortex_5	0	137.5572662	307.8862915	0
Pyramidal_layer	Cortex_5	Pyramidal_layer->Cortex_5	1	307.8862915	478.215332	0.08922526985
Pyramidal_layer	Cortex_5	Pyramidal_layer->Cortex_5	2	478.215332	648.5443726	0.0708174631
Pyramidal_layer	Cortex_5	Pyramidal_layer->Cortex_5	3	648.5443726	818.8734131	0.05733356252
Pyramidal_layer	Cortex_5	Pyramidal_layer->Cortex_5	4	818.8734131	989.2024536	0.04656225815
Pyramidal_layer	Cortex_5	Pyramidal_layer->Cortex_5	5	989.2024536	1159.531494	0.05090551451
Pyramidal_layer	Cortex_5	Pyramidal_layer->Cortex_5	6	1159.531494	1329.860474	0.06423603743
Pyramidal_layer	Cortex_5	Pyramidal_layer->Cortex_5	7	1329.860474	1500.189575	0.08815686405
Pyramidal_layer	Cortex_5	Pyramidal_layer->Cortex_5	8	1500.189575	1670.518555	0.1697171032
Pyramidal_layer	Cortex_5	Pyramidal_layer->Cortex_5	9	1670.518555	1840.847656	0.3879204094
Pyramidal_layer	Cortex_5	Pyramidal_layer->Cortex_5	10	1840.847656	2011.176636	0.5664201975
Pyramidal_layer	Cortex_5	Pyramidal_layer->Cortex_5	11	2011.176636	2181.505615	0.688677907
Pyramidal_layer	Cortex_5	Pyramidal_layer->Cortex_5	12	2181.505615	2351.834717	0.7774482369
Pyramidal_layer	Cortex_5	Pyramidal_layer->Cortex_5	13	2351.834717	2522.163818	0.854364872
Pyramidal_layer	Cortex_5	Pyramidal_layer->Cortex_5	14	2522.163818	2692.492676	0.8812904358
Pyramidal_layer	Cortex_5	Pyramidal_layer->Cortex_5	15	2692.492676	2862.821777	0.9010683298
Pyramidal_layer	Cortex_5	Pyramidal_layer->Cortex_5	16	2862.821777	3033.150879	0.902577281
Pyramidal_layer	Cortex_5	Pyramidal_layer->Cortex_5	17	3033.150879	3203.47998	0.9057830572
Pyramidal_layer	Cortex_5	Pyramidal_layer->Cortex_5	18	3203.47998	3373.808838	0.9082625508
Pyramidal_layer	Cortex_5	Pyramidal_layer->Cortex_5	19	3373.808838	3544.137939	0.8989496231
Pyramidal_layer	Cortex_5	Pyramidal_layer->Cortex_5	20	3544.137939	3714.467041	0.8966934681
Pyramidal_layer	Cortex_5	Pyramidal_layer->Cortex_5	21	3714.467041	3884.796143	0.8874670267
Pyramidal_layer	Cortex_5	Pyramidal_layer->Cortex_5	22	3884.796143	4055.125	0.8760104775
Pyramidal_layer	Cortex_5	Pyramidal_layer->Cortex_5	23	4055.125	4225.454102	0.8757266402
Pyramidal_layer	Fiber_tract	Pyramidal_layer->Fiber_tract	0	137.5572662	307.8862915	0.7909277678
Pyramidal_layer	Fiber_tract	Pyramidal_layer->Fiber_tract	1	307.8862915	478.215332	1.700704455
Pyramidal_layer	Fiber_tract	Pyramidal_layer->Fiber_tract	2	478.215332	648.5443726	1.997467995
Pyramidal_layer	Fiber_tract	Pyramidal_layer->Fiber_tract	3	648.5443726	818.8734131	1.95706594
Pyramidal_layer	Fiber_tract	Pyramidal_layer->Fiber_tract	4	818.8734131	989.2024536	1.726649761
Pyramidal_layer	Fiber_tract	Pyramidal_layer->Fiber_tract	5	989.2024536	1159.531494	1.520811081
Pyramidal_layer	Fiber_tract	Pyramidal_layer->Fiber_tract	6	1159.531494	1329.860474	1.338481784
Pyramidal_layer	Fiber_tract	Pyramidal_layer->Fiber_tract	7	1329.860474	1500.189575	1.219492912
Pyramidal_layer	Fiber_tract	Pyramidal_layer->Fiber_tract	8	1500.189575	1670.518555	1.136193871
Pyramidal_layer	Fiber_tract	Pyramidal_layer->Fiber_tract	9	1670.518555	1840.847656	1.044997811
Pyramidal_layer	Fiber_tract	Pyramidal_layer->Fiber_tract	10	1840.847656	2011.176636	0.9918216467
Pyramidal_layer	Fiber_tract	Pyramidal_layer->Fiber_tract	11	2011.176636	2181.505615	0.947153151
Pyramidal_layer	Fiber_tract	Pyramidal_layer->Fiber_tract	12	2181.505615	2351.834717	0.9226617217
Pyramidal_layer	Fiber_tract	Pyramidal_layer->Fiber_tract	13	2351.834717	2522.163818	0.9000889063
Pyramidal_layer	Fiber_tract	Pyramidal_layer->Fiber_tract	14	2522.163818	2692.492676	0.8918474913
Pyramidal_layer	Fiber_tract	Pyramidal_layer->Fiber_tract	15	2692.492676	2862.821777	0.8949300647
Pyramidal_layer	Fiber_tract	Pyramidal_layer->Fiber_tract	16	2862.821777	3033.150879	0.9065061808
Pyramidal_layer	Fiber_tract	Pyramidal_layer->Fiber_tract	17	3033.150879	3203.47998	0.9315856099
Pyramidal_layer	Fiber_tract	Pyramidal_layer->Fiber_tract	18	3203.47998	3373.808838	0.9757471681
Pyramidal_layer	Fiber_tract	Pyramidal_layer->Fiber_tract	19	3373.808838	3544.137939	1.012829065
Pyramidal_layer	Fiber_tract	Pyramidal_layer->Fiber_tract	20	3544.137939	3714.467041	1.048488617
Pyramidal_layer	Fiber_tract	Pyramidal_layer->Fiber_tract	21	3714.467041	3884.796143	1.092346907
Pyramidal_layer	Fiber_tract	Pyramidal_layer->Fiber_tract	22	3884.796143	4055.125	1.125089169
Pyramidal_layer	Fiber_tract	Pyramidal_layer->Fiber_tract	23	4055.125	4225.454102	1.147112489
Pyramidal_layer	Hippocampus	Pyramidal_layer->Hippocampus	0	137.5572662	307.8862915	7.288898468
Pyramidal_layer	Hippocampus	Pyramidal_layer->Hippocampus	1	307.8862915	478.215332	6.739982605
Pyramidal_layer	Hippocampus	Pyramidal_layer->Hippocampus	2	478.215332	648.5443726	5.907258987
Pyramidal_layer	Hippocampus	Pyramidal_layer->Hippocampus	3	648.5443726	818.8734131	5.404129028
Pyramidal_layer	Hippocampus	Pyramidal_layer->Hippocampus	4	818.8734131	989.2024536	4.620755672
Pyramidal_layer	Hippocampus	Pyramidal_layer->Hippocampus	5	989.2024536	1159.531494	4.139976978
Pyramidal_layer	Hippocampus	Pyramidal_layer->Hippocampus	6	1159.531494	1329.860474	3.731130838
Pyramidal_layer	Hippocampus	Pyramidal_layer->Hippocampus	7	1329.860474	1500.189575	3.383669138
Pyramidal_layer	Hippocampus	Pyramidal_layer->Hippocampus	8	1500.189575	1670.518555	3.115435362
Pyramidal_layer	Hippocampus	Pyramidal_layer->Hippocampus	9	1670.518555	1840.847656	2.805600166
Pyramidal_layer	Hippocampus	Pyramidal_layer->Hippocampus	10	1840.847656	2011.176636	2.590751886
Pyramidal_layer	Hippocampus	Pyramidal_layer->Hippocampus	11	2011.176636	2181.505615	2.39528966
Pyramidal_layer	Hippocampus	Pyramidal_layer->Hippocampus	12	2181.505615	2351.834717	2.260118723
Pyramidal_layer	Hippocampus	Pyramidal_layer->Hippocampus	13	2351.834717	2522.163818	2.126692295
Pyramidal_layer	Hippocampus	Pyramidal_layer->Hippocampus	14	2522.163818	2692.492676	2.016783714
Pyramidal_layer	Hippocampus	Pyramidal_layer->Hippocampus	15	2692.492676	2862.821777	1.925223351
Pyramidal_layer	Hippocampus	Pyramidal_layer->Hippocampus	16	2862.821777	3033.150879	1.837547898
Pyramidal_layer	Hippocampus	Pyramidal_layer->Hippocampus	17	3033.150879	3203.47998	1.769652367
Pyramidal_layer	Hippocampus	Pyramidal_layer->Hippocampus	18	3203.47998	3373.808838	1.689870596
Pyramidal_layer	Hippocampus	Pyramidal_layer->Hippocampus	19	3373.808838	3544.137939	1.617159128
Pyramidal_layer	Hippocampus	Pyramidal_layer->Hippocampus	20	3544.137939	3714.467041	1.550794125
Pyramidal_layer	Hippocampus	Pyramidal_layer->Hippocampus	21	3714.467041	3884.796143	1.481842875
Pyramidal_layer	Hippocampus	Pyramidal_layer->Hippocampus	22	3884.796143	4055.125	1.424863935
Pyramidal_layer	Hippocampus	Pyramidal_layer->Hippocampus	23	4055.125	4225.454102	1.361955643
Pyramidal_layer	Hypothalamus_1	Pyramidal_layer->Hypothalamus_1	0	137.5572662	307.8862915	0
Pyramidal_layer	Hypothalamus_1	Pyramidal_layer->Hypothalamus_1	1	307.8862915	478.215332	0
Pyramidal_layer	Hypothalamus_1	Pyramidal_layer->Hypothalamus_1	2	478.215332	648.5443726	0
Pyramidal_layer	Hypothalamus_1	Pyramidal_layer->Hypothalamus_1	3	648.5443726	818.8734131	0
Pyramidal_layer	Hypothalamus_1	Pyramidal_layer->Hypothalamus_1	4	818.8734131	989.2024536	0
Pyramidal_layer	Hypothalamus_1	Pyramidal_layer->Hypothalamus_1	5	989.2024536	1159.531494	0
Pyramidal_layer	Hypothalamus_1	Pyramidal_layer->Hypothalamus_1	6	1159.531494	1329.860474	0
Pyramidal_layer	Hypothalamus_1	Pyramidal_layer->Hypothalamus_1	7	1329.860474	1500.189575	0
Pyramidal_layer	Hypothalamus_1	Pyramidal_layer->Hypothalamus_1	8	1500.189575	1670.518555	0
Pyramidal_layer	Hypothalamus_1	Pyramidal_layer->Hypothalamus_1	9	1670.518555	1840.847656	0
Pyramidal_layer	Hypothalamus_1	Pyramidal_layer->Hypothalamus_1	10	1840.847656	2011.176636	0
Pyramidal_layer	Hypothalamus_1	Pyramidal_layer->Hypothalamus_1	11	2011.176636	2181.505615	0
Pyramidal_layer	Hypothalamus_1	Pyramidal_layer->Hypothalamus_1	12	2181.505615	2351.834717	0
Pyramidal_layer	Hypothalamus_1	Pyramidal_layer->Hypothalamus_1	13	2351.834717	2522.163818	0
Pyramidal_layer	Hypothalamus_1	Pyramidal_layer->Hypothalamus_1	14	2522.163818	2692.492676	0
Pyramidal_layer	Hypothalamus_1	Pyramidal_layer->Hypothalamus_1	15	2692.492676	2862.821777	0
Pyramidal_layer	Hypothalamus_1	Pyramidal_layer->Hypothalamus_1	16	2862.821777	3033.150879	0
Pyramidal_layer	Hypothalamus_1	Pyramidal_layer->Hypothalamus_1	17	3033.150879	3203.47998	0
Pyramidal_layer	Hypothalamus_1	Pyramidal_layer->Hypothalamus_1	18	3203.47998	3373.808838	0
Pyramidal_layer	Hypothalamus_1	Pyramidal_layer->Hypothalamus_1	19	3373.808838	3544.137939	0
Pyramidal_layer	Hypothalamus_1	Pyramidal_layer->Hypothalamus_1	20	3544.137939	3714.467041	0.001441110508
Pyramidal_layer	Hypothalamus_1	Pyramidal_layer->Hypothalamus_1	21	3714.467041	3884.796143	0.008399131708
Pyramidal_layer	Hypothalamus_1	Pyramidal_layer->Hypothalamus_1	22	3884.796143	4055.125	0.02698080428
Pyramidal_layer	Hypothalamus_1	Pyramidal_layer->Hypothalamus_1	23	4055.125	4225.454102	0.06530145556
Pyramidal_layer	Hypothalamus_2	Pyramidal_layer->Hypothalamus_2	0	137.5572662	307.8862915	0
Pyramidal_layer	Hypothalamus_2	Pyramidal_layer->Hypothalamus_2	1	307.8862915	478.215332	0
Pyramidal_layer	Hypothalamus_2	Pyramidal_layer->Hypothalamus_2	2	478.215332	648.5443726	0
Pyramidal_layer	Hypothalamus_2	Pyramidal_layer->Hypothalamus_2	3	648.5443726	818.8734131	0
Pyramidal_layer	Hypothalamus_2	Pyramidal_layer->Hypothalamus_2	4	818.8734131	989.2024536	0.04746837169
Pyramidal_layer	Hypothalamus_2	Pyramidal_layer->Hypothalamus_2	5	989.2024536	1159.531494	0.09376921505
Pyramidal_layer	Hypothalamus_2	Pyramidal_layer->Hypothalamus_2	6	1159.531494	1329.860474	0.1355059445
Pyramidal_layer	Hypothalamus_2	Pyramidal_layer->Hypothalamus_2	7	1329.860474	1500.189575	0.1765795201
Pyramidal_layer	Hypothalamus_2	Pyramidal_layer->Hypothalamus_2	8	1500.189575	1670.518555	0.1890528202
Pyramidal_layer	Hypothalamus_2	Pyramidal_layer->Hypothalamus_2	9	1670.518555	1840.847656	0.205127582
Pyramidal_layer	Hypothalamus_2	Pyramidal_layer->Hypothalamus_2	10	1840.847656	2011.176636	0.2164127082
Pyramidal_layer	Hypothalamus_2	Pyramidal_layer->Hypothalamus_2	11	2011.176636	2181.505615	0.2348866314
Pyramidal_layer	Hypothalamus_2	Pyramidal_layer->Hypothalamus_2	12	2181.505615	2351.834717	0.2471277416
Pyramidal_layer	Hypothalamus_2	Pyramidal_layer->Hypothalamus_2	13	2351.834717	2522.163818	0.2741099
Pyramidal_layer	Hypothalamus_2	Pyramidal_layer->Hypothalamus_2	14	2522.163818	2692.492676	0.3127572238
Pyramidal_layer	Hypothalamus_2	Pyramidal_layer->Hypothalamus_2	15	2692.492676	2862.821777	0.3548316061
Pyramidal_layer	Hypothalamus_2	Pyramidal_layer->Hypothalamus_2	16	2862.821777	3033.150879	0.4149068594
Pyramidal_layer	Hypothalamus_2	Pyramidal_layer->Hypothalamus_2	17	3033.150879	3203.47998	0.4838063717
Pyramidal_layer	Hypothalamus_2	Pyramidal_layer->Hypothalamus_2	18	3203.47998	3373.808838	0.5866501331
Pyramidal_layer	Hypothalamus_2	Pyramidal_layer->Hypothalamus_2	19	3373.808838	3544.137939	0.700368464
Pyramidal_layer	Hypothalamus_2	Pyramidal_layer->Hypothalamus_2	20	3544.137939	3714.467041	0.7935591936
Pyramidal_layer	Hypothalamus_2	Pyramidal_layer->Hypothalamus_2	21	3714.467041	3884.796143	0.886079967
Pyramidal_layer	Hypothalamus_2	Pyramidal_layer->Hypothalamus_2	22	3884.796143	4055.125	0.9506285787
Pyramidal_layer	Hypothalamus_2	Pyramidal_layer->Hypothalamus_2	23	4055.125	4225.454102	1.016654611
Pyramidal_layer	Lateral_ventricle	Pyramidal_layer->Lateral_ventricle	0	137.5572662	307.8862915	0.256824553
Pyramidal_layer	Lateral_ventricle	Pyramidal_layer->Lateral_ventricle	1	307.8862915	478.215332	0.6941260695
Pyramidal_layer	Lateral_ventricle	Pyramidal_layer->Lateral_ventricle	2	478.215332	648.5443726	1.011578679
Pyramidal_layer	Lateral_ventricle	Pyramidal_layer->Lateral_ventricle	3	648.5443726	818.8734131	0.9484621286
Pyramidal_layer	Lateral_ventricle	Pyramidal_layer->Lateral_ventricle	4	818.8734131	989.2024536	0.8329671025
Pyramidal_layer	Lateral_ventricle	Pyramidal_layer->Lateral_ventricle	5	989.2024536	1159.531494	0.7417679429
Pyramidal_layer	Lateral_ventricle	Pyramidal_layer->Lateral_ventricle	6	1159.531494	1329.860474	0.6401166916
Pyramidal_layer	Lateral_ventricle	Pyramidal_layer->Lateral_ventricle	7	1329.860474	1500.189575	0.5860793591
Pyramidal_layer	Lateral_ventricle	Pyramidal_layer->Lateral_ventricle	8	1500.189575	1670.518555	0.5659993887
Pyramidal_layer	Lateral_ventricle	Pyramidal_layer->Lateral_ventricle	9	1670.518555	1840.847656	0.5601283908
Pyramidal_layer	Lateral_ventricle	Pyramidal_layer->Lateral_ventricle	10	1840.847656	2011.176636	0.5619686246
Pyramidal_layer	Lateral_ventricle	Pyramidal_layer->Lateral_ventricle	11	2011.176636	2181.505615	0.5744891167
Pyramidal_layer	Lateral_ventricle	Pyramidal_layer->Lateral_ventricle	12	2181.505615	2351.834717	0.5823408961
Pyramidal_layer	Lateral_ventricle	Pyramidal_layer->Lateral_ventricle	13	2351.834717	2522.163818	0.6026261449
Pyramidal_layer	Lateral_ventricle	Pyramidal_layer->Lateral_ventricle	14	2522.163818	2692.492676	0.6243976355
Pyramidal_layer	Lateral_ventricle	Pyramidal_layer->Lateral_ventricle	15	2692.492676	2862.821777	0.6492052674
Pyramidal_layer	Lateral_ventricle	Pyramidal_layer->Lateral_ventricle	16	2862.821777	3033.150879	0.6673840284
Pyramidal_layer	Lateral_ventricle	Pyramidal_layer->Lateral_ventricle	17	3033.150879	3203.47998	0.6866520047
Pyramidal_layer	Lateral_ventricle	Pyramidal_layer->Lateral_ventricle	18	3203.47998	3373.808838	0.7028210163
Pyramidal_layer	Lateral_ventricle	Pyramidal_layer->Lateral_ventricle	19	3373.808838	3544.137939	0.7312735319
Pyramidal_layer	Lateral_ventricle	Pyramidal_layer->Lateral_ventricle	20	3544.137939	3714.467041	0.7820231318
Pyramidal_layer	Lateral_ventricle	Pyramidal_layer->Lateral_ventricle	21	3714.467041	3884.796143	0.8154565096
Pyramidal_layer	Lateral_ventricle	Pyramidal_layer->Lateral_ventricle	22	3884.796143	4055.125	0.8478814363
Pyramidal_layer	Lateral_ventricle	Pyramidal_layer->Lateral_ventricle	23	4055.125	4225.454102	0.8633744717
Pyramidal_layer	Pyramidal_layer	Pyramidal_layer->Pyramidal_layer	0	137.5572662	307.8862915	18.25286102
Pyramidal_layer	Pyramidal_layer	Pyramidal_layer->Pyramidal_layer	1	307.8862915	478.215332	13.07822323
Pyramidal_layer	Pyramidal_layer	Pyramidal_layer->Pyramidal_layer	2	478.215332	648.5443726	8.833091736
Pyramidal_layer	Pyramidal_layer	Pyramidal_layer->Pyramidal_layer	3	648.5443726	818.8734131	7.450213909
Pyramidal_layer	Pyramidal_layer	Pyramidal_layer->Pyramidal_layer	4	818.8734131	989.2024536	5.960236549
Pyramidal_layer	Pyramidal_layer	Pyramidal_layer->Pyramidal_layer	5	989.2024536	1159.531494	5.03479147
Pyramidal_layer	Pyramidal_layer	Pyramidal_layer->Pyramidal_layer	6	1159.531494	1329.860474	4.314777851
Pyramidal_layer	Pyramidal_layer	Pyramidal_layer->Pyramidal_layer	7	1329.860474	1500.189575	3.79408884
Pyramidal_layer	Pyramidal_layer	Pyramidal_layer->Pyramidal_layer	8	1500.189575	1670.518555	3.432262421
Pyramidal_layer	Pyramidal_layer	Pyramidal_layer->Pyramidal_layer	9	1670.518555	1840.847656	3.067998171
Pyramidal_layer	Pyramidal_layer	Pyramidal_layer->Pyramidal_layer	10	1840.847656	2011.176636	2.818120956
Pyramidal_layer	Pyramidal_layer	Pyramidal_layer->Pyramidal_layer	11	2011.176636	2181.505615	2.618280172
Pyramidal_layer	Pyramidal_layer	Pyramidal_layer->Pyramidal_layer	12	2181.505615	2351.834717	2.493673086
Pyramidal_layer	Pyramidal_layer	Pyramidal_layer->Pyramidal_layer	13	2351.834717	2522.163818	2.348190546
Pyramidal_layer	Pyramidal_layer	Pyramidal_layer->Pyramidal_layer	14	2522.163818	2692.492676	2.224324226
Pyramidal_layer	Pyramidal_layer	Pyramidal_layer->Pyramidal_layer	15	2692.492676	2862.821777	2.117993355
Pyramidal_layer	Pyramidal_layer	Pyramidal_layer->Pyramidal_layer	16	2862.821777	3033.150879	1.992634296
Pyramidal_layer	Pyramidal_layer	Pyramidal_layer->Pyramidal_layer	17	3033.150879	3203.47998	1.896855712
Pyramidal_layer	Pyramidal_layer	Pyramidal_layer->Pyramidal_layer	18	3203.47998	3373.808838	1.789144158
Pyramidal_layer	Pyramidal_layer	Pyramidal_layer->Pyramidal_layer	19	3373.808838	3544.137939	1.699779272
Pyramidal_layer	Pyramidal_layer	Pyramidal_layer->Pyramidal_layer	20	3544.137939	3714.467041	1.621352553
Pyramidal_layer	Pyramidal_layer	Pyramidal_layer->Pyramidal_layer	21	3714.467041	3884.796143	1.544579387
Pyramidal_layer	Pyramidal_layer	Pyramidal_layer->Pyramidal_layer	22	3884.796143	4055.125	1.481110573
Pyramidal_layer	Pyramidal_layer	Pyramidal_layer->Pyramidal_layer	23	4055.125	4225.454102	1.410047531
Pyramidal_layer	Pyramidal_layer_dentate_gyrus	Pyramidal_layer->Pyramidal_layer_dentate_gyrus	0	137.5572662	307.8862915	0.401167661
Pyramidal_layer	Pyramidal_layer_dentate_gyrus	Pyramidal_layer->Pyramidal_layer_dentate_gyrus	1	307.8862915	478.215332	0.5335782766
Pyramidal_layer	Pyramidal_layer_dentate_gyrus	Pyramidal_layer->Pyramidal_layer_dentate_gyrus	2	478.215332	648.5443726	0.8693305254
Pyramidal_layer	Pyramidal_layer_dentate_gyrus	Pyramidal_layer->Pyramidal_layer_dentate_gyrus	3	648.5443726	818.8734131	1.408742189
Pyramidal_layer	Pyramidal_layer_dentate_gyrus	Pyramidal_layer->Pyramidal_layer_dentate_gyrus	4	818.8734131	989.2024536	2.646382809
Pyramidal_layer	Pyramidal_layer_dentate_gyrus	Pyramidal_layer->Pyramidal_layer_dentate_gyrus	5	989.2024536	1159.531494	3.269729853
Pyramidal_layer	Pyramidal_layer_dentate_gyrus	Pyramidal_layer->Pyramidal_layer_dentate_gyrus	6	1159.531494	1329.860474	3.305336237
Pyramidal_layer	Pyramidal_layer_dentate_gyrus	Pyramidal_layer->Pyramidal_layer_dentate_gyrus	7	1329.860474	1500.189575	3.075637102
Pyramidal_layer	Pyramidal_layer_dentate_gyrus	Pyramidal_layer->Pyramidal_layer_dentate_gyrus	8	1500.189575	1670.518555	2.850008488
Pyramidal_layer	Pyramidal_layer_dentate_gyrus	Pyramidal_layer->Pyramidal_layer_dentate_gyrus	9	1670.518555	1840.847656	2.539667845
Pyramidal_layer	Pyramidal_layer_dentate_gyrus	Pyramidal_layer->Pyramidal_layer_dentate_gyrus	10	1840.847656	2011.176636	2.314975977
Pyramidal_layer	Pyramidal_layer_dentate_gyrus	Pyramidal_layer->Pyramidal_layer_dentate_gyrus	11	2011.176636	2181.505615	2.107738733
Pyramidal_layer	Pyramidal_layer_dentate_gyrus	Pyramidal_layer->Pyramidal_layer_dentate_gyrus	12	2181.505615	2351.834717	1.948866248
Pyramidal_layer	Pyramidal_layer_dentate_gyrus	Pyramidal_layer->Pyramidal_layer_dentate_gyrus	13	2351.834717	2522.163818	1.82110095
Pyramidal_layer	Pyramidal_layer_dentate_gyrus	Pyramidal_layer->Pyramidal_layer_dentate_gyrus	14	2522.163818	2692.492676	1.723390937
Pyramidal_layer	Pyramidal_layer_dentate_gyrus	Pyramidal_layer->Pyramidal_layer_dentate_gyrus	15	2692.492676	2862.821777	1.645197392
Pyramidal_layer	Pyramidal_layer_dentate_gyrus	Pyramidal_layer->Pyramidal_layer_dentate_gyrus	16	2862.821777	3033.150879	1.565280914
Pyramidal_layer	Pyramidal_layer_dentate_gyrus	Pyramidal_layer->Pyramidal_layer_dentate_gyrus	17	3033.150879	3203.47998	1.498436928
Pyramidal_layer	Pyramidal_layer_dentate_gyrus	Pyramidal_layer->Pyramidal_layer_dentate_gyrus	18	3203.47998	3373.808838	1.427850008
Pyramidal_layer	Pyramidal_layer_dentate_gyrus	Pyramidal_layer->Pyramidal_layer_dentate_gyrus	19	3373.808838	3544.137939	1.365280747
Pyramidal_layer	Pyramidal_layer_dentate_gyrus	Pyramidal_layer->Pyramidal_layer_dentate_gyrus	20	3544.137939	3714.467041	1.3077209
Pyramidal_layer	Pyramidal_layer_dentate_gyrus	Pyramidal_layer->Pyramidal_layer_dentate_gyrus	21	3714.467041	3884.796143	1.25497973
Pyramidal_layer	Pyramidal_layer_dentate_gyrus	Pyramidal_layer->Pyramidal_layer_dentate_gyrus	22	3884.796143	4055.125	1.212701559
Pyramidal_layer	Pyramidal_layer_dentate_gyrus	Pyramidal_layer->Pyramidal_layer_dentate_gyrus	23	4055.125	4225.454102	1.167666197
Pyramidal_layer	Striatum	Pyramidal_layer->Striatum	0	137.5572662	307.8862915	0
Pyramidal_layer	Striatum	Pyramidal_layer->Striatum	1	307.8862915	478.215332	0
Pyramidal_layer	Striatum	Pyramidal_layer->Striatum	2	478.215332	648.5443726	0
Pyramidal_layer	Striatum	Pyramidal_layer->Striatum	3	648.5443726	818.8734131	0
Pyramidal_layer	Striatum	Pyramidal_layer->Striatum	4	818.8734131	989.2024536	0
Pyramidal_layer	Striatum	Pyramidal_layer->Striatum	5	989.2024536	1159.531494	0
Pyramidal_layer	Striatum	Pyramidal_layer->Striatum	6	1159.531494	1329.860474	0.003485143185
Pyramidal_layer	Striatum	Pyramidal_layer->Striatum	7	1329.860474	1500.189575	0.01016944181
Pyramidal_layer	Striatum	Pyramidal_layer->Striatum	8	1500.189575	1670.518555	0.01606908068
Pyramidal_layer	Striatum	Pyramidal_layer->Striatum	9	1670.518555	1840.847656	0.0262965057
Pyramidal_layer	Striatum	Pyramidal_layer->Striatum	10	1840.847656	2011.176636	0.03934010118
Pyramidal_layer	Striatum	Pyramidal_layer->Striatum	11	2011.176636	2181.505615	0.05436681956
Pyramidal_layer	Striatum	Pyramidal_layer->Striatum	12	2181.505615	2351.834717	0.07077104598
Pyramidal_layer	Striatum	Pyramidal_layer->Striatum	13	2351.834717	2522.163818	0.09280974418
Pyramidal_layer	Striatum	Pyramidal_layer->Striatum	14	2522.163818	2692.492676	0.1154725403
Pyramidal_layer	Striatum	Pyramidal_layer->Striatum	15	2692.492676	2862.821777	0.1435364336
Pyramidal_layer	Striatum	Pyramidal_layer->Striatum	16	2862.821777	3033.150879	0.1677702218
Pyramidal_layer	Striatum	Pyramidal_layer->Striatum	17	3033.150879	3203.47998	0.1955125332
Pyramidal_layer	Striatum	Pyramidal_layer->Striatum	18	3203.47998	3373.808838	0.2264727056
Pyramidal_layer	Striatum	Pyramidal_layer->Striatum	19	3373.808838	3544.137939	0.2666569948
Pyramidal_layer	Striatum	Pyramidal_layer->Striatum	20	3544.137939	3714.467041	0.3089300096
Pyramidal_layer	Striatum	Pyramidal_layer->Striatum	21	3714.467041	3884.796143	0.364503026
Pyramidal_layer	Striatum	Pyramidal_layer->Striatum	22	3884.796143	4055.125	0.4236832559
Pyramidal_layer	Striatum	Pyramidal_layer->Striatum	23	4055.125	4225.454102	0.5289510489
Pyramidal_layer	Thalamus_1	Pyramidal_layer->Thalamus_1	0	137.5572662	307.8862915	0
Pyramidal_layer	Thalamus_1	Pyramidal_layer->Thalamus_1	1	307.8862915	478.215332	0
Pyramidal_layer	Thalamus_1	Pyramidal_layer->Thalamus_1	2	478.215332	648.5443726	0
Pyramidal_layer	Thalamus_1	Pyramidal_layer->Thalamus_1	3	648.5443726	818.8734131	0
Pyramidal_layer	Thalamus_1	Pyramidal_layer->Thalamus_1	4	818.8734131	989.2024536	0.01459489763
Pyramidal_layer	Thalamus_1	Pyramidal_layer->Thalamus_1	5	989.2024536	1159.531494	0.09001614153
Pyramidal_layer	Thalamus_1	Pyramidal_layer->Thalamus_1	6	1159.531494	1329.860474	0.2331962734
Pyramidal_layer	Thalamus_1	Pyramidal_layer->Thalamus_1	7	1329.860474	1500.189575	0.3898459077
Pyramidal_layer	Thalamus_1	Pyramidal_layer->Thalamus_1	8	1500.189575	1670.518555	0.5297434926
Pyramidal_layer	Thalamus_1	Pyramidal_layer->Thalamus_1	9	1670.518555	1840.847656	0.7096886635
Pyramidal_layer	Thalamus_1	Pyramidal_layer->Thalamus_1	10	1840.847656	2011.176636	0.8368498087
Pyramidal_layer	Thalamus_1	Pyramidal_layer->Thalamus_1	11	2011.176636	2181.505615	0.9562783241
Pyramidal_layer	Thalamus_1	Pyramidal_layer->Thalamus_1	12	2181.505615	2351.834717	1.038022995
Pyramidal_layer	Thalamus_1	Pyramidal_layer->Thalamus_1	13	2351.834717	2522.163818	1.119205713
Pyramidal_layer	Thalamus_1	Pyramidal_layer->Thalamus_1	14	2522.163818	2692.492676	1.177562237
Pyramidal_layer	Thalamus_1	Pyramidal_layer->Thalamus_1	15	2692.492676	2862.821777	1.21649003
Pyramidal_layer	Thalamus_1	Pyramidal_layer->Thalamus_1	16	2862.821777	3033.150879	1.250705123
Pyramidal_layer	Thalamus_1	Pyramidal_layer->Thalamus_1	17	3033.150879	3203.47998	1.257851124
Pyramidal_layer	Thalamus_1	Pyramidal_layer->Thalamus_1	18	3203.47998	3373.808838	1.246246576
Pyramidal_layer	Thalamus_1	Pyramidal_layer->Thalamus_1	19	3373.808838	3544.137939	1.22262609
Pyramidal_layer	Thalamus_1	Pyramidal_layer->Thalamus_1	20	3544.137939	3714.467041	1.191520452
Pyramidal_layer	Thalamus_1	Pyramidal_layer->Thalamus_1	21	3714.467041	3884.796143	1.162628174
Pyramidal_layer	Thalamus_1	Pyramidal_layer->Thalamus_1	22	3884.796143	4055.125	1.143307686
Pyramidal_layer	Thalamus_1	Pyramidal_layer->Thalamus_1	23	4055.125	4225.454102	1.11794436
Pyramidal_layer	Thalamus_2	Pyramidal_layer->Thalamus_2	0	137.5572662	307.8862915	0
Pyramidal_layer	Thalamus_2	Pyramidal_layer->Thalamus_2	1	307.8862915	478.215332	0.009000969119
Pyramidal_layer	Thalamus_2	Pyramidal_layer->Thalamus_2	2	478.215332	648.5443726	0.08842310309
Pyramidal_layer	Thalamus_2	Pyramidal_layer->Thalamus_2	3	648.5443726	818.8734131	0.203131631
Pyramidal_layer	Thalamus_2	Pyramidal_layer->Thalamus_2	4	818.8734131	989.2024536	0.3652493656
Pyramidal_layer	Thalamus_2	Pyramidal_layer->Thalamus_2	5	989.2024536	1159.531494	0.4376986325
Pyramidal_layer	Thalamus_2	Pyramidal_layer->Thalamus_2	6	1159.531494	1329.860474	0.4883666933
Pyramidal_layer	Thalamus_2	Pyramidal_layer->Thalamus_2	7	1329.860474	1500.189575	0.5486018062
Pyramidal_layer	Thalamus_2	Pyramidal_layer->Thalamus_2	8	1500.189575	1670.518555	0.584964633
Pyramidal_layer	Thalamus_2	Pyramidal_layer->Thalamus_2	9	1670.518555	1840.847656	0.6527430415
Pyramidal_layer	Thalamus_2	Pyramidal_layer->Thalamus_2	10	1840.847656	2011.176636	0.7038599849
Pyramidal_layer	Thalamus_2	Pyramidal_layer->Thalamus_2	11	2011.176636	2181.505615	0.7652877569
Pyramidal_layer	Thalamus_2	Pyramidal_layer->Thalamus_2	12	2181.505615	2351.834717	0.8223640323
Pyramidal_layer	Thalamus_2	Pyramidal_layer->Thalamus_2	13	2351.834717	2522.163818	0.902056396
Pyramidal_layer	Thalamus_2	Pyramidal_layer->Thalamus_2	14	2522.163818	2692.492676	0.9868432283
Pyramidal_layer	Thalamus_2	Pyramidal_layer->Thalamus_2	15	2692.492676	2862.821777	1.060189724
Pyramidal_layer	Thalamus_2	Pyramidal_layer->Thalamus_2	16	2862.821777	3033.150879	1.114886522
Pyramidal_layer	Thalamus_2	Pyramidal_layer->Thalamus_2	17	3033.150879	3203.47998	1.152692795
Pyramidal_layer	Thalamus_2	Pyramidal_layer->Thalamus_2	18	3203.47998	3373.808838	1.182564974
Pyramidal_layer	Thalamus_2	Pyramidal_layer->Thalamus_2	19	3373.808838	3544.137939	1.209597111
Pyramidal_layer	Thalamus_2	Pyramidal_layer->Thalamus_2	20	3544.137939	3714.467041	1.225162983
Pyramidal_layer	Thalamus_2	Pyramidal_layer->Thalamus_2	21	3714.467041	3884.796143	1.228874326
Pyramidal_layer	Thalamus_2	Pyramidal_layer->Thalamus_2	22	3884.796143	4055.125	1.221747756
Pyramidal_layer	Thalamus_2	Pyramidal_layer->Thalamus_2	23	4055.125	4225.454102	1.198446631
Pyramidal_layer_dentate_gyrus	Cortex_1	Pyramidal_layer_dentate_gyrus->Cortex_1	0	137.5572662	307.8862915	0
Pyramidal_layer_dentate_gyrus	Cortex_1	Pyramidal_layer_dentate_gyrus->Cortex_1	1	307.8862915	478.215332	0
Pyramidal_layer_dentate_gyrus	Cortex_1	Pyramidal_layer_dentate_gyrus->Cortex_1	2	478.215332	648.5443726	0
Pyramidal_layer_dentate_gyrus	Cortex_1	Pyramidal_layer_dentate_gyrus->Cortex_1	3	648.5443726	818.8734131	0
Pyramidal_layer_dentate_gyrus	Cortex_1	Pyramidal_layer_dentate_gyrus->Cortex_1	4	818.8734131	989.2024536	0.004545258358
Pyramidal_layer_dentate_gyrus	Cortex_1	Pyramidal_layer_dentate_gyrus->Cortex_1	5	989.2024536	1159.531494	0.02866029926
Pyramidal_layer_dentate_gyrus	Cortex_1	Pyramidal_layer_dentate_gyrus->Cortex_1	6	1159.531494	1329.860474	0.1072943434
Pyramidal_layer_dentate_gyrus	Cortex_1	Pyramidal_layer_dentate_gyrus->Cortex_1	7	1329.860474	1500.189575	0.2012384683
Pyramidal_layer_dentate_gyrus	Cortex_1	Pyramidal_layer_dentate_gyrus->Cortex_1	8	1500.189575	1670.518555	0.3290203512
Pyramidal_layer_dentate_gyrus	Cortex_1	Pyramidal_layer_dentate_gyrus->Cortex_1	9	1670.518555	1840.847656	0.5624864697
Pyramidal_layer_dentate_gyrus	Cortex_1	Pyramidal_layer_dentate_gyrus->Cortex_1	10	1840.847656	2011.176636	0.8253982067
Pyramidal_layer_dentate_gyrus	Cortex_1	Pyramidal_layer_dentate_gyrus->Cortex_1	11	2011.176636	2181.505615	1.113254547
Pyramidal_layer_dentate_gyrus	Cortex_1	Pyramidal_layer_dentate_gyrus->Cortex_1	12	2181.505615	2351.834717	1.306485772
Pyramidal_layer_dentate_gyrus	Cortex_1	Pyramidal_layer_dentate_gyrus->Cortex_1	13	2351.834717	2522.163818	1.445793629
Pyramidal_layer_dentate_gyrus	Cortex_1	Pyramidal_layer_dentate_gyrus->Cortex_1	14	2522.163818	2692.492676	1.500155091
Pyramidal_layer_dentate_gyrus	Cortex_1	Pyramidal_layer_dentate_gyrus->Cortex_1	15	2692.492676	2862.821777	1.518412471
Pyramidal_layer_dentate_gyrus	Cortex_1	Pyramidal_layer_dentate_gyrus->Cortex_1	16	2862.821777	3033.150879	1.508531213
Pyramidal_layer_dentate_gyrus	Cortex_1	Pyramidal_layer_dentate_gyrus->Cortex_1	17	3033.150879	3203.47998	1.502846956
Pyramidal_layer_dentate_gyrus	Cortex_1	Pyramidal_layer_dentate_gyrus->Cortex_1	18	3203.47998	3373.808838	1.479480147
Pyramidal_layer_dentate_gyrus	Cortex_1	Pyramidal_layer_dentate_gyrus->Cortex_1	19	3373.808838	3544.137939	1.458401918
Pyramidal_layer_dentate_gyrus	Cortex_1	Pyramidal_layer_dentate_gyrus->Cortex_1	20	3544.137939	3714.467041	1.435770988
Pyramidal_layer_dentate_gyrus	Cortex_1	Pyramidal_layer_dentate_gyrus->Cortex_1	21	3714.467041	3884.796143	1.410143018
Pyramidal_layer_dentate_gyrus	Cortex_1	Pyramidal_layer_dentate_gyrus->Cortex_1	22	3884.796143	4055.125	1.381357312
Pyramidal_layer_dentate_gyrus	Cortex_1	Pyramidal_layer_dentate_gyrus->Cortex_1	23	4055.125	4225.454102	1.342677832
Pyramidal_layer_dentate_gyrus	Cortex_2	Pyramidal_layer_dentate_gyrus->Cortex_2	0	137.5572662	307.8862915	0
Pyramidal_layer_dentate_gyrus	Cortex_2	Pyramidal_layer_dentate_gyrus->Cortex_2	1	307.8862915	478.215332	0
Pyramidal_layer_dentate_gyrus	Cortex_2	Pyramidal_layer_dentate_gyrus->Cortex_2	2	478.215332	648.5443726	0
Pyramidal_layer_dentate_gyrus	Cortex_2	Pyramidal_layer_dentate_gyrus->Cortex_2	3	648.5443726	818.8734131	0
Pyramidal_layer_dentate_gyrus	Cortex_2	Pyramidal_layer_dentate_gyrus->Cortex_2	4	818.8734131	989.2024536	0
Pyramidal_layer_dentate_gyrus	Cortex_2	Pyramidal_layer_dentate_gyrus->Cortex_2	5	989.2024536	1159.531494	0
Pyramidal_layer_dentate_gyrus	Cortex_2	Pyramidal_layer_dentate_gyrus->Cortex_2	6	1159.531494	1329.860474	0
Pyramidal_layer_dentate_gyrus	Cortex_2	Pyramidal_layer_dentate_gyrus->Cortex_2	7	1329.860474	1500.189575	0
Pyramidal_layer_dentate_gyrus	Cortex_2	Pyramidal_layer_dentate_gyrus->Cortex_2	8	1500.189575	1670.518555	0
Pyramidal_layer_dentate_gyrus	Cortex_2	Pyramidal_layer_dentate_gyrus->Cortex_2	9	1670.518555	1840.847656	0.001586243859
Pyramidal_layer_dentate_gyrus	Cortex_2	Pyramidal_layer_dentate_gyrus->Cortex_2	10	1840.847656	2011.176636	0.01203178149
Pyramidal_layer_dentate_gyrus	Cortex_2	Pyramidal_layer_dentate_gyrus->Cortex_2	11	2011.176636	2181.505615	0.02883187681
Pyramidal_layer_dentate_gyrus	Cortex_2	Pyramidal_layer_dentate_gyrus->Cortex_2	12	2181.505615	2351.834717	0.05192282796
Pyramidal_layer_dentate_gyrus	Cortex_2	Pyramidal_layer_dentate_gyrus->Cortex_2	13	2351.834717	2522.163818	0.08160694689
Pyramidal_layer_dentate_gyrus	Cortex_2	Pyramidal_layer_dentate_gyrus->Cortex_2	14	2522.163818	2692.492676	0.1180580035
Pyramidal_layer_dentate_gyrus	Cortex_2	Pyramidal_layer_dentate_gyrus->Cortex_2	15	2692.492676	2862.821777	0.1631716192
Pyramidal_layer_dentate_gyrus	Cortex_2	Pyramidal_layer_dentate_gyrus->Cortex_2	16	2862.821777	3033.150879	0.2139243335
Pyramidal_layer_dentate_gyrus	Cortex_2	Pyramidal_layer_dentate_gyrus->Cortex_2	17	3033.150879	3203.47998	0.2705824971
Pyramidal_layer_dentate_gyrus	Cortex_2	Pyramidal_layer_dentate_gyrus->Cortex_2	18	3203.47998	3373.808838	0.3388283253
Pyramidal_layer_dentate_gyrus	Cortex_2	Pyramidal_layer_dentate_gyrus->Cortex_2	19	3373.808838	3544.137939	0.4125424623
Pyramidal_layer_dentate_gyrus	Cortex_2	Pyramidal_layer_dentate_gyrus->Cortex_2	20	3544.137939	3714.467041	0.4815905392
Pyramidal_layer_dentate_gyrus	Cortex_2	Pyramidal_layer_dentate_gyrus->Cortex_2	21	3714.467041	3884.796143	0.5623237491
Pyramidal_layer_dentate_gyrus	Cortex_2	Pyramidal_layer_dentate_gyrus->Cortex_2	22	3884.796143	4055.125	0.6423513293
Pyramidal_layer_dentate_gyrus	Cortex_2	Pyramidal_layer_dentate_gyrus->Cortex_2	23	4055.125	4225.454102	0.7292657495
Pyramidal_layer_dentate_gyrus	Cortex_3	Pyramidal_layer_dentate_gyrus->Cortex_3	0	137.5572662	307.8862915	0
Pyramidal_layer_dentate_gyrus	Cortex_3	Pyramidal_layer_dentate_gyrus->Cortex_3	1	307.8862915	478.215332	0.007599430624
Pyramidal_layer_dentate_gyrus	Cortex_3	Pyramidal_layer_dentate_gyrus->Cortex_3	2	478.215332	648.5443726	0.05868035182
Pyramidal_layer_dentate_gyrus	Cortex_3	Pyramidal_layer_dentate_gyrus->Cortex_3	3	648.5443726	818.8734131	0.1315795332
Pyramidal_layer_dentate_gyrus	Cortex_3	Pyramidal_layer_dentate_gyrus->Cortex_3	4	818.8734131	989.2024536	0.2634325027
Pyramidal_layer_dentate_gyrus	Cortex_3	Pyramidal_layer_dentate_gyrus->Cortex_3	5	989.2024536	1159.531494	0.3654493093
Pyramidal_layer_dentate_gyrus	Cortex_3	Pyramidal_layer_dentate_gyrus->Cortex_3	6	1159.531494	1329.860474	0.500631094
Pyramidal_layer_dentate_gyrus	Cortex_3	Pyramidal_layer_dentate_gyrus->Cortex_3	7	1329.860474	1500.189575	0.7054768205
Pyramidal_layer_dentate_gyrus	Cortex_3	Pyramidal_layer_dentate_gyrus->Cortex_3	8	1500.189575	1670.518555	0.9231756926
Pyramidal_layer_dentate_gyrus	Cortex_3	Pyramidal_layer_dentate_gyrus->Cortex_3	9	1670.518555	1840.847656	1.153465152
Pyramidal_layer_dentate_gyrus	Cortex_3	Pyramidal_layer_dentate_gyrus->Cortex_3	10	1840.847656	2011.176636	1.244972467
Pyramidal_layer_dentate_gyrus	Cortex_3	Pyramidal_layer_dentate_gyrus->Cortex_3	11	2011.176636	2181.505615	1.275269508
Pyramidal_layer_dentate_gyrus	Cortex_3	Pyramidal_layer_dentate_gyrus->Cortex_3	12	2181.505615	2351.834717	1.27942872
Pyramidal_layer_dentate_gyrus	Cortex_3	Pyramidal_layer_dentate_gyrus->Cortex_3	13	2351.834717	2522.163818	1.265903831
Pyramidal_layer_dentate_gyrus	Cortex_3	Pyramidal_layer_dentate_gyrus->Cortex_3	14	2522.163818	2692.492676	1.25231123
Pyramidal_layer_dentate_gyrus	Cortex_3	Pyramidal_layer_dentate_gyrus->Cortex_3	15	2692.492676	2862.821777	1.238718748
Pyramidal_layer_dentate_gyrus	Cortex_3	Pyramidal_layer_dentate_gyrus->Cortex_3	16	2862.821777	3033.150879	1.225843906
Pyramidal_layer_dentate_gyrus	Cortex_3	Pyramidal_layer_dentate_gyrus->Cortex_3	17	3033.150879	3203.47998	1.2153548
Pyramidal_layer_dentate_gyrus	Cortex_3	Pyramidal_layer_dentate_gyrus->Cortex_3	18	3203.47998	3373.808838	1.207333565
Pyramidal_layer_dentate_gyrus	Cortex_3	Pyramidal_layer_dentate_gyrus->Cortex_3	19	3373.808838	3544.137939	1.191117883
Pyramidal_layer_dentate_gyrus	Cortex_3	Pyramidal_layer_dentate_gyrus->Cortex_3	20	3544.137939	3714.467041	1.180680513
Pyramidal_layer_dentate_gyrus	Cortex_3	Pyramidal_layer_dentate_gyrus->Cortex_3	21	3714.467041	3884.796143	1.163091898
Pyramidal_layer_dentate_gyrus	Cortex_3	Pyramidal_layer_dentate_gyrus->Cortex_3	22	3884.796143	4055.125	1.144236445
Pyramidal_layer_dentate_gyrus	Cortex_3	Pyramidal_layer_dentate_gyrus->Cortex_3	23	4055.125	4225.454102	1.128267884
Pyramidal_layer_dentate_gyrus	Cortex_4	Pyramidal_layer_dentate_gyrus->Cortex_4	0	137.5572662	307.8862915	0
Pyramidal_layer_dentate_gyrus	Cortex_4	Pyramidal_layer_dentate_gyrus->Cortex_4	1	307.8862915	478.215332	0
Pyramidal_layer_dentate_gyrus	Cortex_4	Pyramidal_layer_dentate_gyrus->Cortex_4	2	478.215332	648.5443726	0
Pyramidal_layer_dentate_gyrus	Cortex_4	Pyramidal_layer_dentate_gyrus->Cortex_4	3	648.5443726	818.8734131	0
Pyramidal_layer_dentate_gyrus	Cortex_4	Pyramidal_layer_dentate_gyrus->Cortex_4	4	818.8734131	989.2024536	0
Pyramidal_layer_dentate_gyrus	Cortex_4	Pyramidal_layer_dentate_gyrus->Cortex_4	5	989.2024536	1159.531494	0
Pyramidal_layer_dentate_gyrus	Cortex_4	Pyramidal_layer_dentate_gyrus->Cortex_4	6	1159.531494	1329.860474	0
Pyramidal_layer_dentate_gyrus	Cortex_4	Pyramidal_layer_dentate_gyrus->Cortex_4	7	1329.860474	1500.189575	0
Pyramidal_layer_dentate_gyrus	Cortex_4	Pyramidal_layer_dentate_gyrus->Cortex_4	8	1500.189575	1670.518555	0.003212012351
Pyramidal_layer_dentate_gyrus	Cortex_4	Pyramidal_layer_dentate_gyrus->Cortex_4	9	1670.518555	1840.847656	0.03043540008
Pyramidal_layer_dentate_gyrus	Cortex_4	Pyramidal_layer_dentate_gyrus->Cortex_4	10	1840.847656	2011.176636	0.1097439751
Pyramidal_layer_dentate_gyrus	Cortex_4	Pyramidal_layer_dentate_gyrus->Cortex_4	11	2011.176636	2181.505615	0.2742946744
Pyramidal_layer_dentate_gyrus	Cortex_4	Pyramidal_layer_dentate_gyrus->Cortex_4	12	2181.505615	2351.834717	0.4825002551
Pyramidal_layer_dentate_gyrus	Cortex_4	Pyramidal_layer_dentate_gyrus->Cortex_4	13	2351.834717	2522.163818	0.7542945147
Pyramidal_layer_dentate_gyrus	Cortex_4	Pyramidal_layer_dentate_gyrus->Cortex_4	14	2522.163818	2692.492676	1.044724226
Pyramidal_layer_dentate_gyrus	Cortex_4	Pyramidal_layer_dentate_gyrus->Cortex_4	15	2692.492676	2862.821777	1.255064249
Pyramidal_layer_dentate_gyrus	Cortex_4	Pyramidal_layer_dentate_gyrus->Cortex_4	16	2862.821777	3033.150879	1.403990626
Pyramidal_layer_dentate_gyrus	Cortex_4	Pyramidal_layer_dentate_gyrus->Cortex_4	17	3033.150879	3203.47998	1.453829408
Pyramidal_layer_dentate_gyrus	Cortex_4	Pyramidal_layer_dentate_gyrus->Cortex_4	18	3203.47998	3373.808838	1.488252044
Pyramidal_layer_dentate_gyrus	Cortex_4	Pyramidal_layer_dentate_gyrus->Cortex_4	19	3373.808838	3544.137939	1.492735028
Pyramidal_layer_dentate_gyrus	Cortex_4	Pyramidal_layer_dentate_gyrus->Cortex_4	20	3544.137939	3714.467041	1.484656096
Pyramidal_layer_dentate_gyrus	Cortex_4	Pyramidal_layer_dentate_gyrus->Cortex_4	21	3714.467041	3884.796143	1.465091825
Pyramidal_layer_dentate_gyrus	Cortex_4	Pyramidal_layer_dentate_gyrus->Cortex_4	22	3884.796143	4055.125	1.439553022
Pyramidal_layer_dentate_gyrus	Cortex_4	Pyramidal_layer_dentate_gyrus->Cortex_4	23	4055.125	4225.454102	1.408870339
Pyramidal_layer_dentate_gyrus	Cortex_5	Pyramidal_layer_dentate_gyrus->Cortex_5	0	137.5572662	307.8862915	0
Pyramidal_layer_dentate_gyrus	Cortex_5	Pyramidal_layer_dentate_gyrus->Cortex_5	1	307.8862915	478.215332	0.04392629117
Pyramidal_layer_dentate_gyrus	Cortex_5	Pyramidal_layer_dentate_gyrus->Cortex_5	2	478.215332	648.5443726	0.1186944172
Pyramidal_layer_dentate_gyrus	Cortex_5	Pyramidal_layer_dentate_gyrus->Cortex_5	3	648.5443726	818.8734131	0.126460284
Pyramidal_layer_dentate_gyrus	Cortex_5	Pyramidal_layer_dentate_gyrus->Cortex_5	4	818.8734131	989.2024536	0.1080386266
Pyramidal_layer_dentate_gyrus	Cortex_5	Pyramidal_layer_dentate_gyrus->Cortex_5	5	989.2024536	1159.531494	0.08973270655
Pyramidal_layer_dentate_gyrus	Cortex_5	Pyramidal_layer_dentate_gyrus->Cortex_5	6	1159.531494	1329.860474	0.07443355024
Pyramidal_layer_dentate_gyrus	Cortex_5	Pyramidal_layer_dentate_gyrus->Cortex_5	7	1329.860474	1500.189575	0.06381800771
Pyramidal_layer_dentate_gyrus	Cortex_5	Pyramidal_layer_dentate_gyrus->Cortex_5	8	1500.189575	1670.518555	0.05633533001
Pyramidal_layer_dentate_gyrus	Cortex_5	Pyramidal_layer_dentate_gyrus->Cortex_5	9	1670.518555	1840.847656	0.04774422199
Pyramidal_layer_dentate_gyrus	Cortex_5	Pyramidal_layer_dentate_gyrus->Cortex_5	10	1840.847656	2011.176636	0.04588217661
Pyramidal_layer_dentate_gyrus	Cortex_5	Pyramidal_layer_dentate_gyrus->Cortex_5	11	2011.176636	2181.505615	0.07058495283
Pyramidal_layer_dentate_gyrus	Cortex_5	Pyramidal_layer_dentate_gyrus->Cortex_5	12	2181.505615	2351.834717	0.1341725588
Pyramidal_layer_dentate_gyrus	Cortex_5	Pyramidal_layer_dentate_gyrus->Cortex_5	13	2351.834717	2522.163818	0.2269417644
Pyramidal_layer_dentate_gyrus	Cortex_5	Pyramidal_layer_dentate_gyrus->Cortex_5	14	2522.163818	2692.492676	0.3857751191
Pyramidal_layer_dentate_gyrus	Cortex_5	Pyramidal_layer_dentate_gyrus->Cortex_5	15	2692.492676	2862.821777	0.546898663
Pyramidal_layer_dentate_gyrus	Cortex_5	Pyramidal_layer_dentate_gyrus->Cortex_5	16	2862.821777	3033.150879	0.7128924727
Pyramidal_layer_dentate_gyrus	Cortex_5	Pyramidal_layer_dentate_gyrus->Cortex_5	17	3033.150879	3203.47998	0.8207817078
Pyramidal_layer_dentate_gyrus	Cortex_5	Pyramidal_layer_dentate_gyrus->Cortex_5	18	3203.47998	3373.808838	0.8957177997
Pyramidal_layer_dentate_gyrus	Cortex_5	Pyramidal_layer_dentate_gyrus->Cortex_5	19	3373.808838	3544.137939	0.9491457939
Pyramidal_layer_dentate_gyrus	Cortex_5	Pyramidal_layer_dentate_gyrus->Cortex_5	20	3544.137939	3714.467041	1.00137794
Pyramidal_layer_dentate_gyrus	Cortex_5	Pyramidal_layer_dentate_gyrus->Cortex_5	21	3714.467041	3884.796143	1.032912374
Pyramidal_layer_dentate_gyrus	Cortex_5	Pyramidal_layer_dentate_gyrus->Cortex_5	22	3884.796143	4055.125	1.049651504
Pyramidal_layer_dentate_gyrus	Cortex_5	Pyramidal_layer_dentate_gyrus->Cortex_5	23	4055.125	4225.454102	1.067741632
Pyramidal_layer_dentate_gyrus	Fiber_tract	Pyramidal_layer_dentate_gyrus->Fiber_tract	0	137.5572662	307.8862915	0.08499421179
Pyramidal_layer_dentate_gyrus	Fiber_tract	Pyramidal_layer_dentate_gyrus->Fiber_tract	1	307.8862915	478.215332	0.287707299
Pyramidal_layer_dentate_gyrus	Fiber_tract	Pyramidal_layer_dentate_gyrus->Fiber_tract	2	478.215332	648.5443726	0.604778111
Pyramidal_layer_dentate_gyrus	Fiber_tract	Pyramidal_layer_dentate_gyrus->Fiber_tract	3	648.5443726	818.8734131	0.7090892792
Pyramidal_layer_dentate_gyrus	Fiber_tract	Pyramidal_layer_dentate_gyrus->Fiber_tract	4	818.8734131	989.2024536	0.8147156835
Pyramidal_layer_dentate_gyrus	Fiber_tract	Pyramidal_layer_dentate_gyrus->Fiber_tract	5	989.2024536	1159.531494	0.9099897146
Pyramidal_layer_dentate_gyrus	Fiber_tract	Pyramidal_layer_dentate_gyrus->Fiber_tract	6	1159.531494	1329.860474	1.072622538
Pyramidal_layer_dentate_gyrus	Fiber_tract	Pyramidal_layer_dentate_gyrus->Fiber_tract	7	1329.860474	1500.189575	1.172324657
Pyramidal_layer_dentate_gyrus	Fiber_tract	Pyramidal_layer_dentate_gyrus->Fiber_tract	8	1500.189575	1670.518555	1.182419062
Pyramidal_layer_dentate_gyrus	Fiber_tract	Pyramidal_layer_dentate_gyrus->Fiber_tract	9	1670.518555	1840.847656	1.16388464
Pyramidal_layer_dentate_gyrus	Fiber_tract	Pyramidal_layer_dentate_gyrus->Fiber_tract	10	1840.847656	2011.176636	1.131713986
Pyramidal_layer_dentate_gyrus	Fiber_tract	Pyramidal_layer_dentate_gyrus->Fiber_tract	11	2011.176636	2181.505615	1.108885407
Pyramidal_layer_dentate_gyrus	Fiber_tract	Pyramidal_layer_dentate_gyrus->Fiber_tract	12	2181.505615	2351.834717	1.089057446
Pyramidal_layer_dentate_gyrus	Fiber_tract	Pyramidal_layer_dentate_gyrus->Fiber_tract	13	2351.834717	2522.163818	1.078947783
Pyramidal_layer_dentate_gyrus	Fiber_tract	Pyramidal_layer_dentate_gyrus->Fiber_tract	14	2522.163818	2692.492676	1.073347688
Pyramidal_layer_dentate_gyrus	Fiber_tract	Pyramidal_layer_dentate_gyrus->Fiber_tract	15	2692.492676	2862.821777	1.070818782
Pyramidal_layer_dentate_gyrus	Fiber_tract	Pyramidal_layer_dentate_gyrus->Fiber_tract	16	2862.821777	3033.150879	1.082201004
Pyramidal_layer_dentate_gyrus	Fiber_tract	Pyramidal_layer_dentate_gyrus->Fiber_tract	17	3033.150879	3203.47998	1.091714978
Pyramidal_layer_dentate_gyrus	Fiber_tract	Pyramidal_layer_dentate_gyrus->Fiber_tract	18	3203.47998	3373.808838	1.101763248
Pyramidal_layer_dentate_gyrus	Fiber_tract	Pyramidal_layer_dentate_gyrus->Fiber_tract	19	3373.808838	3544.137939	1.10684216
Pyramidal_layer_dentate_gyrus	Fiber_tract	Pyramidal_layer_dentate_gyrus->Fiber_tract	20	3544.137939	3714.467041	1.100962281
Pyramidal_layer_dentate_gyrus	Fiber_tract	Pyramidal_layer_dentate_gyrus->Fiber_tract	21	3714.467041	3884.796143	1.090803742
Pyramidal_layer_dentate_gyrus	Fiber_tract	Pyramidal_layer_dentate_gyrus->Fiber_tract	22	3884.796143	4055.125	1.07670784
Pyramidal_layer_dentate_gyrus	Fiber_tract	Pyramidal_layer_dentate_gyrus->Fiber_tract	23	4055.125	4225.454102	1.054570675
Pyramidal_layer_dentate_gyrus	Hippocampus	Pyramidal_layer_dentate_gyrus->Hippocampus	0	137.5572662	307.8862915	4.192538738
Pyramidal_layer_dentate_gyrus	Hippocampus	Pyramidal_layer_dentate_gyrus->Hippocampus	1	307.8862915	478.215332	4.812875748
Pyramidal_layer_dentate_gyrus	Hippocampus	Pyramidal_layer_dentate_gyrus->Hippocampus	2	478.215332	648.5443726	4.974339962
Pyramidal_layer_dentate_gyrus	Hippocampus	Pyramidal_layer_dentate_gyrus->Hippocampus	3	648.5443726	818.8734131	4.798089504
Pyramidal_layer_dentate_gyrus	Hippocampus	Pyramidal_layer_dentate_gyrus->Hippocampus	4	818.8734131	989.2024536	4.3685112
Pyramidal_layer_dentate_gyrus	Hippocampus	Pyramidal_layer_dentate_gyrus->Hippocampus	5	989.2024536	1159.531494	4.020545483
Pyramidal_layer_dentate_gyrus	Hippocampus	Pyramidal_layer_dentate_gyrus->Hippocampus	6	1159.531494	1329.860474	3.595285177
Pyramidal_layer_dentate_gyrus	Hippocampus	Pyramidal_layer_dentate_gyrus->Hippocampus	7	1329.860474	1500.189575	3.221030712
Pyramidal_layer_dentate_gyrus	Hippocampus	Pyramidal_layer_dentate_gyrus->Hippocampus	8	1500.189575	1670.518555	2.918293715
Pyramidal_layer_dentate_gyrus	Hippocampus	Pyramidal_layer_dentate_gyrus->Hippocampus	9	1670.518555	1840.847656	2.559069395
Pyramidal_layer_dentate_gyrus	Hippocampus	Pyramidal_layer_dentate_gyrus->Hippocampus	10	1840.847656	2011.176636	2.305548906
Pyramidal_layer_dentate_gyrus	Hippocampus	Pyramidal_layer_dentate_gyrus->Hippocampus	11	2011.176636	2181.505615	2.074313879
Pyramidal_layer_dentate_gyrus	Hippocampus	Pyramidal_layer_dentate_gyrus->Hippocampus	12	2181.505615	2351.834717	1.90414083
Pyramidal_layer_dentate_gyrus	Hippocampus	Pyramidal_layer_dentate_gyrus->Hippocampus	13	2351.834717	2522.163818	1.749653816
Pyramidal_layer_dentate_gyrus	Hippocampus	Pyramidal_layer_dentate_gyrus->Hippocampus	14	2522.163818	2692.492676	1.618206739
Pyramidal_layer_dentate_gyrus	Hippocampus	Pyramidal_layer_dentate_gyrus->Hippocampus	15	2692.492676	2862.821777	1.512536883
Pyramidal_layer_dentate_gyrus	Hippocampus	Pyramidal_layer_dentate_gyrus->Hippocampus	16	2862.821777	3033.150879	1.416852713
Pyramidal_layer_dentate_gyrus	Hippocampus	Pyramidal_layer_dentate_gyrus->Hippocampus	17	3033.150879	3203.47998	1.347680688
Pyramidal_layer_dentate_gyrus	Hippocampus	Pyramidal_layer_dentate_gyrus->Hippocampus	18	3203.47998	3373.808838	1.283265233
Pyramidal_layer_dentate_gyrus	Hippocampus	Pyramidal_layer_dentate_gyrus->Hippocampus	19	3373.808838	3544.137939	1.231697083
Pyramidal_layer_dentate_gyrus	Hippocampus	Pyramidal_layer_dentate_gyrus->Hippocampus	20	3544.137939	3714.467041	1.193515182
Pyramidal_layer_dentate_gyrus	Hippocampus	Pyramidal_layer_dentate_gyrus->Hippocampus	21	3714.467041	3884.796143	1.157089114
Pyramidal_layer_dentate_gyrus	Hippocampus	Pyramidal_layer_dentate_gyrus->Hippocampus	22	3884.796143	4055.125	1.127328038
Pyramidal_layer_dentate_gyrus	Hippocampus	Pyramidal_layer_dentate_gyrus->Hippocampus	23	4055.125	4225.454102	1.097049356
Pyramidal_layer_dentate_gyrus	Hypothalamus_1	Pyramidal_layer_dentate_gyrus->Hypothalamus_1	0	137.5572662	307.8862915	0
Pyramidal_layer_dentate_gyrus	Hypothalamus_1	Pyramidal_layer_dentate_gyrus->Hypothalamus_1	1	307.8862915	478.215332	0
Pyramidal_layer_dentate_gyrus	Hypothalamus_1	Pyramidal_layer_dentate_gyrus->Hypothalamus_1	2	478.215332	648.5443726	0
Pyramidal_layer_dentate_gyrus	Hypothalamus_1	Pyramidal_layer_dentate_gyrus->Hypothalamus_1	3	648.5443726	818.8734131	0
Pyramidal_layer_dentate_gyrus	Hypothalamus_1	Pyramidal_layer_dentate_gyrus->Hypothalamus_1	4	818.8734131	989.2024536	0
Pyramidal_layer_dentate_gyrus	Hypothalamus_1	Pyramidal_layer_dentate_gyrus->Hypothalamus_1	5	989.2024536	1159.531494	0
Pyramidal_layer_dentate_gyrus	Hypothalamus_1	Pyramidal_layer_dentate_gyrus->Hypothalamus_1	6	1159.531494	1329.860474	0
Pyramidal_layer_dentate_gyrus	Hypothalamus_1	Pyramidal_layer_dentate_gyrus->Hypothalamus_1	7	1329.860474	1500.189575	0
Pyramidal_layer_dentate_gyrus	Hypothalamus_1	Pyramidal_layer_dentate_gyrus->Hypothalamus_1	8	1500.189575	1670.518555	0
Pyramidal_layer_dentate_gyrus	Hypothalamus_1	Pyramidal_layer_dentate_gyrus->Hypothalamus_1	9	1670.518555	1840.847656	0
Pyramidal_layer_dentate_gyrus	Hypothalamus_1	Pyramidal_layer_dentate_gyrus->Hypothalamus_1	10	1840.847656	2011.176636	0
Pyramidal_layer_dentate_gyrus	Hypothalamus_1	Pyramidal_layer_dentate_gyrus->Hypothalamus_1	11	2011.176636	2181.505615	0
Pyramidal_layer_dentate_gyrus	Hypothalamus_1	Pyramidal_layer_dentate_gyrus->Hypothalamus_1	12	2181.505615	2351.834717	0
Pyramidal_layer_dentate_gyrus	Hypothalamus_1	Pyramidal_layer_dentate_gyrus->Hypothalamus_1	13	2351.834717	2522.163818	0
Pyramidal_layer_dentate_gyrus	Hypothalamus_1	Pyramidal_layer_dentate_gyrus->Hypothalamus_1	14	2522.163818	2692.492676	0
Pyramidal_layer_dentate_gyrus	Hypothalamus_1	Pyramidal_layer_dentate_gyrus->Hypothalamus_1	15	2692.492676	2862.821777	0
Pyramidal_layer_dentate_gyrus	Hypothalamus_1	Pyramidal_layer_dentate_gyrus->Hypothalamus_1	16	2862.821777	3033.150879	0
Pyramidal_layer_dentate_gyrus	Hypothalamus_1	Pyramidal_layer_dentate_gyrus->Hypothalamus_1	17	3033.150879	3203.47998	0.001013655099
Pyramidal_layer_dentate_gyrus	Hypothalamus_1	Pyramidal_layer_dentate_gyrus->Hypothalamus_1	18	3203.47998	3373.808838	0.008040985093
Pyramidal_layer_dentate_gyrus	Hypothalamus_1	Pyramidal_layer_dentate_gyrus->Hypothalamus_1	19	3373.808838	3544.137939	0.03259861842
Pyramidal_layer_dentate_gyrus	Hypothalamus_1	Pyramidal_layer_dentate_gyrus->Hypothalamus_1	20	3544.137939	3714.467041	0.07204484195
Pyramidal_layer_dentate_gyrus	Hypothalamus_1	Pyramidal_layer_dentate_gyrus->Hypothalamus_1	21	3714.467041	3884.796143	0.1395008564
Pyramidal_layer_dentate_gyrus	Hypothalamus_1	Pyramidal_layer_dentate_gyrus->Hypothalamus_1	22	3884.796143	4055.125	0.2160337567
Pyramidal_layer_dentate_gyrus	Hypothalamus_1	Pyramidal_layer_dentate_gyrus->Hypothalamus_1	23	4055.125	4225.454102	0.3229207695
Pyramidal_layer_dentate_gyrus	Hypothalamus_2	Pyramidal_layer_dentate_gyrus->Hypothalamus_2	0	137.5572662	307.8862915	0.6328490973
Pyramidal_layer_dentate_gyrus	Hypothalamus_2	Pyramidal_layer_dentate_gyrus->Hypothalamus_2	1	307.8862915	478.215332	0.6813010573
Pyramidal_layer_dentate_gyrus	Hypothalamus_2	Pyramidal_layer_dentate_gyrus->Hypothalamus_2	2	478.215332	648.5443726	0.7176472545
Pyramidal_layer_dentate_gyrus	Hypothalamus_2	Pyramidal_layer_dentate_gyrus->Hypothalamus_2	3	648.5443726	818.8734131	0.6934429407
Pyramidal_layer_dentate_gyrus	Hypothalamus_2	Pyramidal_layer_dentate_gyrus->Hypothalamus_2	4	818.8734131	989.2024536	0.6959379911
Pyramidal_layer_dentate_gyrus	Hypothalamus_2	Pyramidal_layer_dentate_gyrus->Hypothalamus_2	5	989.2024536	1159.531494	0.6907483935
Pyramidal_layer_dentate_gyrus	Hypothalamus_2	Pyramidal_layer_dentate_gyrus->Hypothalamus_2	6	1159.531494	1329.860474	0.6706265807
Pyramidal_layer_dentate_gyrus	Hypothalamus_2	Pyramidal_layer_dentate_gyrus->Hypothalamus_2	7	1329.860474	1500.189575	0.6831707954
Pyramidal_layer_dentate_gyrus	Hypothalamus_2	Pyramidal_layer_dentate_gyrus->Hypothalamus_2	8	1500.189575	1670.518555	0.6846690774
Pyramidal_layer_dentate_gyrus	Hypothalamus_2	Pyramidal_layer_dentate_gyrus->Hypothalamus_2	9	1670.518555	1840.847656	0.6942676902
Pyramidal_layer_dentate_gyrus	Hypothalamus_2	Pyramidal_layer_dentate_gyrus->Hypothalamus_2	10	1840.847656	2011.176636	0.7048277259
Pyramidal_layer_dentate_gyrus	Hypothalamus_2	Pyramidal_layer_dentate_gyrus->Hypothalamus_2	11	2011.176636	2181.505615	0.7037208676
Pyramidal_layer_dentate_gyrus	Hypothalamus_2	Pyramidal_layer_dentate_gyrus->Hypothalamus_2	12	2181.505615	2351.834717	0.7098287344
Pyramidal_layer_dentate_gyrus	Hypothalamus_2	Pyramidal_layer_dentate_gyrus->Hypothalamus_2	13	2351.834717	2522.163818	0.7238154411
Pyramidal_layer_dentate_gyrus	Hypothalamus_2	Pyramidal_layer_dentate_gyrus->Hypothalamus_2	14	2522.163818	2692.492676	0.7437476516
Pyramidal_layer_dentate_gyrus	Hypothalamus_2	Pyramidal_layer_dentate_gyrus->Hypothalamus_2	15	2692.492676	2862.821777	0.781332016
Pyramidal_layer_dentate_gyrus	Hypothalamus_2	Pyramidal_layer_dentate_gyrus->Hypothalamus_2	16	2862.821777	3033.150879	0.8209389448
Pyramidal_layer_dentate_gyrus	Hypothalamus_2	Pyramidal_layer_dentate_gyrus->Hypothalamus_2	17	3033.150879	3203.47998	0.8618367314
Pyramidal_layer_dentate_gyrus	Hypothalamus_2	Pyramidal_layer_dentate_gyrus->Hypothalamus_2	18	3203.47998	3373.808838	0.909486711
Pyramidal_layer_dentate_gyrus	Hypothalamus_2	Pyramidal_layer_dentate_gyrus->Hypothalamus_2	19	3373.808838	3544.137939	0.9504137635
Pyramidal_layer_dentate_gyrus	Hypothalamus_2	Pyramidal_layer_dentate_gyrus->Hypothalamus_2	20	3544.137939	3714.467041	0.9731616378
Pyramidal_layer_dentate_gyrus	Hypothalamus_2	Pyramidal_layer_dentate_gyrus->Hypothalamus_2	21	3714.467041	3884.796143	0.988037169
Pyramidal_layer_dentate_gyrus	Hypothalamus_2	Pyramidal_layer_dentate_gyrus->Hypothalamus_2	22	3884.796143	4055.125	0.9897796512
Pyramidal_layer_dentate_gyrus	Hypothalamus_2	Pyramidal_layer_dentate_gyrus->Hypothalamus_2	23	4055.125	4225.454102	0.9786624312
Pyramidal_layer_dentate_gyrus	Lateral_ventricle	Pyramidal_layer_dentate_gyrus->Lateral_ventricle	0	137.5572662	307.8862915	0.2050191313
Pyramidal_layer_dentate_gyrus	Lateral_ventricle	Pyramidal_layer_dentate_gyrus->Lateral_ventricle	1	307.8862915	478.215332	0.5898800492
Pyramidal_layer_dentate_gyrus	Lateral_ventricle	Pyramidal_layer_dentate_gyrus->Lateral_ventricle	2	478.215332	648.5443726	0.7330440879
Pyramidal_layer_dentate_gyrus	Lateral_ventricle	Pyramidal_layer_dentate_gyrus->Lateral_ventricle	3	648.5443726	818.8734131	0.796744585
Pyramidal_layer_dentate_gyrus	Lateral_ventricle	Pyramidal_layer_dentate_gyrus->Lateral_ventricle	4	818.8734131	989.2024536	0.8856589198
Pyramidal_layer_dentate_gyrus	Lateral_ventricle	Pyramidal_layer_dentate_gyrus->Lateral_ventricle	5	989.2024536	1159.531494	0.9735977054
Pyramidal_layer_dentate_gyrus	Lateral_ventricle	Pyramidal_layer_dentate_gyrus->Lateral_ventricle	6	1159.531494	1329.860474	1.032324076
Pyramidal_layer_dentate_gyrus	Lateral_ventricle	Pyramidal_layer_dentate_gyrus->Lateral_ventricle	7	1329.860474	1500.189575	1.036108017
Pyramidal_layer_dentate_gyrus	Lateral_ventricle	Pyramidal_layer_dentate_gyrus->Lateral_ventricle	8	1500.189575	1670.518555	1.029454827
Pyramidal_layer_dentate_gyrus	Lateral_ventricle	Pyramidal_layer_dentate_gyrus->Lateral_ventricle	9	1670.518555	1840.847656	0.9882774949
Pyramidal_layer_dentate_gyrus	Lateral_ventricle	Pyramidal_layer_dentate_gyrus->Lateral_ventricle	10	1840.847656	2011.176636	0.967505455
Pyramidal_layer_dentate_gyrus	Lateral_ventricle	Pyramidal_layer_dentate_gyrus->Lateral_ventricle	11	2011.176636	2181.505615	0.9382122159
Pyramidal_layer_dentate_gyrus	Lateral_ventricle	Pyramidal_layer_dentate_gyrus->Lateral_ventricle	12	2181.505615	2351.834717	0.9109016657
Pyramidal_layer_dentate_gyrus	Lateral_ventricle	Pyramidal_layer_dentate_gyrus->Lateral_ventricle	13	2351.834717	2522.163818	0.8845365644
Pyramidal_layer_dentate_gyrus	Lateral_ventricle	Pyramidal_layer_dentate_gyrus->Lateral_ventricle	14	2522.163818	2692.492676	0.8743001223
Pyramidal_layer_dentate_gyrus	Lateral_ventricle	Pyramidal_layer_dentate_gyrus->Lateral_ventricle	15	2692.492676	2862.821777	0.8724034429
Pyramidal_layer_dentate_gyrus	Lateral_ventricle	Pyramidal_layer_dentate_gyrus->Lateral_ventricle	16	2862.821777	3033.150879	0.8710408211
Pyramidal_layer_dentate_gyrus	Lateral_ventricle	Pyramidal_layer_dentate_gyrus->Lateral_ventricle	17	3033.150879	3203.47998	0.8702814579
Pyramidal_layer_dentate_gyrus	Lateral_ventricle	Pyramidal_layer_dentate_gyrus->Lateral_ventricle	18	3203.47998	3373.808838	0.8604553938
Pyramidal_layer_dentate_gyrus	Lateral_ventricle	Pyramidal_layer_dentate_gyrus->Lateral_ventricle	19	3373.808838	3544.137939	0.8466172814
Pyramidal_layer_dentate_gyrus	Lateral_ventricle	Pyramidal_layer_dentate_gyrus->Lateral_ventricle	20	3544.137939	3714.467041	0.8277646899
Pyramidal_layer_dentate_gyrus	Lateral_ventricle	Pyramidal_layer_dentate_gyrus->Lateral_ventricle	21	3714.467041	3884.796143	0.8086712956
Pyramidal_layer_dentate_gyrus	Lateral_ventricle	Pyramidal_layer_dentate_gyrus->Lateral_ventricle	22	3884.796143	4055.125	0.8036699891
Pyramidal_layer_dentate_gyrus	Lateral_ventricle	Pyramidal_layer_dentate_gyrus->Lateral_ventricle	23	4055.125	4225.454102	0.8126837611
Pyramidal_layer_dentate_gyrus	Pyramidal_layer	Pyramidal_layer_dentate_gyrus->Pyramidal_layer	0	137.5572662	307.8862915	0.4011676311
Pyramidal_layer_dentate_gyrus	Pyramidal_layer	Pyramidal_layer_dentate_gyrus->Pyramidal_layer	1	307.8862915	478.215332	0.533578217
Pyramidal_layer_dentate_gyrus	Pyramidal_layer	Pyramidal_layer_dentate_gyrus->Pyramidal_layer	2	478.215332	648.5443726	0.869330585
Pyramidal_layer_dentate_gyrus	Pyramidal_layer	Pyramidal_layer_dentate_gyrus->Pyramidal_layer	3	648.5443726	818.8734131	1.408742189
Pyramidal_layer_dentate_gyrus	Pyramidal_layer	Pyramidal_layer_dentate_gyrus->Pyramidal_layer	4	818.8734131	989.2024536	2.646382809
Pyramidal_layer_dentate_gyrus	Pyramidal_layer	Pyramidal_layer_dentate_gyrus->Pyramidal_layer	5	989.2024536	1159.531494	3.269730091
Pyramidal_layer_dentate_gyrus	Pyramidal_layer	Pyramidal_layer_dentate_gyrus->Pyramidal_layer	6	1159.531494	1329.860474	3.305336475
Pyramidal_layer_dentate_gyrus	Pyramidal_layer	Pyramidal_layer_dentate_gyrus->Pyramidal_layer	7	1329.860474	1500.189575	3.075636864
Pyramidal_layer_dentate_gyrus	Pyramidal_layer	Pyramidal_layer_dentate_gyrus->Pyramidal_layer	8	1500.189575	1670.518555	2.850008726
Pyramidal_layer_dentate_gyrus	Pyramidal_layer	Pyramidal_layer_dentate_gyrus->Pyramidal_layer	9	1670.518555	1840.847656	2.539667845
Pyramidal_layer_dentate_gyrus	Pyramidal_layer	Pyramidal_layer_dentate_gyrus->Pyramidal_layer	10	1840.847656	2011.176636	2.314976454
Pyramidal_layer_dentate_gyrus	Pyramidal_layer	Pyramidal_layer_dentate_gyrus->Pyramidal_layer	11	2011.176636	2181.505615	2.107738733
Pyramidal_layer_dentate_gyrus	Pyramidal_layer	Pyramidal_layer_dentate_gyrus->Pyramidal_layer	12	2181.505615	2351.834717	1.948866129
Pyramidal_layer_dentate_gyrus	Pyramidal_layer	Pyramidal_layer_dentate_gyrus->Pyramidal_layer	13	2351.834717	2522.163818	1.821100831
Pyramidal_layer_dentate_gyrus	Pyramidal_layer	Pyramidal_layer_dentate_gyrus->Pyramidal_layer	14	2522.163818	2692.492676	1.723391056
Pyramidal_layer_dentate_gyrus	Pyramidal_layer	Pyramidal_layer_dentate_gyrus->Pyramidal_layer	15	2692.492676	2862.821777	1.645197272
Pyramidal_layer_dentate_gyrus	Pyramidal_layer	Pyramidal_layer_dentate_gyrus->Pyramidal_layer	16	2862.821777	3033.150879	1.565281034
Pyramidal_layer_dentate_gyrus	Pyramidal_layer	Pyramidal_layer_dentate_gyrus->Pyramidal_layer	17	3033.150879	3203.47998	1.498436809
Pyramidal_layer_dentate_gyrus	Pyramidal_layer	Pyramidal_layer_dentate_gyrus->Pyramidal_layer	18	3203.47998	3373.808838	1.427850127
Pyramidal_layer_dentate_gyrus	Pyramidal_layer	Pyramidal_layer_dentate_gyrus->Pyramidal_layer	19	3373.808838	3544.137939	1.365280628
Pyramidal_layer_dentate_gyrus	Pyramidal_layer	Pyramidal_layer_dentate_gyrus->Pyramidal_layer	20	3544.137939	3714.467041	1.30772078
Pyramidal_layer_dentate_gyrus	Pyramidal_layer	Pyramidal_layer_dentate_gyrus->Pyramidal_layer	21	3714.467041	3884.796143	1.254979968
Pyramidal_layer_dentate_gyrus	Pyramidal_layer	Pyramidal_layer_dentate_gyrus->Pyramidal_layer	22	3884.796143	4055.125	1.212701559
Pyramidal_layer_dentate_gyrus	Pyramidal_layer	Pyramidal_layer_dentate_gyrus->Pyramidal_layer	23	4055.125	4225.454102	1.167666197
Pyramidal_layer_dentate_gyrus	Pyramidal_layer_dentate_gyrus	Pyramidal_layer_dentate_gyrus->Pyramidal_layer_dentate_gyrus	0	137.5572662	307.8862915	20.67366028
Pyramidal_layer_dentate_gyrus	Pyramidal_layer_dentate_gyrus	Pyramidal_layer_dentate_gyrus->Pyramidal_layer_dentate_gyrus	1	307.8862915	478.215332	15.40536308
Pyramidal_layer_dentate_gyrus	Pyramidal_layer_dentate_gyrus	Pyramidal_layer_dentate_gyrus->Pyramidal_layer_dentate_gyrus	2	478.215332	648.5443726	10.49459934
Pyramidal_layer_dentate_gyrus	Pyramidal_layer_dentate_gyrus	Pyramidal_layer_dentate_gyrus->Pyramidal_layer_dentate_gyrus	3	648.5443726	818.8734131	8.641180992
Pyramidal_layer_dentate_gyrus	Pyramidal_layer_dentate_gyrus	Pyramidal_layer_dentate_gyrus->Pyramidal_layer_dentate_gyrus	4	818.8734131	989.2024536	6.696584225
Pyramidal_layer_dentate_gyrus	Pyramidal_layer_dentate_gyrus	Pyramidal_layer_dentate_gyrus->Pyramidal_layer_dentate_gyrus	5	989.2024536	1159.531494	5.485215664
Pyramidal_layer_dentate_gyrus	Pyramidal_layer_dentate_gyrus	Pyramidal_layer_dentate_gyrus->Pyramidal_layer_dentate_gyrus	6	1159.531494	1329.860474	4.475992203
Pyramidal_layer_dentate_gyrus	Pyramidal_layer_dentate_gyrus	Pyramidal_layer_dentate_gyrus->Pyramidal_layer_dentate_gyrus	7	1329.860474	1500.189575	3.774252653
Pyramidal_layer_dentate_gyrus	Pyramidal_layer_dentate_gyrus	Pyramidal_layer_dentate_gyrus->Pyramidal_layer_dentate_gyrus	8	1500.189575	1670.518555	3.29629755
Pyramidal_layer_dentate_gyrus	Pyramidal_layer_dentate_gyrus	Pyramidal_layer_dentate_gyrus->Pyramidal_layer_dentate_gyrus	9	1670.518555	1840.847656	2.806995392
Pyramidal_layer_dentate_gyrus	Pyramidal_layer_dentate_gyrus	Pyramidal_layer_dentate_gyrus->Pyramidal_layer_dentate_gyrus	10	1840.847656	2011.176636	2.469514847
Pyramidal_layer_dentate_gyrus	Pyramidal_layer_dentate_gyrus	Pyramidal_layer_dentate_gyrus->Pyramidal_layer_dentate_gyrus	11	2011.176636	2181.505615	2.148147821
Pyramidal_layer_dentate_gyrus	Pyramidal_layer_dentate_gyrus	Pyramidal_layer_dentate_gyrus->Pyramidal_layer_dentate_gyrus	12	2181.505615	2351.834717	1.923414826
Pyramidal_layer_dentate_gyrus	Pyramidal_layer_dentate_gyrus	Pyramidal_layer_dentate_gyrus->Pyramidal_layer_dentate_gyrus	13	2351.834717	2522.163818	1.700530291
Pyramidal_layer_dentate_gyrus	Pyramidal_layer_dentate_gyrus	Pyramidal_layer_dentate_gyrus->Pyramidal_layer_dentate_gyrus	14	2522.163818	2692.492676	1.513698101
Pyramidal_layer_dentate_gyrus	Pyramidal_layer_dentate_gyrus	Pyramidal_layer_dentate_gyrus->Pyramidal_layer_dentate_gyrus	15	2692.492676	2862.821777	1.371764779
Pyramidal_layer_dentate_gyrus	Pyramidal_layer_dentate_gyrus	Pyramidal_layer_dentate_gyrus->Pyramidal_layer_dentate_gyrus	16	2862.821777	3033.150879	1.253545523
Pyramidal_layer_dentate_gyrus	Pyramidal_layer_dentate_gyrus	Pyramidal_layer_dentate_gyrus->Pyramidal_layer_dentate_gyrus	17	3033.150879	3203.47998	1.17610693
Pyramidal_layer_dentate_gyrus	Pyramidal_layer_dentate_gyrus	Pyramidal_layer_dentate_gyrus->Pyramidal_layer_dentate_gyrus	18	3203.47998	3373.808838	1.108409166
Pyramidal_layer_dentate_gyrus	Pyramidal_layer_dentate_gyrus	Pyramidal_layer_dentate_gyrus->Pyramidal_layer_dentate_gyrus	19	3373.808838	3544.137939	1.055494666
Pyramidal_layer_dentate_gyrus	Pyramidal_layer_dentate_gyrus	Pyramidal_layer_dentate_gyrus->Pyramidal_layer_dentate_gyrus	20	3544.137939	3714.467041	1.014502406
Pyramidal_layer_dentate_gyrus	Pyramidal_layer_dentate_gyrus	Pyramidal_layer_dentate_gyrus->Pyramidal_layer_dentate_gyrus	21	3714.467041	3884.796143	0.9807623029
Pyramidal_layer_dentate_gyrus	Pyramidal_layer_dentate_gyrus	Pyramidal_layer_dentate_gyrus->Pyramidal_layer_dentate_gyrus	22	3884.796143	4055.125	0.9550383091
Pyramidal_layer_dentate_gyrus	Pyramidal_layer_dentate_gyrus	Pyramidal_layer_dentate_gyrus->Pyramidal_layer_dentate_gyrus	23	4055.125	4225.454102	0.9300453663
Pyramidal_layer_dentate_gyrus	Striatum	Pyramidal_layer_dentate_gyrus->Striatum	0	137.5572662	307.8862915	0
Pyramidal_layer_dentate_gyrus	Striatum	Pyramidal_layer_dentate_gyrus->Striatum	1	307.8862915	478.215332	0
Pyramidal_layer_dentate_gyrus	Striatum	Pyramidal_layer_dentate_gyrus->Striatum	2	478.215332	648.5443726	0.02318590321
Pyramidal_layer_dentate_gyrus	Striatum	Pyramidal_layer_dentate_gyrus->Striatum	3	648.5443726	818.8734131	0.05425478891
Pyramidal_layer_dentate_gyrus	Striatum	Pyramidal_layer_dentate_gyrus->Striatum	4	818.8734131	989.2024536	0.1072897986
Pyramidal_layer_dentate_gyrus	Striatum	Pyramidal_layer_dentate_gyrus->Striatum	5	989.2024536	1159.531494	0.1527297199
Pyramidal_layer_dentate_gyrus	Striatum	Pyramidal_layer_dentate_gyrus->Striatum	6	1159.531494	1329.860474	0.2086512744
Pyramidal_layer_dentate_gyrus	Striatum	Pyramidal_layer_dentate_gyrus->Striatum	7	1329.860474	1500.189575	0.2569015622
Pyramidal_layer_dentate_gyrus	Striatum	Pyramidal_layer_dentate_gyrus->Striatum	8	1500.189575	1670.518555	0.2944223881
Pyramidal_layer_dentate_gyrus	Striatum	Pyramidal_layer_dentate_gyrus->Striatum	9	1670.518555	1840.847656	0.3378412724
Pyramidal_layer_dentate_gyrus	Striatum	Pyramidal_layer_dentate_gyrus->Striatum	10	1840.847656	2011.176636	0.3697270155
Pyramidal_layer_dentate_gyrus	Striatum	Pyramidal_layer_dentate_gyrus->Striatum	11	2011.176636	2181.505615	0.3951007128
Pyramidal_layer_dentate_gyrus	Striatum	Pyramidal_layer_dentate_gyrus->Striatum	12	2181.505615	2351.834717	0.4142017663
Pyramidal_layer_dentate_gyrus	Striatum	Pyramidal_layer_dentate_gyrus->Striatum	13	2351.834717	2522.163818	0.4443894029
Pyramidal_layer_dentate_gyrus	Striatum	Pyramidal_layer_dentate_gyrus->Striatum	14	2522.163818	2692.492676	0.4775042534
Pyramidal_layer_dentate_gyrus	Striatum	Pyramidal_layer_dentate_gyrus->Striatum	15	2692.492676	2862.821777	0.5046498775
Pyramidal_layer_dentate_gyrus	Striatum	Pyramidal_layer_dentate_gyrus->Striatum	16	2862.821777	3033.150879	0.5577358007
Pyramidal_layer_dentate_gyrus	Striatum	Pyramidal_layer_dentate_gyrus->Striatum	17	3033.150879	3203.47998	0.5980634689
Pyramidal_layer_dentate_gyrus	Striatum	Pyramidal_layer_dentate_gyrus->Striatum	18	3203.47998	3373.808838	0.6562537551
Pyramidal_layer_dentate_gyrus	Striatum	Pyramidal_layer_dentate_gyrus->Striatum	19	3373.808838	3544.137939	0.7130044103
Pyramidal_layer_dentate_gyrus	Striatum	Pyramidal_layer_dentate_gyrus->Striatum	20	3544.137939	3714.467041	0.7670834064
Pyramidal_layer_dentate_gyrus	Striatum	Pyramidal_layer_dentate_gyrus->Striatum	21	3714.467041	3884.796143	0.8222129345
Pyramidal_layer_dentate_gyrus	Striatum	Pyramidal_layer_dentate_gyrus->Striatum	22	3884.796143	4055.125	0.8624969125
Pyramidal_layer_dentate_gyrus	Striatum	Pyramidal_layer_dentate_gyrus->Striatum	23	4055.125	4225.454102	0.8978089094
Pyramidal_layer_dentate_gyrus	Thalamus_1	Pyramidal_layer_dentate_gyrus->Thalamus_1	0	137.5572662	307.8862915	0.4676088989
Pyramidal_layer_dentate_gyrus	Thalamus_1	Pyramidal_layer_dentate_gyrus->Thalamus_1	1	307.8862915	478.215332	0.800325036
Pyramidal_layer_dentate_gyrus	Thalamus_1	Pyramidal_layer_dentate_gyrus->Thalamus_1	2	478.215332	648.5443726	1.238775134
Pyramidal_layer_dentate_gyrus	Thalamus_1	Pyramidal_layer_dentate_gyrus->Thalamus_1	3	648.5443726	818.8734131	1.441382289
Pyramidal_layer_dentate_gyrus	Thalamus_1	Pyramidal_layer_dentate_gyrus->Thalamus_1	4	818.8734131	989.2024536	1.622876048
Pyramidal_layer_dentate_gyrus	Thalamus_1	Pyramidal_layer_dentate_gyrus->Thalamus_1	5	989.2024536	1159.531494	1.708235145
Pyramidal_layer_dentate_gyrus	Thalamus_1	Pyramidal_layer_dentate_gyrus->Thalamus_1	6	1159.531494	1329.860474	1.74810338
Pyramidal_layer_dentate_gyrus	Thalamus_1	Pyramidal_layer_dentate_gyrus->Thalamus_1	7	1329.860474	1500.189575	1.750530601
Pyramidal_layer_dentate_gyrus	Thalamus_1	Pyramidal_layer_dentate_gyrus->Thalamus_1	8	1500.189575	1670.518555	1.718904138
Pyramidal_layer_dentate_gyrus	Thalamus_1	Pyramidal_layer_dentate_gyrus->Thalamus_1	9	1670.518555	1840.847656	1.67697823
Pyramidal_layer_dentate_gyrus	Thalamus_1	Pyramidal_layer_dentate_gyrus->Thalamus_1	10	1840.847656	2011.176636	1.618844032
Pyramidal_layer_dentate_gyrus	Thalamus_1	Pyramidal_layer_dentate_gyrus->Thalamus_1	11	2011.176636	2181.505615	1.550562978
Pyramidal_layer_dentate_gyrus	Thalamus_1	Pyramidal_layer_dentate_gyrus->Thalamus_1	12	2181.505615	2351.834717	1.483917356
Pyramidal_layer_dentate_gyrus	Thalamus_1	Pyramidal_layer_dentate_gyrus->Thalamus_1	13	2351.834717	2522.163818	1.41012907
Pyramidal_layer_dentate_gyrus	Thalamus_1	Pyramidal_layer_dentate_gyrus->Thalamus_1	14	2522.163818	2692.492676	1.335095644
Pyramidal_layer_dentate_gyrus	Thalamus_1	Pyramidal_layer_dentate_gyrus->Thalamus_1	15	2692.492676	2862.821777	1.264661551
Pyramidal_layer_dentate_gyrus	Thalamus_1	Pyramidal_layer_dentate_gyrus->Thalamus_1	16	2862.821777	3033.150879	1.196502447
Pyramidal_layer_dentate_gyrus	Thalamus_1	Pyramidal_layer_dentate_gyrus->Thalamus_1	17	3033.150879	3203.47998	1.148599505
Pyramidal_layer_dentate_gyrus	Thalamus_1	Pyramidal_layer_dentate_gyrus->Thalamus_1	18	3203.47998	3373.808838	1.099385738
Pyramidal_layer_dentate_gyrus	Thalamus_1	Pyramidal_layer_dentate_gyrus->Thalamus_1	19	3373.808838	3544.137939	1.056174874
Pyramidal_layer_dentate_gyrus	Thalamus_1	Pyramidal_layer_dentate_gyrus->Thalamus_1	20	3544.137939	3714.467041	1.015477538
Pyramidal_layer_dentate_gyrus	Thalamus_1	Pyramidal_layer_dentate_gyrus->Thalamus_1	21	3714.467041	3884.796143	0.9775179029
Pyramidal_layer_dentate_gyrus	Thalamus_1	Pyramidal_layer_dentate_gyrus->Thalamus_1	22	3884.796143	4055.125	0.9494841099
Pyramidal_layer_dentate_gyrus	Thalamus_1	Pyramidal_layer_dentate_gyrus->Thalamus_1	23	4055.125	4225.454102	0.9221684337
Pyramidal_layer_dentate_gyrus	Thalamus_2	Pyramidal_layer_dentate_gyrus->Thalamus_2	0	137.5572662	307.8862915	0
Pyramidal_layer_dentate_gyrus	Thalamus_2	Pyramidal_layer_dentate_gyrus->Thalamus_2	1	307.8862915	478.215332	0.01661717519
Pyramidal_layer_dentate_gyrus	Thalamus_2	Pyramidal_layer_dentate_gyrus->Thalamus_2	2	478.215332	648.5443726	0.102394484
Pyramidal_layer_dentate_gyrus	Thalamus_2	Pyramidal_layer_dentate_gyrus->Thalamus_2	3	648.5443726	818.8734131	0.1622894555
Pyramidal_layer_dentate_gyrus	Thalamus_2	Pyramidal_layer_dentate_gyrus->Thalamus_2	4	818.8734131	989.2024536	0.2293314934
Pyramidal_layer_dentate_gyrus	Thalamus_2	Pyramidal_layer_dentate_gyrus->Thalamus_2	5	989.2024536	1159.531494	0.300358057
Pyramidal_layer_dentate_gyrus	Thalamus_2	Pyramidal_layer_dentate_gyrus->Thalamus_2	6	1159.531494	1329.860474	0.4027100801
Pyramidal_layer_dentate_gyrus	Thalamus_2	Pyramidal_layer_dentate_gyrus->Thalamus_2	7	1329.860474	1500.189575	0.4819880724
Pyramidal_layer_dentate_gyrus	Thalamus_2	Pyramidal_layer_dentate_gyrus->Thalamus_2	8	1500.189575	1670.518555	0.5622977018
Pyramidal_layer_dentate_gyrus	Thalamus_2	Pyramidal_layer_dentate_gyrus->Thalamus_2	9	1670.518555	1840.847656	0.6556193829
Pyramidal_layer_dentate_gyrus	Thalamus_2	Pyramidal_layer_dentate_gyrus->Thalamus_2	10	1840.847656	2011.176636	0.729768455
Pyramidal_layer_dentate_gyrus	Thalamus_2	Pyramidal_layer_dentate_gyrus->Thalamus_2	11	2011.176636	2181.505615	0.7965340614
Pyramidal_layer_dentate_gyrus	Thalamus_2	Pyramidal_layer_dentate_gyrus->Thalamus_2	12	2181.505615	2351.834717	0.8498295546
Pyramidal_layer_dentate_gyrus	Thalamus_2	Pyramidal_layer_dentate_gyrus->Thalamus_2	13	2351.834717	2522.163818	0.8975630403
Pyramidal_layer_dentate_gyrus	Thalamus_2	Pyramidal_layer_dentate_gyrus->Thalamus_2	14	2522.163818	2692.492676	0.9363090992
Pyramidal_layer_dentate_gyrus	Thalamus_2	Pyramidal_layer_dentate_gyrus->Thalamus_2	15	2692.492676	2862.821777	0.9730609655
Pyramidal_layer_dentate_gyrus	Thalamus_2	Pyramidal_layer_dentate_gyrus->Thalamus_2	16	2862.821777	3033.150879	1.000339389
Pyramidal_layer_dentate_gyrus	Thalamus_2	Pyramidal_layer_dentate_gyrus->Thalamus_2	17	3033.150879	3203.47998	1.01782608
Pyramidal_layer_dentate_gyrus	Thalamus_2	Pyramidal_layer_dentate_gyrus->Thalamus_2	18	3203.47998	3373.808838	1.035425425
Pyramidal_layer_dentate_gyrus	Thalamus_2	Pyramidal_layer_dentate_gyrus->Thalamus_2	19	3373.808838	3544.137939	1.049233556
Pyramidal_layer_dentate_gyrus	Thalamus_2	Pyramidal_layer_dentate_gyrus->Thalamus_2	20	3544.137939	3714.467041	1.06755805
Pyramidal_layer_dentate_gyrus	Thalamus_2	Pyramidal_layer_dentate_gyrus->Thalamus_2	21	3714.467041	3884.796143	1.079679012
Pyramidal_layer_dentate_gyrus	Thalamus_2	Pyramidal_layer_dentate_gyrus->Thalamus_2	22	3884.796143	4055.125	1.088488102
Pyramidal_layer_dentate_gyrus	Thalamus_2	Pyramidal_layer_dentate_gyrus->Thalamus_2	23	4055.125	4225.454102	1.091574669
Striatum	Cortex_1	Striatum->Cortex_1	0	137.5572662	307.8862915	0
Striatum	Cortex_1	Striatum->Cortex_1	1	307.8862915	478.215332	0
Striatum	Cortex_1	Striatum->Cortex_1	2	478.215332	648.5443726	0
Striatum	Cortex_1	Striatum->Cortex_1	3	648.5443726	818.8734131	0.01049774326
Striatum	Cortex_1	Striatum->Cortex_1	4	818.8734131	989.2024536	0.06811472774
Striatum	Cortex_1	Striatum->Cortex_1	5	989.2024536	1159.531494	0.1457440406
Striatum	Cortex_1	Striatum->Cortex_1	6	1159.531494	1329.860474	0.2398167402
Striatum	Cortex_1	Striatum->Cortex_1	7	1329.860474	1500.189575	0.2934085131
Striatum	Cortex_1	Striatum->Cortex_1	8	1500.189575	1670.518555	0.3253827691
Striatum	Cortex_1	Striatum->Cortex_1	9	1670.518555	1840.847656	0.3542895913
Striatum	Cortex_1	Striatum->Cortex_1	10	1840.847656	2011.176636	0.3731440604
Striatum	Cortex_1	Striatum->Cortex_1	11	2011.176636	2181.505615	0.3910745382
Striatum	Cortex_1	Striatum->Cortex_1	12	2181.505615	2351.834717	0.4023224413
Striatum	Cortex_1	Striatum->Cortex_1	13	2351.834717	2522.163818	0.4181254208
Striatum	Cortex_1	Striatum->Cortex_1	14	2522.163818	2692.492676	0.4342298806
Striatum	Cortex_1	Striatum->Cortex_1	15	2692.492676	2862.821777	0.4486282766
Striatum	Cortex_1	Striatum->Cortex_1	16	2862.821777	3033.150879	0.4656218588
Striatum	Cortex_1	Striatum->Cortex_1	17	3033.150879	3203.47998	0.4807570279
Striatum	Cortex_1	Striatum->Cortex_1	18	3203.47998	3373.808838	0.4972493351
Striatum	Cortex_1	Striatum->Cortex_1	19	3373.808838	3544.137939	0.5187367201
Striatum	Cortex_1	Striatum->Cortex_1	20	3544.137939	3714.467041	0.5365092754
Striatum	Cortex_1	Striatum->Cortex_1	21	3714.467041	3884.796143	0.5586095452
Striatum	Cortex_1	Striatum->Cortex_1	22	3884.796143	4055.125	0.5819995403
Striatum	Cortex_1	Striatum->Cortex_1	23	4055.125	4225.454102	0.6068891883
Striatum	Cortex_2	Striatum->Cortex_2	0	137.5572662	307.8862915	0.9510556459
Striatum	Cortex_2	Striatum->Cortex_2	1	307.8862915	478.215332	1.408278108
Striatum	Cortex_2	Striatum->Cortex_2	2	478.215332	648.5443726	1.903498173
Striatum	Cortex_2	Striatum->Cortex_2	3	648.5443726	818.8734131	2.158887625
Striatum	Cortex_2	Striatum->Cortex_2	4	818.8734131	989.2024536	2.413139105
Striatum	Cortex_2	Striatum->Cortex_2	5	989.2024536	1159.531494	2.517255068
Striatum	Cortex_2	Striatum->Cortex_2	6	1159.531494	1329.860474	2.576934338
Striatum	Cortex_2	Striatum->Cortex_2	7	1329.860474	1500.189575	2.612669706
Striatum	Cortex_2	Striatum->Cortex_2	8	1500.189575	1670.518555	2.622334242
Striatum	Cortex_2	Striatum->Cortex_2	9	1670.518555	1840.847656	2.649544239
Striatum	Cortex_2	Striatum->Cortex_2	10	1840.847656	2011.176636	2.63601613
Striatum	Cortex_2	Striatum->Cortex_2	11	2011.176636	2181.505615	2.588243246
Striatum	Cortex_2	Striatum->Cortex_2	12	2181.505615	2351.834717	2.519696712
Striatum	Cortex_2	Striatum->Cortex_2	13	2351.834717	2522.163818	2.432276249
Striatum	Cortex_2	Striatum->Cortex_2	14	2522.163818	2692.492676	2.341902018
Striatum	Cortex_2	Striatum->Cortex_2	15	2692.492676	2862.821777	2.247651577
Striatum	Cortex_2	Striatum->Cortex_2	16	2862.821777	3033.150879	2.137800455
Striatum	Cortex_2	Striatum->Cortex_2	17	3033.150879	3203.47998	2.037757874
Striatum	Cortex_2	Striatum->Cortex_2	18	3203.47998	3373.808838	1.932923317
Striatum	Cortex_2	Striatum->Cortex_2	19	3373.808838	3544.137939	1.829233646
Striatum	Cortex_2	Striatum->Cortex_2	20	3544.137939	3714.467041	1.735728145
Striatum	Cortex_2	Striatum->Cortex_2	21	3714.467041	3884.796143	1.641453147
Striatum	Cortex_2	Striatum->Cortex_2	22	3884.796143	4055.125	1.564616203
Striatum	Cortex_2	Striatum->Cortex_2	23	4055.125	4225.454102	1.478692055
Striatum	Cortex_3	Striatum->Cortex_3	0	137.5572662	307.8862915	0.3546691537
Striatum	Cortex_3	Striatum->Cortex_3	1	307.8862915	478.215332	0.5502634048
Striatum	Cortex_3	Striatum->Cortex_3	2	478.215332	648.5443726	0.7201343775
Striatum	Cortex_3	Striatum->Cortex_3	3	648.5443726	818.8734131	0.8227695227
Striatum	Cortex_3	Striatum->Cortex_3	4	818.8734131	989.2024536	0.9342523217
Striatum	Cortex_3	Striatum->Cortex_3	5	989.2024536	1159.531494	0.9924572706
Striatum	Cortex_3	Striatum->Cortex_3	6	1159.531494	1329.860474	1.022332668
Striatum	Cortex_3	Striatum->Cortex_3	7	1329.860474	1500.189575	1.013032675
Striatum	Cortex_3	Striatum->Cortex_3	8	1500.189575	1670.518555	0.987139225
Striatum	Cortex_3	Striatum->Cortex_3	9	1670.518555	1840.847656	0.9549965858
Striatum	Cortex_3	Striatum->Cortex_3	10	1840.847656	2011.176636	0.9248576164
Striatum	Cortex_3	Striatum->Cortex_3	11	2011.176636	2181.505615	0.9047534466
Striatum	Cortex_3	Striatum->Cortex_3	12	2181.505615	2351.834717	0.889375031
Striatum	Cortex_3	Striatum->Cortex_3	13	2351.834717	2522.163818	0.8858760595
Striatum	Cortex_3	Striatum->Cortex_3	14	2522.163818	2692.492676	0.8803662062
Striatum	Cortex_3	Striatum->Cortex_3	15	2692.492676	2862.821777	0.8787542582
Striatum	Cortex_3	Striatum->Cortex_3	16	2862.821777	3033.150879	0.883279264
Striatum	Cortex_3	Striatum->Cortex_3	17	3033.150879	3203.47998	0.8863002062
Striatum	Cortex_3	Striatum->Cortex_3	18	3203.47998	3373.808838	0.8917002082
Striatum	Cortex_3	Striatum->Cortex_3	19	3373.808838	3544.137939	0.8993761539
Striatum	Cortex_3	Striatum->Cortex_3	20	3544.137939	3714.467041	0.903437376
Striatum	Cortex_3	Striatum->Cortex_3	21	3714.467041	3884.796143	0.9072247148
Striatum	Cortex_3	Striatum->Cortex_3	22	3884.796143	4055.125	0.9118211865
Striatum	Cortex_3	Striatum->Cortex_3	23	4055.125	4225.454102	0.9122510552
Striatum	Cortex_4	Striatum->Cortex_4	0	137.5572662	307.8862915	0
Striatum	Cortex_4	Striatum->Cortex_4	1	307.8862915	478.215332	0
Striatum	Cortex_4	Striatum->Cortex_4	2	478.215332	648.5443726	0
Striatum	Cortex_4	Striatum->Cortex_4	3	648.5443726	818.8734131	0
Striatum	Cortex_4	Striatum->Cortex_4	4	818.8734131	989.2024536	0
Striatum	Cortex_4	Striatum->Cortex_4	5	989.2024536	1159.531494	0.007170254365
Striatum	Cortex_4	Striatum->Cortex_4	6	1159.531494	1329.860474	0.07192910463
Striatum	Cortex_4	Striatum->Cortex_4	7	1329.860474	1500.189575	0.1578003019
Striatum	Cortex_4	Striatum->Cortex_4	8	1500.189575	1670.518555	0.2494875044
Striatum	Cortex_4	Striatum->Cortex_4	9	1670.518555	1840.847656	0.3166876435
Striatum	Cortex_4	Striatum->Cortex_4	10	1840.847656	2011.176636	0.3540683985
Striatum	Cortex_4	Striatum->Cortex_4	11	2011.176636	2181.505615	0.3750473261
Striatum	Cortex_4	Striatum->Cortex_4	12	2181.505615	2351.834717	0.3896757662
Striatum	Cortex_4	Striatum->Cortex_4	13	2351.834717	2522.163818	0.4066943228
Striatum	Cortex_4	Striatum->Cortex_4	14	2522.163818	2692.492676	0.4258050323
Striatum	Cortex_4	Striatum->Cortex_4	15	2692.492676	2862.821777	0.4439210594
Striatum	Cortex_4	Striatum->Cortex_4	16	2862.821777	3033.150879	0.4670051932
Striatum	Cortex_4	Striatum->Cortex_4	17	3033.150879	3203.47998	0.4853298366
Striatum	Cortex_4	Striatum->Cortex_4	18	3203.47998	3373.808838	0.5112299919
Striatum	Cortex_4	Striatum->Cortex_4	19	3373.808838	3544.137939	0.5353344083
Striatum	Cortex_4	Striatum->Cortex_4	20	3544.137939	3714.467041	0.5598787665
Striatum	Cortex_4	Striatum->Cortex_4	21	3714.467041	3884.796143	0.5889129639
Striatum	Cortex_4	Striatum->Cortex_4	22	3884.796143	4055.125	0.6154432297
Striatum	Cortex_4	Striatum->Cortex_4	23	4055.125	4225.454102	0.644251585
Striatum	Cortex_5	Striatum->Cortex_5	0	137.5572662	307.8862915	0
Striatum	Cortex_5	Striatum->Cortex_5	1	307.8862915	478.215332	0.01477075927
Striatum	Cortex_5	Striatum->Cortex_5	2	478.215332	648.5443726	0.05143951252
Striatum	Cortex_5	Striatum->Cortex_5	3	648.5443726	818.8734131	0.08242601901
Striatum	Cortex_5	Striatum->Cortex_5	4	818.8734131	989.2024536	0.1397409886
Striatum	Cortex_5	Striatum->Cortex_5	5	989.2024536	1159.531494	0.2013342381
Striatum	Cortex_5	Striatum->Cortex_5	6	1159.531494	1329.860474	0.3371275961
Striatum	Cortex_5	Striatum->Cortex_5	7	1329.860474	1500.189575	0.5238319635
Striatum	Cortex_5	Striatum->Cortex_5	8	1500.189575	1670.518555	0.7568009496
Striatum	Cortex_5	Striatum->Cortex_5	9	1670.518555	1840.847656	0.9704544544
Striatum	Cortex_5	Striatum->Cortex_5	10	1840.847656	2011.176636	1.130427003
Striatum	Cortex_5	Striatum->Cortex_5	11	2011.176636	2181.505615	1.266732812
Striatum	Cortex_5	Striatum->Cortex_5	12	2181.505615	2351.834717	1.331034303
Striatum	Cortex_5	Striatum->Cortex_5	13	2351.834717	2522.163818	1.332449079
Striatum	Cortex_5	Striatum->Cortex_5	14	2522.163818	2692.492676	1.311169147
Striatum	Cortex_5	Striatum->Cortex_5	15	2692.492676	2862.821777	1.281650901
Striatum	Cortex_5	Striatum->Cortex_5	16	2862.821777	3033.150879	1.245972991
Striatum	Cortex_5	Striatum->Cortex_5	17	3033.150879	3203.47998	1.216336489
Striatum	Cortex_5	Striatum->Cortex_5	18	3203.47998	3373.808838	1.186210752
Striatum	Cortex_5	Striatum->Cortex_5	19	3373.808838	3544.137939	1.157027721
Striatum	Cortex_5	Striatum->Cortex_5	20	3544.137939	3714.467041	1.135178447
Striatum	Cortex_5	Striatum->Cortex_5	21	3714.467041	3884.796143	1.112672448
Striatum	Cortex_5	Striatum->Cortex_5	22	3884.796143	4055.125	1.093848228
Striatum	Cortex_5	Striatum->Cortex_5	23	4055.125	4225.454102	1.076773286
Striatum	Fiber_tract	Striatum->Fiber_tract	0	137.5572662	307.8862915	0.7784821391
Striatum	Fiber_tract	Striatum->Fiber_tract	1	307.8862915	478.215332	1.078684926
Striatum	Fiber_tract	Striatum->Fiber_tract	2	478.215332	648.5443726	1.519094825
Striatum	Fiber_tract	Striatum->Fiber_tract	3	648.5443726	818.8734131	1.747118235
Striatum	Fiber_tract	Striatum->Fiber_tract	4	818.8734131	989.2024536	1.940137506
Striatum	Fiber_tract	Striatum->Fiber_tract	5	989.2024536	1159.531494	1.949512124
Striatum	Fiber_tract	Striatum->Fiber_tract	6	1159.531494	1329.860474	1.827609897
Striatum	Fiber_tract	Striatum->Fiber_tract	7	1329.860474	1500.189575	1.70103395
Striatum	Fiber_tract	Striatum->Fiber_tract	8	1500.189575	1670.518555	1.558717966
Striatum	Fiber_tract	Striatum->Fiber_tract	9	1670.518555	1840.847656	1.453129411
Striatum	Fiber_tract	Striatum->Fiber_tract	10	1840.847656	2011.176636	1.353459001
Striatum	Fiber_tract	Striatum->Fiber_tract	11	2011.176636	2181.505615	1.273667097
Striatum	Fiber_tract	Striatum->Fiber_tract	12	2181.505615	2351.834717	1.204101562
Striatum	Fiber_tract	Striatum->Fiber_tract	13	2351.834717	2522.163818	1.141879678
Striatum	Fiber_tract	Striatum->Fiber_tract	14	2522.163818	2692.492676	1.086373806
Striatum	Fiber_tract	Striatum->Fiber_tract	15	2692.492676	2862.821777	1.044591904
Striatum	Fiber_tract	Striatum->Fiber_tract	16	2862.821777	3033.150879	1.001538038
Striatum	Fiber_tract	Striatum->Fiber_tract	17	3033.150879	3203.47998	0.9745388031
Striatum	Fiber_tract	Striatum->Fiber_tract	18	3203.47998	3373.808838	0.9495048523
Striatum	Fiber_tract	Striatum->Fiber_tract	19	3373.808838	3544.137939	0.9321197867
Striatum	Fiber_tract	Striatum->Fiber_tract	20	3544.137939	3714.467041	0.9184307456
Striatum	Fiber_tract	Striatum->Fiber_tract	21	3714.467041	3884.796143	0.9051454067
Striatum	Fiber_tract	Striatum->Fiber_tract	22	3884.796143	4055.125	0.8945612311
Striatum	Fiber_tract	Striatum->Fiber_tract	23	4055.125	4225.454102	0.8855284452
Striatum	Hippocampus	Striatum->Hippocampus	0	137.5572662	307.8862915	0.008729579858
Striatum	Hippocampus	Striatum->Hippocampus	1	307.8862915	478.215332	0.03898558393
Striatum	Hippocampus	Striatum->Hippocampus	2	478.215332	648.5443726	0.06154249981
Striatum	Hippocampus	Striatum->Hippocampus	3	648.5443726	818.8734131	0.07484234124
Striatum	Hippocampus	Striatum->Hippocampus	4	818.8734131	989.2024536	0.09784902632
Striatum	Hippocampus	Striatum->Hippocampus	5	989.2024536	1159.531494	0.1211624667
Striatum	Hippocampus	Striatum->Hippocampus	6	1159.531494	1329.860474	0.149459824
Striatum	Hippocampus	Striatum->Hippocampus	7	1329.860474	1500.189575	0.1670064032
Striatum	Hippocampus	Striatum->Hippocampus	8	1500.189575	1670.518555	0.1831851006
Striatum	Hippocampus	Striatum->Hippocampus	9	1670.518555	1840.847656	0.2024637908
Striatum	Hippocampus	Striatum->Hippocampus	10	1840.847656	2011.176636	0.2178517729
Striatum	Hippocampus	Striatum->Hippocampus	11	2011.176636	2181.505615	0.2368523628
Striatum	Hippocampus	Striatum->Hippocampus	12	2181.505615	2351.834717	0.2532417476
Striatum	Hippocampus	Striatum->Hippocampus	13	2351.834717	2522.163818	0.2748527527
Striatum	Hippocampus	Striatum->Hippocampus	14	2522.163818	2692.492676	0.2991819978
Striatum	Hippocampus	Striatum->Hippocampus	15	2692.492676	2862.821777	0.3254462481
Striatum	Hippocampus	Striatum->Hippocampus	16	2862.821777	3033.150879	0.3572827578
Striatum	Hippocampus	Striatum->Hippocampus	17	3033.150879	3203.47998	0.3884344101
Striatum	Hippocampus	Striatum->Hippocampus	18	3203.47998	3373.808838	0.4303002954
Striatum	Hippocampus	Striatum->Hippocampus	19	3373.808838	3544.137939	0.4739573598
Striatum	Hippocampus	Striatum->Hippocampus	20	3544.137939	3714.467041	0.5216900706
Striatum	Hippocampus	Striatum->Hippocampus	21	3714.467041	3884.796143	0.575353682
Striatum	Hippocampus	Striatum->Hippocampus	22	3884.796143	4055.125	0.6279096007
Striatum	Hippocampus	Striatum->Hippocampus	23	4055.125	4225.454102	0.6911737323
Striatum	Hypothalamus_1	Striatum->Hypothalamus_1	0	137.5572662	307.8862915	0
Striatum	Hypothalamus_1	Striatum->Hypothalamus_1	1	307.8862915	478.215332	0.00908370968
Striatum	Hypothalamus_1	Striatum->Hypothalamus_1	2	478.215332	648.5443726	0.06423986703
Striatum	Hypothalamus_1	Striatum->Hypothalamus_1	3	648.5443726	818.8734131	0.1341939718
Striatum	Hypothalamus_1	Striatum->Hypothalamus_1	4	818.8734131	989.2024536	0.2797773778
Striatum	Hypothalamus_1	Striatum->Hypothalamus_1	5	989.2024536	1159.531494	0.4292970896
Striatum	Hypothalamus_1	Striatum->Hypothalamus_1	6	1159.531494	1329.860474	0.6373095512
Striatum	Hypothalamus_1	Striatum->Hypothalamus_1	7	1329.860474	1500.189575	0.7724840641
Striatum	Hypothalamus_1	Striatum->Hypothalamus_1	8	1500.189575	1670.518555	0.9116587639
Striatum	Hypothalamus_1	Striatum->Hypothalamus_1	9	1670.518555	1840.847656	1.022065759
Striatum	Hypothalamus_1	Striatum->Hypothalamus_1	10	1840.847656	2011.176636	1.110091209
Striatum	Hypothalamus_1	Striatum->Hypothalamus_1	11	2011.176636	2181.505615	1.209401488
Striatum	Hypothalamus_1	Striatum->Hypothalamus_1	12	2181.505615	2351.834717	1.296223044
Striatum	Hypothalamus_1	Striatum->Hypothalamus_1	13	2351.834717	2522.163818	1.365957618
Striatum	Hypothalamus_1	Striatum->Hypothalamus_1	14	2522.163818	2692.492676	1.421978474
Striatum	Hypothalamus_1	Striatum->Hypothalamus_1	15	2692.492676	2862.821777	1.443161011
Striatum	Hypothalamus_1	Striatum->Hypothalamus_1	16	2862.821777	3033.150879	1.47918129
Striatum	Hypothalamus_1	Striatum->Hypothalamus_1	17	3033.150879	3203.47998	1.477746487
Striatum	Hypothalamus_1	Striatum->Hypothalamus_1	18	3203.47998	3373.808838	1.490208268
Striatum	Hypothalamus_1	Striatum->Hypothalamus_1	19	3373.808838	3544.137939	1.472800136
Striatum	Hypothalamus_1	Striatum->Hypothalamus_1	20	3544.137939	3714.467041	1.476762533
Striatum	Hypothalamus_1	Striatum->Hypothalamus_1	21	3714.467041	3884.796143	1.465330482
Striatum	Hypothalamus_1	Striatum->Hypothalamus_1	22	3884.796143	4055.125	1.452238917
Striatum	Hypothalamus_1	Striatum->Hypothalamus_1	23	4055.125	4225.454102	1.448264599
Striatum	Hypothalamus_2	Striatum->Hypothalamus_2	0	137.5572662	307.8862915	0
Striatum	Hypothalamus_2	Striatum->Hypothalamus_2	1	307.8862915	478.215332	0.0124678053
Striatum	Hypothalamus_2	Striatum->Hypothalamus_2	2	478.215332	648.5443726	0.04570359737
Striatum	Hypothalamus_2	Striatum->Hypothalamus_2	3	648.5443726	818.8734131	0.1443425715
Striatum	Hypothalamus_2	Striatum->Hypothalamus_2	4	818.8734131	989.2024536	0.4250662327
Striatum	Hypothalamus_2	Striatum->Hypothalamus_2	5	989.2024536	1159.531494	0.7462640405
Striatum	Hypothalamus_2	Striatum->Hypothalamus_2	6	1159.531494	1329.860474	1.152742267
Striatum	Hypothalamus_2	Striatum->Hypothalamus_2	7	1329.860474	1500.189575	1.407716393
Striatum	Hypothalamus_2	Striatum->Hypothalamus_2	8	1500.189575	1670.518555	1.568629861
Striatum	Hypothalamus_2	Striatum->Hypothalamus_2	9	1670.518555	1840.847656	1.636403322
Striatum	Hypothalamus_2	Striatum->Hypothalamus_2	10	1840.847656	2011.176636	1.635859013
Striatum	Hypothalamus_2	Striatum->Hypothalamus_2	11	2011.176636	2181.505615	1.606624961
Striatum	Hypothalamus_2	Striatum->Hypothalamus_2	12	2181.505615	2351.834717	1.556606412
Striatum	Hypothalamus_2	Striatum->Hypothalamus_2	13	2351.834717	2522.163818	1.490708709
Striatum	Hypothalamus_2	Striatum->Hypothalamus_2	14	2522.163818	2692.492676	1.428342819
Striatum	Hypothalamus_2	Striatum->Hypothalamus_2	15	2692.492676	2862.821777	1.365548015
Striatum	Hypothalamus_2	Striatum->Hypothalamus_2	16	2862.821777	3033.150879	1.318121076
Striatum	Hypothalamus_2	Striatum->Hypothalamus_2	17	3033.150879	3203.47998	1.276207805
Striatum	Hypothalamus_2	Striatum->Hypothalamus_2	18	3203.47998	3373.808838	1.247468352
Striatum	Hypothalamus_2	Striatum->Hypothalamus_2	19	3373.808838	3544.137939	1.21910882
Striatum	Hypothalamus_2	Striatum->Hypothalamus_2	20	3544.137939	3714.467041	1.199124694
Striatum	Hypothalamus_2	Striatum->Hypothalamus_2	21	3714.467041	3884.796143	1.17306304
Striatum	Hypothalamus_2	Striatum->Hypothalamus_2	22	3884.796143	4055.125	1.14787662
Striatum	Hypothalamus_2	Striatum->Hypothalamus_2	23	4055.125	4225.454102	1.123986959
Striatum	Lateral_ventricle	Striatum->Lateral_ventricle	0	137.5572662	307.8862915	2.618795633
Striatum	Lateral_ventricle	Striatum->Lateral_ventricle	1	307.8862915	478.215332	3.35150671
Striatum	Lateral_ventricle	Striatum->Lateral_ventricle	2	478.215332	648.5443726	3.645512342
Striatum	Lateral_ventricle	Striatum->Lateral_ventricle	3	648.5443726	818.8734131	3.584440231
Striatum	Lateral_ventricle	Striatum->Lateral_ventricle	4	818.8734131	989.2024536	3.246028662
Striatum	Lateral_ventricle	Striatum->Lateral_ventricle	5	989.2024536	1159.531494	2.874087334
Striatum	Lateral_ventricle	Striatum->Lateral_ventricle	6	1159.531494	1329.860474	2.457873821
Striatum	Lateral_ventricle	Striatum->Lateral_ventricle	7	1329.860474	1500.189575	2.191324949
Striatum	Lateral_ventricle	Striatum->Lateral_ventricle	8	1500.189575	1670.518555	1.97157979
Striatum	Lateral_ventricle	Striatum->Lateral_ventricle	9	1670.518555	1840.847656	1.77921474
Striatum	Lateral_ventricle	Striatum->Lateral_ventricle	10	1840.847656	2011.176636	1.650142074
Striatum	Lateral_ventricle	Striatum->Lateral_ventricle	11	2011.176636	2181.505615	1.52268064
Striatum	Lateral_ventricle	Striatum->Lateral_ventricle	12	2181.505615	2351.834717	1.432636499
Striatum	Lateral_ventricle	Striatum->Lateral_ventricle	13	2351.834717	2522.163818	1.358270764
Striatum	Lateral_ventricle	Striatum->Lateral_ventricle	14	2522.163818	2692.492676	1.291052103
Striatum	Lateral_ventricle	Striatum->Lateral_ventricle	15	2692.492676	2862.821777	1.249515533
Striatum	Lateral_ventricle	Striatum->Lateral_ventricle	16	2862.821777	3033.150879	1.198390245
Striatum	Lateral_ventricle	Striatum->Lateral_ventricle	17	3033.150879	3203.47998	1.166586995
Striatum	Lateral_ventricle	Striatum->Lateral_ventricle	18	3203.47998	3373.808838	1.131858945
Striatum	Lateral_ventricle	Striatum->Lateral_ventricle	19	3373.808838	3544.137939	1.109932303
Striatum	Lateral_ventricle	Striatum->Lateral_ventricle	20	3544.137939	3714.467041	1.091292381
Striatum	Lateral_ventricle	Striatum->Lateral_ventricle	21	3714.467041	3884.796143	1.083981633
Striatum	Lateral_ventricle	Striatum->Lateral_ventricle	22	3884.796143	4055.125	1.089923739
Striatum	Lateral_ventricle	Striatum->Lateral_ventricle	23	4055.125	4225.454102	1.099609613
Striatum	Pyramidal_layer	Striatum->Pyramidal_layer	0	137.5572662	307.8862915	0
Striatum	Pyramidal_layer	Striatum->Pyramidal_layer	1	307.8862915	478.215332	0
Striatum	Pyramidal_layer	Striatum->Pyramidal_layer	2	478.215332	648.5443726	0
Striatum	Pyramidal_layer	Striatum->Pyramidal_layer	3	648.5443726	818.8734131	0
Striatum	Pyramidal_layer	Striatum->Pyramidal_layer	4	818.8734131	989.2024536	0
Striatum	Pyramidal_layer	Striatum->Pyramidal_layer	5	989.2024536	1159.531494	0
Striatum	Pyramidal_layer	Striatum->Pyramidal_layer	6	1159.531494	1329.860474	0.003485143417
Striatum	Pyramidal_layer	Striatum->Pyramidal_layer	7	1329.860474	1500.189575	0.01016943902
Striatum	Pyramidal_layer	Striatum->Pyramidal_layer	8	1500.189575	1670.518555	0.01606908068
Striatum	Pyramidal_layer	Striatum->Pyramidal_layer	9	1670.518555	1840.847656	0.02629650757
Striatum	Pyramidal_layer	Striatum->Pyramidal_layer	10	1840.847656	2011.176636	0.03934011236
Striatum	Pyramidal_layer	Striatum->Pyramidal_layer	11	2011.176636	2181.505615	0.05436682329
Striatum	Pyramidal_layer	Striatum->Pyramidal_layer	12	2181.505615	2351.834717	0.07077103853
Striatum	Pyramidal_layer	Striatum->Pyramidal_layer	13	2351.834717	2522.163818	0.09280972928
Striatum	Pyramidal_layer	Striatum->Pyramidal_layer	14	2522.163818	2692.492676	0.1154725403
Striatum	Pyramidal_layer	Striatum->Pyramidal_layer	15	2692.492676	2862.821777	0.1435364187
Striatum	Pyramidal_layer	Striatum->Pyramidal_layer	16	2862.821777	3033.150879	0.1677702367
Striatum	Pyramidal_layer	Striatum->Pyramidal_layer	17	3033.150879	3203.47998	0.1955125481
Striatum	Pyramidal_layer	Striatum->Pyramidal_layer	18	3203.47998	3373.808838	0.2264726907
Striatum	Pyramidal_layer	Striatum->Pyramidal_layer	19	3373.808838	3544.137939	0.2666570246
Striatum	Pyramidal_layer	Striatum->Pyramidal_layer	20	3544.137939	3714.467041	0.3089300096
Striatum	Pyramidal_layer	Striatum->Pyramidal_layer	21	3714.467041	3884.796143	0.3645030856
Striatum	Pyramidal_layer	Striatum->Pyramidal_layer	22	3884.796143	4055.125	0.4236833453
Striatum	Pyramidal_layer	Striatum->Pyramidal_layer	23	4055.125	4225.454102	0.5289509892
Striatum	Pyramidal_layer_dentate_gyrus	Striatum->Pyramidal_layer_dentate_gyrus	0	137.5572662	307.8862915	0
Striatum	Pyramidal_layer_dentate_gyrus	Striatum->Pyramidal_layer_dentate_gyrus	1	307.8862915	478.215332	0
Striatum	Pyramidal_layer_dentate_gyrus	Striatum->Pyramidal_layer_dentate_gyrus	2	478.215332	648.5443726	0.02318589948
Striatum	Pyramidal_layer_dentate_gyrus	Striatum->Pyramidal_layer_dentate_gyrus	3	648.5443726	818.8734131	0.05425478518
Striatum	Pyramidal_layer_dentate_gyrus	Striatum->Pyramidal_layer_dentate_gyrus	4	818.8734131	989.2024536	0.1072897762
Striatum	Pyramidal_layer_dentate_gyrus	Striatum->Pyramidal_layer_dentate_gyrus	5	989.2024536	1159.531494	0.1527297199
Striatum	Pyramidal_layer_dentate_gyrus	Striatum->Pyramidal_layer_dentate_gyrus	6	1159.531494	1329.860474	0.2086512744
Striatum	Pyramidal_layer_dentate_gyrus	Striatum->Pyramidal_layer_dentate_gyrus	7	1329.860474	1500.189575	0.2569015324
Striatum	Pyramidal_layer_dentate_gyrus	Striatum->Pyramidal_layer_dentate_gyrus	8	1500.189575	1670.518555	0.2944223583
Striatum	Pyramidal_layer_dentate_gyrus	Striatum->Pyramidal_layer_dentate_gyrus	9	1670.518555	1840.847656	0.3378413022
Striatum	Pyramidal_layer_dentate_gyrus	Striatum->Pyramidal_layer_dentate_gyrus	10	1840.847656	2011.176636	0.3697270453
Striatum	Pyramidal_layer_dentate_gyrus	Striatum->Pyramidal_layer_dentate_gyrus	11	2011.176636	2181.505615	0.3951007128
Striatum	Pyramidal_layer_dentate_gyrus	Striatum->Pyramidal_layer_dentate_gyrus	12	2181.505615	2351.834717	0.4142017663
Striatum	Pyramidal_layer_dentate_gyrus	Striatum->Pyramidal_layer_dentate_gyrus	13	2351.834717	2522.163818	0.4443893731
Striatum	Pyramidal_layer_dentate_gyrus	Striatum->Pyramidal_layer_dentate_gyrus	14	2522.163818	2692.492676	0.4775042534
Striatum	Pyramidal_layer_dentate_gyrus	Striatum->Pyramidal_layer_dentate_gyrus	15	2692.492676	2862.821777	0.5046498179
Striatum	Pyramidal_layer_dentate_gyrus	Striatum->Pyramidal_layer_dentate_gyrus	16	2862.821777	3033.150879	0.5577358603
Striatum	Pyramidal_layer_dentate_gyrus	Striatum->Pyramidal_layer_dentate_gyrus	17	3033.150879	3203.47998	0.5980635881
Striatum	Pyramidal_layer_dentate_gyrus	Striatum->Pyramidal_layer_dentate_gyrus	18	3203.47998	3373.808838	0.6562536359
Striatum	Pyramidal_layer_dentate_gyrus	Striatum->Pyramidal_layer_dentate_gyrus	19	3373.808838	3544.137939	0.7130045891
Striatum	Pyramidal_layer_dentate_gyrus	Striatum->Pyramidal_layer_dentate_gyrus	20	3544.137939	3714.467041	0.7670836449
Striatum	Pyramidal_layer_dentate_gyrus	Striatum->Pyramidal_layer_dentate_gyrus	21	3714.467041	3884.796143	0.8222129941
Striatum	Pyramidal_layer_dentate_gyrus	Striatum->Pyramidal_layer_dentate_gyrus	22	3884.796143	4055.125	0.8624969721
Striatum	Pyramidal_layer_dentate_gyrus	Striatum->Pyramidal_layer_dentate_gyrus	23	4055.125	4225.454102	0.8978088498
Striatum	Striatum	Striatum->Striatum	0	137.5572662	307.8862915	11.99253941
Striatum	Striatum	Striatum->Striatum	1	307.8862915	478.215332	9.823788643
Striatum	Striatum	Striatum->Striatum	2	478.215332	648.5443726	7.658204079
Striatum	Striatum	Striatum->Striatum	3	648.5443726	818.8734131	6.475847721
Striatum	Striatum	Striatum->Striatum	4	818.8734131	989.2024536	5.111203194
Striatum	Striatum	Striatum->Striatum	5	989.2024536	1159.531494	4.315386295
Striatum	Striatum	Striatum->Striatum	6	1159.531494	1329.860474	3.570661306
Striatum	Striatum	Striatum->Striatum	7	1329.860474	1500.189575	3.115400791
Striatum	Striatum	Striatum->Striatum	8	1500.189575	1670.518555	2.762584686
Striatum	Striatum	Striatum->Striatum	9	1670.518555	1840.847656	2.427754164
Striatum	Striatum	Striatum->Striatum	10	1840.847656	2011.176636	2.230998278
Striatum	Striatum	Striatum->Striatum	11	2011.176636	2181.505615	2.033918381
Striatum	Striatum	Striatum->Striatum	12	2181.505615	2351.834717	1.907266855
Striatum	Striatum	Striatum->Striatum	13	2351.834717	2522.163818	1.804431915
Striatum	Striatum	Striatum->Striatum	14	2522.163818	2692.492676	1.69860518
Striatum	Striatum	Striatum->Striatum	15	2692.492676	2862.821777	1.641463876
Striatum	Striatum	Striatum->Striatum	16	2862.821777	3033.150879	1.554606438
Striatum	Striatum	Striatum->Striatum	17	3033.150879	3203.47998	1.510755301
Striatum	Striatum	Striatum->Striatum	18	3203.47998	3373.808838	1.449027181
Striatum	Striatum	Striatum->Striatum	19	3373.808838	3544.137939	1.406834722
Striatum	Striatum	Striatum->Striatum	20	3544.137939	3714.467041	1.357923627
Striatum	Striatum	Striatum->Striatum	21	3714.467041	3884.796143	1.313949704
Striatum	Striatum	Striatum->Striatum	22	3884.796143	4055.125	1.273235559
Striatum	Striatum	Striatum->Striatum	23	4055.125	4225.454102	1.225947976
Striatum	Thalamus_1	Striatum->Thalamus_1	0	137.5572662	307.8862915	0
Striatum	Thalamus_1	Striatum->Thalamus_1	1	307.8862915	478.215332	0
Striatum	Thalamus_1	Striatum->Thalamus_1	2	478.215332	648.5443726	0
Striatum	Thalamus_1	Striatum->Thalamus_1	3	648.5443726	818.8734131	0
Striatum	Thalamus_1	Striatum->Thalamus_1	4	818.8734131	989.2024536	0
Striatum	Thalamus_1	Striatum->Thalamus_1	5	989.2024536	1159.531494	0.00171649293
Striatum	Thalamus_1	Striatum->Thalamus_1	6	1159.531494	1329.860474	0.0214243941
Striatum	Thalamus_1	Striatum->Thalamus_1	7	1329.860474	1500.189575	0.06556405127
Striatum	Thalamus_1	Striatum->Thalamus_1	8	1500.189575	1670.518555	0.1472396255
Striatum	Thalamus_1	Striatum->Thalamus_1	9	1670.518555	1840.847656	0.2708318532
Striatum	Thalamus_1	Striatum->Thalamus_1	10	1840.847656	2011.176636	0.4088950455
Striatum	Thalamus_1	Striatum->Thalamus_1	11	2011.176636	2181.505615	0.5656499267
Striatum	Thalamus_1	Striatum->Thalamus_1	12	2181.505615	2351.834717	0.7095744014
Striatum	Thalamus_1	Striatum->Thalamus_1	13	2351.834717	2522.163818	0.8410639763
Striatum	Thalamus_1	Striatum->Thalamus_1	14	2522.163818	2692.492676	0.9558845162
Striatum	Thalamus_1	Striatum->Thalamus_1	15	2692.492676	2862.821777	1.036596537
Striatum	Thalamus_1	Striatum->Thalamus_1	16	2862.821777	3033.150879	1.093869328
Striatum	Thalamus_1	Striatum->Thalamus_1	17	3033.150879	3203.47998	1.127591729
Striatum	Thalamus_1	Striatum->Thalamus_1	18	3203.47998	3373.808838	1.138434052
Striatum	Thalamus_1	Striatum->Thalamus_1	19	3373.808838	3544.137939	1.135073781
Striatum	Thalamus_1	Striatum->Thalamus_1	20	3544.137939	3714.467041	1.116608381
Striatum	Thalamus_1	Striatum->Thalamus_1	21	3714.467041	3884.796143	1.092598796
Striatum	Thalamus_1	Striatum->Thalamus_1	22	3884.796143	4055.125	1.070591211
Striatum	Thalamus_1	Striatum->Thalamus_1	23	4055.125	4225.454102	1.044566154
Striatum	Thalamus_2	Striatum->Thalamus_2	0	137.5572662	307.8862915	0
Striatum	Thalamus_2	Striatum->Thalamus_2	1	307.8862915	478.215332	0
Striatum	Thalamus_2	Striatum->Thalamus_2	2	478.215332	648.5443726	0
Striatum	Thalamus_2	Striatum->Thalamus_2	3	648.5443726	818.8734131	0
Striatum	Thalamus_2	Striatum->Thalamus_2	4	818.8734131	989.2024536	0
Striatum	Thalamus_2	Striatum->Thalamus_2	5	989.2024536	1159.531494	0.002197554335
Striatum	Thalamus_2	Striatum->Thalamus_2	6	1159.531494	1329.860474	0.01225900277
Striatum	Thalamus_2	Striatum->Thalamus_2	7	1329.860474	1500.189575	0.02406171337
Striatum	Thalamus_2	Striatum->Thalamus_2	8	1500.189575	1670.518555	0.0358122848
Striatum	Thalamus_2	Striatum->Thalamus_2	9	1670.518555	1840.847656	0.04401713237
Striatum	Thalamus_2	Striatum->Thalamus_2	10	1840.847656	2011.176636	0.0521620661
Striatum	Thalamus_2	Striatum->Thalamus_2	11	2011.176636	2181.505615	0.07363700867
Striatum	Thalamus_2	Striatum->Thalamus_2	12	2181.505615	2351.834717	0.1082701609
Striatum	Thalamus_2	Striatum->Thalamus_2	13	2351.834717	2522.163818	0.1644730717
Striatum	Thalamus_2	Striatum->Thalamus_2	14	2522.163818	2692.492676	0.2520678043
Striatum	Thalamus_2	Striatum->Thalamus_2	15	2692.492676	2862.821777	0.3426888585
Striatum	Thalamus_2	Striatum->Thalamus_2	16	2862.821777	3033.150879	0.4716429114
Striatum	Thalamus_2	Striatum->Thalamus_2	17	3033.150879	3203.47998	0.5831730366
Striatum	Thalamus_2	Striatum->Thalamus_2	18	3203.47998	3373.808838	0.6994929314
Striatum	Thalamus_2	Striatum->Thalamus_2	19	3373.808838	3544.137939	0.8113665581
Striatum	Thalamus_2	Striatum->Thalamus_2	20	3544.137939	3714.467041	0.9152439833
Striatum	Thalamus_2	Striatum->Thalamus_2	21	3714.467041	3884.796143	1.015372753
Striatum	Thalamus_2	Striatum->Thalamus_2	22	3884.796143	4055.125	1.082006216
Striatum	Thalamus_2	Striatum->Thalamus_2	23	4055.125	4225.454102	1.138483882
Thalamus_1	Cortex_1	Thalamus_1->Cortex_1	0	137.5572662	307.8862915	0
Thalamus_1	Cortex_1	Thalamus_1->Cortex_1	1	307.8862915	478.215332	0
Thalamus_1	Cortex_1	Thalamus_1->Cortex_1	2	478.215332	648.5443726	0
Thalamus_1	Cortex_1	Thalamus_1->Cortex_1	3	648.5443726	818.8734131	0
Thalamus_1	Cortex_1	Thalamus_1->Cortex_1	4	818.8734131	989.2024536	0
Thalamus_1	Cortex_1	Thalamus_1->Cortex_1	5	989.2024536	1159.531494	0
Thalamus_1	Cortex_1	Thalamus_1->Cortex_1	6	1159.531494	1329.860474	0
Thalamus_1	Cortex_1	Thalamus_1->Cortex_1	7	1329.860474	1500.189575	0
Thalamus_1	Cortex_1	Thalamus_1->Cortex_1	8	1500.189575	1670.518555	0
Thalamus_1	Cortex_1	Thalamus_1->Cortex_1	9	1670.518555	1840.847656	6.73128161e-05
Thalamus_1	Cortex_1	Thalamus_1->Cortex_1	10	1840.847656	2011.176636	0.001634200336
Thalamus_1	Cortex_1	Thalamus_1->Cortex_1	11	2011.176636	2181.505615	0.01219613105
Thalamus_1	Cortex_1	Thalamus_1->Cortex_1	12	2181.505615	2351.834717	0.04030858353
Thalamus_1	Cortex_1	Thalamus_1->Cortex_1	13	2351.834717	2522.163818	0.09561735392
Thalamus_1	Cortex_1	Thalamus_1->Cortex_1	14	2522.163818	2692.492676	0.1793280393
Thalamus_1	Cortex_1	Thalamus_1->Cortex_1	15	2692.492676	2862.821777	0.2700447738
Thalamus_1	Cortex_1	Thalamus_1->Cortex_1	16	2862.821777	3033.150879	0.3781732917
Thalamus_1	Cortex_1	Thalamus_1->Cortex_1	17	3033.150879	3203.47998	0.4707860351
Thalamus_1	Cortex_1	Thalamus_1->Cortex_1	18	3203.47998	3373.808838	0.5693541765
Thalamus_1	Cortex_1	Thalamus_1->Cortex_1	19	3373.808838	3544.137939	0.6587037444
Thalamus_1	Cortex_1	Thalamus_1->Cortex_1	20	3544.137939	3714.467041	0.7379309535
Thalamus_1	Cortex_1	Thalamus_1->Cortex_1	21	3714.467041	3884.796143	0.8127342463
Thalamus_1	Cortex_1	Thalamus_1->Cortex_1	22	3884.796143	4055.125	0.8694648147
Thalamus_1	Cortex_1	Thalamus_1->Cortex_1	23	4055.125	4225.454102	0.9282304645
Thalamus_1	Cortex_2	Thalamus_1->Cortex_2	0	137.5572662	307.8862915	0
Thalamus_1	Cortex_2	Thalamus_1->Cortex_2	1	307.8862915	478.215332	0
Thalamus_1	Cortex_2	Thalamus_1->Cortex_2	2	478.215332	648.5443726	0
Thalamus_1	Cortex_2	Thalamus_1->Cortex_2	3	648.5443726	818.8734131	0
Thalamus_1	Cortex_2	Thalamus_1->Cortex_2	4	818.8734131	989.2024536	0
Thalamus_1	Cortex_2	Thalamus_1->Cortex_2	5	989.2024536	1159.531494	0
Thalamus_1	Cortex_2	Thalamus_1->Cortex_2	6	1159.531494	1329.860474	0
Thalamus_1	Cortex_2	Thalamus_1->Cortex_2	7	1329.860474	1500.189575	0
Thalamus_1	Cortex_2	Thalamus_1->Cortex_2	8	1500.189575	1670.518555	0.0008620746084
Thalamus_1	Cortex_2	Thalamus_1->Cortex_2	9	1670.518555	1840.847656	0.010175623
Thalamus_1	Cortex_2	Thalamus_1->Cortex_2	10	1840.847656	2011.176636	0.02926877327
Thalamus_1	Cortex_2	Thalamus_1->Cortex_2	11	2011.176636	2181.505615	0.07170879841
Thalamus_1	Cortex_2	Thalamus_1->Cortex_2	12	2181.505615	2351.834717	0.126083374
Thalamus_1	Cortex_2	Thalamus_1->Cortex_2	13	2351.834717	2522.163818	0.2067682743
Thalamus_1	Cortex_2	Thalamus_1->Cortex_2	14	2522.163818	2692.492676	0.2978878319
Thalamus_1	Cortex_2	Thalamus_1->Cortex_2	15	2692.492676	2862.821777	0.3946546614
Thalamus_1	Cortex_2	Thalamus_1->Cortex_2	16	2862.821777	3033.150879	0.5094626546
Thalamus_1	Cortex_2	Thalamus_1->Cortex_2	17	3033.150879	3203.47998	0.6085028052
Thalamus_1	Cortex_2	Thalamus_1->Cortex_2	18	3203.47998	3373.808838	0.7192153335
Thalamus_1	Cortex_2	Thalamus_1->Cortex_2	19	3373.808838	3544.137939	0.8088023663
Thalamus_1	Cortex_2	Thalamus_1->Cortex_2	20	3544.137939	3714.467041	0.8906928301
Thalamus_1	Cortex_2	Thalamus_1->Cortex_2	21	3714.467041	3884.796143	0.9513345361
Thalamus_1	Cortex_2	Thalamus_1->Cortex_2	22	3884.796143	4055.125	0.9910891056
Thalamus_1	Cortex_2	Thalamus_1->Cortex_2	23	4055.125	4225.454102	1.029713154
Thalamus_1	Cortex_3	Thalamus_1->Cortex_3	0	137.5572662	307.8862915	0
Thalamus_1	Cortex_3	Thalamus_1->Cortex_3	1	307.8862915	478.215332	0
Thalamus_1	Cortex_3	Thalamus_1->Cortex_3	2	478.215332	648.5443726	0
Thalamus_1	Cortex_3	Thalamus_1->Cortex_3	3	648.5443726	818.8734131	0
Thalamus_1	Cortex_3	Thalamus_1->Cortex_3	4	818.8734131	989.2024536	0
Thalamus_1	Cortex_3	Thalamus_1->Cortex_3	5	989.2024536	1159.531494	0
Thalamus_1	Cortex_3	Thalamus_1->Cortex_3	6	1159.531494	1329.860474	0
Thalamus_1	Cortex_3	Thalamus_1->Cortex_3	7	1329.860474	1500.189575	0
Thalamus_1	Cortex_3	Thalamus_1->Cortex_3	8	1500.189575	1670.518555	0.002861208748
Thalamus_1	Cortex_3	Thalamus_1->Cortex_3	9	1670.518555	1840.847656	0.02271002717
Thalamus_1	Cortex_3	Thalamus_1->Cortex_3	10	1840.847656	2011.176636	0.06500758976
Thalamus_1	Cortex_3	Thalamus_1->Cortex_3	11	2011.176636	2181.505615	0.1377724111
Thalamus_1	Cortex_3	Thalamus_1->Cortex_3	12	2181.505615	2351.834717	0.2164044082
Thalamus_1	Cortex_3	Thalamus_1->Cortex_3	13	2351.834717	2522.163818	0.3061004281
Thalamus_1	Cortex_3	Thalamus_1->Cortex_3	14	2522.163818	2692.492676	0.4085121155
Thalamus_1	Cortex_3	Thalamus_1->Cortex_3	15	2692.492676	2862.821777	0.5023447275
Thalamus_1	Cortex_3	Thalamus_1->Cortex_3	16	2862.821777	3033.150879	0.6048173904
Thalamus_1	Cortex_3	Thalamus_1->Cortex_3	17	3033.150879	3203.47998	0.6883598566
Thalamus_1	Cortex_3	Thalamus_1->Cortex_3	18	3203.47998	3373.808838	0.7692145109
Thalamus_1	Cortex_3	Thalamus_1->Cortex_3	19	3373.808838	3544.137939	0.8369730711
Thalamus_1	Cortex_3	Thalamus_1->Cortex_3	20	3544.137939	3714.467041	0.8909383416
Thalamus_1	Cortex_3	Thalamus_1->Cortex_3	21	3714.467041	3884.796143	0.9380383492
Thalamus_1	Cortex_3	Thalamus_1->Cortex_3	22	3884.796143	4055.125	0.965980351
Thalamus_1	Cortex_3	Thalamus_1->Cortex_3	23	4055.125	4225.454102	0.9890296459
Thalamus_1	Cortex_4	Thalamus_1->Cortex_4	0	137.5572662	307.8862915	0
Thalamus_1	Cortex_4	Thalamus_1->Cortex_4	1	307.8862915	478.215332	0
Thalamus_1	Cortex_4	Thalamus_1->Cortex_4	2	478.215332	648.5443726	0
Thalamus_1	Cortex_4	Thalamus_1->Cortex_4	3	648.5443726	818.8734131	0
Thalamus_1	Cortex_4	Thalamus_1->Cortex_4	4	818.8734131	989.2024536	0
Thalamus_1	Cortex_4	Thalamus_1->Cortex_4	5	989.2024536	1159.531494	0
Thalamus_1	Cortex_4	Thalamus_1->Cortex_4	6	1159.531494	1329.860474	0
Thalamus_1	Cortex_4	Thalamus_1->Cortex_4	7	1329.860474	1500.189575	0
Thalamus_1	Cortex_4	Thalamus_1->Cortex_4	8	1500.189575	1670.518555	0
Thalamus_1	Cortex_4	Thalamus_1->Cortex_4	9	1670.518555	1840.847656	0
Thalamus_1	Cortex_4	Thalamus_1->Cortex_4	10	1840.847656	2011.176636	0
Thalamus_1	Cortex_4	Thalamus_1->Cortex_4	11	2011.176636	2181.505615	0
Thalamus_1	Cortex_4	Thalamus_1->Cortex_4	12	2181.505615	2351.834717	0
Thalamus_1	Cortex_4	Thalamus_1->Cortex_4	13	2351.834717	2522.163818	0
Thalamus_1	Cortex_4	Thalamus_1->Cortex_4	14	2522.163818	2692.492676	0.003093660111
Thalamus_1	Cortex_4	Thalamus_1->Cortex_4	15	2692.492676	2862.821777	0.02329494618
Thalamus_1	Cortex_4	Thalamus_1->Cortex_4	16	2862.821777	3033.150879	0.08729462326
Thalamus_1	Cortex_4	Thalamus_1->Cortex_4	17	3033.150879	3203.47998	0.1659554839
Thalamus_1	Cortex_4	Thalamus_1->Cortex_4	18	3203.47998	3373.808838	0.26617226
Thalamus_1	Cortex_4	Thalamus_1->Cortex_4	19	3373.808838	3544.137939	0.3660958111
Thalamus_1	Cortex_4	Thalamus_1->Cortex_4	20	3544.137939	3714.467041	0.4570556283
Thalamus_1	Cortex_4	Thalamus_1->Cortex_4	21	3714.467041	3884.796143	0.5505724549
Thalamus_1	Cortex_4	Thalamus_1->Cortex_4	22	3884.796143	4055.125	0.6278416514
Thalamus_1	Cortex_4	Thalamus_1->Cortex_4	23	4055.125	4225.454102	0.721169591
Thalamus_1	Cortex_5	Thalamus_1->Cortex_5	0	137.5572662	307.8862915	0
Thalamus_1	Cortex_5	Thalamus_1->Cortex_5	1	307.8862915	478.215332	0
Thalamus_1	Cortex_5	Thalamus_1->Cortex_5	2	478.215332	648.5443726	0
Thalamus_1	Cortex_5	Thalamus_1->Cortex_5	3	648.5443726	818.8734131	0.003993565682
Thalamus_1	Cortex_5	Thalamus_1->Cortex_5	4	818.8734131	989.2024536	0.009872878902
Thalamus_1	Cortex_5	Thalamus_1->Cortex_5	5	989.2024536	1159.531494	0.01378262229
Thalamus_1	Cortex_5	Thalamus_1->Cortex_5	6	1159.531494	1329.860474	0.01572213136
Thalamus_1	Cortex_5	Thalamus_1->Cortex_5	7	1329.860474	1500.189575	0.01643867232
Thalamus_1	Cortex_5	Thalamus_1->Cortex_5	8	1500.189575	1670.518555	0.01734666526
Thalamus_1	Cortex_5	Thalamus_1->Cortex_5	9	1670.518555	1840.847656	0.0187149737
Thalamus_1	Cortex_5	Thalamus_1->Cortex_5	10	1840.847656	2011.176636	0.01964620687
Thalamus_1	Cortex_5	Thalamus_1->Cortex_5	11	2011.176636	2181.505615	0.0201679226
Thalamus_1	Cortex_5	Thalamus_1->Cortex_5	12	2181.505615	2351.834717	0.02032549679
Thalamus_1	Cortex_5	Thalamus_1->Cortex_5	13	2351.834717	2522.163818	0.02039754763
Thalamus_1	Cortex_5	Thalamus_1->Cortex_5	14	2522.163818	2692.492676	0.02279234864
Thalamus_1	Cortex_5	Thalamus_1->Cortex_5	15	2692.492676	2862.821777	0.03085060604
Thalamus_1	Cortex_5	Thalamus_1->Cortex_5	16	2862.821777	3033.150879	0.06030266359
Thalamus_1	Cortex_5	Thalamus_1->Cortex_5	17	3033.150879	3203.47998	0.1066434309
Thalamus_1	Cortex_5	Thalamus_1->Cortex_5	18	3203.47998	3373.808838	0.1906038076
Thalamus_1	Cortex_5	Thalamus_1->Cortex_5	19	3373.808838	3544.137939	0.2907001078
Thalamus_1	Cortex_5	Thalamus_1->Cortex_5	20	3544.137939	3714.467041	0.3991153538
Thalamus_1	Cortex_5	Thalamus_1->Cortex_5	21	3714.467041	3884.796143	0.510296762
Thalamus_1	Cortex_5	Thalamus_1->Cortex_5	22	3884.796143	4055.125	0.6023933291
Thalamus_1	Cortex_5	Thalamus_1->Cortex_5	23	4055.125	4225.454102	0.7074010372
Thalamus_1	Fiber_tract	Thalamus_1->Fiber_tract	0	137.5572662	307.8862915	0.2518775761
Thalamus_1	Fiber_tract	Thalamus_1->Fiber_tract	1	307.8862915	478.215332	0.2676565647
Thalamus_1	Fiber_tract	Thalamus_1->Fiber_tract	2	478.215332	648.5443726	0.314220041
Thalamus_1	Fiber_tract	Thalamus_1->Fiber_tract	3	648.5443726	818.8734131	0.3716079891
Thalamus_1	Fiber_tract	Thalamus_1->Fiber_tract	4	818.8734131	989.2024536	0.507057488
Thalamus_1	Fiber_tract	Thalamus_1->Fiber_tract	5	989.2024536	1159.531494	0.6261681318
Thalamus_1	Fiber_tract	Thalamus_1->Fiber_tract	6	1159.531494	1329.860474	0.7714767456
Thalamus_1	Fiber_tract	Thalamus_1->Fiber_tract	7	1329.860474	1500.189575	0.878030777
Thalamus_1	Fiber_tract	Thalamus_1->Fiber_tract	8	1500.189575	1670.518555	0.9881671071
Thalamus_1	Fiber_tract	Thalamus_1->Fiber_tract	9	1670.518555	1840.847656	1.097329378
Thalamus_1	Fiber_tract	Thalamus_1->Fiber_tract	10	1840.847656	2011.176636	1.177459717
Thalamus_1	Fiber_tract	Thalamus_1->Fiber_tract	11	2011.176636	2181.505615	1.235145092
Thalamus_1	Fiber_tract	Thalamus_1->Fiber_tract	12	2181.505615	2351.834717	1.267828465
Thalamus_1	Fiber_tract	Thalamus_1->Fiber_tract	13	2351.834717	2522.163818	1.276360393
Thalamus_1	Fiber_tract	Thalamus_1->Fiber_tract	14	2522.163818	2692.492676	1.268494844
Thalamus_1	Fiber_tract	Thalamus_1->Fiber_tract	15	2692.492676	2862.821777	1.253190279
Thalamus_1	Fiber_tract	Thalamus_1->Fiber_tract	16	2862.821777	3033.150879	1.228694439
Thalamus_1	Fiber_tract	Thalamus_1->Fiber_tract	17	3033.150879	3203.47998	1.201921463
Thalamus_1	Fiber_tract	Thalamus_1->Fiber_tract	18	3203.47998	3373.808838	1.170392394
Thalamus_1	Fiber_tract	Thalamus_1->Fiber_tract	19	3373.808838	3544.137939	1.136135936
Thalamus_1	Fiber_tract	Thalamus_1->Fiber_tract	20	3544.137939	3714.467041	1.103792787
Thalamus_1	Fiber_tract	Thalamus_1->Fiber_tract	21	3714.467041	3884.796143	1.071431875
Thalamus_1	Fiber_tract	Thalamus_1->Fiber_tract	22	3884.796143	4055.125	1.043697715
Thalamus_1	Fiber_tract	Thalamus_1->Fiber_tract	23	4055.125	4225.454102	1.01642859
Thalamus_1	Hippocampus	Thalamus_1->Hippocampus	0	137.5572662	307.8862915	0.0837052539
Thalamus_1	Hippocampus	Thalamus_1->Hippocampus	1	307.8862915	478.215332	0.1496694386
Thalamus_1	Hippocampus	Thalamus_1->Hippocampus	2	478.215332	648.5443726	0.2518321276
Thalamus_1	Hippocampus	Thalamus_1->Hippocampus	3	648.5443726	818.8734131	0.3334466815
Thalamus_1	Hippocampus	Thalamus_1->Hippocampus	4	818.8734131	989.2024536	0.480966717
Thalamus_1	Hippocampus	Thalamus_1->Hippocampus	5	989.2024536	1159.531494	0.6040244102
Thalamus_1	Hippocampus	Thalamus_1->Hippocampus	6	1159.531494	1329.860474	0.7431609631
Thalamus_1	Hippocampus	Thalamus_1->Hippocampus	7	1329.860474	1500.189575	0.8585301638
Thalamus_1	Hippocampus	Thalamus_1->Hippocampus	8	1500.189575	1670.518555	0.9383077621
Thalamus_1	Hippocampus	Thalamus_1->Hippocampus	9	1670.518555	1840.847656	1.032924175
Thalamus_1	Hippocampus	Thalamus_1->Hippocampus	10	1840.847656	2011.176636	1.089511991
Thalamus_1	Hippocampus	Thalamus_1->Hippocampus	11	2011.176636	2181.505615	1.134222627
Thalamus_1	Hippocampus	Thalamus_1->Hippocampus	12	2181.505615	2351.834717	1.156038284
Thalamus_1	Hippocampus	Thalamus_1->Hippocampus	13	2351.834717	2522.163818	1.174095869
Thalamus_1	Hippocampus	Thalamus_1->Hippocampus	14	2522.163818	2692.492676	1.184612036
Thalamus_1	Hippocampus	Thalamus_1->Hippocampus	15	2692.492676	2862.821777	1.18749404
Thalamus_1	Hippocampus	Thalamus_1->Hippocampus	16	2862.821777	3033.150879	1.177491665
Thalamus_1	Hippocampus	Thalamus_1->Hippocampus	17	3033.150879	3203.47998	1.161106348
Thalamus_1	Hippocampus	Thalamus_1->Hippocampus	18	3203.47998	3373.808838	1.138620019
Thalamus_1	Hippocampus	Thalamus_1->Hippocampus	19	3373.808838	3544.137939	1.116748095
Thalamus_1	Hippocampus	Thalamus_1->Hippocampus	20	3544.137939	3714.467041	1.095297575
Thalamus_1	Hippocampus	Thalamus_1->Hippocampus	21	3714.467041	3884.796143	1.074988246
Thalamus_1	Hippocampus	Thalamus_1->Hippocampus	22	3884.796143	4055.125	1.059783697
Thalamus_1	Hippocampus	Thalamus_1->Hippocampus	23	4055.125	4225.454102	1.039915085
Thalamus_1	Hypothalamus_1	Thalamus_1->Hypothalamus_1	0	137.5572662	307.8862915	0
Thalamus_1	Hypothalamus_1	Thalamus_1->Hypothalamus_1	1	307.8862915	478.215332	0.002622048138
Thalamus_1	Hypothalamus_1	Thalamus_1->Hypothalamus_1	2	478.215332	648.5443726	0.02321507968
Thalamus_1	Hypothalamus_1	Thalamus_1->Hypothalamus_1	3	648.5443726	818.8734131	0.04878262058
Thalamus_1	Hypothalamus_1	Thalamus_1->Hypothalamus_1	4	818.8734131	989.2024536	0.1121641248
Thalamus_1	Hypothalamus_1	Thalamus_1->Hypothalamus_1	5	989.2024536	1159.531494	0.1825068891
Thalamus_1	Hypothalamus_1	Thalamus_1->Hypothalamus_1	6	1159.531494	1329.860474	0.2776007354
Thalamus_1	Hypothalamus_1	Thalamus_1->Hypothalamus_1	7	1329.860474	1500.189575	0.3836949468
Thalamus_1	Hypothalamus_1	Thalamus_1->Hypothalamus_1	8	1500.189575	1670.518555	0.459054023
Thalamus_1	Hypothalamus_1	Thalamus_1->Hypothalamus_1	9	1670.518555	1840.847656	0.5789375901
Thalamus_1	Hypothalamus_1	Thalamus_1->Hypothalamus_1	10	1840.847656	2011.176636	0.6708007455
Thalamus_1	Hypothalamus_1	Thalamus_1->Hypothalamus_1	11	2011.176636	2181.505615	0.7731789351
Thalamus_1	Hypothalamus_1	Thalamus_1->Hypothalamus_1	12	2181.505615	2351.834717	0.8521838188
Thalamus_1	Hypothalamus_1	Thalamus_1->Hypothalamus_1	13	2351.834717	2522.163818	0.9370375872
Thalamus_1	Hypothalamus_1	Thalamus_1->Hypothalamus_1	14	2522.163818	2692.492676	1.023714185
Thalamus_1	Hypothalamus_1	Thalamus_1->Hypothalamus_1	15	2692.492676	2862.821777	1.093745232
Thalamus_1	Hypothalamus_1	Thalamus_1->Hypothalamus_1	16	2862.821777	3033.150879	1.160267353
Thalamus_1	Hypothalamus_1	Thalamus_1->Hypothalamus_1	17	3033.150879	3203.47998	1.21264112
Thalamus_1	Hypothalamus_1	Thalamus_1->Hypothalamus_1	18	3203.47998	3373.808838	1.260734558
Thalamus_1	Hypothalamus_1	Thalamus_1->Hypothalamus_1	19	3373.808838	3544.137939	1.309358954
Thalamus_1	Hypothalamus_1	Thalamus_1->Hypothalamus_1	20	3544.137939	3714.467041	1.33697927
Thalamus_1	Hypothalamus_1	Thalamus_1->Hypothalamus_1	21	3714.467041	3884.796143	1.36476624
Thalamus_1	Hypothalamus_1	Thalamus_1->Hypothalamus_1	22	3884.796143	4055.125	1.387776375
Thalamus_1	Hypothalamus_1	Thalamus_1->Hypothalamus_1	23	4055.125	4225.454102	1.394622922
Thalamus_1	Hypothalamus_2	Thalamus_1->Hypothalamus_2	0	137.5572662	307.8862915	1.077460527
Thalamus_1	Hypothalamus_2	Thalamus_1->Hypothalamus_2	1	307.8862915	478.215332	1.417958975
Thalamus_1	Hypothalamus_2	Thalamus_1->Hypothalamus_2	2	478.215332	648.5443726	1.84659791
Thalamus_1	Hypothalamus_2	Thalamus_1->Hypothalamus_2	3	648.5443726	818.8734131	2.057819843
Thalamus_1	Hypothalamus_2	Thalamus_1->Hypothalamus_2	4	818.8734131	989.2024536	2.249730587
Thalamus_1	Hypothalamus_2	Thalamus_1->Hypothalamus_2	5	989.2024536	1159.531494	2.320913553
Thalamus_1	Hypothalamus_2	Thalamus_1->Hypothalamus_2	6	1159.531494	1329.860474	2.311192989
Thalamus_1	Hypothalamus_2	Thalamus_1->Hypothalamus_2	7	1329.860474	1500.189575	2.277796268
Thalamus_1	Hypothalamus_2	Thalamus_1->Hypothalamus_2	8	1500.189575	1670.518555	2.219931602
Thalamus_1	Hypothalamus_2	Thalamus_1->Hypothalamus_2	9	1670.518555	1840.847656	2.126919746
Thalamus_1	Hypothalamus_2	Thalamus_1->Hypothalamus_2	10	1840.847656	2011.176636	2.031431198
Thalamus_1	Hypothalamus_2	Thalamus_1->Hypothalamus_2	11	2011.176636	2181.505615	1.923487902
Thalamus_1	Hypothalamus_2	Thalamus_1->Hypothalamus_2	12	2181.505615	2351.834717	1.814406157
Thalamus_1	Hypothalamus_2	Thalamus_1->Hypothalamus_2	13	2351.834717	2522.163818	1.700165749
Thalamus_1	Hypothalamus_2	Thalamus_1->Hypothalamus_2	14	2522.163818	2692.492676	1.589929223
Thalamus_1	Hypothalamus_2	Thalamus_1->Hypothalamus_2	15	2692.492676	2862.821777	1.489115
Thalamus_1	Hypothalamus_2	Thalamus_1->Hypothalamus_2	16	2862.821777	3033.150879	1.38505578
Thalamus_1	Hypothalamus_2	Thalamus_1->Hypothalamus_2	17	3033.150879	3203.47998	1.301136613
Thalamus_1	Hypothalamus_2	Thalamus_1->Hypothalamus_2	18	3203.47998	3373.808838	1.219042778
Thalamus_1	Hypothalamus_2	Thalamus_1->Hypothalamus_2	19	3373.808838	3544.137939	1.150189161
Thalamus_1	Hypothalamus_2	Thalamus_1->Hypothalamus_2	20	3544.137939	3714.467041	1.0952245
Thalamus_1	Hypothalamus_2	Thalamus_1->Hypothalamus_2	21	3714.467041	3884.796143	1.046066046
Thalamus_1	Hypothalamus_2	Thalamus_1->Hypothalamus_2	22	3884.796143	4055.125	1.009874821
Thalamus_1	Hypothalamus_2	Thalamus_1->Hypothalamus_2	23	4055.125	4225.454102	0.9756325483
Thalamus_1	Lateral_ventricle	Thalamus_1->Lateral_ventricle	0	137.5572662	307.8862915	0.0176961422
Thalamus_1	Lateral_ventricle	Thalamus_1->Lateral_ventricle	1	307.8862915	478.215332	0.04738410562
Thalamus_1	Lateral_ventricle	Thalamus_1->Lateral_ventricle	2	478.215332	648.5443726	0.09710726142
Thalamus_1	Lateral_ventricle	Thalamus_1->Lateral_ventricle	3	648.5443726	818.8734131	0.1266573071
Thalamus_1	Lateral_ventricle	Thalamus_1->Lateral_ventricle	4	818.8734131	989.2024536	0.1678137332
Thalamus_1	Lateral_ventricle	Thalamus_1->Lateral_ventricle	5	989.2024536	1159.531494	0.2262209356
Thalamus_1	Lateral_ventricle	Thalamus_1->Lateral_ventricle	6	1159.531494	1329.860474	0.3611102104
Thalamus_1	Lateral_ventricle	Thalamus_1->Lateral_ventricle	7	1329.860474	1500.189575	0.4796480238
Thalamus_1	Lateral_ventricle	Thalamus_1->Lateral_ventricle	8	1500.189575	1670.518555	0.6084678769
Thalamus_1	Lateral_ventricle	Thalamus_1->Lateral_ventricle	9	1670.518555	1840.847656	0.7249221802
Thalamus_1	Lateral_ventricle	Thalamus_1->Lateral_ventricle	10	1840.847656	2011.176636	0.8268255591
Thalamus_1	Lateral_ventricle	Thalamus_1->Lateral_ventricle	11	2011.176636	2181.505615	0.9275881052
Thalamus_1	Lateral_ventricle	Thalamus_1->Lateral_ventricle	12	2181.505615	2351.834717	1.0113585
Thalamus_1	Lateral_ventricle	Thalamus_1->Lateral_ventricle	13	2351.834717	2522.163818	1.075894833
Thalamus_1	Lateral_ventricle	Thalamus_1->Lateral_ventricle	14	2522.163818	2692.492676	1.133087158
Thalamus_1	Lateral_ventricle	Thalamus_1->Lateral_ventricle	15	2692.492676	2862.821777	1.151687384
Thalamus_1	Lateral_ventricle	Thalamus_1->Lateral_ventricle	16	2862.821777	3033.150879	1.161533833
Thalamus_1	Lateral_ventricle	Thalamus_1->Lateral_ventricle	17	3033.150879	3203.47998	1.142854691
Thalamus_1	Lateral_ventricle	Thalamus_1->Lateral_ventricle	18	3203.47998	3373.808838	1.114601851
Thalamus_1	Lateral_ventricle	Thalamus_1->Lateral_ventricle	19	3373.808838	3544.137939	1.08496511
Thalamus_1	Lateral_ventricle	Thalamus_1->Lateral_ventricle	20	3544.137939	3714.467041	1.059906721
Thalamus_1	Lateral_ventricle	Thalamus_1->Lateral_ventricle	21	3714.467041	3884.796143	1.040209174
Thalamus_1	Lateral_ventricle	Thalamus_1->Lateral_ventricle	22	3884.796143	4055.125	1.025553346
Thalamus_1	Lateral_ventricle	Thalamus_1->Lateral_ventricle	23	4055.125	4225.454102	1.012305021
Thalamus_1	Pyramidal_layer	Thalamus_1->Pyramidal_layer	0	137.5572662	307.8862915	0
Thalamus_1	Pyramidal_layer	Thalamus_1->Pyramidal_layer	1	307.8862915	478.215332	0
Thalamus_1	Pyramidal_layer	Thalamus_1->Pyramidal_layer	2	478.215332	648.5443726	0
Thalamus_1	Pyramidal_layer	Thalamus_1->Pyramidal_layer	3	648.5443726	818.8734131	0
Thalamus_1	Pyramidal_layer	Thalamus_1->Pyramidal_layer	4	818.8734131	989.2024536	0.01459489483
Thalamus_1	Pyramidal_layer	Thalamus_1->Pyramidal_layer	5	989.2024536	1159.531494	0.09001614898
Thalamus_1	Pyramidal_layer	Thalamus_1->Pyramidal_layer	6	1159.531494	1329.860474	0.2331963032
Thalamus_1	Pyramidal_layer	Thalamus_1->Pyramidal_layer	7	1329.860474	1500.189575	0.3898458481
Thalamus_1	Pyramidal_layer	Thalamus_1->Pyramidal_layer	8	1500.189575	1670.518555	0.5297434926
Thalamus_1	Pyramidal_layer	Thalamus_1->Pyramidal_layer	9	1670.518555	1840.847656	0.7096887827
Thalamus_1	Pyramidal_layer	Thalamus_1->Pyramidal_layer	10	1840.847656	2011.176636	0.8368498683
Thalamus_1	Pyramidal_layer	Thalamus_1->Pyramidal_layer	11	2011.176636	2181.505615	0.9562783837
Thalamus_1	Pyramidal_layer	Thalamus_1->Pyramidal_layer	12	2181.505615	2351.834717	1.038022995
Thalamus_1	Pyramidal_layer	Thalamus_1->Pyramidal_layer	13	2351.834717	2522.163818	1.119205475
Thalamus_1	Pyramidal_layer	Thalamus_1->Pyramidal_layer	14	2522.163818	2692.492676	1.177562118
Thalamus_1	Pyramidal_layer	Thalamus_1->Pyramidal_layer	15	2692.492676	2862.821777	1.21649003
Thalamus_1	Pyramidal_layer	Thalamus_1->Pyramidal_layer	16	2862.821777	3033.150879	1.250705123
Thalamus_1	Pyramidal_layer	Thalamus_1->Pyramidal_layer	17	3033.150879	3203.47998	1.257851005
Thalamus_1	Pyramidal_layer	Thalamus_1->Pyramidal_layer	18	3203.47998	3373.808838	1.246246696
Thalamus_1	Pyramidal_layer	Thalamus_1->Pyramidal_layer	19	3373.808838	3544.137939	1.22262609
Thalamus_1	Pyramidal_layer	Thalamus_1->Pyramidal_layer	20	3544.137939	3714.467041	1.191520572
Thalamus_1	Pyramidal_layer	Thalamus_1->Pyramidal_layer	21	3714.467041	3884.796143	1.162628174
Thalamus_1	Pyramidal_layer	Thalamus_1->Pyramidal_layer	22	3884.796143	4055.125	1.143308043
Thalamus_1	Pyramidal_layer	Thalamus_1->Pyramidal_layer	23	4055.125	4225.454102	1.117944479
Thalamus_1	Pyramidal_layer_dentate_gyrus	Thalamus_1->Pyramidal_layer_dentate_gyrus	0	137.5572662	307.8862915	0.4676088691
Thalamus_1	Pyramidal_layer_dentate_gyrus	Thalamus_1->Pyramidal_layer_dentate_gyrus	1	307.8862915	478.215332	0.800325036
Thalamus_1	Pyramidal_layer_dentate_gyrus	Thalamus_1->Pyramidal_layer_dentate_gyrus	2	478.215332	648.5443726	1.238775134
Thalamus_1	Pyramidal_layer_dentate_gyrus	Thalamus_1->Pyramidal_layer_dentate_gyrus	3	648.5443726	818.8734131	1.441382289
Thalamus_1	Pyramidal_layer_dentate_gyrus	Thalamus_1->Pyramidal_layer_dentate_gyrus	4	818.8734131	989.2024536	1.622876048
Thalamus_1	Pyramidal_layer_dentate_gyrus	Thalamus_1->Pyramidal_layer_dentate_gyrus	5	989.2024536	1159.531494	1.708235264
Thalamus_1	Pyramidal_layer_dentate_gyrus	Thalamus_1->Pyramidal_layer_dentate_gyrus	6	1159.531494	1329.860474	1.74810338
Thalamus_1	Pyramidal_layer_dentate_gyrus	Thalamus_1->Pyramidal_layer_dentate_gyrus	7	1329.860474	1500.189575	1.750530601
Thalamus_1	Pyramidal_layer_dentate_gyrus	Thalamus_1->Pyramidal_layer_dentate_gyrus	8	1500.189575	1670.518555	1.718904018
Thalamus_1	Pyramidal_layer_dentate_gyrus	Thalamus_1->Pyramidal_layer_dentate_gyrus	9	1670.518555	1840.847656	1.67697823
Thalamus_1	Pyramidal_layer_dentate_gyrus	Thalamus_1->Pyramidal_layer_dentate_gyrus	10	1840.847656	2011.176636	1.618843913
Thalamus_1	Pyramidal_layer_dentate_gyrus	Thalamus_1->Pyramidal_layer_dentate_gyrus	11	2011.176636	2181.505615	1.550562859
Thalamus_1	Pyramidal_layer_dentate_gyrus	Thalamus_1->Pyramidal_layer_dentate_gyrus	12	2181.505615	2351.834717	1.483917594
Thalamus_1	Pyramidal_layer_dentate_gyrus	Thalamus_1->Pyramidal_layer_dentate_gyrus	13	2351.834717	2522.163818	1.410129189
Thalamus_1	Pyramidal_layer_dentate_gyrus	Thalamus_1->Pyramidal_layer_dentate_gyrus	14	2522.163818	2692.492676	1.335095525
Thalamus_1	Pyramidal_layer_dentate_gyrus	Thalamus_1->Pyramidal_layer_dentate_gyrus	15	2692.492676	2862.821777	1.26466167
Thalamus_1	Pyramidal_layer_dentate_gyrus	Thalamus_1->Pyramidal_layer_dentate_gyrus	16	2862.821777	3033.150879	1.196502328
Thalamus_1	Pyramidal_layer_dentate_gyrus	Thalamus_1->Pyramidal_layer_dentate_gyrus	17	3033.150879	3203.47998	1.148599505
Thalamus_1	Pyramidal_layer_dentate_gyrus	Thalamus_1->Pyramidal_layer_dentate_gyrus	18	3203.47998	3373.808838	1.099385738
Thalamus_1	Pyramidal_layer_dentate_gyrus	Thalamus_1->Pyramidal_layer_dentate_gyrus	19	3373.808838	3544.137939	1.056174994
Thalamus_1	Pyramidal_layer_dentate_gyrus	Thalamus_1->Pyramidal_layer_dentate_gyrus	20	3544.137939	3714.467041	1.015477777
Thalamus_1	Pyramidal_layer_dentate_gyrus	Thalamus_1->Pyramidal_layer_dentate_gyrus	21	3714.467041	3884.796143	0.9775178432
Thalamus_1	Pyramidal_layer_dentate_gyrus	Thalamus_1->Pyramidal_layer_dentate_gyrus	22	3884.796143	4055.125	0.9494843483
Thalamus_1	Pyramidal_layer_dentate_gyrus	Thalamus_1->Pyramidal_layer_dentate_gyrus	23	4055.125	4225.454102	0.9221684933
Thalamus_1	Striatum	Thalamus_1->Striatum	0	137.5572662	307.8862915	0
Thalamus_1	Striatum	Thalamus_1->Striatum	1	307.8862915	478.215332	0
Thalamus_1	Striatum	Thalamus_1->Striatum	2	478.215332	648.5443726	0
Thalamus_1	Striatum	Thalamus_1->Striatum	3	648.5443726	818.8734131	0
Thalamus_1	Striatum	Thalamus_1->Striatum	4	818.8734131	989.2024536	0
Thalamus_1	Striatum	Thalamus_1->Striatum	5	989.2024536	1159.531494	0.001716493047
Thalamus_1	Striatum	Thalamus_1->Striatum	6	1159.531494	1329.860474	0.02142439596
Thalamus_1	Striatum	Thalamus_1->Striatum	7	1329.860474	1500.189575	0.06556405872
Thalamus_1	Striatum	Thalamus_1->Striatum	8	1500.189575	1670.518555	0.1472396404
Thalamus_1	Striatum	Thalamus_1->Striatum	9	1670.518555	1840.847656	0.2708318532
Thalamus_1	Striatum	Thalamus_1->Striatum	10	1840.847656	2011.176636	0.4088949859
Thalamus_1	Striatum	Thalamus_1->Striatum	11	2011.176636	2181.505615	0.5656498671
Thalamus_1	Striatum	Thalamus_1->Striatum	12	2181.505615	2351.834717	0.7095744014
Thalamus_1	Striatum	Thalamus_1->Striatum	13	2351.834717	2522.163818	0.8410639763
Thalamus_1	Striatum	Thalamus_1->Striatum	14	2522.163818	2692.492676	0.9558844566
Thalamus_1	Striatum	Thalamus_1->Striatum	15	2692.492676	2862.821777	1.036596537
Thalamus_1	Striatum	Thalamus_1->Striatum	16	2862.821777	3033.150879	1.09386909
Thalamus_1	Striatum	Thalamus_1->Striatum	17	3033.150879	3203.47998	1.127591729
Thalamus_1	Striatum	Thalamus_1->Striatum	18	3203.47998	3373.808838	1.138434052
Thalamus_1	Striatum	Thalamus_1->Striatum	19	3373.808838	3544.137939	1.135073662
Thalamus_1	Striatum	Thalamus_1->Striatum	20	3544.137939	3714.467041	1.116608381
Thalamus_1	Striatum	Thalamus_1->Striatum	21	3714.467041	3884.796143	1.092598557
Thalamus_1	Striatum	Thalamus_1->Striatum	22	3884.796143	4055.125	1.070591331
Thalamus_1	Striatum	Thalamus_1->Striatum	23	4055.125	4225.454102	1.044566274
Thalamus_1	Thalamus_1	Thalamus_1->Thalamus_1	0	137.5572662	307.8862915	8.183636665
Thalamus_1	Thalamus_1	Thalamus_1->Thalamus_1	1	307.8862915	478.215332	7.442835331
Thalamus_1	Thalamus_1	Thalamus_1->Thalamus_1	2	478.215332	648.5443726	6.555113792
Thalamus_1	Thalamus_1	Thalamus_1->Thalamus_1	3	648.5443726	818.8734131	6.023314476
Thalamus_1	Thalamus_1	Thalamus_1->Thalamus_1	4	818.8734131	989.2024536	5.29452467
Thalamus_1	Thalamus_1	Thalamus_1->Thalamus_1	5	989.2024536	1159.531494	4.750810146
Thalamus_1	Thalamus_1	Thalamus_1->Thalamus_1	6	1159.531494	1329.860474	4.165071964
Thalamus_1	Thalamus_1	Thalamus_1->Thalamus_1	7	1329.860474	1500.189575	3.732972622
Thalamus_1	Thalamus_1	Thalamus_1->Thalamus_1	8	1500.189575	1670.518555	3.362270355
Thalamus_1	Thalamus_1	Thalamus_1->Thalamus_1	9	1670.518555	1840.847656	2.962081671
Thalamus_1	Thalamus_1	Thalamus_1->Thalamus_1	10	1840.847656	2011.176636	2.648689032
Thalamus_1	Thalamus_1	Thalamus_1->Thalamus_1	11	2011.176636	2181.505615	2.345317602
Thalamus_1	Thalamus_1	Thalamus_1->Thalamus_1	12	2181.505615	2351.834717	2.115414619
Thalamus_1	Thalamus_1	Thalamus_1->Thalamus_1	13	2351.834717	2522.163818	1.903474331
Thalamus_1	Thalamus_1	Thalamus_1->Thalamus_1	14	2522.163818	2692.492676	1.71248579
Thalamus_1	Thalamus_1	Thalamus_1->Thalamus_1	15	2692.492676	2862.821777	1.563148856
Thalamus_1	Thalamus_1	Thalamus_1->Thalamus_1	16	2862.821777	3033.150879	1.416238904
Thalamus_1	Thalamus_1	Thalamus_1->Thalamus_1	17	3033.150879	3203.47998	1.304599524
Thalamus_1	Thalamus_1	Thalamus_1->Thalamus_1	18	3203.47998	3373.808838	1.197046041
Thalamus_1	Thalamus_1	Thalamus_1->Thalamus_1	19	3373.808838	3544.137939	1.107436061
Thalamus_1	Thalamus_1	Thalamus_1->Thalamus_1	20	3544.137939	3714.467041	1.038332701
Thalamus_1	Thalamus_1	Thalamus_1->Thalamus_1	21	3714.467041	3884.796143	0.9796517491
Thalamus_1	Thalamus_1	Thalamus_1->Thalamus_1	22	3884.796143	4055.125	0.9391742945
Thalamus_1	Thalamus_1	Thalamus_1->Thalamus_1	23	4055.125	4225.454102	0.9021303654
Thalamus_1	Thalamus_2	Thalamus_1->Thalamus_2	0	137.5572662	307.8862915	0.9859825373
Thalamus_1	Thalamus_2	Thalamus_1->Thalamus_2	1	307.8862915	478.215332	1.379226089
Thalamus_1	Thalamus_2	Thalamus_1->Thalamus_2	2	478.215332	648.5443726	1.750011206
Thalamus_1	Thalamus_2	Thalamus_1->Thalamus_2	3	648.5443726	818.8734131	1.960371733
Thalamus_1	Thalamus_2	Thalamus_1->Thalamus_2	4	818.8734131	989.2024536	2.217911482
Thalamus_1	Thalamus_2	Thalamus_1->Thalamus_2	5	989.2024536	1159.531494	2.403000832
Thalamus_1	Thalamus_2	Thalamus_1->Thalamus_2	6	1159.531494	1329.860474	2.591407537
Thalamus_1	Thalamus_2	Thalamus_1->Thalamus_2	7	1329.860474	1500.189575	2.647861958
Thalamus_1	Thalamus_2	Thalamus_1->Thalamus_2	8	1500.189575	1670.518555	2.708204508
Thalamus_1	Thalamus_2	Thalamus_1->Thalamus_2	9	1670.518555	1840.847656	2.678400755
Thalamus_1	Thalamus_2	Thalamus_1->Thalamus_2	10	1840.847656	2011.176636	2.641249418
Thalamus_1	Thalamus_2	Thalamus_1->Thalamus_2	11	2011.176636	2181.505615	2.554408789
Thalamus_1	Thalamus_2	Thalamus_1->Thalamus_2	12	2181.505615	2351.834717	2.457840443
Thalamus_1	Thalamus_2	Thalamus_1->Thalamus_2	13	2351.834717	2522.163818	2.328653097
Thalamus_1	Thalamus_2	Thalamus_1->Thalamus_2	14	2522.163818	2692.492676	2.173949957
Thalamus_1	Thalamus_2	Thalamus_1->Thalamus_2	15	2692.492676	2862.821777	2.035582066
Thalamus_1	Thalamus_2	Thalamus_1->Thalamus_2	16	2862.821777	3033.150879	1.874239206
Thalamus_1	Thalamus_2	Thalamus_1->Thalamus_2	17	3033.150879	3203.47998	1.751010776
Thalamus_1	Thalamus_2	Thalamus_1->Thalamus_2	18	3203.47998	3373.808838	1.621934056
Thalamus_1	Thalamus_2	Thalamus_1->Thalamus_2	19	3373.808838	3544.137939	1.513901353
Thalamus_1	Thalamus_2	Thalamus_1->Thalamus_2	20	3544.137939	3714.467041	1.418825507
Thalamus_1	Thalamus_2	Thalamus_1->Thalamus_2	21	3714.467041	3884.796143	1.330768108
Thalamus_1	Thalamus_2	Thalamus_1->Thalamus_2	22	3884.796143	4055.125	1.265832901
Thalamus_1	Thalamus_2	Thalamus_1->Thalamus_2	23	4055.125	4225.454102	1.194800138
Thalamus_2	Cortex_1	Thalamus_2->Cortex_1	0	137.5572662	307.8862915	0
Thalamus_2	Cortex_1	Thalamus_2->Cortex_1	1	307.8862915	478.215332	0
Thalamus_2	Cortex_1	Thalamus_2->Cortex_1	2	478.215332	648.5443726	0
Thalamus_2	Cortex_1	Thalamus_2->Cortex_1	3	648.5443726	818.8734131	0
Thalamus_2	Cortex_1	Thalamus_2->Cortex_1	4	818.8734131	989.2024536	0
Thalamus_2	Cortex_1	Thalamus_2->Cortex_1	5	989.2024536	1159.531494	0
Thalamus_2	Cortex_1	Thalamus_2->Cortex_1	6	1159.531494	1329.860474	0.0002138326236
Thalamus_2	Cortex_1	Thalamus_2->Cortex_1	7	1329.860474	1500.189575	0.001251378679
Thalamus_2	Cortex_1	Thalamus_2->Cortex_1	8	1500.189575	1670.518555	0.003549145535
Thalamus_2	Cortex_1	Thalamus_2->Cortex_1	9	1670.518555	1840.847656	0.009116261266
Thalamus_2	Cortex_1	Thalamus_2->Cortex_1	10	1840.847656	2011.176636	0.01401350368
Thalamus_2	Cortex_1	Thalamus_2->Cortex_1	11	2011.176636	2181.505615	0.02319188602
Thalamus_2	Cortex_1	Thalamus_2->Cortex_1	12	2181.505615	2351.834717	0.03314976022
Thalamus_2	Cortex_1	Thalamus_2->Cortex_1	13	2351.834717	2522.163818	0.05204779282
Thalamus_2	Cortex_1	Thalamus_2->Cortex_1	14	2522.163818	2692.492676	0.0841377452
Thalamus_2	Cortex_1	Thalamus_2->Cortex_1	15	2692.492676	2862.821777	0.1205799729
Thalamus_2	Cortex_1	Thalamus_2->Cortex_1	16	2862.821777	3033.150879	0.1655606329
Thalamus_2	Cortex_1	Thalamus_2->Cortex_1	17	3033.150879	3203.47998	0.2029016316
Thalamus_2	Cortex_1	Thalamus_2->Cortex_1	18	3203.47998	3373.808838	0.2458159328
Thalamus_2	Cortex_1	Thalamus_2->Cortex_1	19	3373.808838	3544.137939	0.288797766
Thalamus_2	Cortex_1	Thalamus_2->Cortex_1	20	3544.137939	3714.467041	0.3279308677
Thalamus_2	Cortex_1	Thalamus_2->Cortex_1	21	3714.467041	3884.796143	0.3721947074
Thalamus_2	Cortex_1	Thalamus_2->Cortex_1	22	3884.796143	4055.125	0.4132972658
Thalamus_2	Cortex_1	Thalamus_2->Cortex_1	23	4055.125	4225.454102	0.4727309644
Thalamus_2	Cortex_2	Thalamus_2->Cortex_2	0	137.5572662	307.8862915	0
Thalamus_2	Cortex_2	Thalamus_2->Cortex_2	1	307.8862915	478.215332	0
Thalamus_2	Cortex_2	Thalamus_2->Cortex_2	2	478.215332	648.5443726	0
Thalamus_2	Cortex_2	Thalamus_2->Cortex_2	3	648.5443726	818.8734131	0
Thalamus_2	Cortex_2	Thalamus_2->Cortex_2	4	818.8734131	989.2024536	0
Thalamus_2	Cortex_2	Thalamus_2->Cortex_2	5	989.2024536	1159.531494	0
Thalamus_2	Cortex_2	Thalamus_2->Cortex_2	6	1159.531494	1329.860474	0
Thalamus_2	Cortex_2	Thalamus_2->Cortex_2	7	1329.860474	1500.189575	0
Thalamus_2	Cortex_2	Thalamus_2->Cortex_2	8	1500.189575	1670.518555	0
Thalamus_2	Cortex_2	Thalamus_2->Cortex_2	9	1670.518555	1840.847656	0.002079624217
Thalamus_2	Cortex_2	Thalamus_2->Cortex_2	10	1840.847656	2011.176636	0.006052390207
Thalamus_2	Cortex_2	Thalamus_2->Cortex_2	11	2011.176636	2181.505615	0.01124773268
Thalamus_2	Cortex_2	Thalamus_2->Cortex_2	12	2181.505615	2351.834717	0.01536184829
Thalamus_2	Cortex_2	Thalamus_2->Cortex_2	13	2351.834717	2522.163818	0.02002252266
Thalamus_2	Cortex_2	Thalamus_2->Cortex_2	14	2522.163818	2692.492676	0.02726471797
Thalamus_2	Cortex_2	Thalamus_2->Cortex_2	15	2692.492676	2862.821777	0.0396736525
Thalamus_2	Cortex_2	Thalamus_2->Cortex_2	16	2862.821777	3033.150879	0.06686738878
Thalamus_2	Cortex_2	Thalamus_2->Cortex_2	17	3033.150879	3203.47998	0.1039829925
Thalamus_2	Cortex_2	Thalamus_2->Cortex_2	18	3203.47998	3373.808838	0.1699646115
Thalamus_2	Cortex_2	Thalamus_2->Cortex_2	19	3373.808838	3544.137939	0.2487213016
Thalamus_2	Cortex_2	Thalamus_2->Cortex_2	20	3544.137939	3714.467041	0.345433712
Thalamus_2	Cortex_2	Thalamus_2->Cortex_2	21	3714.467041	3884.796143	0.4508473277
Thalamus_2	Cortex_2	Thalamus_2->Cortex_2	22	3884.796143	4055.125	0.5407974124
Thalamus_2	Cortex_2	Thalamus_2->Cortex_2	23	4055.125	4225.454102	0.6567982435
Thalamus_2	Cortex_3	Thalamus_2->Cortex_3	0	137.5572662	307.8862915	0
Thalamus_2	Cortex_3	Thalamus_2->Cortex_3	1	307.8862915	478.215332	0
Thalamus_2	Cortex_3	Thalamus_2->Cortex_3	2	478.215332	648.5443726	0
Thalamus_2	Cortex_3	Thalamus_2->Cortex_3	3	648.5443726	818.8734131	0
Thalamus_2	Cortex_3	Thalamus_2->Cortex_3	4	818.8734131	989.2024536	0
Thalamus_2	Cortex_3	Thalamus_2->Cortex_3	5	989.2024536	1159.531494	0
Thalamus_2	Cortex_3	Thalamus_2->Cortex_3	6	1159.531494	1329.860474	0
Thalamus_2	Cortex_3	Thalamus_2->Cortex_3	7	1329.860474	1500.189575	0.000172495711
Thalamus_2	Cortex_3	Thalamus_2->Cortex_3	8	1500.189575	1670.518555	0.002371757058
Thalamus_2	Cortex_3	Thalamus_2->Cortex_3	9	1670.518555	1840.847656	0.009736224078
Thalamus_2	Cortex_3	Thalamus_2->Cortex_3	10	1840.847656	2011.176636	0.02310241945
Thalamus_2	Cortex_3	Thalamus_2->Cortex_3	11	2011.176636	2181.505615	0.04704197496
Thalamus_2	Cortex_3	Thalamus_2->Cortex_3	12	2181.505615	2351.834717	0.07177788019
Thalamus_2	Cortex_3	Thalamus_2->Cortex_3	13	2351.834717	2522.163818	0.0992147103
Thalamus_2	Cortex_3	Thalamus_2->Cortex_3	14	2522.163818	2692.492676	0.1279984415
Thalamus_2	Cortex_3	Thalamus_2->Cortex_3	15	2692.492676	2862.821777	0.1531017572
Thalamus_2	Cortex_3	Thalamus_2->Cortex_3	16	2862.821777	3033.150879	0.1818807423
Thalamus_2	Cortex_3	Thalamus_2->Cortex_3	17	3033.150879	3203.47998	0.2066676617
Thalamus_2	Cortex_3	Thalamus_2->Cortex_3	18	3203.47998	3373.808838	0.2382722497
Thalamus_2	Cortex_3	Thalamus_2->Cortex_3	19	3373.808838	3544.137939	0.2711651325
Thalamus_2	Cortex_3	Thalamus_2->Cortex_3	20	3544.137939	3714.467041	0.3125070333
Thalamus_2	Cortex_3	Thalamus_2->Cortex_3	21	3714.467041	3884.796143	0.3654404283
Thalamus_2	Cortex_3	Thalamus_2->Cortex_3	22	3884.796143	4055.125	0.4195444882
Thalamus_2	Cortex_3	Thalamus_2->Cortex_3	23	4055.125	4225.454102	0.496112287
Thalamus_2	Cortex_4	Thalamus_2->Cortex_4	0	137.5572662	307.8862915	0
Thalamus_2	Cortex_4	Thalamus_2->Cortex_4	1	307.8862915	478.215332	0
Thalamus_2	Cortex_4	Thalamus_2->Cortex_4	2	478.215332	648.5443726	0
Thalamus_2	Cortex_4	Thalamus_2->Cortex_4	3	648.5443726	818.8734131	0
Thalamus_2	Cortex_4	Thalamus_2->Cortex_4	4	818.8734131	989.2024536	0
Thalamus_2	Cortex_4	Thalamus_2->Cortex_4	5	989.2024536	1159.531494	0
Thalamus_2	Cortex_4	Thalamus_2->Cortex_4	6	1159.531494	1329.860474	0
Thalamus_2	Cortex_4	Thalamus_2->Cortex_4	7	1329.860474	1500.189575	0
Thalamus_2	Cortex_4	Thalamus_2->Cortex_4	8	1500.189575	1670.518555	0
Thalamus_2	Cortex_4	Thalamus_2->Cortex_4	9	1670.518555	1840.847656	0
Thalamus_2	Cortex_4	Thalamus_2->Cortex_4	10	1840.847656	2011.176636	0
Thalamus_2	Cortex_4	Thalamus_2->Cortex_4	11	2011.176636	2181.505615	0
Thalamus_2	Cortex_4	Thalamus_2->Cortex_4	12	2181.505615	2351.834717	0
Thalamus_2	Cortex_4	Thalamus_2->Cortex_4	13	2351.834717	2522.163818	0
Thalamus_2	Cortex_4	Thalamus_2->Cortex_4	14	2522.163818	2692.492676	0.0007046074606
Thalamus_2	Cortex_4	Thalamus_2->Cortex_4	15	2692.492676	2862.821777	0.005078029353
Thalamus_2	Cortex_4	Thalamus_2->Cortex_4	16	2862.821777	3033.150879	0.02137203515
Thalamus_2	Cortex_4	Thalamus_2->Cortex_4	17	3033.150879	3203.47998	0.03987802193
Thalamus_2	Cortex_4	Thalamus_2->Cortex_4	18	3203.47998	3373.808838	0.06247252971
Thalamus_2	Cortex_4	Thalamus_2->Cortex_4	19	3373.808838	3544.137939	0.09425383806
Thalamus_2	Cortex_4	Thalamus_2->Cortex_4	20	3544.137939	3714.467041	0.123041369
Thalamus_2	Cortex_4	Thalamus_2->Cortex_4	21	3714.467041	3884.796143	0.155519098
Thalamus_2	Cortex_4	Thalamus_2->Cortex_4	22	3884.796143	4055.125	0.1879518479
Thalamus_2	Cortex_4	Thalamus_2->Cortex_4	23	4055.125	4225.454102	0.2240529358
Thalamus_2	Cortex_5	Thalamus_2->Cortex_5	0	137.5572662	307.8862915	0
Thalamus_2	Cortex_5	Thalamus_2->Cortex_5	1	307.8862915	478.215332	0
Thalamus_2	Cortex_5	Thalamus_2->Cortex_5	2	478.215332	648.5443726	0
Thalamus_2	Cortex_5	Thalamus_2->Cortex_5	3	648.5443726	818.8734131	0
Thalamus_2	Cortex_5	Thalamus_2->Cortex_5	4	818.8734131	989.2024536	0
Thalamus_2	Cortex_5	Thalamus_2->Cortex_5	5	989.2024536	1159.531494	0
Thalamus_2	Cortex_5	Thalamus_2->Cortex_5	6	1159.531494	1329.860474	0.001357060042
Thalamus_2	Cortex_5	Thalamus_2->Cortex_5	7	1329.860474	1500.189575	0.001662643976
Thalamus_2	Cortex_5	Thalamus_2->Cortex_5	8	1500.189575	1670.518555	0.00140501617
Thalamus_2	Cortex_5	Thalamus_2->Cortex_5	9	1670.518555	1840.847656	0.001155589474
Thalamus_2	Cortex_5	Thalamus_2->Cortex_5	10	1840.847656	2011.176636	0.001322437427
Thalamus_2	Cortex_5	Thalamus_2->Cortex_5	11	2011.176636	2181.505615	0.001692776452
Thalamus_2	Cortex_5	Thalamus_2->Cortex_5	12	2181.505615	2351.834717	0.002230141545
Thalamus_2	Cortex_5	Thalamus_2->Cortex_5	13	2351.834717	2522.163818	0.004573438782
Thalamus_2	Cortex_5	Thalamus_2->Cortex_5	14	2522.163818	2692.492676	0.007089375053
Thalamus_2	Cortex_5	Thalamus_2->Cortex_5	15	2692.492676	2862.821777	0.01134928316
Thalamus_2	Cortex_5	Thalamus_2->Cortex_5	16	2862.821777	3033.150879	0.0212062709
Thalamus_2	Cortex_5	Thalamus_2->Cortex_5	17	3033.150879	3203.47998	0.03477185965
Thalamus_2	Cortex_5	Thalamus_2->Cortex_5	18	3203.47998	3373.808838	0.05595782027
Thalamus_2	Cortex_5	Thalamus_2->Cortex_5	19	3373.808838	3544.137939	0.07659652829
Thalamus_2	Cortex_5	Thalamus_2->Cortex_5	20	3544.137939	3714.467041	0.1024492532
Thalamus_2	Cortex_5	Thalamus_2->Cortex_5	21	3714.467041	3884.796143	0.13328664
Thalamus_2	Cortex_5	Thalamus_2->Cortex_5	22	3884.796143	4055.125	0.1655017287
Thalamus_2	Cortex_5	Thalamus_2->Cortex_5	23	4055.125	4225.454102	0.2139261067
Thalamus_2	Fiber_tract	Thalamus_2->Fiber_tract	0	137.5572662	307.8862915	0.3947280049
Thalamus_2	Fiber_tract	Thalamus_2->Fiber_tract	1	307.8862915	478.215332	0.4692983031
Thalamus_2	Fiber_tract	Thalamus_2->Fiber_tract	2	478.215332	648.5443726	0.4823888242
Thalamus_2	Fiber_tract	Thalamus_2->Fiber_tract	3	648.5443726	818.8734131	0.4616163075
Thalamus_2	Fiber_tract	Thalamus_2->Fiber_tract	4	818.8734131	989.2024536	0.4165015817
Thalamus_2	Fiber_tract	Thalamus_2->Fiber_tract	5	989.2024536	1159.531494	0.3982136846
Thalamus_2	Fiber_tract	Thalamus_2->Fiber_tract	6	1159.531494	1329.860474	0.4017359316
Thalamus_2	Fiber_tract	Thalamus_2->Fiber_tract	7	1329.860474	1500.189575	0.4278316796
Thalamus_2	Fiber_tract	Thalamus_2->Fiber_tract	8	1500.189575	1670.518555	0.4517804682
Thalamus_2	Fiber_tract	Thalamus_2->Fiber_tract	9	1670.518555	1840.847656	0.5083630085
Thalamus_2	Fiber_tract	Thalamus_2->Fiber_tract	10	1840.847656	2011.176636	0.5665690303
Thalamus_2	Fiber_tract	Thalamus_2->Fiber_tract	11	2011.176636	2181.505615	0.6555839181
Thalamus_2	Fiber_tract	Thalamus_2->Fiber_tract	12	2181.505615	2351.834717	0.7465216517
Thalamus_2	Fiber_tract	Thalamus_2->Fiber_tract	13	2351.834717	2522.163818	0.8398731351
Thalamus_2	Fiber_tract	Thalamus_2->Fiber_tract	14	2522.163818	2692.492676	0.9409465194
Thalamus_2	Fiber_tract	Thalamus_2->Fiber_tract	15	2692.492676	2862.821777	1.016272545
Thalamus_2	Fiber_tract	Thalamus_2->Fiber_tract	16	2862.821777	3033.150879	1.089030385
Thalamus_2	Fiber_tract	Thalamus_2->Fiber_tract	17	3033.150879	3203.47998	1.138842225
Thalamus_2	Fiber_tract	Thalamus_2->Fiber_tract	18	3203.47998	3373.808838	1.186643362
Thalamus_2	Fiber_tract	Thalamus_2->Fiber_tract	19	3373.808838	3544.137939	1.218788981
Thalamus_2	Fiber_tract	Thalamus_2->Fiber_tract	20	3544.137939	3714.467041	1.229530215
Thalamus_2	Fiber_tract	Thalamus_2->Fiber_tract	21	3714.467041	3884.796143	1.221514583
Thalamus_2	Fiber_tract	Thalamus_2->Fiber_tract	22	3884.796143	4055.125	1.205076098
Thalamus_2	Fiber_tract	Thalamus_2->Fiber_tract	23	4055.125	4225.454102	1.188408971
Thalamus_2	Hippocampus	Thalamus_2->Hippocampus	0	137.5572662	307.8862915	0.03032848239
Thalamus_2	Hippocampus	Thalamus_2->Hippocampus	1	307.8862915	478.215332	0.08448909968
Thalamus_2	Hippocampus	Thalamus_2->Hippocampus	2	478.215332	648.5443726	0.1889934093
Thalamus_2	Hippocampus	Thalamus_2->Hippocampus	3	648.5443726	818.8734131	0.2362163663
Thalamus_2	Hippocampus	Thalamus_2->Hippocampus	4	818.8734131	989.2024536	0.3171419501
Thalamus_2	Hippocampus	Thalamus_2->Hippocampus	5	989.2024536	1159.531494	0.3796799183
Thalamus_2	Hippocampus	Thalamus_2->Hippocampus	6	1159.531494	1329.860474	0.4350392222
Thalamus_2	Hippocampus	Thalamus_2->Hippocampus	7	1329.860474	1500.189575	0.4842757285
Thalamus_2	Hippocampus	Thalamus_2->Hippocampus	8	1500.189575	1670.518555	0.5160384178
Thalamus_2	Hippocampus	Thalamus_2->Hippocampus	9	1670.518555	1840.847656	0.5710723996
Thalamus_2	Hippocampus	Thalamus_2->Hippocampus	10	1840.847656	2011.176636	0.620724082
Thalamus_2	Hippocampus	Thalamus_2->Hippocampus	11	2011.176636	2181.505615	0.6836383343
Thalamus_2	Hippocampus	Thalamus_2->Hippocampus	12	2181.505615	2351.834717	0.7402217388
Thalamus_2	Hippocampus	Thalamus_2->Hippocampus	13	2351.834717	2522.163818	0.8111223578
Thalamus_2	Hippocampus	Thalamus_2->Hippocampus	14	2522.163818	2692.492676	0.8768655658
Thalamus_2	Hippocampus	Thalamus_2->Hippocampus	15	2692.492676	2862.821777	0.9350187778
Thalamus_2	Hippocampus	Thalamus_2->Hippocampus	16	2862.821777	3033.150879	0.9941876531
Thalamus_2	Hippocampus	Thalamus_2->Hippocampus	17	3033.150879	3203.47998	1.040709853
Thalamus_2	Hippocampus	Thalamus_2->Hippocampus	18	3203.47998	3373.808838	1.084871054
Thalamus_2	Hippocampus	Thalamus_2->Hippocampus	19	3373.808838	3544.137939	1.113200307
Thalamus_2	Hippocampus	Thalamus_2->Hippocampus	20	3544.137939	3714.467041	1.131217837
Thalamus_2	Hippocampus	Thalamus_2->Hippocampus	21	3714.467041	3884.796143	1.140514374
Thalamus_2	Hippocampus	Thalamus_2->Hippocampus	22	3884.796143	4055.125	1.146259427
Thalamus_2	Hippocampus	Thalamus_2->Hippocampus	23	4055.125	4225.454102	1.145729899
Thalamus_2	Hypothalamus_1	Thalamus_2->Hypothalamus_1	0	137.5572662	307.8862915	0.4525021017
Thalamus_2	Hypothalamus_1	Thalamus_2->Hypothalamus_1	1	307.8862915	478.215332	0.5475199223
Thalamus_2	Hypothalamus_1	Thalamus_2->Hypothalamus_1	2	478.215332	648.5443726	0.7177600265
Thalamus_2	Hypothalamus_1	Thalamus_2->Hypothalamus_1	3	648.5443726	818.8734131	0.8333966136
Thalamus_2	Hypothalamus_1	Thalamus_2->Hypothalamus_1	4	818.8734131	989.2024536	1.024596214
Thalamus_2	Hypothalamus_1	Thalamus_2->Hypothalamus_1	5	989.2024536	1159.531494	1.190810919
Thalamus_2	Hypothalamus_1	Thalamus_2->Hypothalamus_1	6	1159.531494	1329.860474	1.38794744
Thalamus_2	Hypothalamus_1	Thalamus_2->Hypothalamus_1	7	1329.860474	1500.189575	1.566609025
Thalamus_2	Hypothalamus_1	Thalamus_2->Hypothalamus_1	8	1500.189575	1670.518555	1.719519138
Thalamus_2	Hypothalamus_1	Thalamus_2->Hypothalamus_1	9	1670.518555	1840.847656	1.908011794
Thalamus_2	Hypothalamus_1	Thalamus_2->Hypothalamus_1	10	1840.847656	2011.176636	2.028523207
Thalamus_2	Hypothalamus_1	Thalamus_2->Hypothalamus_1	11	2011.176636	2181.505615	2.122252226
Thalamus_2	Hypothalamus_1	Thalamus_2->Hypothalamus_1	12	2181.505615	2351.834717	2.167495728
Thalamus_2	Hypothalamus_1	Thalamus_2->Hypothalamus_1	13	2351.834717	2522.163818	2.209370375
Thalamus_2	Hypothalamus_1	Thalamus_2->Hypothalamus_1	14	2522.163818	2692.492676	2.242030144
Thalamus_2	Hypothalamus_1	Thalamus_2->Hypothalamus_1	15	2692.492676	2862.821777	2.258877754
Thalamus_2	Hypothalamus_1	Thalamus_2->Hypothalamus_1	16	2862.821777	3033.150879	2.276372671
Thalamus_2	Hypothalamus_1	Thalamus_2->Hypothalamus_1	17	3033.150879	3203.47998	2.272172928
Thalamus_2	Hypothalamus_1	Thalamus_2->Hypothalamus_1	18	3203.47998	3373.808838	2.262681007
Thalamus_2	Hypothalamus_1	Thalamus_2->Hypothalamus_1	19	3373.808838	3544.137939	2.238788843
Thalamus_2	Hypothalamus_1	Thalamus_2->Hypothalamus_1	20	3544.137939	3714.467041	2.19467473
Thalamus_2	Hypothalamus_1	Thalamus_2->Hypothalamus_1	21	3714.467041	3884.796143	2.147437096
Thalamus_2	Hypothalamus_1	Thalamus_2->Hypothalamus_1	22	3884.796143	4055.125	2.097016811
Thalamus_2	Hypothalamus_1	Thalamus_2->Hypothalamus_1	23	4055.125	4225.454102	2.018738508
Thalamus_2	Hypothalamus_2	Thalamus_2->Hypothalamus_2	0	137.5572662	307.8862915	0.6857811809
Thalamus_2	Hypothalamus_2	Thalamus_2->Hypothalamus_2	1	307.8862915	478.215332	0.7458667755
Thalamus_2	Hypothalamus_2	Thalamus_2->Hypothalamus_2	2	478.215332	648.5443726	0.7374454737
Thalamus_2	Hypothalamus_2	Thalamus_2->Hypothalamus_2	3	648.5443726	818.8734131	0.7518857718
Thalamus_2	Hypothalamus_2	Thalamus_2->Hypothalamus_2	4	818.8734131	989.2024536	0.8123223186
Thalamus_2	Hypothalamus_2	Thalamus_2->Hypothalamus_2	5	989.2024536	1159.531494	0.8999749422
Thalamus_2	Hypothalamus_2	Thalamus_2->Hypothalamus_2	6	1159.531494	1329.860474	1.045266867
Thalamus_2	Hypothalamus_2	Thalamus_2->Hypothalamus_2	7	1329.860474	1500.189575	1.146632671
Thalamus_2	Hypothalamus_2	Thalamus_2->Hypothalamus_2	8	1500.189575	1670.518555	1.267044306
Thalamus_2	Hypothalamus_2	Thalamus_2->Hypothalamus_2	9	1670.518555	1840.847656	1.379250526
Thalamus_2	Hypothalamus_2	Thalamus_2->Hypothalamus_2	10	1840.847656	2011.176636	1.485918522
Thalamus_2	Hypothalamus_2	Thalamus_2->Hypothalamus_2	11	2011.176636	2181.505615	1.577688694
Thalamus_2	Hypothalamus_2	Thalamus_2->Hypothalamus_2	12	2181.505615	2351.834717	1.663712144
Thalamus_2	Hypothalamus_2	Thalamus_2->Hypothalamus_2	13	2351.834717	2522.163818	1.719052076
Thalamus_2	Hypothalamus_2	Thalamus_2->Hypothalamus_2	14	2522.163818	2692.492676	1.751989365
Thalamus_2	Hypothalamus_2	Thalamus_2->Hypothalamus_2	15	2692.492676	2862.821777	1.760040641
Thalamus_2	Hypothalamus_2	Thalamus_2->Hypothalamus_2	16	2862.821777	3033.150879	1.741492987
Thalamus_2	Hypothalamus_2	Thalamus_2->Hypothalamus_2	17	3033.150879	3203.47998	1.702662349
Thalamus_2	Hypothalamus_2	Thalamus_2->Hypothalamus_2	18	3203.47998	3373.808838	1.638797641
Thalamus_2	Hypothalamus_2	Thalamus_2->Hypothalamus_2	19	3373.808838	3544.137939	1.557622194
Thalamus_2	Hypothalamus_2	Thalamus_2->Hypothalamus_2	20	3544.137939	3714.467041	1.485384822
Thalamus_2	Hypothalamus_2	Thalamus_2->Hypothalamus_2	21	3714.467041	3884.796143	1.41167748
Thalamus_2	Hypothalamus_2	Thalamus_2->Hypothalamus_2	22	3884.796143	4055.125	1.353755951
Thalamus_2	Hypothalamus_2	Thalamus_2->Hypothalamus_2	23	4055.125	4225.454102	1.285848975
Thalamus_2	Lateral_ventricle	Thalamus_2->Lateral_ventricle	0	137.5572662	307.8862915	0.6612116694
Thalamus_2	Lateral_ventricle	Thalamus_2->Lateral_ventricle	1	307.8862915	478.215332	0.745275259
Thalamus_2	Lateral_ventricle	Thalamus_2->Lateral_ventricle	2	478.215332	648.5443726	0.7622983456
Thalamus_2	Lateral_ventricle	Thalamus_2->Lateral_ventricle	3	648.5443726	818.8734131	0.7604317069
Thalamus_2	Lateral_ventricle	Thalamus_2->Lateral_ventricle	4	818.8734131	989.2024536	0.7448859215
Thalamus_2	Lateral_ventricle	Thalamus_2->Lateral_ventricle	5	989.2024536	1159.531494	0.7199307084
Thalamus_2	Lateral_ventricle	Thalamus_2->Lateral_ventricle	6	1159.531494	1329.860474	0.6740366817
Thalamus_2	Lateral_ventricle	Thalamus_2->Lateral_ventricle	7	1329.860474	1500.189575	0.6408303976
Thalamus_2	Lateral_ventricle	Thalamus_2->Lateral_ventricle	8	1500.189575	1670.518555	0.6100375652
Thalamus_2	Lateral_ventricle	Thalamus_2->Lateral_ventricle	9	1670.518555	1840.847656	0.603938818
Thalamus_2	Lateral_ventricle	Thalamus_2->Lateral_ventricle	10	1840.847656	2011.176636	0.5999845266
Thalamus_2	Lateral_ventricle	Thalamus_2->Lateral_ventricle	11	2011.176636	2181.505615	0.6144763231
Thalamus_2	Lateral_ventricle	Thalamus_2->Lateral_ventricle	12	2181.505615	2351.834717	0.6219152808
Thalamus_2	Lateral_ventricle	Thalamus_2->Lateral_ventricle	13	2351.834717	2522.163818	0.6294872165
Thalamus_2	Lateral_ventricle	Thalamus_2->Lateral_ventricle	14	2522.163818	2692.492676	0.645324707
Thalamus_2	Lateral_ventricle	Thalamus_2->Lateral_ventricle	15	2692.492676	2862.821777	0.6847845912
Thalamus_2	Lateral_ventricle	Thalamus_2->Lateral_ventricle	16	2862.821777	3033.150879	0.7554485202
Thalamus_2	Lateral_ventricle	Thalamus_2->Lateral_ventricle	17	3033.150879	3203.47998	0.8420763612
Thalamus_2	Lateral_ventricle	Thalamus_2->Lateral_ventricle	18	3203.47998	3373.808838	0.9313014746
Thalamus_2	Lateral_ventricle	Thalamus_2->Lateral_ventricle	19	3373.808838	3544.137939	1.018580317
Thalamus_2	Lateral_ventricle	Thalamus_2->Lateral_ventricle	20	3544.137939	3714.467041	1.095336556
Thalamus_2	Lateral_ventricle	Thalamus_2->Lateral_ventricle	21	3714.467041	3884.796143	1.160864115
Thalamus_2	Lateral_ventricle	Thalamus_2->Lateral_ventricle	22	3884.796143	4055.125	1.18919003
Thalamus_2	Lateral_ventricle	Thalamus_2->Lateral_ventricle	23	4055.125	4225.454102	1.194091678
Thalamus_2	Pyramidal_layer	Thalamus_2->Pyramidal_layer	0	137.5572662	307.8862915	0
Thalamus_2	Pyramidal_layer	Thalamus_2->Pyramidal_layer	1	307.8862915	478.215332	0.009000969119
Thalamus_2	Pyramidal_layer	Thalamus_2->Pyramidal_layer	2	478.215332	648.5443726	0.08842309564
Thalamus_2	Pyramidal_layer	Thalamus_2->Pyramidal_layer	3	648.5443726	818.8734131	0.2031316161
Thalamus_2	Pyramidal_layer	Thalamus_2->Pyramidal_layer	4	818.8734131	989.2024536	0.365249306
Thalamus_2	Pyramidal_layer	Thalamus_2->Pyramidal_layer	5	989.2024536	1159.531494	0.4376986921
Thalamus_2	Pyramidal_layer	Thalamus_2->Pyramidal_layer	6	1159.531494	1329.860474	0.4883667529
Thalamus_2	Pyramidal_layer	Thalamus_2->Pyramidal_layer	7	1329.860474	1500.189575	0.5486017466
Thalamus_2	Pyramidal_layer	Thalamus_2->Pyramidal_layer	8	1500.189575	1670.518555	0.5849645734
Thalamus_2	Pyramidal_layer	Thalamus_2->Pyramidal_layer	9	1670.518555	1840.847656	0.6527431607
Thalamus_2	Pyramidal_layer	Thalamus_2->Pyramidal_layer	10	1840.847656	2011.176636	0.7038600445
Thalamus_2	Pyramidal_layer	Thalamus_2->Pyramidal_layer	11	2011.176636	2181.505615	0.7652877569
Thalamus_2	Pyramidal_layer	Thalamus_2->Pyramidal_layer	12	2181.505615	2351.834717	0.8223640919
Thalamus_2	Pyramidal_layer	Thalamus_2->Pyramidal_layer	13	2351.834717	2522.163818	0.9020563364
Thalamus_2	Pyramidal_layer	Thalamus_2->Pyramidal_layer	14	2522.163818	2692.492676	0.9868431687
Thalamus_2	Pyramidal_layer	Thalamus_2->Pyramidal_layer	15	2692.492676	2862.821777	1.060189843
Thalamus_2	Pyramidal_layer	Thalamus_2->Pyramidal_layer	16	2862.821777	3033.150879	1.114886522
Thalamus_2	Pyramidal_layer	Thalamus_2->Pyramidal_layer	17	3033.150879	3203.47998	1.152692914
Thalamus_2	Pyramidal_layer	Thalamus_2->Pyramidal_layer	18	3203.47998	3373.808838	1.182564974
Thalamus_2	Pyramidal_layer	Thalamus_2->Pyramidal_layer	19	3373.808838	3544.137939	1.209596992
Thalamus_2	Pyramidal_layer	Thalamus_2->Pyramidal_layer	20	3544.137939	3714.467041	1.225163102
Thalamus_2	Pyramidal_layer	Thalamus_2->Pyramidal_layer	21	3714.467041	3884.796143	1.228874445
Thalamus_2	Pyramidal_layer	Thalamus_2->Pyramidal_layer	22	3884.796143	4055.125	1.221747875
Thalamus_2	Pyramidal_layer	Thalamus_2->Pyramidal_layer	23	4055.125	4225.454102	1.198446751
Thalamus_2	Pyramidal_layer_dentate_gyrus	Thalamus_2->Pyramidal_layer_dentate_gyrus	0	137.5572662	307.8862915	0
Thalamus_2	Pyramidal_layer_dentate_gyrus	Thalamus_2->Pyramidal_layer_dentate_gyrus	1	307.8862915	478.215332	0.01661717519
Thalamus_2	Pyramidal_layer_dentate_gyrus	Thalamus_2->Pyramidal_layer_dentate_gyrus	2	478.215332	648.5443726	0.1023944765
Thalamus_2	Pyramidal_layer_dentate_gyrus	Thalamus_2->Pyramidal_layer_dentate_gyrus	3	648.5443726	818.8734131	0.1622894555
Thalamus_2	Pyramidal_layer_dentate_gyrus	Thalamus_2->Pyramidal_layer_dentate_gyrus	4	818.8734131	989.2024536	0.2293314934
Thalamus_2	Pyramidal_layer_dentate_gyrus	Thalamus_2->Pyramidal_layer_dentate_gyrus	5	989.2024536	1159.531494	0.3003580868
Thalamus_2	Pyramidal_layer_dentate_gyrus	Thalamus_2->Pyramidal_layer_dentate_gyrus	6	1159.531494	1329.860474	0.4027101099
Thalamus_2	Pyramidal_layer_dentate_gyrus	Thalamus_2->Pyramidal_layer_dentate_gyrus	7	1329.860474	1500.189575	0.481988132
Thalamus_2	Pyramidal_layer_dentate_gyrus	Thalamus_2->Pyramidal_layer_dentate_gyrus	8	1500.189575	1670.518555	0.5622976422
Thalamus_2	Pyramidal_layer_dentate_gyrus	Thalamus_2->Pyramidal_layer_dentate_gyrus	9	1670.518555	1840.847656	0.6556193829
Thalamus_2	Pyramidal_layer_dentate_gyrus	Thalamus_2->Pyramidal_layer_dentate_gyrus	10	1840.847656	2011.176636	0.7297683358
Thalamus_2	Pyramidal_layer_dentate_gyrus	Thalamus_2->Pyramidal_layer_dentate_gyrus	11	2011.176636	2181.505615	0.796534121
Thalamus_2	Pyramidal_layer_dentate_gyrus	Thalamus_2->Pyramidal_layer_dentate_gyrus	12	2181.505615	2351.834717	0.8498296738
Thalamus_2	Pyramidal_layer_dentate_gyrus	Thalamus_2->Pyramidal_layer_dentate_gyrus	13	2351.834717	2522.163818	0.8975630403
Thalamus_2	Pyramidal_layer_dentate_gyrus	Thalamus_2->Pyramidal_layer_dentate_gyrus	14	2522.163818	2692.492676	0.9363090396
Thalamus_2	Pyramidal_layer_dentate_gyrus	Thalamus_2->Pyramidal_layer_dentate_gyrus	15	2692.492676	2862.821777	0.9730609655
Thalamus_2	Pyramidal_layer_dentate_gyrus	Thalamus_2->Pyramidal_layer_dentate_gyrus	16	2862.821777	3033.150879	1.000339389
Thalamus_2	Pyramidal_layer_dentate_gyrus	Thalamus_2->Pyramidal_layer_dentate_gyrus	17	3033.150879	3203.47998	1.0178262
Thalamus_2	Pyramidal_layer_dentate_gyrus	Thalamus_2->Pyramidal_layer_dentate_gyrus	18	3203.47998	3373.808838	1.035425544
Thalamus_2	Pyramidal_layer_dentate_gyrus	Thalamus_2->Pyramidal_layer_dentate_gyrus	19	3373.808838	3544.137939	1.049233675
Thalamus_2	Pyramidal_layer_dentate_gyrus	Thalamus_2->Pyramidal_layer_dentate_gyrus	20	3544.137939	3714.467041	1.067558169
Thalamus_2	Pyramidal_layer_dentate_gyrus	Thalamus_2->Pyramidal_layer_dentate_gyrus	21	3714.467041	3884.796143	1.079679012
Thalamus_2	Pyramidal_layer_dentate_gyrus	Thalamus_2->Pyramidal_layer_dentate_gyrus	22	3884.796143	4055.125	1.088488102
Thalamus_2	Pyramidal_layer_dentate_gyrus	Thalamus_2->Pyramidal_layer_dentate_gyrus	23	4055.125	4225.454102	1.091574788
Thalamus_2	Striatum	Thalamus_2->Striatum	0	137.5572662	307.8862915	0
Thalamus_2	Striatum	Thalamus_2->Striatum	1	307.8862915	478.215332	0
Thalamus_2	Striatum	Thalamus_2->Striatum	2	478.215332	648.5443726	0
Thalamus_2	Striatum	Thalamus_2->Striatum	3	648.5443726	818.8734131	0
Thalamus_2	Striatum	Thalamus_2->Striatum	4	818.8734131	989.2024536	0
Thalamus_2	Striatum	Thalamus_2->Striatum	5	989.2024536	1159.531494	0.002197554335
Thalamus_2	Striatum	Thalamus_2->Striatum	6	1159.531494	1329.860474	0.01225900277
Thalamus_2	Striatum	Thalamus_2->Striatum	7	1329.860474	1500.189575	0.02406171896
Thalamus_2	Striatum	Thalamus_2->Striatum	8	1500.189575	1670.518555	0.0358122848
Thalamus_2	Striatum	Thalamus_2->Striatum	9	1670.518555	1840.847656	0.04401712865
Thalamus_2	Striatum	Thalamus_2->Striatum	10	1840.847656	2011.176636	0.05216205865
Thalamus_2	Striatum	Thalamus_2->Striatum	11	2011.176636	2181.505615	0.07363700867
Thalamus_2	Striatum	Thalamus_2->Striatum	12	2181.505615	2351.834717	0.1082701758
Thalamus_2	Striatum	Thalamus_2->Striatum	13	2351.834717	2522.163818	0.1644730717
Thalamus_2	Striatum	Thalamus_2->Striatum	14	2522.163818	2692.492676	0.2520678043
Thalamus_2	Striatum	Thalamus_2->Striatum	15	2692.492676	2862.821777	0.3426888883
Thalamus_2	Striatum	Thalamus_2->Striatum	16	2862.821777	3033.150879	0.4716428816
Thalamus_2	Striatum	Thalamus_2->Striatum	17	3033.150879	3203.47998	0.583172977
Thalamus_2	Striatum	Thalamus_2->Striatum	18	3203.47998	3373.808838	0.6994930506
Thalamus_2	Striatum	Thalamus_2->Striatum	19	3373.808838	3544.137939	0.8113663197
Thalamus_2	Striatum	Thalamus_2->Striatum	20	3544.137939	3714.467041	0.9152439237
Thalamus_2	Striatum	Thalamus_2->Striatum	21	3714.467041	3884.796143	1.015372515
Thalamus_2	Striatum	Thalamus_2->Striatum	22	3884.796143	4055.125	1.082005978
Thalamus_2	Striatum	Thalamus_2->Striatum	23	4055.125	4225.454102	1.138484001
Thalamus_2	Thalamus_1	Thalamus_2->Thalamus_1	0	137.5572662	307.8862915	0.9859825373
Thalamus_2	Thalamus_1	Thalamus_2->Thalamus_1	1	307.8862915	478.215332	1.379225969
Thalamus_2	Thalamus_1	Thalamus_2->Thalamus_1	2	478.215332	648.5443726	1.750011086
Thalamus_2	Thalamus_1	Thalamus_2->Thalamus_1	3	648.5443726	818.8734131	1.960371733
Thalamus_2	Thalamus_1	Thalamus_2->Thalamus_1	4	818.8734131	989.2024536	2.217911482
Thalamus_2	Thalamus_1	Thalamus_2->Thalamus_1	5	989.2024536	1159.531494	2.403000832
Thalamus_2	Thalamus_1	Thalamus_2->Thalamus_1	6	1159.531494	1329.860474	2.591407776
Thalamus_2	Thalamus_1	Thalamus_2->Thalamus_1	7	1329.860474	1500.189575	2.647862196
Thalamus_2	Thalamus_1	Thalamus_2->Thalamus_1	8	1500.189575	1670.518555	2.708204269
Thalamus_2	Thalamus_1	Thalamus_2->Thalamus_1	9	1670.518555	1840.847656	2.678400755
Thalamus_2	Thalamus_1	Thalamus_2->Thalamus_1	10	1840.847656	2011.176636	2.641249657
Thalamus_2	Thalamus_1	Thalamus_2->Thalamus_1	11	2011.176636	2181.505615	2.554408789
Thalamus_2	Thalamus_1	Thalamus_2->Thalamus_1	12	2181.505615	2351.834717	2.457840443
Thalamus_2	Thalamus_1	Thalamus_2->Thalamus_1	13	2351.834717	2522.163818	2.328653336
Thalamus_2	Thalamus_1	Thalamus_2->Thalamus_1	14	2522.163818	2692.492676	2.173949957
Thalamus_2	Thalamus_1	Thalamus_2->Thalamus_1	15	2692.492676	2862.821777	2.035582066
Thalamus_2	Thalamus_1	Thalamus_2->Thalamus_1	16	2862.821777	3033.150879	1.874239326
Thalamus_2	Thalamus_1	Thalamus_2->Thalamus_1	17	3033.150879	3203.47998	1.751010776
Thalamus_2	Thalamus_1	Thalamus_2->Thalamus_1	18	3203.47998	3373.808838	1.621934175
Thalamus_2	Thalamus_1	Thalamus_2->Thalamus_1	19	3373.808838	3544.137939	1.513901234
Thalamus_2	Thalamus_1	Thalamus_2->Thalamus_1	20	3544.137939	3714.467041	1.418825388
Thalamus_2	Thalamus_1	Thalamus_2->Thalamus_1	21	3714.467041	3884.796143	1.330768228
Thalamus_2	Thalamus_1	Thalamus_2->Thalamus_1	22	3884.796143	4055.125	1.265832663
Thalamus_2	Thalamus_1	Thalamus_2->Thalamus_1	23	4055.125	4225.454102	1.194800258
Thalamus_2	Thalamus_2	Thalamus_2->Thalamus_2	0	137.5572662	307.8862915	11.27613735
Thalamus_2	Thalamus_2	Thalamus_2->Thalamus_2	1	307.8862915	478.215332	10.55334759
Thalamus_2	Thalamus_2	Thalamus_2->Thalamus_2	2	478.215332	648.5443726	9.663542747
Thalamus_2	Thalamus_2	Thalamus_2->Thalamus_2	3	648.5443726	818.8734131	9.15901947
Thalamus_2	Thalamus_2	Thalamus_2->Thalamus_2	4	818.8734131	989.2024536	8.426143646
Thalamus_2	Thalamus_2	Thalamus_2->Thalamus_2	5	989.2024536	1159.531494	7.786614895
Thalamus_2	Thalamus_2	Thalamus_2->Thalamus_2	6	1159.531494	1329.860474	6.993142128
Thalamus_2	Thalamus_2	Thalamus_2->Thalamus_2	7	1329.860474	1500.189575	6.393379211
Thalamus_2	Thalamus_2	Thalamus_2->Thalamus_2	8	1500.189575	1670.518555	5.844101906
Thalamus_2	Thalamus_2	Thalamus_2->Thalamus_2	9	1670.518555	1840.847656	5.24889183
Thalamus_2	Thalamus_2	Thalamus_2->Thalamus_2	10	1840.847656	2011.176636	4.782128334
Thalamus_2	Thalamus_2	Thalamus_2->Thalamus_2	11	2011.176636	2181.505615	4.320822716
Thalamus_2	Thalamus_2	Thalamus_2->Thalamus_2	12	2181.505615	2351.834717	3.958872557
Thalamus_2	Thalamus_2	Thalamus_2->Thalamus_2	13	2351.834717	2522.163818	3.620054722
Thalamus_2	Thalamus_2	Thalamus_2->Thalamus_2	14	2522.163818	2692.492676	3.307332993
Thalamus_2	Thalamus_2	Thalamus_2->Thalamus_2	15	2692.492676	2862.821777	3.047939301
Thalamus_2	Thalamus_2	Thalamus_2->Thalamus_2	16	2862.821777	3033.150879	2.77368784
Thalamus_2	Thalamus_2	Thalamus_2->Thalamus_2	17	3033.150879	3203.47998	2.557969332
Thalamus_2	Thalamus_2	Thalamus_2->Thalamus_2	18	3203.47998	3373.808838	2.335989952
Thalamus_2	Thalamus_2	Thalamus_2->Thalamus_2	19	3373.808838	3544.137939	2.145830631
Thalamus_2	Thalamus_2	Thalamus_2->Thalamus_2	20	3544.137939	3714.467041	1.97730422
Thalamus_2	Thalamus_2	Thalamus_2->Thalamus_2	21	3714.467041	3884.796143	1.820788503
Thalamus_2	Thalamus_2	Thalamus_2->Thalamus_2	22	3884.796143	4055.125	1.704844236
Thalamus_2	Thalamus_2	Thalamus_2->Thalamus_2	23	4055.125	4225.454102	1.573009491
