obs_id	histogram_ch-0_bin-0	histogram_ch-0_bin-1	histogram_ch-0_bin-2	histogram_ch-0_bin-3	segmentation_label	segmentation_area_mean	segmentation_area_std	segmentation_ch-0_mean_intensity_mean	segmentation_ch-0_mean_intensity_std	summary_ch-0_quantile-0.9	summary_ch-0_quantile-0.5	summary_ch-0_quantile-0.1	summary_ch-0_mean	summary_ch-0_std	summary_ch-1_quantile-0.9	summary_ch-1_quantile-0.5	summary_ch-1_quantile-0.1	summary_ch-1_mean	summary_ch-1_std	summary_ch-2_quantile-0.9	summary_ch-2_quantile-0.5	summary_ch-2_quantile-0.1	summary_ch-2_mean	summary_ch-2_std	texture_ch-0_contrast_dist-1_angle-0.00	texture_ch-0_homogeneity_dist-1_angle-0.00
AAACAAGTATCTCCCA-1	486	4687	2724	24	267	17.31086142	18.28849114	121.5115981	7.014559205	132	111	77	107.57114	21.76766765	102	79	54	78.58666835	19.15391499	138	111	88	112.4613054	19.73386364	185.9544178	0.1081367279
AAACAATCTACTAGCA-1	286	2587	4560	488	183	24.71584699	18.76446241	125.313684	8.033940075	140	111	80	109.8151749	25.04720809	87	60	39	61.84610529	19.49504387	135	108	84	108.8062113	19.86957706	151.0755873	0.09640052444
AAACACCAATAACTGC-1	197	604	4953	2167	129	45.40310078	63.97983202	119.980919	5.321593329	132	116	89	112.4212852	19.08855889	109	91	67	89.38277995	16.88410562	130	117	97	114.6999116	13.82657062	51.51532176	0.177497907
AAACAGAGCGACTCCT-1	61	1577	5934	349	282	20.25886525	21.45968535	123.1570171	5.829229557	136	116	93	115.0852165	17.45077836	115	82	58	84.91920212	22.00434443	137	113	89	113.1769979	18.71402149	165.6921604	0.1075191078
AAACCGGGTAGGTACC-1	161	2316	4956	488	170	27.72352941	19.46913181	122.6005788	5.877261406	137	112	83	110.42684	21.21067354	103	78	54	78.43491983	19.04662649	133	113	92	112.8729958	15.92262186	107.6474719	0.114493229
AAACCGTTCGTCCAGG-1	788	3104	3534	495	172	21.70930233	15.49858679	126.8176657	8.886814714	141	104	59	102.3392248	31.07942654	105	70	39	71.59487438	25.15566222	145	112	80	111.9673021	24.70886032	192.0617978	0.09033939367
AAACCTCATGAAGTTG-1	288	1429	4886	1318	107	43.5046729	43.61929047	121.2290008	6.229614081	133	111	74	107.6587552	22.78447406	100	79	55	78.42646131	17.47803792	132	114	92	113.1941674	15.53566284	67.55617978	0.153971436
AAACGAAGAACATACC-1	315	2901	4439	266	251	16.96015936	13.40862563	122.8923574	7.715581386	136	109	74	106.836763	24.75694227	86	60	37	61.29945714	19.46500616	137	108	84	109.0111097	21.0134921	158.1220633	0.1043254641
AAACGAGACGGTTGAT-1	537	2792	4389	203	294	13.39455782	8.044145057	122.3390812	7.118523236	134	106	65	102.3175104	28.10215566	94	67	37	66.36472668	22.61645452	146	112	75	111.3220553	27.8210085	263.3252043	0.07642348824
AAACGGTTGCGAACTG-1	463	4372	3044	42	203	22.57635468	19.45103319	124.7607766	7.564937134	139	111	76	109.0066911	24.93518589	112	83	54	83.12940285	22.69100042	139	114	88	113.6174725	20.05609776	174.0490296	0.09508834002
AAACTCGGTTCGCAAT-1	186	5404	2299	32	272	17.73897059	13.68721856	123.8398772	7.690114267	140	112	86	112.3842949	21.33811171	96	69	48	70.96843833	19.33170838	139	109	83	110.1715692	21.73627911	207.3001788	0.08722041982
AAACTGCTGGCTCCAA-1	293	2555	4821	252	270	17.67777778	14.1094881	124.6580987	7.621967561	138	112	78	109.8166898	25.07567094	119	89	58	89.3677566	24.62773135	145	116	86	115.9561924	24.00330796	246.4187947	0.08346245002
AAACTTGCAAACGTAT-1	214	1120	5474	1113	151	32.55629139	29.48894411	121.7510636	5.90220864	133	113	82	109.3243277	22.06316981	109	85	57	83.65193789	20.26777375	132	114	92	112.2970585	16.85670397	80.578524	0.1413270719
AAAGACCCAAGTCGCG-1	338	2626	4508	449	209	22.37320574	20.96852163	124.7476432	6.628468942	140	112	78	110.3320288	24.12648875	108	80	53	80.12990784	21.86384433	140	115	90	115.1450574	19.55410768	146.639811	0.09453226336
AAAGGCCCTATAATAC-1	474	1106	4456	1885	119	40.8907563	42.2523014	123.5723927	6.351629952	137	113	65	107.5096579	28.22554548	103	79	45	76.73664941	22.24547902	138	118	83	114.0239869	22.20555474	93.76442799	0.1327097139
AAAGGCTACGGACCAT-1	612	3022	3898	389	241	15.76763485	12.12914387	123.7287387	7.846105804	137	105	65	102.8315869	28.34255206	114	81	49	81.24655978	25.10678989	143	113	81	112.0484787	23.91743305	202.3739785	0.089142541
AAAGGCTCTCGCGCCG-1	687	2949	3947	338	208	18.41826923	12.49011351	123.855213	8.801119001	138	105	59	101.8496402	30.89253852	99	67	36	68.10162858	24.4824762	144	112	76	110.9180659	27.09274151	217.7257406	0.08825063341
AAAGGGATGTAGCAAG-1	19	3682	4006	214	270	19.15185185	15.89045533	126.0405893	9.654697948	144	114	90	115.5572529	21.27980814	107	77	56	79.95732862	20.54655165	142	111	88	113.3629592	21.42289012	203.0030644	0.09490381492
AAAGGGCAGCTTGAAT-1	180	2813	4714	214	126	44.79365079	44.49760426	122.053284	7.179650806	135	115	91	114.2206792	17.51759356	120	100	77	99.63325338	17.39450537	135	119	101	118.2707991	13.49550995	69.83848315	0.1494618984
AAAGTAGCATTGCTCA-1	253	1690	5120	858	162	29.01234568	23.40755066	122.3495488	6.369535809	136	111	80	109.3175104	22.71101575	108	83	58	83.28165636	19.7502415	134	114	91	112.8062113	17.22245613	89.11963739	0.1280039879
AAAGTCACTGATGTAA-1	280	2299	4984	358	222	23.46846847	20.60998613	124.494991	6.33591749	139	115	84	112.7405631	22.55022269	121	94	66	93.73513445	22.4596717	141	118	93	117.2984472	19.08948248	152.0815884	0.1013041025
AAAGTCGACCCTCAGT-1	11	350	3121	4439	38	164.4473684	716.6121941	116.3883484	5.510164114	131	125	95	118.0590834	15.89887382	132	88	42	90.33253377	37.19273241	129	118	87	112.5593991	16.84280645	19.43947906	0.3554533621
AAAGTGTGATTTATCT-1	235	4069	3592	25	280	16.17857143	15.9251678	122.5750811	7.061689706	134	110	79	108.1373564	21.40652194	107	83	57	82.78525439	19.70132275	139	112	89	113.399697	19.78551369	181.2565117	0.1072227736
AAAGTTGACTCCCGTA-1	348	2451	4966	156	304	15.06907895	13.07236304	122.3386324	7.158198522	132	110	75	106.6799647	22.79476977	96	74	47	73.07978791	19.24015356	138	111	84	110.9464714	21.08425485	172.8280133	0.1028254133
AAATAACCATACGGGA-1	155	2500	5057	209	267	20.77153558	25.46666056	125.2148248	6.953095557	139	116	87	114.620755	21.18994108	122	89	59	90.0895089	24.5277876	141	116	91	115.7111476	20.12244147	222.2452758	0.09390960488
AAATACCTATAAGCAT-1	693	3787	3351	90	219	19.74885845	18.6004845	122.6338105	7.804104233	133	109	73	106.2230779	23.46643893	126	99	67	97.93586668	22.96137566	138	116	92	115.5912132	18.38082861	174.3198417	0.09463145928
AAATAGCTTAGACTTT-1	117	3015	4708	81	348	16.65517241	17.24057469	122.1293659	6.567308348	135	115	95	114.781972	17.36338078	101	82	64	82.31763666	15.8667155	137	111	91	112.8986239	18.24085791	185.0504341	0.1037841357
AAATAGGGTGCTATTG-1	359	4405	2922	235	302	13.6986755	8.797497287	125.7803043	8.625254633	141	107	79	108.6631738	24.42584305	115	81	56	83.46799647	22.8735626	147	112	86	114.6532004	23.08573008	289.5205567	0.07857831173
AAATCGTGTACCACAA-1	325	2740	4221	635	238	17.92857143	13.05382936	128.0536756	9.717053674	144	109	73	108.7132938	28.22064821	116	79	48	80.77439717	25.93080692	148	114	82	114.428355	25.32138479	262.4558223	0.07794650371
AAATGCTCGTTACGTT-1	542	1628	4736	1015	151	29.70198675	24.17617313	123.440317	7.161464553	137	111	67	106.179649	27.89330167	98	73	41	71.31107183	21.23447328	136	114	81	111.1365989	21.46099241	116.8729571	0.1215105141
AAATGGCATGTCTTGT-1	426	3159	4083	253	280	15.475	12.22845408	124.1863277	6.523044392	138	109	74	107.3721752	24.896688	101	71	45	72.32028784	21.58991156	142	111	85	112.6420906	21.8963089	200.6695608	0.08787762758
AAATGGCCCGTGCCCT-1	374	1954	4800	793	115	32.06956522	30.12054672	119.6112046	6.898341703	133	105	63	101.5841434	25.74232626	83	57	34	58.37470016	19.10097782	129	106	83	105.9491226	17.9039241	74.6311287	0.1456059307
AAATGGTCAATGTGCC-1	265	3235	3988	433	231	20.88744589	16.30327744	126.966315	9.566350837	146	113	84	113.2965535	24.74043103	112	77	53	80.07360182	22.85835166	144	113	89	115.1939149	20.90161317	197.9922114	0.08478217388
AAATTAACGGGTAGCT-1	447	3178	3951	345	217	18.6359447	15.39109798	126.3849805	8.741626181	142	107	68	106.0550436	28.55300478	97	64	38	66.06526954	22.5597364	142	109	79	109.7708623	23.99764621	204.6308733	0.08849589179
AAATTACACGACTCTG-1	429	4335	3066	91	268	16.94402985	14.0479138	124.9811379	8.840940467	137	110	78	109.4584017	23.21038991	106	76	53	78.35311198	21.08579976	141	111	89	113.4284813	20.82602299	209.0799285	0.09749025651
AAATTACCTATCGATG-1	307	3626	3946	42	261	17.25287356	18.47451495	119.5624749	6.341548349	129	110	80	106.8714809	19.67619189	90	71	49	70.3123343	16.12849741	134	110	90	111.1667719	17.23830132	135.2013534	0.1208980019
AAATTGATAGTCCTTT-1	492	2517	4458	454	174	24.12643678	18.8501682	122.4793419	7.046874446	136	108	68	105.3103144	26.4123518	99	71	42	70.87918192	21.47148788	135	111	84	110.2349451	19.82664348	142.0674157	0.1042784209
AAATTGCGGCGGTTCT-1	477	1375	5036	1033	134	34.95522388	31.9014026	120.5739788	7.438101795	136	111	68	106.2985734	26.94274457	92	69	41	67.90758743	19.42979735	131	111	86	109.6422169	18.75911273	86.45211951	0.1413162037
AAATTTGCGGGTGTGG-1	253	2956	4368	344	190	21.42105263	19.63057709	121.3902036	7.317006417	135	107	75	105.733872	23.22178899	101	74	50	74.84294912	19.69793553	135	110	87	110.4763287	18.61623751	123.5983146	0.1093177655
AACAACTGGTAGTTGC-1	519	1601	4775	1026	184	21.7173913	20.10317198	122.7886166	6.979467476	137	107	64	103.5018306	29.3058398	96	67	35	66.94028532	23.63889738	140	111	77	109.6502967	25.03280847	138.7005873	0.1111952435
AACAATACATTGTCGA-1	643	3513	3489	276	167	22.53892216	17.87975422	123.4990375	7.134043992	137	105	67	103.5297311	26.65115781	111	79	52	80.82072971	22.84005035	138	112	86	112.0927913	20.02026116	154.5759704	0.09357802344
AACAATTACTCTACGC-1	388	2186	3912	1435	89	43.6741573	67.27618329	120.4020613	7.117638646	130	106	64	101.6596389	25.70087216	114	78	52	80.15831334	22.63096373	131	112	89	110.5446282	17.01667671	57.42811542	0.1902897892
AACACACGCTCGCCGC-1	365	4227	3252	77	334	16.0748503	14.33131582	126.8336082	8.4247365	141	116	87	114.5251862	21.92065786	126	99	73	99.66115389	21.53673953	145	116	89	116.7847494	21.6194608	272.4951481	0.08583006485
AACACGACTGTACTGA-1	363	2624	4732	202	239	14.63598326	14.15948173	119.3903615	6.37219485	128	103	66	100.1691706	24.05732988	81	56	34	57.52771115	18.43417291	131	106	83	106.6328746	19.22292428	133.4311798	0.1106981497
AACACGAGACGCGGCC-1	341	1481	4904	1195	143	30.71328671	22.2803568	121.7272902	6.34278581	135	110	74	106.7293271	24.08806822	103	77	52	77.30273955	20.15952047	134	113	89	111.8507764	17.68953886	96.29890194	0.1271800905
AACACGCGGCCGCGAA-1	412	1588	5102	819	153	31.20261438	31.3400826	124.5246076	7.330268407	139	113	72	108.6662038	27.25201496	99	71	43	71.16121702	22.22726132	137	114	84	111.6823633	21.54752948	131.3876404	0.1091894511
AACAGCTGTGTGGCAA-1	634	2576	4183	528	163	23.77300613	20.20638926	122.5842708	7.546107322	135	106	63	102.9625047	27.14005315	109	80	50	79.9332155	22.36083693	136	112	85	111.0329504	19.97716282	133.5165986	0.1070764762
AACAGGAAATCGAATA-1	389	2376	4921	235	193	27.30569948	76.43002705	124.710138	7.717490316	138	117	80	113.0267643	23.88528408	133	101	62	99.67592476	27.52675323	140	120	90	117.1883601	20.47215976	191.4775281	0.1193240418
AACAGGATGGGCCGCG-1	81	1220	5814	806	176	31.13068182	28.71232653	123.0027986	6.509768103	138	115	89	113.8685772	20.37499163	111	86	62	86.20919076	19.60286292	137	115	94	115.1793965	16.98582133	100.9791879	0.1220109376
AACATATCAACTGGTG-1	461	4008	3436	16	243	18.41152263	20.75774908	119.7246845	5.640467689	129	110	75	106.2057821	20.86192388	91	71	46	70.15667214	17.7649815	133	111	90	111.3374574	17.29117831	150.5692033	0.1132118303
AACATTGAAGTTGATC-1	527	1642	4593	1159	121	36.65289256	33.16243786	123.3036774	6.961719044	137	110	59	104.3548794	28.64528555	105	81	44	77.82388587	22.6796725	140	118	82	114.5202626	22.43565896	90.90474974	0.1315200138
AACATTGTGACTCGAG-1	645	3603	3414	259	222	15.45045045	13.12705667	122.8043444	8.371567388	135	102	64	100.8891554	27.86243344	109	76	47	77.26612801	24.12602365	143	113	83	112.6797122	23.33604924	178.5536261	0.09360405992
AACCAAGACTTCTCTG-1	210	1242	5117	1352	149	34.61073826	28.11832893	123.3478608	6.525893832	137	114	81	111.2336826	22.56275025	115	92	62	89.84509532	20.54218667	134	117	94	115.3221815	16.22636781	87.08631256	0.1257173582
AACCATGGGATCGCTA-1	679	1742	4976	524	151	30.51655629	23.87019375	124.4655614	7.023907422	139	112	61	105.9118798	30.24537219	99	72	37	70.89673021	23.22335065	139	114	78	111.219038	24.39440728	138.3119254	0.1126382399
AACCCAGAGACGGAGA-1	82	2310	4950	579	195	27.04615385	23.23112243	124.4885275	7.085773111	141	115	88	114.6958717	20.53560791	104	78	57	79.39931827	18.7061205	138	113	92	113.9813155	17.75874326	134.7317416	0.1024568915
AACCCTACTGTCAATA-1	474	3836	3534	77	280	15.44642857	15.44080823	122.6891994	7.098565642	134	109	75	106.6591339	23.26074912	103	78	53	77.7409418	19.97330124	139	110	86	111.7227623	20.91961996	173.6341931	0.1095757492
AACCCTGGTGGAACCA-1	230	3824	3736	131	277	19.88447653	19.02632636	124.9481797	7.23283605	138	116	90	114.9093549	19.68732007	125	99	73	98.86428481	20.41464229	142	118	96	118.6282035	18.64615479	190.3735955	0.09568504338
AACCGAGCTTGGTCAT-1	126	3240	4326	229	273	20.45054945	18.01765337	127.3504299	8.225120216	144	117	91	117.1506123	21.22444644	110	83	59	83.8896604	20.32201802	143	115	91	116.4989269	20.66869811	213.0721399	0.09226088686
AACCGCTAAGGGATGC-1	181	3784	3900	56	276	18.75	18.04239673	124.1245603	7.162585563	137	114	86	112.8035602	20.18381738	115	90	63	89.57543239	20.49878347	140	115	89	114.8231284	20.11924182	241.6939479	0.08413695335
AACCGTTGTGTTTGCT-1	515	3015	4206	185	239	17.84937238	15.04033314	122.5062962	6.318772994	135	109	71	105.8341119	24.02175723	106	79	53	79.61507385	20.283645	140	113	88	113.5607878	19.77503505	163.9332227	0.09952963176
AACCTCGCTTTAGCCC-1	226	3520	3856	319	311	14.8681672	10.30961136	126.4095259	8.196685358	142	111	81	111.2165131	24.61283512	118	86	60	87.46585027	23.70055538	148	114	87	116.1891175	23.90044976	326.8669561	0.0707863953
AACCTTTAAATACGGT-1	519	3247	3644	511	247	15.54251012	12.14609176	126.3006872	8.262964781	140	105	68	104.7232673	27.86672568	115	80	50	81.60042924	25.23680139	145	113	83	113.5394521	24.11460015	252.3128192	0.08430053246
AACCTTTACGACGTCT-1	169	2487	4957	308	289	17.65051903	17.05473606	124.9647421	7.021326967	138	114	83	112.1567984	21.91951759	118	89	60	89.49690696	22.70463807	142	114	89	115.086984	20.83767488	223.942288	0.09303192469
AACGATAATGCCGTAG-1	432	4221	3128	140	247	17.28744939	13.93079935	125.2192502	7.781075889	139	109	77	108.2032572	24.81424172	106	75	51	76.73475571	21.54711611	144	112	86	113.5972731	22.42545564	227.7348059	0.08746085082
AACGATAGAAGGGCCG-1	263	2055	5158	445	218	20.84862385	16.23056418	124.2312667	7.374888256	138	111	79	108.8223709	25.41554425	96	70	44	70.10402727	20.73684402	141	113	85	112.6627951	22.29310982	145.331333	0.1082420836
AACGATATGTCAACTG-1	510	3482	3679	250	299	14.07692308	10.00087467	126.2392695	8.590071052	141	108	71	106.9767706	28.0117649	106	71	42	72.83120818	24.53188379	146	111	79	112.0454488	25.96903082	307.0744382	0.07228595665
AACGCGAACGGCAACA-1	343	1945	4756	877	146	27.39726027	19.24231903	121.0550052	6.637613673	134	107	73	104.4904684	24.45306156	96	71	45	70.38681985	19.95436905	133	111	87	110.0954425	18.3166396	94.25140449	0.1285556253
AACGCGACCTTGGGCG-1	271	1441	5546	663	91	60.08791209	330.4630334	122.6465026	6.451316613	135	126	74	113.66633	25.75316467	135	92	41	93.81706855	38.90682049	133	124	85	115.1711905	19.92413292	73.40921859	0.2653248189
AACGCGGTCTCCAGCC-1	1600	4761	1526	34	156	9.493589744	10.56633308	117.0546798	6.557038309	116	83	54	84.64284813	23.29820356	84	59	41	60.92829188	16.99089395	133	106	85	107.7905567	18.85672307	119.33976	0.1212987003
AACGCTGTTGCTGAAA-1	277	4387	3167	90	311	14.94212219	12.63371672	125.5278165	8.326422045	139	111	80	110.4614316	23.1599731	112	83	57	84.31397551	21.87665594	145	113	85	114.2514834	23.42282734	241.2394025	0.08958989794
AACGGACGTACGTATA-1	223	3109	4340	249	292	15.69520548	12.16072069	124.895546	7.662909646	138	111	81	110.0919076	23.18418126	104	75	51	76.74346673	21.14761581	141	109	82	110.9525312	23.15706118	267.0578396	0.0816761547
AACGGCCATCTCCGGT-1	292	3474	3881	274	189	21.98412698	15.85365486	124.2935363	8.661174161	140	108	75	107.304002	26.03364716	105	73	47	74.41749779	22.5315286	142	112	84	112.8318394	22.3647445	153.3490807	0.09470081165
AACGTACTGTGGGTAC-1	679	2876	4016	350	163	24.29447853	15.97426324	125.8669533	8.13404578	140	106	61	102.9751294	31.06371577	99	68	34	67.49791693	24.85242954	145	112	72	110.304002	27.72161273	169.5206844	0.09935861176
AACGTCAGACTAGTGG-1	2022	2806	2617	476	106	20.58490566	17.93008851	121.5529036	8.754080188	127	79	41	82.20275218	32.43031506	97	59	32	61.9715945	24.5784831	132	104	77	104.4026007	21.0226704	95.60852911	0.1368765211
AACGTGATGAAGGACA-1	134	3197	4429	161	301	17.37873754	15.38550294	124.8720409	7.332370859	140	114	88	113.9743719	21.28480143	122	88	58	89.35475319	24.91904616	144	114	88	115.4174978	21.5399569	253.5487743	0.08643014489
AACGTGCGAAAGTCTC-1	671	4361	2836	53	164	24.82317073	70.89832431	121.5497258	8.837852605	130	108	74	105.0089635	22.37735264	120	89	59	90.38631486	24.14510765	136	115	95	115.6355258	16.89899879	123.7659602	0.142120074
AACTAGCGTATCGCAC-1	37	1629	5852	403	181	31.74585635	30.88566595	123.2942764	6.379203646	138	116	91	115.4306274	18.81547862	127	102	69	100.1403863	22.64649009	138	118	97	117.8930691	16.35338517	114.2986466	0.123460831
AACTAGGCTTGGGTGT-1	290	2997	4440	194	227	21.59471366	18.81520541	125.2911486	7.422056076	139	113	79	110.8233809	24.28377115	120	93	64	92.64815049	22.58586387	142	117	90	116.4630728	20.11692073	190.2945608	0.09537527614
AACTCAAGTTAATTGC-1	601	3042	3932	346	177	24.16949153	17.95048356	125.965723	8.176354867	141	109	68	106.6111602	27.7357323	103	72	45	73.31081934	22.55948879	139	112	86	112.5256912	20.80718991	170.3600613	0.09522318719
AACTCCAGAGCGTGTT-1	672	3705	3416	128	237	18.20675105	23.7544461	124.4617153	9.494333793	141	109	65	106.5870471	29.50477555	129	76	40	79.46787022	32.87441927	146	109	73	109.932963	28.46521254	307.2775792	0.09061186969
AACTCCTAATCCCATG-1	492	2951	4415	63	266	17.84962406	18.41480944	123.3867608	6.876392954	134	112	72	107.4212852	24.60571844	106	77	45	76.68551951	23.74261692	139	112	86	112.0901401	20.89352849	182.0371553	0.1071853749
AACTCGATGGCGCAGT-1	304	1592	5160	865	180	26.62777778	20.81399918	123.880797	6.946598108	139	112	77	109.5700038	25.3242361	105	78	51	78.02739553	21.3638059	137	114	87	112.4547406	20.25337553	118.8195863	0.1118527308
AACTCTCAATAGAGCG-1	449	3395	3915	162	316	14.18987342	12.75854238	124.7987604	8.106829756	138	110	74	107.9473551	25.68764686	102	74	46	74.74498169	22.19084017	143	111	83	112.2059083	24.00260676	250.1801583	0.08884556377
AACTCTCAGTGTGCTC-1	547	2268	4279	827	189	21.7037037	14.61343287	125.5130564	7.562119614	140	108	65	105.1406388	28.82510927	107	76	45	76.24100492	23.74025404	140	113	83	112.2715566	21.82634775	173.9975741	0.09493517557
AACTGATATTAGGCCT-1	288	3294	3913	426	265	15.84150943	11.9282989	125.7940051	8.69926163	140	108	76	108.3090519	24.86622063	101	70	46	72.43466734	21.96805487	142	111	85	112.1936624	22.49082048	235.7999234	0.09013687853
AACTGGGTCCCGACGT-1	131	2288	4996	506	265	21.21509434	18.26335021	127.1050053	7.102410357	144	117	90	116.9838404	21.17040573	127	97	67	97.05188739	23.07232081	144	118	92	117.8151749	20.09682225	226.1238509	0.0822399713
AACTGGTGTGGGCCTT-1	606	3352	3703	260	196	21.48979592	17.72910952	124.7824842	7.837997706	141	109	70	106.90481	27.43055463	107	74	47	75.90127509	23.07923918	140	113	86	113.1677818	21.28939242	167.7493616	0.09343962374
AACTTCTGCGTCTATC-1	225	1175	5192	1329	125	39.36	39.49083944	118.6141698	6.04834558	131	112	82	108.6201237	20.08682062	104	85	60	83.42065396	17.68910623	130	113	92	112.1354627	14.75123711	50.08209908	0.1692734423
AACTTGCCCGTATGCA-1	360	2321	4928	312	143	31.59440559	28.31077231	121.797338	7.160073343	135	111	74	107.1105921	24.63784685	102	74	48	74.42595632	20.60439139	132	111	86	110.0361066	18.5208068	91.89108784	0.1326526744
AACTTGCGTTCTCGCG-1	259	1199	4879	1584	130	37.17692308	36.08823916	121.1152091	6.342497851	135	112	75	108.2964272	24.10413273	101	79	55	77.99608635	18.7054757	134	114	92	112.7882843	17.68794134	68.10993361	0.1490274346
AACTTTAGCTGCTGAG-1	249	2710	4439	523	187	23.13368984	17.04722252	123.6815257	7.421556646	138	109	75	107.7356394	24.70638189	101	70	46	72.12801414	21.85862055	138	111	89	112.3728065	19.65748272	147.9075587	0.1118834665
AAGAAGGATCAGTTAG-1	562	1995	4944	420	146	32.47945205	24.77797829	123.2694092	6.720493857	137	112	69	107.7884106	26.72218487	102	77	48	76.39035475	21.07007631	135	115	89	112.8062113	19.50632194	98.41317671	0.1218409761
AAGACCCAACTGAACA-1	532	3660	3432	297	196	19.77040816	14.56208881	125.5988478	7.31905004	140	106	70	105.0213357	26.81234473	118	84	55	85.72654968	24.47447832	144	113	86	113.9761394	22.51913714	195.2861338	0.08995556437
AAGACTAACCCGTTGT-1	362	1818	4555	1186	155	27.60645161	21.00307098	122.6492178	7.229133808	136	109	68	104.9170559	26.72490394	91	66	39	65.96578715	20.1087365	133	112	86	110.2319152	19.14082118	109.130618	0.1189398373
AAGACTGCAAGCTACT-1	423	1666	5519	313	256	17.60546875	12.79879638	122.1515672	6.62547031	134	110	73	105.8992551	26.52067104	94	70	43	68.88928166	20.81138476	143	114	79	112.3091781	25.30217787	174.8418029	0.09714519402
AAGAGATGAATCGGTA-1	159	879	5959	924	130	44.31538462	42.96116934	122.2487062	5.975014814	135	117	91	114.210832	19.04989134	109	89	61	86.82880949	18.7074092	132	115	94	113.848504	15.38361137	73.21629213	0.1473621008
AAGAGCTCTTTATCGG-1	977	3814	3009	121	207	15.11111111	11.86893897	122.6344082	8.66840013	131	99	53	95.70155283	29.65187586	99	66	38	67.95492993	24.16776076	141	109	80	110.131549	23.88414396	220.5762257	0.09189388032
AAGAGGATGTACGCGA-1	498	2211	4345	867	150	26.09333333	23.28729172	122.5812636	7.020501758	135	106	65	102.8824643	26.5687969	98	70	44	70.99406641	20.57005029	132	111	86	109.7577326	18.07858566	111.6205312	0.115832723
AAGAGGCATGGATCGC-1	419	3406	3860	236	297	13.31649832	9.635835395	123.6674919	8.807902176	137	106	71	104.8959727	26.44111799	96	66	41	67.18608762	21.9040375	146	110	80	111.2841813	25.50547767	250.8733401	0.08013149067
AAGATGGCACCGGACC-1	444	3464	3815	198	176	24.90909091	18.76053423	125.4994319	7.613828241	141	110	75	108.7264234	26.24405033	118	87	56	87.16740311	24.26206712	141	114	87	113.989774	20.73751945	175.7784729	0.0938557671
AAGATTGGCGGAACGT-1	190	3768	3852	111	320	13.396875	11.01995305	121.5346099	7.553727423	134	109	80	107.7802045	21.25829137	91	67	46	68.12144931	18.21274204	139	108	85	110.4664815	21.70568228	217.072523	0.09179498547
AAGCACCCTGCGTATC-1	411	4252	3028	230	265	16.21132075	12.31200764	127.7173102	8.796880713	145	109	77	109.7554602	26.61096736	126	90	60	91.62529984	26.0248633	150	114	84	115.752304	25.27600457	317.1030388	0.07602015937
AAGCATACTCTCCTGA-1	461	3889	3392	179	280	16.12142857	13.92837179	126.7300783	8.998274338	141	111	78	109.9737407	24.82077287	110	79	52	80.25880571	22.61369163	145	114	87	115.1275092	22.4188171	239.4560776	0.08753570084
AAGCCGCCGTGAAATC-1	322	1765	5219	615	132	37.59848485	32.97424611	123.9978435	7.133877305	139	114	77	110.5475319	25.55109136	105	79	53	79.55965156	21.32590209	139	116	89	115.1980811	20.52792141	96.63381001	0.1270926172
AAGCGTCCCTCATCGA-1	500	2848	3884	689	169	22.40236686	18.16926318	123.3183528	7.722951787	138	105	67	103.6506754	26.85806564	109	77	49	78.16045954	22.88140675	138	113	85	111.887388	20.26748148	156.0006384	0.09724502874
AAGCTAGATCGAGTAA-1	398	3626	3718	179	260	16.49615385	13.50085413	125.0832999	8.326046039	138	109	73	107.3779826	25.1853784	118	88	59	88.23494508	23.09528565	144	114	87	114.8700922	22.18593691	215.0210674	0.0903621074
AAGCTCGTGCCAAGTC-1	183	2746	4841	151	298	15.38926174	12.2670024	123.2922332	7.091677357	137	110	81	109.0246181	22.80975866	99	72	47	72.21285191	20.29083803	143	113	84	113.0619871	23.35487943	185.6784985	0.08923343258
AAGCTCTTTCATGGTG-1	276	3626	3604	415	291	15.07216495	9.676109478	127.5670558	9.45930465	145	109	78	110.0748643	26.34095296	117	81	53	82.86946093	24.77471023	150	112	82	113.9877541	25.77863533	334.0815884	0.07387283323
AAGGAGAACTTATAAG-1	265	1643	5744	269	108	52.5	349.6051344	124.3269847	7.560547758	135	125	81	115.265118	24.26964017	133	100	43	94.20401464	38.42675326	134	124	84	115.0106047	20.81086673	107.0702247	0.2459759922
AAGGAGCGGTTGGTGC-1	737	2681	4260	243	189	22.44973545	17.81723387	124.564689	9.675431802	138	109	58	103.9517738	31.0139544	93	65	32	64.35866683	23.31932003	142	111	75	110.0914026	26.2353026	141.8455056	0.1107650893
AAGGATGAGGGACCTC-1	347	3809	3627	138	295	15.37627119	13.1995421	123.8063814	6.78518882	137	110	79	108.9609898	23.47609417	94	69	47	69.82009847	19.06322956	140	109	85	110.9886378	21.95515674	265.9862104	0.08131470618
AAGGCGCGTAAAGCTT-1	2227	4275	1193	226	59	12.01694915	10.63969466	118.7565669	7.020003509	104	63	42	68.21247317	24.0996684	75	50	34	52.68021714	16.42750038	123	98	78	98.95139503	17.2646959	81.63725741	0.1562634608
AAGGCTGTGCTCATCG-1	310	2696	4375	540	197	23.59390863	19.63958407	125.6794708	7.758333638	143	112	79	110.6864032	25.43184655	101	71	46	72.59904053	21.14884504	140	112	86	112.2066658	20.41517282	177.0783963	0.09042764456
AAGGGAACGACTGGCT-1	387	2140	4708	686	122	34.21311475	32.45532352	122.6213491	8.298861224	135	109	65	104.2182805	26.69345495	112	83	49	81.60964525	24.48704411	137	116	87	114.0390102	19.82253339	93.00983146	0.1308656015
AAGGGACAGATTCTGT-1	194	2840	4801	86	316	15.46518987	14.82563392	121.06269	6.592928134	132	112	84	109.3887135	19.96037025	93	73	52	73.15553592	16.93478874	135	111	89	111.4143416	18.89625805	172.9865935	0.09805349421
AAGGGACTATGCATTC-1	602	2566	4240	513	126	28.65079365	25.21127156	120.1222429	6.994182621	133	103	60	99.68135336	27.42570213	102	75	48	74.50662795	21.25972127	134	111	84	109.9000126	19.48424375	96.43654239	0.1250416524
AAGGTATCCTAATATA-1	541	4002	3136	242	301	13.14285714	10.67378836	127.5152722	9.063075807	142	106	70	106.1628582	28.1997311	104	69	42	71.40323192	24.66430617	147	110	80	111.9373816	26.32939102	362.9410112	0.07095395648
AAGGTGATAAACCAGC-1	217	3924	3662	118	307	15.9218241	15.69353523	124.3558974	7.490902936	138	112	86	111.8846105	20.37616994	108	82	57	82.237975	19.65405391	142	113	88	114.3959096	21.4690037	222.1965015	0.09107081388
AAGTAGAAGACCGGGT-1	69	3694	3840	318	213	25.78873239	20.25141193	125.4496421	7.417454855	144	116	92	117.086984	19.93088382	114	86	63	87.07448554	19.97586618	140	115	93	115.6808484	18.25976896	151.8377171	0.1001469367
AAGTAGTGACGCGAGG-1	357	2407	4780	377	152	28.11842105	20.35246468	122.6235321	6.971799016	136	109	72	106.2894837	25.32142373	88	63	40	63.41787653	18.87920936	132	108	85	108.3026133	18.48378345	114.9496936	0.1157427569
AAGTCAATTGTCGTCA-1	132	2305	5424	60	242	23.73553719	30.02953604	122.4944656	6.086254384	133	116	88	113.1262467	18.73711232	108	88	63	86.77742709	18.33368622	136	115	93	114.8204772	17.70710487	178.7731103	0.1135120357
AAGTGACGACCGAATT-1	326	1742	4836	1017	145	32.25517241	25.69899483	122.6892201	5.852480249	135	111	80	108.781467	22.13472514	107	83	57	82.36030804	19.21680003	133	114	93	113.1490973	15.94294886	91.29226251	0.1227262746
AAGTGAGTCGGGTTTA-1	245	3715	3716	245	234	21.52564103	18.88973245	124.880407	7.185764938	141	113	85	112.8230021	21.66660958	123	94	67	94.54185078	21.58556628	141	115	92	115.883853	19.1916531	169.0188968	0.09247438759
AAGTGCCTTGACTGTA-1	170	2528	5136	87	248	22.2983871	26.77654843	122.0599074	6.275615265	133	115	89	112.4980432	18.96753091	90	69	48	69.21310441	17.42052228	133	108	87	109.267138	18.5583108	183.5888662	0.1106127152
AAGTGCGTTAGAATCT-1	204	1677	5003	1037	172	27.91860465	20.48664631	121.9020787	6.731363255	136	112	83	110.1470774	22.00590886	106	80	55	80.58401717	19.58899212	134	113	90	112.3801288	17.06380354	90.88610827	0.1260339639
AAGTGCTTCTCTATTG-1	237	1542	5591	551	158	32.39873418	67.46662934	122.5345869	7.078320112	136	114	82	110.8445903	23.451938	127	95	60	93.65496781	26.15922429	137	117	90	114.4941295	19.87523887	110.8060521	0.1205139289
AAGTGTTTGGAGACGG-1	234	3954	3458	275	305	14.80983607	11.46898462	124.952113	8.505662327	141	110	82	110.71342	23.02928832	111	80	57	82.00732231	21.53441527	145	112	88	114.5212726	22.25174356	260.5160878	0.08132424721
AAGTTCACTCCAAGCT-1	158	3710	3757	296	328	13.93597561	9.854065567	127.0043934	8.997818877	143	110	82	111.5883096	24.44474012	118	83	58	85.27382906	23.90395784	148	112	85	114.7655599	24.67269813	331.2305924	0.06818374154
AAGTTCGGCCAACAGG-1	191	2584	4706	440	199	22.90954774	16.69958803	122.6636233	6.807181526	136	110	81	109.6124227	21.41244695	102	75	53	76.70799142	18.75892948	136	112	90	112.1148845	17.77573351	133.6537283	0.1022502983
AAGTTTACTAATGGCA-1	281	2858	4478	304	238	20.08403361	18.24325815	123.9577079	7.90869217	138	112	82	110.8166898	22.86741792	111	80	55	81.94281025	22.24536678	140	114	91	114.4836511	19.45418623	176.1479826	0.1013598157
AATAACAACGCTCGGC-1	468	2119	4643	691	144	28.80555556	22.47816156	122.620437	7.195316505	135	108	65	104.0507512	26.71477649	97	70	42	70.09607373	20.84928237	134	112	86	110.9180659	18.17285679	120.53524	0.1173388922
AATAACACTAGAACAA-1	268	2765	4453	435	199	22.59798995	17.99858163	125.1605357	7.604905434	141	111	79	109.9604848	24.26281799	115	85	58	86.06526954	22.24311975	141	116	90	115.8784244	19.96618124	154.1027835	0.09262385744
AATAAGTCCTCGAGAC-1	560	2482	4670	209	187	25.55080214	83.58595011	124.7200041	8.529983389	139	115	69	109.5960106	28.96038859	135	69	41	81.01439212	37.12101148	138	112	75	109.2785002	25.70934728	179.8506129	0.1584193248
AATACAATGTTTCAGG-1	368	1300	4962	1291	124	38.53225806	33.07919029	121.3015066	6.482949777	134	112	74	107.7078652	23.41445251	106	84	56	82.13382149	19.60816823	133	115	90	112.7836132	17.11424113	68.42594484	0.1479625514
AATACCGGAGGGCTGT-1	266	1617	4958	1080	197	23.62436548	21.56706022	122.7011711	5.88876337	136	112	79	108.6957455	23.14831108	110	86	59	85.37179649	20.04351427	137	115	89	113.9665446	18.60510677	133.8027324	0.1053370563
AATAGAACAGAGTGGC-1	339	2909	3997	676	180	22.94444444	16.75898506	126.3239972	7.825874209	141	108	73	107.4765812	26.62088218	112	80	52	80.88132812	23.36304012	142	115	87	114.8015402	20.744318	171.6786261	0.09237520787
AATAGAATCTGTTTCA-1	745	4213	2858	105	279	14.59498208	11.84173304	124.1784647	8.286717797	137	107	69	105.2815301	26.38793214	108	76	48	77.20401464	23.22700562	144	111	81	111.9096074	24.31658822	254.1993105	0.08560282049
AATAGTCCGTCCCGAC-1	365	3559	3695	302	214	19.26635514	15.31809414	125.6843106	8.126613799	139	108	75	107.344401	25.130897	121	89	60	90.0075748	23.54081823	143	115	89	115.5345285	20.96328966	183.128192	0.1017318677
AATATCAAGGTCGGAT-1	374	3193	4147	207	193	25.14507772	19.8812456	125.461714	7.291256628	140	113	79	111.132559	24.20174332	107	79	53	79.58931953	21.24550364	140	116	91	115.7327358	19.44226496	152.4388407	0.1028682852
AATATCGAGGGTTCTC-1	434	3614	3844	29	241	19.24481328	24.38969206	120.3839192	6.912698521	129	111	74	106.4631991	21.82695693	90	72	45	70.09986113	18.09480012	134	110	87	110.1761141	18.99028423	158.1668795	0.1137018049
AATATTGGAGTATTGA-1	348	2307	4741	525	140	31.47142857	25.14172481	122.4480404	7.035950564	136	110	75	107.4335311	24.60123907	97	72	47	72.08218659	20.10371887	132	110	86	109.741068	18.68969976	98.73403984	0.1223139834
AATCAGACTGCAGGAC-1	405	1804	5029	683	122	33.90983607	30.32042111	119.7088032	6.60661568	132	107	68	103.335185	25.66139895	87	63	38	62.69322055	19.61101504	129	108	85	107.3264739	18.05755271	74.50383044	0.1411373021
AATCAGGTTTCATTTA-1	369	1943	5078	531	185	23.45405405	20.99109972	120.2888393	6.475106982	132	109	73	105.3839162	23.23235121	113	89	61	88.02941548	20.55467472	135	115	90	113.6635526	17.65920554	108.25	0.1203301269
AATCATGTAAAGACTC-1	519	3617	3696	89	289	14.53633218	14.85499328	122.1813221	7.086525353	133	108	70	105.0055549	23.87342944	110	84	56	83.60749905	20.98832108	139	112	87	112.57013	20.41058568	181.7628958	0.1061942994
AATCCAAGGGCCTGAG-1	695	3049	3789	388	196	19.66836735	15.40498261	124.8101047	7.81233142	139	106	61	103.0679207	29.62775294	98	67	37	67.26638051	23.26662705	142	111	80	110.7401843	24.19895886	172.0607763	0.09248211061
AATCCATGCAAGGGTG-1	495	2154	4737	535	166	27.6746988	22.00772506	124.2889909	7.050704399	139	111	71	108.0560535	26.45972019	106	78	48	77.32344401	22.11634812	137	115	87	113.2619619	19.81301121	130.2318693	0.1094681961
AATCGCCTCAGCGCCA-1	552	3952	3121	296	296	13.48648649	9.075499008	126.797998	9.003126165	142	107	72	106.4061356	27.84732226	111	75	46	76.93195304	25.33098739	149	111	80	112.8548163	26.34570323	314.2793667	0.07807074673
AATCGGGACACTACGA-1	423	3568	3755	175	217	21.35483871	17.92915878	124.9397202	7.949653289	139	111	77	109.5944956	24.65116179	111	79	52	80.70357278	23.7336193	142	114	88	114.5523293	21.33204158	195.8416752	0.0942763553
AATCTAGGTTTACTTG-1	229	1118	4955	1619	97	50.71134021	45.63570649	121.0412754	6.235474447	134	113	75	108.6470143	23.12582035	91	68	45	68.48415604	17.86135307	128	111	89	109.3749527	15.95155995	49.41675179	0.1782059988
AATCTGCGTTGGGACG-1	446	3305	4016	154	280	16.35	14.51990014	124.3609974	7.436572969	138	111	74	108.3791188	25.17137952	104	77	49	77.16715061	21.85470578	141	111	84	112.0551698	22.58972736	237.5425179	0.09267969754
AATCTGGCTTTCTAGT-1	0	395	3681	3845	62	102.2419355	467.1015875	119.3464671	6.027237495	134	124	97	118.8260321	15.61710559	131	77	47	86.50246181	33.88718259	130	117	93	114.4087868	14.64800717	24.80911645	0.3076902404
AATGACAGCAATGTCT-1	156	2355	4978	432	171	29	26.04696613	122.1062261	6.703190254	136	112	87	111.6958717	19.75571796	117	92	67	91.95846484	19.31984926	136	115	95	115.220048	16.31005391	107.6140194	0.1129153524
AATGACGTAGGATGTC-1	721	4555	2492	153	267	13.51310861	9.60506735	125.4970851	9.490761696	138	103	68	103.3151117	27.93754076	112	76	49	78.86920843	24.97209274	146	110	82	111.849514	25.05844354	281.9525026	0.07990004916
AATGACTGTCAGCCGG-1	148	2286	5173	314	188	29.18617021	25.1614451	123.0356874	6.615289834	138	115	90	114.1739679	19.47882445	104	81	59	81.21550309	17.78552361	135	114	92	113.8107562	16.52804529	122.4107508	0.115701971
AATGAGTTCGCATATG-1	404	1445	4755	1317	132	35.28787879	28.95229365	122.2773414	6.196703011	136	112	72	107.8498927	24.34061238	94	72	45	70.9864916	18.41825484	132	112	88	110.9686908	17.12630193	70.28600613	0.1395963581
AATGATGATACGCTAT-1	359	5234	2307	21	299	15.26755853	13.52300101	121.9918055	7.402956205	134	110	80	108.6715061	21.37625392	94	71	48	71.68514077	18.59302655	138	109	87	111.0597147	20.36870951	199.8748723	0.09956620172
AATGATGCGACTCCTG-1	65	2832	4917	107	294	19.47959184	21.56948726	122.5525572	6.799846084	134	116	94	114.706224	16.41696226	96	76	58	76.56798384	15.50590962	135	110	89	110.9251357	18.74111701	161.8128192	0.1095902932
AATGCAACCGGGTACC-1	232	3458	3953	278	258	18.79069767	15.56116933	123.956049	8.19595401	141	112	84	112.0604722	22.86301796	107	76	54	78.8020452	21.19931923	140	112	89	113.1354627	20.11957578	175.5283453	0.09967670237
AATGCACCAAGCAATG-1	362	2434	4996	129	258	19.2248062	19.88152518	121.9634394	6.428942367	135	112	81	109.3983083	23.40444405	95	71	45	70.49816942	20.5134454	138	110	84	110.4465345	21.3680205	134.747191	0.1170812724
AATGGTTCTCACAAGC-1	66	2386	4889	580	176	30.36931818	25.32796181	124.2317734	6.348895734	140	115	90	114.8563313	19.8115363	106	79	58	80.30829441	18.89685605	136	113	91	113.6231536	17.44090284	129.738381	0.1039391989
AATGTGCCCGAGGTGT-1	447	2099	4729	646	178	26.02247191	20.59261214	122.8786148	7.023437644	136	111	77	108.3811387	24.03943637	109	84	55	82.89281656	20.91141946	134	114	90	113.0556748	17.36905106	93.80911645	0.130789818
AATGTGCTAATCTGAG-1	301	2076	4759	785	174	25.5862069	21.01972348	122.1889305	6.287243878	136	110	72	106.9597273	24.62694813	110	84	54	83.08307032	21.46754211	138	114	86	112.7689686	20.15667459	148.8135853	0.09879621722
AATTAAAGGTCGGCGT-1	354	3170	3783	614	197	20.63959391	14.46181936	126.353423	7.828945761	142	107	73	107.2479485	26.53492297	113	77	48	78.84762025	24.60997126	143	111	84	112.2839288	22.45089592	203.1247446	0.0882806726
AATTAACGGATTTCCA-1	159	3879	3707	176	275	16.92	12.39680897	125.2269155	8.246353069	140	111	84	111.4418634	22.6408634	113	83	59	84.68337331	21.51537795	146	116	89	116.7269284	21.64537364	231.1644535	0.08625693448
AATTAGCGCTGCAGCG-1	370	3061	4246	244	258	17.80232558	12.75878153	126.2178071	7.006166484	141	112	77	109.9829567	25.74211177	121	90	60	90.342886	24.26402536	145	115	86	115.3678828	22.73055088	232.6136364	0.0829304117
AATTCATAAGGGATCT-1	531	4622	2688	80	266	15.08646617	14.88919112	123.5641174	8.235615077	135	107	71	105.4942558	24.56595046	96	69	45	70.23330388	20.70789521	141	109	84	110.9296806	22.21347414	244.502809	0.091359213
AATTCCAAGCATGTAC-1	229	2917	4489	286	233	19.92274678	15.28058173	124.7346077	7.270260712	140	112	82	110.9512688	23.3152787	114	85	59	86.15742962	21.5715668	141	114	89	114.2672642	20.39768486	172.8887896	0.09344348894
AATTCTAGAGTTAGGC-1	517	2947	4328	129	246	15.76422764	10.76661605	121.6792979	7.672523865	132	106	68	102.3335437	27.53975625	97	70	41	69.49375079	22.97761309	143	112	78	110.7029415	27.00780985	214.0564351	0.09128746883
AATTGAACGCTCTGGT-1	487	4575	2754	105	306	12.17973856	8.486266179	124.5114218	7.965181888	137	105	72	104.7961116	25.61595626	108	75	48	76.72920086	23.58824965	146	110	81	111.6217649	25.05554191	317.0713739	0.0757733435
AATTTGGGACATAGTA-1	366	2646	4719	190	286	15.20979021	15.38178614	122.1404919	7.200806107	133	109	70	105.779447	24.57333347	100	68	40	69.08900391	23.24741707	138	110	82	110.1466986	21.83867217	193.2230592	0.09424142084
AATTTGGTTCCAAAGA-1	354	2441	4851	275	235	19.37446809	15.46541052	123.1219092	6.968537123	136	111	75	108.048605	24.56317596	104	77	49	76.74889534	21.67326771	140	112	87	113.0604722	20.97912596	171.3432074	0.1039260819
ACAAACCATGCGTCCT-1	298	1140	5823	660	99	56.23232323	57.00324788	122.9811159	6.027378877	134	116	77	111.1355889	23.5348991	112	93	57	88.89559399	21.50125188	134	119	95	116.6733998	16.88114689	56.4842952	0.171459481
ACAAATCGCACCGAAT-1	403	3750	3496	272	288	14.83333333	10.336693	126.4278102	7.694515703	141	109	76	108.6074991	25.42088761	121	88	60	89.22636031	24.04658489	146	113	85	114.6346421	23.76398559	303.48238	0.07910989627
ACAAATGGTAGTGTTT-1	597	4719	2527	78	308	12.13636364	8.798293948	124.7536352	7.719884258	138	105	70	104.2229516	26.2639825	115	80	52	82.26221437	24.28314331	146	110	82	112.5318773	25.06385281	323.0234934	0.0779810765
ACAACAGCATGAGCTA-1	214	3369	4125	213	273	18.53113553	16.14925636	125.9473168	8.648294651	142	114	86	113.3676303	22.61346835	105	76	54	78.24706476	20.3146176	142	113	89	114.1015023	21.01499814	206.0951226	0.09268814727
ACAACGGTCCCTGCGA-1	210	3272	4353	86	145	37.57241379	30.90290575	123.301675	6.614797935	137	115	89	113.8897866	20.38113294	108	83	59	83.69056937	19.78294216	136	115	94	115.3033708	16.4309545	102.7143769	0.1292837386
ACAAGCAGTGCCTAGC-1	217	1478	5125	1101	139	34.23741007	28.55452508	122.4356622	6.540497053	136	112	79	109.3767201	23.07662723	98	74	49	73.36712536	19.12246131	133	112	88	111.1687918	17.69791444	90.74731869	0.1271542832
ACAAGGAAATCCGCCC-1	322	3803	3581	215	267	15.71535581	12.94678926	125.4214877	8.422610828	140	108	76	108.0114884	25.18519702	119	87	60	88.16601439	23.22267972	145	113	86	114.6920843	22.92894232	261.5938458	0.08060886026
ACAAGGACAAGAGGTT-1	635	2530	4334	422	166	25.72891566	19.54556018	125.4444594	8.601477066	139	109	65	105.856205	28.44886401	108	77	44	76.85759374	24.41246317	140	114	83	112.8283045	21.80619695	154.3336313	0.1056807921
ACAAGGATGCTTTAGG-1	771	4306	2712	132	290	11.79310345	9.72972449	125.399931	8.487308969	137	102	62	100.9540462	28.49078255	109	74	45	75.79358667	24.94933008	145	109	79	111.1235955	25.75088233	303.0541369	0.07764481391
ACAAGGGCAGGCTCTG-1	1115	4787	1917	102	268	12.37313433	8.40457555	123.9343675	9.679816188	135	101	60	100.0265118	28.64240527	108	74	45	75.50927913	24.9655123	144	110	81	111.3865674	24.91264458	253.5354954	0.08389607914
ACAATAGTCGTACGTT-1	261	1891	4481	1288	126	31.84126984	31.25278723	120.7629006	7.049058388	133	107	71	104.0540336	24.18125511	91	66	41	65.9886378	18.92579473	129	108	86	107.3716702	17.11950983	75.7185904	0.1356660628
ACAATCCATTTAAACC-1	291	1943	4627	1060	152	29.08552632	22.99655125	125.2163525	7.858204177	141	110	76	108.9141523	26.15021146	98	68	42	69.30842065	21.70728803	137	111	85	110.629971	20.12215079	140.2268897	0.1005884077
ACAATGAATACGGAGA-1	407	2182	4536	796	135	32.08148148	26.11684623	122.9506438	6.914468653	137	110	73	106.6529479	25.29447065	105	79	49	77.68564575	21.33978913	136	113	87	112.3635905	19.13015263	121.8826609	0.1144693345
ACAATTGTGTCTCTTT-1	171	4180	3508	62	298	14.72147651	13.10667161	122.1158131	7.40158153	133	109	81	108.1479611	20.56389315	106	81	58	81.7980053	20.08049327	139	111	88	112.6515591	20.39588711	192.0670327	0.1090173294
ACAATTTGAGCAGTGG-1	290	4646	2901	84	314	13.20382166	10.87259094	123.7512033	7.924606193	138	108	79	108.104406	23.79139302	95	65	43	67.49046838	20.69835397	143	108	82	110.8059588	24.4411667	307.078907	0.06785381237
ACACAAAGACGGGTGG-1	354	2845	4430	292	196	24.09183673	25.25465677	124.1945305	8.269621737	139	112	77	109.8322182	24.43183442	105	78	52	78.24226739	21.04101744	138	112	88	112.7199849	19.83160686	155.4882533	0.107050273
ACACACCAGGACCAGT-1	564	4653	2600	104	305	14.21311475	11.5257584	124.4269394	8.080279629	139	109	75	108.2163868	24.64652551	110	78	52	80.10326979	22.87566367	147	110	84	112.8296932	24.54770831	294.7417007	0.0817778921
ACACACTTTCTACACG-1	405	2994	4241	281	238	18.48739496	14.4361041	123.622173	7.279713933	137	110	74	107.590077	24.11144322	105	77	50	77.04772125	21.1177196	139	112	87	112.7321045	20.40341013	189.7165475	0.09111350611
ACACATGATCAAATCT-1	84	753	5519	1565	96	61.28125	61.75821523	122.2269564	6.355524735	136	118	92	115.1941674	18.63140691	105	83	57	81.56141901	18.72262929	132	116	94	114.1850776	14.93087501	47.60061287	0.1883716511
ACACCCAGCATGCAGC-1	79	2605	4907	330	194	29.52061856	24.0594643	124.5946783	7.235273307	140	117	93	116.684257	18.80352882	111	84	62	85.84358036	19.78862291	137	116	95	115.810125	16.84297932	122.9249234	0.1123355351
ACACCCGAGAAATCCG-1	136	2118	4995	672	202	25.22277228	17.30720894	124.562253	6.751691563	140	114	89	113.646383	20.84666826	108	80	59	81.97815932	19.2242076	136	113	93	114.0224719	16.92696536	132.8283963	0.1041690737
ACACCGGTCTGACCGC-1	864	1663	4558	836	120	35.11666667	28.22740493	122.1469638	7.876149158	135	109	53	102.0823128	29.54765298	101	74	41	72.87539452	22.21675371	133	113	85	111.0315617	18.80585435	81.05477528	0.1454953187
ACACCTTAAGTAGGGC-1	1162	2717	3614	428	154	22.62987013	17.83690589	123.3824614	7.797972534	136	102	51	98.16639313	30.98948247	102	70	40	70.95101629	23.32370201	137	110	82	109.7764171	20.93499065	129.237998	0.1135010978
ACACGAGACTCCTTCT-1	85	2825	4694	317	261	21.55555556	19.7936137	126.5188312	7.41993495	143	116	93	116.7211211	20.15243311	110	81	60	83.11778816	19.94059193	142	114	91	115.2162606	20.39633971	215.3008172	0.08863916111
ACACGGCACTATGCAT-1	204	3109	4373	235	259	22.76447876	43.19233421	125.4315459	7.399611174	139	118	94	117.1105921	18.32534021	130	102	75	102.494887	21.32854212	141	119	97	118.5926019	17.51302409	158.881001	0.1099170964
ACACGGGAACTTAGGG-1	120	3670	3932	199	279	19.54480287	16.74745901	125.1893215	8.025190491	141	115	93	115.9731095	19.80106616	110	80	59	82.8496402	20.84514635	142	113	90	114.8232546	20.64050313	187.1788815	0.09271182415
ACACTCCAATGTCACT-1	789	2244	4295	593	116	31.12068966	31.51194496	119.233908	6.287597455	131	104	56	97.97411943	27.90833394	94	69	40	67.94596642	20.51811186	132	111	80	108.5727812	19.9738318	85.47688968	0.1422496457
ACACTGATCAAGGTGT-1	310	2872	3979	760	178	23.74719101	17.74723014	127.3791171	8.319194467	143	109	72	108.2513572	26.88548414	113	77	49	79.22800151	24.3751459	144	114	86	114.7476329	22.25915726	199.8375894	0.08629966277
ACAGAACTGAGAACAA-1	226	1561	5150	984	158	29.58860759	31.03145194	120.8806931	7.098829999	136	111	83	109.5702563	21.69726389	99	75	54	75.88031814	17.78919803	132	112	92	111.6221437	15.76798895	75.73046476	0.1348444575
ACAGATTAGGTTAGTG-1	420	2369	4686	446	210	21.36666667	18.08798163	123.8162357	6.825087316	137	110	75	107.7800783	24.80343351	106	79	53	79.3791188	21.28518314	139	114	89	113.9614948	19.92418168	152.1044433	0.10637878
ACAGCATAGAGCCAGT-1	432	3105	4181	203	223	23.17040359	20.7154028	123.7252707	6.478346353	137	114	85	112.0969575	21.3485143	120	96	69	95.20313092	20.75788542	140	118	93	117.1172832	18.53667684	156.3790858	0.09507410902
ACAGCGCACCCGCAGC-1	499	3897	3457	68	252	18.19047619	17.61051917	123.5917653	7.098592534	136	111	75	108.3630855	24.11395056	104	72	46	73.93586668	23.09071985	140	111	85	112.3768464	21.40069893	208.0191522	0.09308693969
ACAGGCTTGCCCGACT-1	625	4785	2379	132	310	12.31290323	8.695317314	127.2521451	9.238245551	143	105	73	106.6410807	27.74239579	117	78	51	81.63161217	25.57251299	150	111	82	113.503093	26.7050789	323.5663943	0.07958985442
ACAGGTGGAGGTGAGG-1	422	3065	3971	463	172	22.70348837	18.10978759	124.9421793	7.779373469	139	106	67	104.4188865	27.79283865	103	72	42	72.4894584	23.40213263	140	112	82	111.2936498	22.34160245	161.5268131	0.09277239748
ACATAATAAGGCGGTG-1	742	3982	3076	121	224	18.57589286	15.30883117	125.1597287	7.877444896	138	108	71	106.7260447	25.87363443	111	81	53	82.01578084	22.88517477	141	113	88	114.0397677	20.66499697	195.4216037	0.09659284319
ACATCCCGGCCATACG-1	489	3232	3968	232	225	21.68444444	20.37499508	125.6209294	7.373159325	140	113	79	111.0999874	24.35988435	123	94	63	93.59840929	23.02741361	142	117	90	116.4291125	20.07935415	175.0501788	0.09238358747
ACATCCTGGTAACTGT-1	185	3434	4224	78	273	15.73992674	16.82146444	122.1542808	7.640944223	133	109	76	106.4977907	22.69105007	95	71	46	70.96881707	19.88570199	138	110	86	111.2798889	21.12234782	180.5838866	0.1118299093
ACATCGATCGTTTACC-1	490	3681	3559	191	268	15.52985075	11.89016293	125.8076818	8.867888981	141	108	71	106.8015402	27.78219347	109	75	45	76.95846484	25.26811496	148	113	80	113.5999243	25.90951099	260.0575843	0.07801518516
ACATCGGTCAGCCGCG-1	476	2767	4021	657	173	24.48554913	19.02921603	125.3577308	7.65485431	141	109	71	107.3731852	26.811915	109	76	48	77.45991668	23.23560603	140	113	86	113.0445651	20.67273831	164.5039581	0.0921486163
ACATCGTATGCAATGG-1	339	3947	3478	157	326	13.23619632	10.5700719	124.9734975	8.3212044	140	109	77	108.6552203	25.00337411	113	82	55	83.44615579	23.26102489	145	112	83	113.4384547	24.0667974	311.3069459	0.07418587777
ACATCGTTAACCTAGT-1	540	3696	3522	163	271	15.53874539	11.04124157	124.9913879	7.524790032	139	108	70	106.8728696	26.77516297	98	68	40	68.59298068	22.77077601	145	111	82	111.9757606	24.14327616	243.4969356	0.08344150507
ACATGGCGCCAAAGTA-1	102	4552	3238	29	300	19.86333333	23.70129368	122.367915	6.299584873	135	116	97	115.3495771	16.56848546	109	83	63	84.77376594	18.71065063	137	112	92	113.3741952	18.56100498	176.5704801	0.1131952821
ACATTAGTTTATATCC-1	313	3402	3966	240	228	17.85964912	15.14831772	124.351732	9.457608165	137	107	74	106.2819088	25.51531147	103	73	46	74.00012625	22.83317752	145	114	82	113.779952	24.39268512	231.2345506	0.07736742261
ACCAACGCTTATTTAT-1	273	2225	4788	635	210	22.48571429	16.18383337	125.242569	7.344370813	141	111	78	110.1244792	25.94418096	111	81	51	81.08471153	23.42812262	143	116	86	114.9255145	22.78393502	188.3790858	0.0939587413
ACCAAGAACGCGTGTC-1	683	2850	3794	594	156	20.16025641	15.49006994	119.1594853	6.524239307	128	100	63	98.0914026	23.98202369	101	77	54	77.70231031	18.34703838	136	114	90	113.3292514	17.25266653	101.2459142	0.1273610697
ACCAATATGCAAGTTA-1	344	4297	3124	156	311	15.09646302	10.87566476	128.5230292	8.219991742	146	111	80	111.8312082	26.46761598	119	83	55	84.78878929	25.22009578	150	113	84	115.2998359	25.38628444	322.9570991	0.0708092141
ACCACAACTCAGAACA-1	499	1292	5736	394	150	37.64666667	194.6616256	124.8561403	8.705928693	136	128	70	114.2321677	28.55930037	135	104	42	95.27395531	40.17840771	137	125	77	114.0078273	25.3802132	178.9540347	0.2584141273
ACCACAAGTTTCTATC-1	389	2373	4597	562	181	27.12154696	23.98933073	124.7847528	7.248050626	141	113	78	111.1531372	24.58148939	99	72	46	72.46471405	20.33018813	139	112	87	112.6684762	19.56651622	149.7750255	0.1028022371
ACCACGTGCAGCTATA-1	918	4204	2703	96	234	17.5982906	16.34042746	124.358174	7.422104957	136	108	70	105.2994571	25.9288785	118	88	57	88.16449943	23.4192633	142	114	86	113.8028027	22.23838771	214.2251021	0.08979646173
ACCAGGAGTGTGATCT-1	210	2397	4642	672	186	25.87634409	32.22853173	125.9538299	8.562684625	143	113	78	111.9068299	26.00132371	133	72	45	80.6322434	32.85568042	140	111	81	110.9891428	23.26320601	176.3757661	0.1083140488
ACCAGTGCGGGAGACG-1	157	4062	3642	60	296	18.20608108	17.64002178	124.0550646	7.127161216	137	115	89	113.9787906	19.44633991	112	88	66	88.93473046	18.90548608	140	114	90	114.5999243	19.99468797	223.8824055	0.09279516317
ACCATATCCGCAATAA-1	482	1764	5124	551	236	18.12711864	14.19748522	123.2359909	7.196612822	136	109	71	105.4055044	28.03691076	97	70	42	69.71771241	22.04283857	141	113	81	111.1150107	24.94992896	185.2846016	0.09441437354
ACCATCGTATATGGTA-1	459	3015	3741	706	178	22.6741573	17.43867282	126.8112875	9.111365644	144	107	68	107.0361066	28.31720978	109	72	44	74.34263351	24.6361532	143	111	84	112.5308673	22.60000208	184.5354954	0.09296457007
ACCCAACGCCCGTGGC-1	506	4023	3217	175	311	12.62379421	10.42304273	124.5883078	8.205727851	138	106	71	105.2283803	26.36669027	97	67	42	68.41080672	21.74652046	144	109	81	110.4980432	24.16386172	282.1965015	0.0765230452
ACCCACCTACATGCTC-1	54	1803	5524	540	148	39.02027027	38.18048702	122.1644436	6.095033334	136	117	95	116.2086858	16.76634937	113	92	67	91.22522409	18.21368139	134	116	95	115.7271809	15.27003678	71.56677732	0.1369639129
ACCCATCTTGAGGGTA-1	250	2247	4617	807	172	27.5	19.21497115	125.4797524	8.36489665	141	113	78	110.8678197	24.45362708	109	80	53	80.34427471	21.73434006	139	115	90	114.8445903	18.70158376	145.052094	0.1007645696
ACCCGAGCGAAATTAC-1	336	2376	4603	606	151	26.83443709	21.96880102	121.4617721	7.057177126	135	107	72	105.4222952	24.59004724	106	77	50	77.79282919	22.20756041	135	111	87	111.0236081	18.98057993	108.2921348	0.1151850834
ACCCGATTGGTTCCGA-1	131	857	6771	162	118	54.88135593	86.20110203	122.4467512	7.319907227	134	121	98	117.6553465	17.79842346	133	117	89	113.7920717	19.59047502	134	120	102	118.8755208	14.56878934	64.84129213	0.1733328899
ACCCGGAAACTCCCAG-1	858	4411	2574	78	256	15.59765625	11.94642314	125.9105347	9.322289866	140	107	69	105.5707613	27.16420489	111	78	48	79.19429365	24.30715992	145	113	82	113.3172579	24.04880713	236.6968846	0.08464591331
ACCCGGATGACGCATC-1	415	3571	3811	124	297	14.996633	13.81272002	122.98991	7.759761596	135	109	75	107.2162606	23.89396194	93	68	43	68.58565838	20.42294905	140	107	82	109.3297563	23.0633043	192.4992339	0.1091402367
ACCCGGTTACACTTCC-1	423	3322	3866	310	219	21.08219178	15.49407319	126.1559814	7.559861226	142	111	77	110.4815049	25.46582438	120	87	56	87.77250347	24.55169064	142	115	88	115.5487943	21.01489901	192.1437692	0.08970812949
ACCCGTGTCATCAGTA-1	951	3358	3279	333	198	17.02525253	11.97110868	122.7820651	8.43610591	134	101	60	98.87741447	28.25308987	104	72	45	73.56116652	22.72935847	140	111	82	111.1496023	22.26284128	168.5909091	0.09828238922
ACCCTATAGGACTGAG-1	350	1639	5109	823	132	34.66666667	31.66913866	121.9760043	6.767286654	135	111	72	107.008711	24.6082099	103	78	47	76.37394268	21.63950545	132	113	88	111.466734	17.60594738	80.48352911	0.1282872503
ACCCTATGCCATATCG-1	524	3287	3634	476	178	21.79775281	17.6750823	124.1170736	9.270437426	139	106	70	104.9717207	26.45769841	111	79	51	80.13319025	23.10580791	140	114	86	113.0891302	20.76761082	164.7342952	0.0940054971
ACCCTCCCTTGCTATT-1	568	4062	3172	119	248	16.375	14.03769766	125.1496398	7.847236349	138	107	71	105.7371544	26.30664815	110	79	50	79.49665446	23.44904293	145	112	83	112.7470016	23.86372166	260.8463994	0.08077337645
ACCCTTCATCTGCGAA-1	420	3617	3749	135	216	21.19444444	17.66140295	123.6525289	7.228828657	137	111	77	109.0925388	23.34228807	101	73	50	74.82426461	19.79668586	139	111	88	112.3498296	20.34360074	169.0763534	0.09754532616
ACCGAAAGGGCCCTGC-1	247	2572	4671	431	227	20.16299559	14.13169169	123.9280414	7.052203602	139	111	78	109.3409923	23.80011866	103	74	49	75.11463199	20.84437715	140	113	88	113.6403232	20.47800289	171.1035495	0.08952481347
ACCGACACATCTCCCA-1	623	4120	3050	128	260	15.27692308	11.83899384	124.2857398	8.302240382	138	107	70	105.4120692	25.96955917	116	84	55	84.94243151	23.95262059	145	114	87	114.9813155	22.71565349	235.3135853	0.08622145087
ACCGACTGAGTCCCAC-1	18	2808	4955	140	271	21.50553506	19.76930993	122.395988	6.093894352	136	116	96	116.0011362	15.59603579	111	88	69	89.22383537	17.19295774	136	114	94	114.6188613	16.84816509	135.3208631	0.1061084676
ACCGATGGTAGCATCG-1	381	4261	3123	156	318	13.91194969	9.143429884	126.0714612	8.517098611	140	110	78	109.5102891	24.8793666	107	76	51	77.99823255	22.54425427	145	111	83	112.8386567	24.31373392	286.6501532	0.08400930623
ACCGCAATAACTGCCT-1	204	4414	3143	160	301	14.65116279	10.7230884	125.7174016	8.382329207	142	110	82	110.7823507	23.52050888	118	84	60	86.7942179	22.66324883	147	113	88	115.5234188	22.98261229	280.7780899	0.08030789173
ACCGCGGTGGAAGTCG-1	157	1500	6232	32	238	26.87394958	36.37146232	121.8174288	5.237612024	131	118	98	115.4330261	16.48189651	121	96	73	95.90783992	19.7537508	134	117	97	115.8881454	15.81884768	137.6210419	0.1193051463
ACCGGGCCTTTGTTGA-1	195	2361	5238	127	281	16.96797153	19.74307498	120.2457713	6.768442245	131	111	80	108.3777301	20.14640215	104	83	56	81.89407903	18.5098374	135	114	91	113.5333922	17.78740555	151.756001	0.1130970961
ACCGGTCAGGTACACC-1	35	208	6376	1302	80	88.2875	84.15717345	121.2003226	4.11874624	130	120	106	118.5320035	10.87841318	105	92	73	90.13470521	13.11078175	125	116	105	115.2008585	8.606209346	23.15538815	0.2566223854
ACCGTGACCACGTGGG-1	579	2669	3933	740	182	21.81318681	16.67755753	124.2513994	7.864128096	139	107	68	104.8218659	27.07917304	113	82	50	82.00972099	24.02290351	140	113	85	112.4892059	21.05141063	164.7142492	0.092728589
ACCGTTCCCGCTCTGA-1	256	3220	4332	113	239	20.44769874	18.16671933	124.6989267	6.699183562	140	113	85	111.7472541	23.6627773	97	69	46	70.30728443	20.89275635	140	111	85	111.9399066	21.9807085	195.302477	0.09379695355
ACCTAAGTACCTTTCA-1	158	2197	4893	673	183	25.05464481	22.96676781	122.1810262	7.324724401	136	111	83	109.7670749	21.13577002	101	76	53	76.39212221	18.85341052	133	112	90	111.9649034	16.88585831	108.4973187	0.1124894745
ACCTAATCGACTTCCT-1	415	2409	4566	531	160	27.81875	24.87716621	123.3222448	8.347304496	138	110	73	107.6895594	25.99218033	95	68	42	68.69271557	20.84376589	136	111	86	110.9931827	19.9512524	118.6596016	0.1175560659
ACCTCGAACTTATGCT-1	161	805	3399	3556	54	109.8333333	484.3391355	119.5176346	6.077873432	132	124	84	115.0546648	21.59384919	131	90	53	93.12586795	30.54350806	130	122	97	117.1644994	15.14747042	37.92466803	0.2892836799
ACCTGCGTGTCATGTT-1	245	1935	5158	583	128	38.3515625	34.41601867	123.7889744	7.205914934	138	113	81	110.8227497	23.40692199	98	72	47	71.79686908	19.91886764	134	112	88	111.7731347	18.30831671	86.59282431	0.1229776305
ACGAAATGGGCGGCAC-1	330	1217	5151	1223	136	36.13235294	33.96425648	121.2859221	5.975544555	134	113	75	108.7105163	23.57770119	105	84	55	82.30943063	19.61685965	132	115	92	112.9096074	16.93145944	81.15206844	0.1423964746
ACGACTGGTCATACTC-1	534	3164	3881	342	183	19.59562842	16.49773565	121.9952204	7.538633181	134	104	67	101.980053	25.65320574	106	76	48	76.46016917	21.67963387	136	109	83	109.543492	20.86965236	154.9865935	0.1003736692
ACGAGAACCCATCACG-1	218	2061	5178	464	184	25.10869565	22.74764991	122.9404883	6.620755934	138	111	79	109.361823	23.99249508	98	73	48	72.62024997	19.74660111	137	113	88	112.5602828	19.9084493	134.4639939	0.1005374703
ACGAGATATTTGCTTA-1	523	3881	3413	104	307	14.92508143	12.0640631	124.7882122	7.985221207	139	111	74	108.5869208	26.19159304	109	77	47	77.81163994	25.09253916	143	111	83	112.2978159	23.8720193	282.6846272	0.08507700758
ACGAGGATACCACTCT-1	97	1168	6092	564	115	50.15652174	38.6571533	122.8387585	6.217670222	137	117	92	115.5287211	19.06163041	107	85	64	85.57959854	18.06014745	133	117	95	115.3041283	15.64986783	64.0450715	0.1525930028
ACGATACATAGAACTA-1	639	3677	3335	270	282	12.78014184	9.239210459	125.0010484	8.43076535	139	103	65	102.2470648	28.27138107	105	70	43	72.05744224	24.02633656	145	109	80	110.9337205	24.7865734	309.8793412	0.07622808295
ACGATCATACATAGAG-1	87	2466	4892	476	287	19.3554007	15.71919853	125.2762404	7.457607654	142	116	92	116.1244792	19.96923926	113	86	64	87.24416109	19.68888107	142	115	92	116.1267517	19.7151305	184.5411134	0.09483545231
ACGATCATCTTGTAAA-1	437	5476	1982	26	296	16.87162162	16.47675693	123.2843225	7.549667456	135	112	83	110.6894332	21.75456165	103	78	54	78.83562681	20.49089509	141	112	87	113.0214619	21.80570442	204.1043156	0.1048659609
ACGATGCATATGTTAT-1	194	2618	4347	762	195	23.15897436	17.50839678	124.8001943	7.882363765	141	110	79	110.0429239	23.86329424	110	80	54	80.60863527	21.47033952	139	114	91	114.5575054	18.43150827	155.6318948	0.1008294431
ACGATGGATCCGATGC-1	162	2013	5327	419	279	18.55913978	16.20442594	123.8032814	6.849771482	137	114	84	112.1160207	21.46308116	106	78	55	79.6495392	20.00657991	140	113	90	114.4542356	19.67259364	183.488764	0.09373397482
ACGCAAACTAATAGAT-1	355	2650	4640	276	202	21.79207921	17.30925285	122.849746	7.391677934	135	109	72	106.4616841	24.52889184	117	90	61	90.11766191	22.03649616	136	114	90	113.505113	18.23182519	125.575715	0.1055446899
ACGCATTCGTGAGTAC-1	596	3336	3843	146	234	17.04700855	13.17282928	124.4445669	7.128865884	137	107	66	104.1285191	27.88080652	95	66	36	66.45474056	22.3712183	145	112	76	111.056811	26.59023468	220.4913177	0.08415843567
ACGCCAGATGATTTCT-1	329	3529	3814	249	258	17.86046512	14.8523713	126.3291185	7.364895961	141	111	78	110.5994193	24.72391158	131	96	62	96.12801414	26.09025102	145	116	90	116.4927408	21.58543017	245.520429	0.084600287
ACGCCGCTAGACGACC-1	597	4557	2677	90	209	14.57894737	13.13145669	120.1018804	8.716767905	128	100	67	98.92412574	23.55924287	107	72	48	75.62971847	22.80942315	139	113	88	113.524555	20.0561372	142.2131001	0.111366485
ACGCGAAGTCAGACGA-1	344	2625	4708	244	230	18.55217391	12.98843531	122.7479189	7.330454258	136	109	76	106.4286075	26.18839584	98	71	45	70.87211211	22.07622267	143	114	83	113.0167908	25.19370924	184.2450204	0.09651345473
ACGCGCTACACAGGGT-1	402	1947	4923	649	168	26.76190476	25.54599915	123.0613413	6.605608323	136	111	73	107.1155157	24.86121889	104	78	49	77.76114127	21.35541005	134	113	88	111.9517738	18.62856147	131.3171604	0.1065277906
ACGCGGGCCAAGGACA-1	1041	4477	2367	36	196	15.78061224	13.91108175	122.5347397	8.233318194	132	99	54	95.59159197	29.53416429	100	66	38	67.84471658	24.28359723	140	109	79	109.0051761	24.87392979	146.4965526	0.1108728084
ACGCTAGTGATACACT-1	223	3157	4515	26	218	23.11926606	29.44135043	120.0668648	5.939855077	129	112	85	109.3483146	18.22503775	91	74	52	72.8112612	16.01222877	132	112	91	111.6000505	16.86843182	142.1164454	0.1258978782
ACGGAATTTAGCAAAT-1	778	1484	5110	549	142	32.47183099	29.40625919	124.160162	7.345151672	137	112	54	104.9361192	31.064609	96	73	34	69.61482136	22.828192	137	116	73	110.9260194	24.67813932	128.4247957	0.1158090151
ACGGACTCTCAAAGCG-1	409	4272	3011	229	294	14.39455782	9.623213023	127.8021234	9.129947198	145	109	76	109.3445272	28.02693797	117	80	52	82.58414342	26.23888819	149	112	82	113.8512814	26.30778083	326.7474464	0.07818782453
ACGGATGGTGCGGATA-1	577	4339	2837	168	306	14.66993464	10.42051512	127.516277	8.962480113	144	109	76	109.9848504	26.5264508	118	82	54	84.13508395	24.94392008	149	112	84	114.7932079	25.16262289	311.7058223	0.07819042776
ACGGCACTTGCTTGGG-1	305	3137	4196	283	232	18.19396552	13.42769134	124.6325916	7.410169641	139	108	75	107.2759753	26.41060584	105	74	45	74.72490847	24.02112539	145	114	80	113.2950385	25.50181503	215.7574055	0.0826441063
ACGGCCAACATGGACT-1	408	1906	4993	614	212	20.89622642	15.18684215	125.4261876	7.287952177	141	110	75	107.4397172	28.8961797	105	76	46	75.25123091	24.31733263	145	116	83	113.9641459	26.52156647	218.9876149	0.08666267431
ACGGCGACGATGGGAA-1	456	3597	3656	212	272	15.59191176	13.15010934	125.3432713	7.816315276	139	109	73	107.3103144	25.41744212	121	90	62	90.71177882	23.43790866	145	114	87	114.9126373	22.72062794	261.7814096	0.08861491269
ACGGCGGGTTGCCCTG-1	592	1948	4799	582	147	28.93197279	27.46739808	122.7581093	6.590079995	134	109	61	103.3465472	27.92727703	100	67	35	67.06438581	24.3050646	133	111	81	108.8573412	20.32923927	111.2074821	0.1157135639
ACGGGAGTGTCGGCCC-1	211	1725	5201	784	158	31.60126582	26.5811249	123.1859934	6.069155532	136	114	84	111.3115768	21.77590423	105	82	56	81.16311072	19.07371881	133	113	88	111.9746244	17.63991232	87.04187947	0.1289455037
ACGGTCACCGAGAACA-1	1088	3038	3495	300	94	35.15957447	30.79662291	121.9251754	9.877977273	134	100	48	95.87312208	32.36786232	102	60	27	62.43769726	29.3094782	134	108	71	105.1214493	24.47300161	66.57877937	0.1586240205
ACGTACAGATTTCTCT-1	40	751	6822	308	123	57.96747967	118.4546797	123.795583	5.10936069	135	123	107	121.7834869	12.66477898	136	122	99	119.4884484	15.55995687	135	124	107	122.4731726	11.79266102	73.27911134	0.177281466
ACGTACTTTGGCACGG-1	302	1244	5067	1308	172	27.06976744	24.8634834	121.2904038	5.983373056	135	111	79	108.0517611	23.4121414	113	89	61	87.64259563	20.76528277	137	117	92	115.4267138	18.56368066	123.5375383	0.1112660981
ACGTAGATTGCTGATG-1	229	2859	4421	412	257	19.31906615	15.19110898	126.1466794	8.054827956	142	114	83	112.7765434	23.99148863	112	80	55	82.30299205	22.97174131	144	113	87	114.2157556	22.35989575	220.2741318	0.09144459999
ACGTATTACTCCGATC-1	416	4189	3260	56	274	15.86131387	14.22431479	123.1953849	8.56800494	134	109	75	106.8770357	23.5912683	104	78	50	78.31915162	22.06403778	140	111	84	111.7422043	22.20355379	189.9444586	0.1115856137
ACGTGCGCCTCGTGCA-1	676	3262	3810	173	230	17.30434783	12.68218464	123.8973342	8.438540476	136	107	63	103.085469	28.717354	96	67	36	67.33329125	23.03430559	144	111	78	111.1016286	25.90125069	206.2893258	0.0941613817
ACGTTAATGTCGAAGA-1	1193	3803	2687	238	168	13.72619048	12.06811145	122.294555	8.837043022	128	87	49	87.75078904	30.26981736	100	65	37	67.3353112	24.20931796	138	106	77	106.9664184	23.57210468	196.0354954	0.1056734118
ACGTTAGATTTGCCCG-1	532	2361	4340	688	190	22.78947368	15.88901954	125.6352709	8.191621331	141	109	72	107.2124732	27.67494743	107	76	47	76.49173084	23.4718905	139	113	87	112.4818836	21.15460803	147.8667007	0.1042013125
ACGTTCCGCGCTCCGT-1	371	3181	4079	290	216	18.4212963	14.86399173	123.8883411	7.733948006	137	107	71	105.2430249	25.66431148	107	76	49	77.53591718	22.51765577	139	113	87	113.0003787	20.85872366	188.9909346	0.08696776165
ACGTTCGTTCAGGAAA-1	672	3698	3300	251	183	21.13661202	14.37506659	125.7573768	8.841055197	141	106	67	104.8358793	28.82210311	114	79	47	80.12637293	25.34982987	143	112	83	112.5110466	22.91717103	182.8732125	0.09389087813
ACGTTTAGTTGTGATC-1	122	2066	5564	169	191	31.12565445	66.51878388	124.0638975	6.478753221	136	122	90	116.9962126	19.2720439	133	110	67	105.5065017	25.78900606	137	122	94	118.704204	17.30133488	128.520046	0.1698995266
ACTACATCCCGACAAG-1	843	2360	4151	567	105	36.32380952	29.63411652	122.6856069	7.219066849	134	105	52	98.35500568	31.39615319	110	78	40	76.34238101	26.62894198	136	113	79	110.2216892	22.09992318	83.10137896	0.1445402869
ACTACCAGCTCTCTGG-1	1669	2678	3002	572	119	20.08403361	21.39998423	120.2465407	7.0668653	126	84	41	84.09809368	32.31616704	93	61	32	62.28519126	23.44066571	131	104	77	103.7868956	20.99432198	96.29073034	0.1353745785
ACTACGCGTTAGAATT-1	692	3970	3106	153	215	18.33023256	13.79712702	125.3222201	7.900167035	139	106	68	105.0579472	27.83891116	117	84	54	84.5105416	24.70179519	143	114	85	113.7592476	22.8421685	213.8875128	0.08694611151
ACTAGTTGCGATCGTC-1	149	1654	5974	144	237	25.79746835	39.57028029	124.0673555	7.086956172	136	119	93	116.2460548	19.38996235	129	96	68	96.83322813	24.00491442	138	117	92	116.0311829	19.29857397	220.2734934	0.1081863556
ACTATGTCCAGCTGCC-1	596	2152	4450	723	130	30.66153846	25.56396317	122.809601	7.451542565	137	107	61	102.6042166	29.07135308	108	80	47	78.62731978	23.72157825	140	116	83	113.5597778	22.65277203	105.8452503	0.1261112803
ACTATTCGTCCGTGGT-1	534	3949	3292	146	270	16.31851852	12.26295345	125.1600157	7.589469739	139	110	75	108.6104027	25.30923681	105	75	48	76.1887388	22.07660406	142	111	85	112.6819846	22.12721	240.6905005	0.08702189609
ACTATTTCCGGGCCCA-1	527	3409	3635	350	180	24.01666667	18.93775623	126.9738024	8.69528833	143	110	73	108.5554854	26.88389064	123	88	56	89.05504356	25.19867778	143	115	87	115.4185078	21.93667548	185.3221399	0.09284862599
ACTCAACGAATGTATT-1	300	2224	4873	524	168	27.41071429	19.07046156	123.7304878	7.083840817	139	111	76	108.7949754	24.6939582	96	69	45	69.81631107	19.76710675	137	113	88	112.5442495	19.399711	143.9702503	0.1006232181
ACTCAAGTGCAAGGCT-1	506	3983	3210	222	307	12.96091205	9.494989411	125.3438193	8.423392654	140	107	72	105.9106173	27.12126052	112	77	49	79.18166898	24.77830392	147	110	80	112.0369903	25.60028998	316.488381	0.07931526785
ACTCAATAAAGGCACG-1	226	2433	4944	318	270	19.93703704	17.02045933	125.4546785	7.345928975	140	115	88	114.0914026	21.61602056	120	92	65	92.47468754	21.78582198	142	117	93	117.1663931	19.38937393	176.2289326	0.09972308301
ACTCAGACCTGCTTCT-1	222	2707	4523	469	194	24.39690722	24.52606841	124.5751906	8.328497998	141	112	79	110.8538063	24.48080416	104	74	49	75.53175104	21.77750207	141	113	88	114.1676556	20.86347537	156.4812308	0.1040408675
ACTCATGGCAGCCTTC-1	145	445	4957	2374	97	63.49484536	76.41842544	124.0753975	6.936443699	135	119	93	115.3094306	20.25049103	107	89	65	87.29112486	18.15755599	133	119	101	117.1953036	15.18276015	53.57929009	0.1849816645
ACTCCAATATCATCAT-1	346	2314	4868	393	175	25.16	21.32865544	121.8231856	6.357432719	135	110	73	106.4262088	24.13085335	110	85	56	83.97424568	20.54390683	136	115	89	113.3191516	18.87049528	115.6878192	0.1156803887
ACTCCCATTCCTAAAG-1	150	1136	5938	697	125	43.856	43.70989892	121.8656525	6.336125999	137	116	90	113.71544	20.10082087	92	70	49	70.20224719	17.22855561	130	112	90	111.0934225	15.65374962	60.21297242	0.1565469562
ACTCCCGAATTCGTTT-1	62	1303	6276	280	241	25.2033195	28.38085947	122.8500841	5.671066918	134	117	95	115.4967807	16.37635021	113	91	70	91.46951143	17.49266402	138	115	94	115.5263224	18.17095646	187.5081716	0.1087768717
ACTCCCTAATGCTAAA-1	776	3929	2985	231	242	14.50826446	10.62440732	124.921774	7.916124108	137	103	67	102.3113243	26.97579017	111	77	49	78.81138745	23.61311331	143	111	84	112.2904936	22.8370906	222.6657303	0.09076599568
ACTCCCTAGAATAGTA-1	342	2772	4504	303	263	17.24714829	13.12341757	124.6479763	7.775749275	138	111	76	108.6836258	24.93399737	123	92	61	92.17447292	24.36977603	143	115	87	114.8901654	21.70611004	210.2710674	0.08369855736
ACTCGTAACCCGTCCT-1	234	1882	4822	983	123	37.49593496	35.45393759	121.8185471	5.987944305	134	111	76	108.0888777	22.71455358	102	78	52	77.65181164	19.15390492	133	114	90	112.5903295	17.22411302	70.19101124	0.1482918828
ACTCGTCAGTAATCCC-1	449	2053	5120	299	273	15.38095238	11.46461045	121.2691849	6.579485295	134	107	73	104.0963262	26.73860691	93	68	41	67.31763666	21.39962735	144	113	78	111.4071456	26.76520992	212.3237998	0.08546167568
ACTCTCTGACTTAGGT-1	733	4458	2556	174	266	15.42105263	10.77745525	126.4509092	9.94414002	141	107	72	106.8663048	26.97863813	116	79	52	81.89104911	24.88689977	147	110	82	112.8333544	25.26820662	301.8098825	0.08000406117
ACTCTCTTATACACGA-1	800	3633	3437	51	218	20.29816514	55.2370878	123.5636834	8.435706875	135	110	61	105.6367883	29.73302076	130	64	39	75.40891302	35.22083653	135	106	70	105.2023734	27.20925796	241.7831971	0.1389097237
ACTCTTGTATAGTAAC-1	334	2377	4985	225	242	19.01239669	13.05312774	124.0714061	7.355937113	137	111	77	107.9705845	26.04457093	98	72	45	71.41408913	21.60559863	144	113	83	112.7991415	25.08366365	189.9307967	0.08937033643
ACTGAAACGCCGTTAG-1	641	4196	2941	143	282	13.0106383	11.77763358	124.1251829	8.319410019	136	104	67	102.9622522	26.69730004	104	72	44	73.54601692	23.76014651	145	111	83	112.5457644	24.13375822	239.627809	0.09307695495
ACTGAATGGCGAAAGT-1	629	4819	2415	58	293	14.67918089	12.28610067	124.5514724	7.365136583	138	109	75	107.695998	24.40504263	111	82	54	82.70609771	22.39572421	144	113	85	113.9147835	22.69459185	268.0934627	0.07883012151
ACTGCCCGCCATTCTC-1	423	1960	4723	815	160	26.46875	20.35034455	122.2137183	7.044515737	136	109	69	105.5742962	25.67078267	103	77	49	76.69928039	20.92975153	137	115	88	113.5676051	19.37927044	108.4574821	0.1224724157
ACTGCCGTCGTAACTC-1	356	3402	3876	287	260	16.00769231	11.8843764	126.1993881	7.911124418	141	108	73	107.3911122	26.52003964	112	78	51	80.15540967	23.64880468	146	113	85	114.398687	23.31742218	237.8151175	0.08181791
ACTGTACGATACACAT-1	289	2252	5106	274	304	15.36513158	11.46655181	123.4182576	6.896395734	137	111	80	108.6422169	24.40516699	102	76	49	75.69953289	21.43792808	144	114	84	114.0356016	23.56854522	244.3497191	0.07942148879
ACTGTAGCACTTTGGA-1	106	1576	5692	547	167	32.40718563	29.71363438	122.8930117	6.231738222	137	115	89	113.7384169	19.7482003	99	76	54	76.28733746	18.00483186	134	112	90	111.9766444	17.66400302	108.991573	0.1183713865
ACTGTATACGCGAGCA-1	443	1923	4901	654	170	25.18235294	20.07124766	122.5696775	6.389260159	135	109	69	105.7471279	25.93468848	94	69	44	69.42696629	19.79089654	137	113	84	111.4763287	20.72732481	134.2983912	0.1072633654
ACTGTCCAGGATTATA-1	231	2676	4443	571	221	21.50226244	15.67331202	126.8871267	8.232389711	143	113	81	111.8820856	24.38003375	106	75	49	76.70975887	21.94018603	141	113	88	113.7480116	20.48448359	183.9397344	0.09067093365
ACTGTCTTCTTTAGAA-1	150	2927	4668	176	238	24.43277311	24.61027526	124.0321197	6.223793153	138	117	94	116.3666204	18.25650581	111	87	65	87.86643101	18.20437872	138	115	94	115.8731221	17.52036522	145.9669305	0.1093055725
ACTGTGCTAGTAGATC-1	505	1654	4879	883	171	25.84210526	21.12185986	122.9537191	7.110174102	138	110	68	106.0603459	28.11413595	98	71	40	70.2133569	21.76518889	139	113	80	111.0390102	23.34866322	144.0519663	0.104779351
ACTTACCGGGCGCGCA-1	555	2011	5090	265	198	23.60606061	42.50497729	123.3999059	8.639906744	135	113	59	105.4364348	29.6170957	131	81	39	82.91200606	33.3946755	137	111	71	107.8553213	26.22837318	252.7854954	0.1109316555
ACTTACGCATCCACGC-1	692	4123	2914	192	298	13.32550336	10.68421438	127.5612903	10.13547932	142	107	68	105.531751	28.64077401	121	83	51	84.92904936	26.78989149	149	112	81	113.9044313	26.08720349	315.4129213	0.0754320765
ACTTAGTACGACAAGA-1	473	1506	4906	1036	186	25.33333333	20.2055743	123.741842	6.944974849	140	112	71	108.4519631	27.1415512	109	81	48	79.54046206	23.70089701	141	115	84	113.4055044	22.04662033	131.8852145	0.1090026644
ACTTATACTTACCCGG-1	588	3817	3354	162	300	13.35666667	9.34252583	126.0430269	7.909893974	140	107	69	105.5581366	28.61904172	111	77	46	77.77414468	25.49798169	147	111	80	111.924252	27.65686128	307.9107508	0.08390813992
ACTTATCTGATCTATA-1	181	2324	5178	238	102	50.24509804	228.5528401	123.2906687	11.27194139	136	118	83	113.0310567	23.10099342	135	81	40	86.99343517	38.48221545	133	116	84	111.8877667	20.65862028	77.0409857	0.1875724734
ACTTATTAGGATCGGT-1	285	3166	3897	573	211	20.68246445	13.83856229	126.9726458	7.370955043	144	109	75	109.6273198	26.34331389	115	78	49	80.47973741	25.38748318	144	113	86	114.514329	22.16276861	205.7866445	0.08273215219
ACTTATTTATGTGCCA-1	212	2922	4658	129	310	14.4	13.89782995	123.388902	7.417449488	135	110	78	108.3007196	22.70965164	106	79	52	79.33897235	20.96098316	140	111	85	111.8202247	21.50439103	242.4768897	0.08885656158
ACTTCAGGCTGATCCC-1	326	3568	3704	323	296	14.52364865	11.58252331	126.3610949	8.984256324	141	109	77	109.1410175	25.11916677	119	86	58	87.36359046	24.06111726	147	114	85	115.3654842	23.61386905	296.4676966	0.08018821932
ACTTCCATGCGGGACA-1	659	4259	2856	147	276	12.9384058	10.75281441	126.4685555	9.313583759	137	103	64	102.2151244	28.68202278	111	76	46	78.02133569	25.77321239	146	109	81	111.5664689	25.62747028	331.8638917	0.07976334737
ACTTCGCCATACGCAC-1	1022	4095	2689	115	239	14.21757322	11.09538073	124.4363599	8.363456714	135	101	58	98.55889408	29.65641054	106	73	44	74.23103144	24.61615748	142	110	82	110.8731221	23.88337899	254.8675945	0.08422735724
ACTTGACTCCCTCTTT-1	871	4794	2181	75	168	14.17857143	14.05784031	118.2998475	8.144887079	123	94	61	93.43883348	24.35586184	100	63	40	66.98548163	23.20663867	135	110	87	110.6213862	19.71047712	133.1283197	0.125144221
ACTTGCCATATTGTAC-1	205	2452	4686	578	217	21.31336406	17.68134366	126.8021264	8.081487617	143	112	81	111.3163742	25.25962942	104	70	45	72.32735766	23.07960394	141	111	85	112.2997096	22.05574902	200.9628447	0.08682291938
ACTTGGGACCCGGTGG-1	241	2695	4437	548	183	23.72131148	17.13539571	124.3192753	7.618859567	140	109	77	108.4000757	24.63793405	94	65	43	67.23696503	20.03218032	137	110	87	111.0535286	19.24389899	146.7419561	0.1037882495
ACTTTACCCTCATGAA-1	45	2153	5642	81	291	20.87285223	24.76031463	121.9869146	6.525202932	133	116	97	115.445777	15.99819678	110	84	66	85.7560914	18.07452334	136	113	93	113.5735387	17.67955093	190.8022217	0.1061068593
ACTTTCCTATAGCTTC-1	46	1961	5747	167	203	29.80295567	28.70832754	123.248771	5.288895313	136	118	96	116.9651559	16.59264269	107	87	68	87.12662543	16.12494609	135	115	94	114.6129277	16.74317629	120.5439224	0.1228238712
AGAACGTGGTACATTC-1	232	3474	4017	198	295	17.37627119	12.31909554	126.3697187	8.039420446	143	114	86	113.7808358	23.76799322	106	76	52	77.35955056	21.67527272	143	112	85	112.9981063	23.04445617	258.1234678	0.08016083475
AGAAGGTTGCCGAATT-1	269	3712	3540	400	186	21.70967742	16.86606356	126.5317884	8.99004633	143	107	75	108.1508648	26.67794507	105	70	45	72.58578462	23.41642033	142	110	85	111.8891554	21.78444131	183.1463228	0.09495798739
AGAAGGTTGTAGGTCG-1	164	3521	3966	270	328	14.44817073	10.70489957	125.6949097	8.396652469	142	111	86	112.2854438	23.66216804	103	72	49	74.08976139	21.79595492	146	110	83	112.2203005	24.6855098	289.4918284	0.07928895957
AGAAGTGATTCGTGAT-1	279	1647	5016	979	159	26.96855346	20.1963386	122.1125987	5.882105346	135	109	76	106.4916046	23.89752586	99	75	50	74.78942053	19.38239945	133	112	90	111.4173715	17.85079688	91.73442288	0.1234060159
AGAATTATGGATTCGA-1	524	4396	2978	23	262	18.91984733	22.54252274	121.3970529	7.206239183	133	112	78	109.2117157	21.49086045	105	81	53	80.84698902	20.06478131	138	111	88	111.9525312	19.74616777	171.4610572	0.1110080199
AGAATTGTTTGACATA-1	229	1783	5332	577	145	33.04137931	23.46380216	122.2523017	6.938596027	136	112	82	109.942179	22.04904244	95	71	49	71.85936119	18.1727578	135	113	91	112.8904179	17.92212982	72.43564862	0.1434119686
AGACATAGATCCTTCC-1	468	3792	3443	218	178	21.97752809	18.73168171	121.9295917	7.475533064	137	106	70	104.9015276	25.88183453	95	65	41	66.93081682	21.03865929	137	108	83	108.8116399	21.12212811	148.6174668	0.1030825578
AGACCATGGGATACAA-1	1085	3096	3233	507	113	19.98230088	19.49085663	119.70802	8.058183401	126	88	46	87.04342886	29.83705921	82	54	33	55.60876152	19.07030744	131	105	78	104.6866557	20.25297115	83.17837079	0.1314811483
AGACCCACCGCTGATC-1	433	2928	4413	147	261	16.51724138	12.7824671	122.8827391	6.553994229	136	109	72	105.9587173	26.19971151	106	78	49	77.58187098	22.72249376	145	114	81	113.3128393	24.78712495	215.8716803	0.08459964212
AGACCCGCCCTCCTCG-1	161	3735	3877	148	232	21.97844828	16.14386991	125.2980851	7.256517354	142	114	86	113.8847368	22.21066621	111	82	59	84.34869335	21.30525198	141	114	91	115.2705466	19.92490389	174.1141471	0.09731345677
AGACCGGGAAACCCTG-1	64	906	4857	2094	116	41.81034483	38.31716861	121.0333869	5.237246271	133	113	86	110.5929807	18.78845136	86	65	46	65.23368262	15.24377701	126	109	87	107.6876657	14.71947544	50.35354954	0.169078963
AGACGAAGTGCCGGTC-1	428	3482	3946	65	261	18.56704981	20.27909448	123.4110782	7.213958487	135	113	78	109.5989143	22.04972732	107	83	57	82.92791314	20.09582472	140	112	87	112.8731221	20.56706965	198.6822012	0.1045679542
AGACGACGATGCCGCT-1	609	3265	3755	292	168	22.67857143	17.00781383	122.8413962	6.993644664	136	105	67	103.2138619	26.68186545	99	69	42	69.85469006	21.72512442	136	110	81	109.2009847	21.12495224	135.6804137	0.1047876604
AGACTAGCCTTCCAGA-1	423	2673	4451	374	175	22.06857143	23.19595742	120.9974914	7.641742134	134	106	67	102.779952	27.00110921	82	57	32	57.4172453	19.35028505	137	108	77	107.390481	23.43837257	111.5924413	0.1216169462
AGACTGTTACCGGGTC-1	296	2731	4380	514	180	23.86666667	25.91404596	124.1814058	7.888393789	137	109	74	107.3481884	24.58588644	119	91	61	90.6306022	22.89643706	138	114	89	114.2817826	19.06237663	149.0861849	0.1078729826
AGAGAAACACCAGAAA-1	426	2557	4404	534	183	22.19672131	18.24198574	120.4852202	6.379777908	134	107	75	105.6790809	22.98542548	111	85	58	84.90114884	20.19136325	137	114	89	113.352102	18.50431487	129.566905	0.1041903878
AGAGAACCGTCTAGGA-1	220	3118	4350	233	326	13.1809816	10.3633856	124.1838135	7.845202925	137	109	77	107.7589951	24.1107074	93	67	43	67.84231789	19.98648721	140	108	83	110.065017	22.70061016	265.4009193	0.07902362282
AGAGAAGGAGTACAAT-1	564	3135	3822	400	167	22.4251497	14.26414927	123.0365705	7.948947529	136	105	68	103.0805454	26.24447474	105	75	46	75.29415478	22.0925925	136	111	85	110.7170812	19.78322421	141.3314607	0.1023501901
AGAGATCTCTAAAGCG-1	240	1640	4893	1148	124	35.54032258	32.71169249	122.3306347	7.312588869	136	110	74	107.019442	24.04552925	96	69	45	70.25779573	19.81029708	131	111	88	110.208307	17.26575619	81.39364147	0.1361194711
AGAGCAGTTATGAGAC-1	500	1332	5241	848	86	54.55813953	129.7894184	118.6286369	7.094198592	126	113	61	102.9195809	25.64592841	99	74	39	71.48238859	22.07765899	125	113	84	108.6813534	16.0378125	60.85444331	0.2227433649
AGAGCGGGCTAATCAT-1	477	3605	3628	211	209	18.36363636	13.39362907	124.8874291	7.591796129	137	105	67	104.1966923	26.953465	97	67	41	68.78752683	22.35822199	142	110	82	111.3461684	23.41605061	207.590526	0.09606085606
AGAGCGTACAAGCTCG-1	65	624	6489	743	110	60.97272727	122.2294756	121.7046172	5.831410072	134	121	102	118.8384042	14.5112138	130	109	85	108.4154778	17.85550464	133	121	105	119.4427471	11.45683063	48.92479571	0.196701916
AGAGGCTTCGGAAACC-1	397	3544	3871	109	271	16.30627306	18.04663693	122.1682456	8.034715539	133	110	75	106.8866305	23.44555939	104	79	51	78.45082692	21.01404505	139	111	85	111.9175609	21.5135802	199.5038304	0.1104126082
AGAGGTATCTCGGTCC-1	162	2179	4928	652	217	21.55299539	16.92265416	123.7822765	6.987502512	140	111	82	110.7746497	23.30786893	101	68	41	69.87918192	23.38572172	136	110	85	110.38076	19.98132453	166.3439734	0.08701449542
AGAGTAAACTTCACTA-1	117	1431	6195	178	230	27.14782609	30.81818872	124.3968798	7.083012012	135	118	95	116.408408	18.39269834	107	86	62	85.86794597	20.02555453	136	113	91	113.0960737	19.39976679	229.5699694	0.09926940639
AGATAACTTCAGGGCC-1	371	2707	4130	713	179	23.09497207	17.69818118	125.0837416	8.118288423	141	108	73	107.1642469	26.76485464	103	71	45	72.27749022	22.11313051	140	112	87	112.5466482	20.616361	155.7709397	0.09848034094
AGATACCGGTGTTCAC-1	496	3772	3491	162	162	25.70987654	19.25548891	124.4665433	7.978242979	141	108	70	106.8939528	27.21490482	107	73	46	74.73892185	23.65186979	139	112	85	112.0549173	21.23457909	156.5104699	0.1019774233
AGATACGACTTCATAT-1	304	1525	5143	949	188	25.82446809	22.47092772	124.6942051	7.368898596	141	113	77	110.1819215	26.5526155	108	80	51	79.33644742	22.50982859	141	115	86	113.8223709	22.1866987	137.8323544	0.1061566278
AGATACTCAAGATCGA-1	331	3897	3533	160	318	14.19496855	10.57585834	125.9638948	7.882499406	140	111	78	109.7534402	24.84315518	118	87	59	87.9258932	23.48600998	147	114	84	114.6814796	24.15182424	332.8161389	0.06973373087
AGATATAATACGACTA-1	493	3302	3857	269	294	14.94557823	11.55100038	125.1810156	7.902152384	138	110	73	108.0897614	25.10157419	118	88	57	88.48996339	23.52842646	145	115	88	115.6909481	22.39839503	256.8900664	0.08695111247
AGATCGTGCATAAGAT-1	306	3389	4131	95	277	16.8700361	16.92767811	123.4598407	7.9322814	135	111	77	108.6236586	23.03510307	104	77	51	77.51597021	21.2147157	141	112	87	112.8823381	21.28020578	172.4253064	0.1114452469
AGATCTCAGGTGTGAT-1	500	2373	4825	223	258	16.20930233	15.58232671	121.7666931	6.843334786	133	108	66	103.9637672	26.48775446	89	65	35	64.07890418	20.69141831	141	110	78	109.9193284	24.89519872	214.6172114	0.08926642603
AGATGACTCGCCCACG-1	110	3050	4326	435	236	22.11864407	16.26276265	126.2346411	8.303409693	144	114	89	115.418634	22.13310838	114	83	60	85.2306527	21.58316007	141	114	91	115.0287842	19.74171512	187.046093	0.09328503317
AGATGATGGAGTCTGG-1	875	4310	2720	16	214	19.80373832	40.28959172	118.4706218	5.935163738	125	108	66	101.8933216	23.0198831	108	82	54	81.16639313	20.12634218	130	112	90	110.9705845	16.83900517	117.7245914	0.1434782977
AGATGCAAGACGTGCA-1	420	1921	4402	1178	131	31.75572519	28.20510798	121.7240592	7.719683326	134	108	65	103.8305769	26.71758114	106	80	51	78.87084964	21.54572499	135	113	85	111.2085595	19.71556183	99.04979571	0.1254113958
AGATTATAGGACGTTT-1	358	3130	4204	229	220	18.39090909	16.57741917	123.2251798	8.153095356	136	107	72	105.1242267	25.93615188	92	66	40	65.97815932	20.65256329	140	111	82	111.209317	23.08848776	172.2738764	0.09599508854
AGCAAAGGCCGCTAGT-1	433	3696	3500	292	301	14.30564784	11.29429345	126.4019845	8.756497385	143	109	75	109.0824391	26.54329563	120	85	56	86.93271052	24.7335278	147	113	84	114.7033203	24.03729481	276.3658069	0.08091231531
AGCAACATATCTTATT-1	340	4224	3247	110	315	14.81904762	13.13358541	123.9677201	7.769757608	137	111	82	110.227749	22.69095808	106	78	55	79.52392375	20.75345599	141	110	86	112.3824012	22.12959131	246.0952503	0.09442701248
AGCAACCGAAAGTAAT-1	247	1232	5093	1349	145	33.44827586	28.27425563	122.2255092	7.172749651	138	112	81	110.2054034	23.22774617	96	72	49	72.64272188	18.37394023	132	112	92	112.0427976	16.45944503	91.17747702	0.1289395122
AGCACACGTTTAGACT-1	770	2061	4301	789	126	32.92857143	28.43125336	123.2905195	7.433222827	137	108	56	102.5913395	30.14106917	107	79	43	76.84042419	24.20237837	141	117	79	113.3339225	23.40247359	110.9067926	0.1152912609
AGCACCAGTACTCACG-1	141	3914	3770	96	281	15.20640569	11.27464142	119.3091601	5.718758953	129	108	88	108.2026259	16.81238995	102	79	59	80.13369524	17.07533756	129	106	87	107.2442873	16.93674152	112.9936159	0.1172969931
AGCACTACCGGCCTGT-1	59	1479	5073	1310	118	41.38135593	39.17624658	122.6067245	6.501391774	136	113	85	111.3637167	20.13870327	99	74	53	75.06501704	17.40261745	132	113	94	113.0566848	14.89875586	69.1078907	0.1462916883
AGCACTACCTCACCAG-1	221	4299	3291	110	306	15.67320261	10.8924211	125.951046	8.210246928	142	111	83	112.2950385	23.68761448	116	84	59	86.12965535	22.59173627	146	113	87	115.0635021	23.28176395	272.7081205	0.07956294906
AGCACTTAAGGACGCC-1	220	1910	5049	742	173	26.01734104	20.88794048	123.0374434	6.432901085	137	110	77	108.2806464	23.93590504	97	70	44	70.38202247	20.28059697	136	112	87	111.6029542	19.25083527	125.226379	0.1057601398
AGCAGAAGGAGAAAGA-1	217	2662	4686	356	283	16.3745583	13.69200546	124.8136113	7.133717354	139	111	79	109.9670496	23.97529659	111	82	54	82.62630981	22.76280229	143	113	87	114.2744603	22.31825367	230.3599336	0.08730775572
AGCAGCCAGATGAATA-1	679	4503	2667	72	239	18.26778243	13.25180369	125.1553613	8.095913439	140	110	74	108.2177755	25.30836794	117	86	57	86.59765181	23.16862846	143	115	88	115.6004292	21.04849295	187.392237	0.09491135868
AGCATATCAATATGCT-1	114	3614	4108	85	313	17.1629393	19.26647588	124.5136914	7.268435575	138	115	90	114.2143669	19.56039403	116	90	65	90.54323949	20.04810979	142	115	91	115.714935	20.50254348	220.0979316	0.08879204161
AGCATCATTTCGAAAG-1	165	1022	5336	1398	120	44.325	44.19448731	121.8516403	6.355985599	134	115	87	112.116147	19.72071489	115	94	70	93.23330388	17.732291	133	117	98	116.1537685	14.10379898	65.88968335	0.1534306542
AGCATCGTCGATAATT-1	152	2062	5061	646	200	24.525	19.90500879	124.3781538	7.450705003	139	113	85	111.8107562	21.91276654	104	77	54	78.36308547	19.93961268	136	112	89	112.0748643	18.44824274	155.5137896	0.1025330763
AGCCAAGCTTTGTGTC-1	897	3614	3210	200	247	14.2145749	11.98575868	124.8905442	8.286579956	136	103	58	100.3408661	29.35018504	114	81	47	81.00302992	26.07679492	144	112	80	112.6236586	24.58746135	241.2966037	0.08479015487
AGCCACTCCCGTGCTT-1	560	4716	2523	122	246	13.91463415	10.79054225	125.6745174	9.424554886	139	102	68	103.1701805	26.80460091	94	61	38	63.86933468	22.33549539	142	105	81	108.4688802	23.70571527	264.5823544	0.09035877246
AGCCCATACATGTAAG-1	419	2291	4500	711	154	28.53246753	22.31072447	124.1905189	6.910650616	137	110	73	107.3614443	25.13063002	108	81	54	80.79851029	20.8035655	135	113	91	113.0117409	17.5057763	115.8183095	0.1121279442
AGCCCGGCATTAGAGG-1	567	2176	4525	653	146	28.03424658	25.76033225	122.6839855	7.201489427	136	107	64	103.7329883	26.98668768	104	78	47	76.62997096	21.97290468	137	115	85	112.80962	20.68440424	104.6878192	0.1180831481
AGCCCGGTAGCCTGTA-1	185	3598	3882	256	221	23.12669683	15.91613378	126.7072388	7.672511921	143	115	86	114.4936245	21.84348824	121	91	64	91.94470395	21.94474296	142	117	93	117.0487312	18.9739028	183.110572	0.08957445874
AGCCCTAAGCGAAGTT-1	425	3374	3849	273	227	17.60792952	14.42527544	124.3958379	8.153331908	137	107	73	105.8284308	25.26692207	101	70	44	71.66115389	22.02753478	142	110	84	111.7756596	22.16560442	197.2722165	0.08911463254
AGCCCTCCCTGGTGGC-1	468	1838	4946	669	141	32.07801418	34.85716974	121.4179373	6.025893664	135	111	70	106.1768716	25.76478535	107	83	52	81.40626184	21.01651273	137	117	88	114.5323823	19.77076028	99.68679775	0.1205356323
AGCCGTGGCTAAATGT-1	413	1784	4911	813	113	42.84955752	49.44456469	122.5251468	7.135823723	136	113	77	109.2849388	24.09026468	112	88	59	86.58578462	21.09202745	136	116	91	114.1297816	18.27617317	79.05107252	0.1440917432
AGCGACAGGAACGGTC-1	479	2597	4375	470	195	21.98974359	18.05461508	125.0925044	7.803798796	141	109	68	106.6249211	28.31817046	109	77	46	77.81833102	24.177294	142	114	82	113.1594496	23.19538113	169.0574566	0.09287755293
AGCGACATCCCATTCA-1	242	2688	4756	235	221	22.58371041	17.11733547	126.9133704	6.880668653	143	114	82	112.6625426	25.52130136	115	84	53	84.04254513	24.41871795	144	116	86	115.1674031	23.0213999	216.5333248	0.08485677313
AGCGACCAACGATATT-1	117	3774	3909	121	235	23.42978723	18.71324386	124.2848404	7.004669977	139	115	91	114.9429365	19.46526079	114	86	63	87.27736397	21.04690127	137	114	93	114.3829062	17.74399456	155.5760981	0.1023166787
AGCGAGACGTGAAGGC-1	451	1367	5191	912	111	44.17117117	48.97395408	122.6502938	6.806606875	136	113	71	107.8666835	26.66916175	107	85	54	82.12473173	21.58226852	137	118	88	114.8065901	20.88918978	81.44969356	0.138040318
AGCGCATAATGAATCG-1	698	2861	3888	474	183	18.86338798	13.96670215	123.0118352	8.208578993	136	102	58	99.72225729	29.2366135	106	73	43	74.1295291	24.08981192	141	112	81	111.6112865	23.06313864	173.3742339	0.09415860323
AGCGCGGGTGCCAATG-1	429	3316	4004	172	295	13.17627119	14.1736009	122.4453898	8.632085494	132	106	71	104.0508774	24.05352807	92	67	44	67.58565838	19.22672561	138	108	85	109.9890165	20.76369851	185.124617	0.1022028536
AGCGGACACTTCGTAG-1	477	3881	3459	104	245	17.74285714	15.06269889	124.6581353	7.083937193	139	110	74	108.0646383	25.31442198	117	87	58	87.36763035	23.26652267	144	115	86	115.0996086	22.89045177	206.7023749	0.09095614552
AGCGGGAAGGGTCCAT-1	604	2394	4412	511	185	21.47027027	18.47044191	124.7273191	7.820591699	138	107	64	103.5418508	29.08631434	95	67	37	66.94382022	22.3134752	140	111	77	109.8033077	24.77764659	126.1285751	0.1139197706
AGCGGGTCTGACACTC-1	265	2991	4451	214	260	17.94230769	14.79658674	123.6743706	6.507552983	138	111	79	109.6706224	23.61366785	110	81	55	82.09102386	21.12927061	142	113	87	114.0063123	21.3279373	201.6209142	0.08971500843
AGCGTACGAGAGCTAG-1	391	2289	4749	492	148	31.07432432	21.57015306	123.8360025	6.772871961	138	111	74	107.9926777	26.18294714	99	71	42	71.28670622	21.80153416	135	112	86	110.9519	19.9497876	119.1372574	0.1132798032
AGCGTCTGAACCCGCA-1	531	2637	4416	337	161	24.56521739	22.06280775	122.7188031	6.873031005	136	106	65	103.3590456	27.33873161	93	65	40	65.40436814	20.73270231	136	110	84	109.7577326	20.78759818	133.6982891	0.1075130575
AGCGTGGTATTCTACT-1	591	3630	3605	95	260	17.04230769	14.15878833	123.8770649	7.842839551	136	110	71	106.5174852	25.41930609	123	96	63	94.82224467	23.8596444	143	116	90	116.2670117	21.10439682	214.6062308	0.08897200386
AGCTAACAAGCAATGT-1	374	2455	4558	534	197	22.5177665	20.21749604	122.9939031	6.763788789	136	110	76	107.8424441	23.84460637	116	90	61	89.21878551	21.4428947	137	115	90	113.9337205	18.31326321	132.1756895	0.1015690347
AGCTAGAAGCAGAAGT-1	267	2829	4715	110	239	24.34309623	52.63459996	123.7978726	7.438881634	135	118	89	115.1497286	19.29446244	131	102	71	101.5989143	23.38174103	138	118	93	116.8433279	18.30421077	170.6581971	0.1342446474
AGCTATTTAATCCAAC-1	410	3511	3719	281	258	15.01937984	11.72635392	123.8968145	8.033283445	138	106	71	104.9464714	26.32963643	95	65	41	66.79358667	21.16044334	142	109	82	110.5381896	23.23469097	235.7474464	0.08268958612
AGCTCCTTCGCACATC-1	143	4141	3441	196	335	13.71940299	8.961547021	128.1909132	8.240621917	145	111	81	112.2546396	24.91284997	126	91	63	92.48958465	24.40197855	149	114	85	115.686277	24.67418135	378.6108274	0.07075305581
AGCTCTAGACGTTCCA-1	556	3063	4122	180	236	15.82627119	16.49703069	122.309706	6.897601173	131	105	63	100.6511804	26.9563259	112	82	48	81.42633506	24.21057431	141	115	85	113.7679586	21.9473481	200.2413177	0.1075498595
AGCTCTTCCCAGTGCA-1	585	3631	3451	254	249	14.87550201	11.75846966	124.3765188	7.891015914	136	105	66	103.1482136	26.60097113	95	64	39	66.0381265	22.1133315	141	108	83	110.102891	22.66093852	236.1272983	0.09541018575
AGCTCTTTACTCAGTT-1	308	3649	3735	229	187	23.73262032	17.51739106	125.7547354	8.152218074	142	111	77	109.7865169	25.06319749	113	81	53	82.31157682	23.3538536	141	114	89	114.3467996	20.24413656	175.6477273	0.08968149404
AGCTGAAGTAAACCAA-1	638	4461	2679	143	295	12.54576271	8.985323665	125.615067	9.037330668	139	104	68	103.7208686	27.42556887	103	68	42	70.62037622	24.16121597	146	108	81	111.1301603	24.8116012	293.6967569	0.0841901063
AGCTGTAACCTCAATC-1	367	1762	4570	1222	148	31.57432432	25.38969019	124.1036438	6.170978445	138	112	76	109.0198207	24.48004912	109	83	55	82.4551193	20.87226255	134	113	88	112.3485671	17.52558541	106.2903473	0.1191400166
AGCTTATAGAGACCTG-1	322	2141	5002	456	197	24.47208122	26.81929532	122.0983365	6.957455882	136	112	78	108.9443252	23.21465905	117	91	59	89.48125237	22.87370976	137	116	92	115.4960232	18.0561907	135.4653984	0.1090179553
AGCTTGATCTTAACTT-1	351	1665	4499	1406	110	35.62727273	28.37792327	120.8085384	6.219077461	132	106	67	102.5253125	25.57338711	94	70	44	69.81744729	19.51347389	132	111	87	109.8161848	18.53570399	80.74885087	0.1366617061
AGGAAGCTGTCCGCCG-1	353	3630	3840	98	260	16.57692308	14.10857098	123.8610443	6.906320007	136	109	75	107.1187981	24.67773661	112	84	54	83.75748012	22.93958605	144	114	85	114.1696755	23.16923667	196.037666	0.09027447856
AGGACAGTCGAATCCC-1	575	4816	2409	121	294	10.87414966	7.462911365	124.8225364	8.505437318	136	100	67	100.7351345	26.91040161	109	74	48	76.70786517	24.40863768	146	110	82	111.9910365	25.06921705	327.4278601	0.08034657451
AGGACATCGCACGTCG-1	926	3000	3532	463	131	23.09160305	26.25286618	120.8528303	7.601007546	132	97	53	94.70546648	28.99691083	96	68	42	68.4553718	20.68195528	136	111	83	110.1997223	20.58380979	113.5550306	0.1200061261
AGGACGACCCATTAGA-1	128	2986	4185	622	219	20.1369863	15.36584162	126.8360498	8.810732506	143	110	80	111.0227244	24.35749273	117	82	55	84.32697892	23.9165614	144	114	88	115.1291504	21.26620187	199.4487998	0.08361926977
AGGACGCTCGATGTTG-1	217	3405	4141	158	283	18.06007067	15.48029396	124.407844	8.599944362	140	114	86	112.7273072	22.62220801	108	75	51	78.06160838	25.02770573	143	108	82	110.2959222	24.206958	256.3532942	0.09879484372
AGGAGGCCTTCGCGCG-1	870	4407	2586	58	249	11.16465863	10.22758083	119.1110218	6.767936975	125	97	64	96.05201363	23.39247203	97	71	47	71.75508143	19.37885614	137	110	83	109.9816942	20.60609322	137.6908836	0.1254362987
AGGATAAAGTCGGGAT-1	400	3235	3980	306	229	17.10043668	13.24388134	125.1242827	7.042819424	138	106	69	104.9002651	26.66715926	114	82	52	82.83638429	24.11008176	143	112	83	112.7730085	23.11327411	217.8372063	0.09009115875
AGGATATAGGGATTTA-1	167	2293	5325	136	276	19.26811594	19.84762237	121.7563208	5.40975067	133	114	87	111.8536801	18.7715097	107	86	61	85.32357026	17.89261438	135	114	91	113.5715187	17.48353504	182.1445352	0.09650133722
AGGATCACGCGATCTG-1	282	1241	4830	1568	109	44.89908257	73.43585417	123.3003231	7.397020587	139	114	75	110.1137483	25.29337648	89	57	31	59.57202373	24.71459908	131	107	80	105.7015528	19.3595684	67.03051583	0.1591590731
AGGCAGATGCGTAAAC-1	337	4756	2706	122	333	12.43543544	9.34199435	124.5809267	8.345719755	139	108	78	108.1613433	23.794585	102	71	49	73.87665699	21.50708111	142	108	82	110.302992	23.62075914	322.9306691	0.07347734252
AGGCAGGGAGCGTACT-1	650	2583	4202	486	204	18.26470588	12.76785675	124.1005501	7.94785757	137	105	59	101.3118293	30.24049499	98	68	36	67.74270925	23.92373007	142	112	76	109.972857	26.25751385	205.4379469	0.0895027728
AGGCATTGTCGTAGGG-1	437	3288	4135	61	277	17.03971119	15.96279103	122.8030957	6.900134772	133	112	77	108.3558894	22.51065129	106	83	55	82.07663174	20.69566079	139	113	85	112.563439	21.00496323	201.7598315	0.0975678199
AGGCCACCCGTTATGA-1	715	2053	4635	518	165	26.89090909	27.41577033	124.6683427	7.211253581	139	111	58	105.0790304	29.8957084	107	77	41	76.05630602	24.72043124	140	114	80	112.1882338	23.08114147	132.2316139	0.1094911595
AGGCCCATTGTACAGG-1	525	2629	4479	288	195	22.02051282	18.52896803	124.0579438	7.419063645	136	109	67	105.4802424	27.00453084	97	70	42	70.34048731	21.63920302	141	114	83	112.8718596	23.20435809	160.8298008	0.1028584983
AGGCCCTAGAACGCCA-1	418	2490	4310	703	137	27.29927007	22.87329906	121.5341088	8.168725141	136	105	68	103.4108067	26.30353934	96	65	40	66.87880318	21.33120441	134	108	82	108.2495897	20.06334358	122.1561542	0.1124566814
AGGCCTGAGAATCTCG-1	150	3136	4360	275	305	15.19016393	12.52577284	124.6339686	9.114455901	140	111	81	110.8683247	23.59458442	109	69	44	73.33985608	27.49668722	141	106	78	108.0117409	24.65939139	279.5080439	0.08466689092
AGGCGGTTTGTCCCGC-1	197	549	6510	665	88	75.88636364	92.70486305	120.7645992	5.782262814	131	118	101	116.208307	14.90293593	114	99	82	98.39818205	14.56495377	129	118	104	116.7646762	11.01358239	28.87525536	0.2293085517
AGGCTATGGTTAGCTT-1	102	533	6422	864	145	43.8137931	46.01648673	122.3854616	5.13467101	135	118	99	117.1343265	16.63804456	116	96	75	94.9751294	16.75184852	134	118	101	117.8420654	13.77192356	77.72395301	0.1439162948
AGGCTTCCCGAAGAAG-1	229	2365	4448	879	207	20.79227053	14.80371863	125.4650749	7.363990418	141	109	76	108.5398308	25.72670521	106	75	48	75.87981315	22.60325543	143	114	87	113.9484914	22.02497975	166.4231359	0.09415446174
AGGCTTGCTAGACACC-1	250	1904	4989	778	109	38.48623853	42.44923891	119.4512607	6.371981626	131	108	76	105.2513572	22.04438416	100	74	50	74.76088878	18.78826776	130	112	90	110.9862391	15.83532979	66.12193565	0.1545722654
AGGGAAACGAGGTACT-1	308	2846	4585	182	272	18.59926471	19.33825452	124.548172	8.212131684	138	113	81	111.1867188	23.87503457	116	85	54	85.2247191	24.66759701	142	115	87	114.609014	22.06725015	221.3871297	0.09564792674
AGGGACAGCACGGCGG-1	315	2857	4256	493	190	21.18947368	18.44125509	123.7197451	8.524095298	139	107	72	105.6933468	26.11705884	92	62	39	63.55270799	20.59176377	137	109	84	109.5486681	20.40459798	153.3946629	0.1030667365
AGGGACTCTACGCGAC-1	507	2500	4404	510	215	18.39069767	13.17135394	123.5327463	7.694459141	138	106	67	103.5784623	29.28475637	99	67	38	68.16437319	23.63095247	144	112	77	111.4138366	26.44781396	220.1842441	0.08820399566
AGGGCAGCGGCGTGGT-1	257	2539	4809	316	297	16.31649832	12.77996237	125.3247195	7.249761146	141	112	82	111.171443	24.48001635	105	75	49	75.76063628	22.63758079	142	112	85	112.5801035	22.66041004	228.0458376	0.08535739324
AGGGCGAGCAGCTGAT-1	270	1131	5040	1480	147	32.66666667	28.36912505	121.5712029	6.39724119	135	112	81	109.3635905	22.60168946	100	78	54	77.1579346	18.42074924	133	113	91	112.4630728	17.30460177	80.41930541	0.1319518528
AGGGCGTGATCGGCTA-1	704	2442	4110	665	157	25.14649682	22.98291121	122.5753065	9.043226982	136	106	61	102.3421285	27.90473096	107	76	47	76.66696124	23.49500116	136	112	89	112.7310946	18.55751655	118.6927988	0.113989232
AGGGCTGCAGTTACAG-1	343	1264	5843	471	239	20.69874477	17.63843151	123.1427426	5.893262117	136	113	82	109.3365737	24.66733265	98	75	50	73.9886378	20.07944384	142	115	85	113.6181038	23.29920911	157.2763023	0.1040435681
AGGGTCGATGCGAACT-1	356	3261	4175	129	280	16.48928571	18.77859418	121.6316378	6.572722833	133	111	78	108.0310567	22.0925289	98	76	50	75.22219417	18.83506354	139	110	86	111.2624669	21.14227996	180.9306691	0.1130818421
AGGGTGCCGTTCTTTA-1	467	2377	4509	568	186	20.66129032	17.32480062	120.706386	6.813150807	133	105	68	102.875647	25.37508177	105	78	50	77.95038505	21.58740012	135	111	84	110.0335816	20.23651051	132.1838611	0.1051113559
AGGGTGCTCTCGAGGG-1	450	5261	2164	46	298	14.90939597	12.82622022	124.5196094	8.407546208	137	110	79	108.8462315	23.85766273	101	73	50	74.59537937	20.89690153	142	110	84	111.9459664	22.82530792	251.7923902	0.08466999024
AGGGTTCCCTTTGGTT-1	223	3162	4274	262	298	15.21812081	11.57102696	123.8559112	7.25350636	139	110	81	109.610529	23.34388978	99	71	48	72.2514834	20.20130681	142	110	85	111.9647772	22.53767112	259.0499234	0.08389932946
AGGGTTTAGTTCGGGA-1	193	4157	3377	194	266	18.91729323	15.1853437	126.6963155	8.449970434	144	114	87	114.4438833	22.56556693	107	76	53	78.66014392	21.28277672	145	113	87	114.5567479	22.47724864	212.9596527	0.08968248892
AGGTAACCTCCTATTC-1	622	2514	4106	679	153	25.03921569	20.60010862	124.3373013	7.162869822	137	105	59	101.7000379	29.89600983	99	67	37	67.79131423	24.09364501	143	112	77	110.8380255	25.4880234	155.1239785	0.1070863915
AGGTACGATATTGCCA-1	596	3140	3988	197	232	15.78017241	13.58970655	121.755463	7.317419173	133	104	63	101.008206	26.78731916	87	61	36	61.53553844	19.84321276	136	107	81	107.9181921	21.85232653	176.168667	0.1029532446
AGGTAGATCGAGATAT-1	495	2878	4176	372	199	21.05527638	16.14046259	123.2733317	6.848587238	136	108	73	106.1383664	25.09363943	111	83	53	82.9505113	22.28452944	138	112	85	111.8793082	20.69850977	153.2981359	0.0987790885
AGGTAGGTACAAAGCT-1	430	2438	4256	797	154	24.94155844	17.25298281	124.2795211	7.573287231	138	105	66	103.4384547	27.46481664	91	62	36	63.28279258	20.94494905	135	110	83	109.2595632	20.13806134	143.2682584	0.1032151404
AGGTCAGGTGAGAGTG-1	376	1692	5034	819	142	32.19014085	33.36058505	121.7847247	6.587450176	136	111	75	107.6004292	24.65267981	99	75	48	74.33190254	20.15952172	134	113	88	111.5734124	18.33708402	95.63891726	0.1269386827
AGGTGGTGACCTTCGC-1	785	3806	3166	164	234	15.34188034	10.59524357	123.7274074	8.2211075	137	104	62	101.883853	28.26082181	111	78	47	78.90051761	24.64868317	145	113	82	113.0656483	24.05067102	209.2929009	0.09001064694
AGGTGTATCGCCATGA-1	211	1758	4581	1371	120	33.33333333	35.60227833	120.2286718	6.364722452	133	107	72	104.3123343	23.71430576	90	67	40	65.91566721	19.67042446	130	111	86	109.0878677	17.19142558	67.43692543	0.146586653
AGGTTGAGGCACGCTT-1	647	3816	3342	116	254	15.05511811	11.57876626	124.7889109	8.325326917	138	106	64	103.1923999	28.81379735	99	66	35	66.78676935	24.17601275	147	110	75	110.696503	28.04685331	291.3121808	0.07355308025
AGGTTTCACACACCTT-1	508	2353	4765	295	241	16.67634855	13.41405023	123.2622069	7.430273961	136	107	64	103.3566469	28.7691434	98	69	39	68.97613938	23.13365679	145	112	78	111.0117409	26.80692587	240.784857	0.08684081841
AGTAATGTCTTGCCGC-1	547	2415	4486	473	221	18.04072398	13.91158791	123.4443422	7.92388697	137	107	66	103.5009469	28.57783883	94	65	36	65.71543997	22.25906675	143	111	77	110.2330514	25.39518683	187.4957865	0.09295403149
AGTACGGGCACCTGGC-1	911	4808	2129	73	281	13.23487544	9.305510215	125.8699726	9.274704101	141	104	64	103.2829188	29.46621658	106	68	39	70.84471658	25.82274511	149	108	76	110.1329378	28.13660164	342.3306946	0.07471250026
AGTACTCTTATGCCCA-1	457	4998	2380	86	313	14.04153355	9.253004013	126.4065246	8.471542192	142	110	80	110.3195304	25.08598587	112	79	54	81.63678828	23.3639198	147	111	85	113.4419896	24.45460535	302.9440756	0.07693553691
AGTAGGTAACATACAT-1	617	2520	4164	620	224	18.74107143	15.03730215	124.8279464	8.020322517	140	109	65	105.8598662	28.45166235	107	76	46	76.29895215	23.47947415	142	113	84	113.2383537	22.600514	183.9862104	0.09588088616
AGTATAATACTAGGCA-1	430	2811	4629	51	158	34.55696203	35.22719995	121.8584778	6.23861465	135	116	83	111.6314859	22.5256641	119	97	64	94.09190759	22.13300366	135	118	97	116.8604974	15.85681437	97.91304903	0.1381182426
AGTATACACAGCGACA-1	113	2891	4489	428	249	20.8313253	17.86370933	124.6202446	6.8555434	141	114	88	114.458023	20.6274518	120	92	68	92.78487565	20.79585405	141	116	92	116.6924631	18.94988654	152.3019663	0.09526887719
AGTATCCATAATAACG-1	712	1640	4640	929	110	39.13636364	40.62298437	121.6235627	6.707710323	132	109	60	103.1776291	27.11728578	100	75	43	73.82843075	21.76898321	133	114	82	110.6239111	19.5348207	85.02196118	0.1373972502
AGTATGCTGGAGACCA-1	231	1364	5551	775	142	36.46478873	27.16788234	122.384858	6.256476141	136	115	84	111.591592	22.32521727	116	93	66	91.93094306	20.17997305	135	117	96	115.6175988	16.44157233	78.33388662	0.135082391
AGTATTTGGCACGACC-1	317	3879	3590	135	212	21.69811321	16.88315551	123.1957529	7.443939622	138	111	79	109.5648277	22.7635873	114	85	58	85.25135715	21.67540245	140	114	89	114.4714051	19.56243916	166.7529367	0.09574896492
AGTCAAATGATGTGAT-1	331	2128	4749	713	203	21.00985222	18.62806563	121.7602546	6.397672376	135	109	76	106.7329883	23.82106812	109	83	56	82.73879561	20.72478099	137	114	89	113.7356394	19.11294555	141.0425179	0.1007860549
AGTCAACACCACCATC-1	239	3746	3639	297	226	19.96460177	13.30674804	125.3865657	7.583269233	142	110	80	110.7863906	23.72284146	122	88	59	89.15212726	24.32265772	142	114	90	115.1771241	20.04785493	206.8895557	0.08403176567
AGTCAAGATGACACTT-1	362	3764	3635	160	284	15.28169014	15.02292436	124.5920573	8.221081201	139	109	78	108.4581492	23.9397425	117	86	58	87.12915036	22.73495174	144	113	87	114.0791567	21.9995678	283.1656027	0.08358131159
AGTCACTAGCTCTCGA-1	227	3207	4402	85	283	19.42402827	22.63796466	124.6051578	7.119191333	138	115	87	113.5476581	21.82918578	111	86	60	85.62757228	21.25466549	140	113	88	113.4748138	21.11597766	208.3070735	0.1016648697
AGTCACTCCGCCTCAT-1	386	2490	4655	390	167	26.81437126	26.22670001	124.307908	7.95080648	140	111	71	107.515844	27.61096505	105	75	46	75.34515844	23.13741067	140	114	86	113.1946724	21.78102513	132.5143003	0.1148043218
AGTCAGCCACCGCCTG-1	364	1345	5157	1055	155	31.09677419	25.44894299	123.2578151	7.280664608	139	113	74	109.084964	26.46857588	106	79	48	78.03964146	22.79854068	139	116	86	114.0602197	21.5976927	110.3153728	0.1233821677
AGTCCATTGGCTGATG-1	433	3518	3912	58	282	17.37588652	19.18648276	124.0084995	7.28879303	135	113	77	109.7086226	22.63075182	108	84	56	83.07145562	20.76248704	140	113	87	113.1190506	20.66533989	197.805286	0.1032871774
AGTCCCGCCTTTAATT-1	282	3236	4253	150	267	17.04494382	16.74947153	123.3779845	7.833127636	135	110	77	108.3696503	23.38431346	109	72	43	74.45120566	25.49878984	140	109	84	111.0131297	22.07578	192.9536517	0.1043250317
AGTCGACGGTCTCAAG-1	475	3713	3497	236	287	13.90243902	10.7960614	126.0747097	7.795021559	140	107	69	105.7852544	27.46709987	112	78	49	79.29819467	24.54532293	147	111	83	112.8540588	24.99646558	290.2157814	0.08436083767
AGTCGGCCCAAACGAC-1	2486	3097	2070	268	83	20.46987952	18.84261854	121.7315796	7.581600131	123	69	39	76.27547027	31.83958206	90	53	31	57.4058831	23.05193054	127	99	76	100.4177503	19.74106036	82.13623596	0.1430562903
AGTCGGCTCAACTTTA-1	286	2018	4939	678	149	31.36241611	24.88179161	121.0399056	6.259489782	134	111	80	108.8788032	21.16780471	99	77	54	76.64474183	17.16887869	131	112	92	111.876152	15.11150119	74.76264045	0.1372972394
AGTCGTCGACCACCAA-1	310	4402	3085	124	298	15.1409396	11.55089127	125.4261632	8.441336038	141	110	81	110.2541346	25.03957082	110	77	53	79.3772251	23.48174516	146	111	84	113.4647141	24.4853823	282.9486721	0.08235051644
AGTCGTGGGCATTACG-1	249	2080	4794	798	157	29.24203822	26.97425082	122.7742612	6.933218491	137	111	79	109.3378361	22.74880517	103	78	53	77.82047721	19.74454557	134	113	89	112.1358414	17.83701348	110.8387385	0.1164815052
AGTCTCACAAGACTAC-1	404	2166	4448	903	156	26.55128205	20.4739656	122.9338589	7.063230314	137	108	72	105.9905315	25.46035257	108	77	49	78.17598788	22.34165246	135	111	87	111.2117157	18.82486259	132.485572	0.1037413543
AGTCTTCTCCTCAAAT-1	1289	4717	1850	65	157	12.71974522	12.21299005	119.1655091	7.307101388	123	88	59	89.66860245	24.63891253	92	63	45	66.27913142	18.44473602	136	108	86	109.5788411	19.40746747	128.1195097	0.1263514327
AGTGAACAAACTTCTC-1	317	3608	3959	37	278	17.65827338	19.77958907	121.2086911	6.462881363	132	112	81	108.90481	20.93849762	94	73	49	72.71455624	18.29465244	137	111	86	111.6351471	20.48618003	185.2821757	0.1061705231
AGTGACCTACTTTACG-1	484	3375	3539	523	205	18.83414634	12.99912961	126.5136114	8.745032607	142	105	68	105.4047469	28.16793289	107	70	43	73.20047974	24.4191651	143	110	82	111.4336574	23.60658217	227.1272983	0.08365592427
AGTGACTGTGACACAA-1	422	1659	4865	975	147	30.06802721	26.54008901	121.5916678	6.174069225	135	110	71	106.5106678	25.23801444	107	82	53	80.67971216	20.88738487	137	115	87	113.0213357	19.62691211	103.7768131	0.1202477417
AGTGAGACTTCCAGTA-1	363	4301	3063	194	306	13.1503268	9.46045864	126.5603455	8.73433592	141	107	75	107.4720364	26.25739099	107	73	47	75.7066027	23.71351481	148	110	83	112.6853933	25.54344075	325.7288049	0.07231666183
AGTGAGCCTCGCCGCC-1	254	2213	5365	89	246	22.15853659	23.31917257	120.5807151	5.343512155	131	114	85	111.1518748	19.13376027	100	80	59	80.16058578	16.58253293	135	112	90	112.4214114	17.85358019	164.3114147	0.1143859728
AGTGATAACCTGCGCG-1	406	4668	2712	135	311	15.40514469	10.66969019	127.4497843	8.913152933	145	112	81	112.4327736	25.56757918	121	86	58	87.98851155	25.01639395	149	113	84	115.3570256	26.0591723	318.840143	0.07952974732
AGTGATATGAGTAGTT-1	154	3255	4010	502	217	19.14285714	14.6954602	126.9168977	9.229460575	144	108	76	108.8309557	26.62423186	110	74	46	76.45259437	25.13954602	147	112	82	113.2326726	24.8993839	229.9259448	0.07965328645
AGTGATTCAAGCAGGA-1	490	3814	3323	294	301	12.41196013	9.365398418	125.3321207	8.554546758	140	105	69	104.76051	26.92548572	105	72	45	73.94823886	23.19769191	147	109	82	112.0521399	25.01594357	312.8142237	0.07356150341
AGTGCACGCTTAAGAA-1	271	3497	4032	121	309	15.43365696	15.41968334	123.4592763	7.542166174	135	112	82	109.941674	21.02469392	109	85	60	85.06552203	19.77700769	142	114	88	114.2134831	21.34475429	204.0090654	0.1007778712
AGTGCGTAGCTCGTAA-1	377	3909	3441	194	208	20.91346154	15.60332224	126.6033839	8.26175752	143	110	74	109.2203005	26.66852116	109	75	47	76.74523419	23.92645351	145	113	84	113.7866431	23.59625314	197.0021706	0.08831691376
AGTGCTAAACACAGCA-1	378	1866	5430	247	191	26.48691099	110.1455895	121.8043493	7.807938141	135	117	73	111.2149981	26.28362212	133	64	33	79.42381012	41.27621992	134	111	70	107.1353364	26.71681159	168.8987487	0.2034530811
AGTGCTTGCACGAATA-1	299	4265	3193	164	336	13.11309524	9.155681033	127.2773788	8.507353821	143	110	78	110.0414089	25.50944984	123	89	59	90.00252493	25.07874217	148	113	84	114.9555612	25.05911294	367.0076609	0.0725187853
AGTGGCGGCAATTTGA-1	167	2083	5448	223	271	15.93726937	16.95968016	119.6331564	6.092051424	129	109	77	105.769726	21.03885699	83	65	43	63.92500947	16.07917954	132	108	87	108.8062113	18.16198048	141.0952503	0.1126046399
AGTGGCGTCTGAAGGT-1	115	2356	5056	394	323	16.0495356	13.04472035	125.166503	7.922609661	142	113	87	113.408913	22.60231972	125	94	66	94.73652317	23.77290489	144	114	89	115.2434036	22.37377087	272.3003064	0.0880137411
AGTGTATTGCGCATTG-1	218	2271	5288	144	268	19.19402985	16.63388809	121.7541806	6.575546121	134	113	85	110.6285822	21.1841449	97	70	47	71.13849261	20.61221508	136	109	86	110.2976897	19.89796611	137.8198417	0.1172242326
AGTGTGGTCTATTGTG-1	705	1250	5270	696	135	35.00740741	30.42160448	122.398243	7.48174458	135	111	57	105.1814165	29.55319829	97	74	39	71.80848378	21.81941606	134	113	78	110.2567858	22.18247794	101.857763	0.1375100426
AGTTAAACACTTGCGA-1	178	2455	4317	971	192	22.859375	14.62539229	127.1037776	7.996114963	144	110	76	110.0694357	26.61343061	105	71	45	73.12940285	23.18030184	142	112	84	112.3319025	22.27057116	202.4231359	0.0873871726
AGTTAAGCGGTCCCGG-1	456	3744	3496	225	282	15.42198582	10.72525747	125.8973777	7.808829326	141	109	76	108.4034844	26.23109804	109	74	46	76.3293776	24.36176255	145	111	83	112.7405631	23.58208783	269.0827375	0.07979139801
AGTTAAGTCAACCGCT-1	234	1778	4775	1134	154	30.05194805	24.01671285	123.0991069	6.899563516	137	112	79	109.1507385	23.22469469	108	79	52	79.67516728	21.4511927	133	112	90	111.4015907	17.51889538	87.44062819	0.1291851083
AGTTACTCTATCGTGG-1	261	2997	4406	257	278	16.20863309	15.30832981	123.3501466	7.334785449	137	110	79	109.039894	22.86364568	93	66	44	67.83954046	19.67029414	138	109	86	110.3478096	20.62523763	221.5374106	0.09265203501
AGTTCCTACAGAATTA-1	364	2436	4380	741	205	22.62439024	19.14821243	125.6637009	7.202209358	142	112	77	110.2658755	25.09244633	105	74	49	75.72503472	21.18645657	139	113	89	113.4335311	19.46036035	153.8727017	0.09895162275
AGTTCCTATTTATGTT-1	786	3632	3396	107	247	15.17408907	12.44477911	123.2571576	8.010575649	134	105	62	101.8894079	27.48821492	105	72	44	73.62782477	23.69857858	142	110	83	111.3624542	23.56976765	217.4924668	0.08927903454
AGTTCTGCGTTGTATC-1	623	2170	4356	772	117	32.4957265	23.69522435	121.4116208	6.180663743	132	105	57	99.63110718	28.35445763	92	67	38	65.92160081	20.61316821	132	111	82	108.4103017	20.05123635	92.98493361	0.1276164394
AGTTGACATCGGCTGG-1	386	2344	4922	269	167	29.50898204	25.7342169	124.2933078	7.021269404	139	114	79	110.5566216	24.59119322	103	76	51	76.85431132	20.9268807	136	114	89	113.0564323	18.69792486	119.3442288	0.1084132693
AGTTGACGGTCCTTGC-1	137	3012	4665	107	255	18.70980392	17.40661644	121.3182332	6.102069671	132	111	87	109.9068299	18.86758502	105	82	61	82.8171948	17.40554722	136	113	91	113.3681353	17.99935654	139.1973953	0.1091661179
AGTTGCTGACTGATAT-1	263	1345	5019	1294	118	40.95762712	45.12889151	120.6640143	6.502340528	133	112	76	107.7887893	22.77844206	94	74	50	73.01956824	17.27044133	130	113	92	111.7923242	15.39511747	73.24080695	0.1412367078
AGTTTCGCAGGTCGGA-1	219	2057	5072	573	270	17.83333333	12.96569548	123.8406072	6.913699812	139	112	84	110.9021588	22.5812094	105	77	54	78.04961495	20.24917218	141	113	88	113.6933468	20.57870656	166.610572	0.09770246433
AGTTTGCACCTGCCTC-1	693	4335	2618	275	263	14.78707224	10.72151386	127.4289541	9.413282458	144	106	72	106.8216134	27.41565422	125	87	57	89.13230653	26.24471221	149	113	86	115.4515844	24.77013038	315.3130746	0.08084318883
AGTTTGGCACGGGTTG-1	279	2892	4624	126	278	16.13669065	16.52367015	121.8300594	7.172784712	132	110	74	106.7569751	22.3216583	99	75	48	74.87274334	20.17572632	136	109	85	110.1431637	20.55453194	207.7825587	0.1036677332
AGTTTGGCCAGACCTA-1	302	2910	4200	509	156	26.41666667	19.94928131	121.7352514	6.587175296	135	108	78	107.0001262	21.89721026	109	83	60	83.89117536	19.25286782	135	112	91	112.3758364	17.14023542	111.6275536	0.1159106525
ATAAACCATTGGACGG-1	59	2279	4975	608	182	25.3956044	19.31228563	123.0058916	7.801278272	139	110	84	110.6502967	21.69543728	86	61	40	61.7904305	17.8131676	133	108	85	108.3019821	18.67901632	140.404239	0.1026305523
ATAAACGGACCCGTAA-1	415	1212	5976	318	254	18.01574803	13.34490038	120.598362	5.940468819	131	110	75	105.4036107	25.71708274	93	73	44	70.37356394	20.43198299	140	113	81	110.9477339	25.33622003	163.0051073	0.106575967
ATAAAGGCTCGGTCGT-1	251	3141	4041	488	211	19.17535545	13.43979234	125.703163	8.619458376	141	107	72	106.7294534	26.94704186	98	65	40	66.88031814	22.49474273	143	111	82	111.9337205	23.43390408	204.3936415	0.08589701273
ATAAATATTAGCAGCT-1	110	1711	5270	830	167	29.88023952	23.0741586	123.0605338	6.755548736	137	114	82	111.3200353	21.73263095	101	77	51	76.24618104	19.2550308	133	114	92	113.2089383	16.38215043	107.7537028	0.1155469526
ATAACGCCGGAGGGTC-1	335	3801	3540	245	283	14.66784452	10.46156982	125.9862346	8.355157018	142	107	74	107.4947608	26.66788079	103	70	44	71.80053024	23.28944043	149	111	79	112.4135841	26.64323127	322.1733912	0.07293453372
ATAACGGAGTCCAACG-1	817	3893	3162	49	278	14.52517986	10.16541671	124.3864574	7.26294227	136	107	57	102.2697892	30.42974292	99	69	35	68.45713925	24.78405587	146	113	72	110.9983588	28.56520321	277.2724719	0.08159217208
ATAAGGTGGAGAACAT-1	451	3695	3592	183	262	15.85877863	12.79219926	125.0023316	8.322502185	139	108	73	106.7563439	26.02073926	115	83	55	84.31561672	23.6181351	144	113	85	114.0804191	23.00507339	238.9029622	0.08619695182
ATAAGTTACCGCGACG-1	567	3413	3591	350	236	16.25423729	12.52535492	126.0989999	9.745735282	140	105	65	103.8093675	29.08686507	104	71	42	72.64297437	24.2694401	145	112	82	112.5543492	24.61999759	212.3186925	0.08578945852
ATAATAGCTGTTGAAT-1	301	2283	5173	164	286	14.25874126	10.37190482	120.1474771	6.758578146	129	107	76	104.2286327	23.14896607	94	71	46	69.94205277	19.75960309	139	112	82	110.8774145	23.80120602	188.0315373	0.09460164162
ATAATAGTGTAGGGAC-1	327	1182	5184	1228	141	35.31205674	28.71901902	123.5753277	6.693689918	139	114	79	110.389976	25.23910744	102	77	50	76.15692463	20.76687789	137	115	89	113.4490595	20.14106825	117.9224974	0.119476727
ATAATCTTGGAGAACC-1	177	4429	3116	199	309	14.40776699	10.43652743	127.0667053	9.028046303	143	110	82	111.1628582	24.85544602	115	81	56	83.65244287	24.20400027	147	112	85	114.3337962	24.61359876	309.4545455	0.07293257052
ATAATTAGCTAAGTAG-1	284	3571	3963	103	278	16.97841727	15.21380839	122.859551	7.235653159	136	111	82	109.7637925	22.17606112	112	86	61	86.76316122	20.7362395	140	114	89	114.4501957	20.19261685	185.4751021	0.09226856083
ATACAGGCCCTCCAAT-1	442	4102	3124	253	272	15.20955882	12.66523948	126.7073486	8.661688339	142	108	76	108.360308	26.16744581	119	84	57	86.4207802	24.49442465	147	114	87	115.8166898	23.78401911	266.9101124	0.08092765582
ATACCACGGGCAACTT-1	622	2406	4540	353	140	32.21428571	25.37850207	123.8859614	7.072638571	137	111	66	106.1846989	27.28258048	104	77	45	75.72591844	22.36817057	134	113	87	111.684257	18.70393159	108.7096527	0.1160801924
ATACCAGCAAATTGCT-1	133	2823	4656	309	268	19.12313433	17.24785695	125.2747735	8.500596514	142	114	87	113.9471026	22.59965052	104	75	51	76.23178892	21.05839338	141	112	88	113.5176114	20.65164197	198.6368744	0.0954499026
ATACCAGGCTAATAGA-1	223	2444	4961	293	237	22.16877637	22.73654366	125.2482542	6.855360019	139	115	86	113.2581745	21.99617506	123	97	65	95.39603585	23.1188414	141	119	95	118.7978791	18.59476018	149.6532176	0.1032160351
ATACCTAACCAAGAAA-1	566	3456	3676	223	242	17.1322314	15.04947332	124.5524648	7.585981803	138	108	70	106.0878677	26.64275682	110	79	50	79.65206413	23.24860317	143	112	84	112.6481505	22.94315001	203.8398876	0.09331912855
ATACGCCGATCTACCG-1	350	1470	5881	220	97	58.62886598	159.0826356	120.2533655	6.44132954	132	120	82	113.0265118	22.64914499	131	105	63	102.0117409	27.90961006	133	122	93	117.1804065	17.06174207	73.50855465	0.2175837093
ATACGCCGGCGAAACC-1	815	4000	2992	114	280	14.05	9.527647738	125.3305349	7.988330209	139	106	60	102.6383032	30.36652907	104	71	39	72.1562934	25.40596408	147	111	75	111.0725918	27.7720746	280.8194586	0.07687969249
ATACGGAACGTCGTTT-1	178	1125	5089	1529	119	44	39.52958683	123.3510334	5.804323872	137	115	84	112.370534	21.67459556	111	87	59	85.54942558	20.47390467	135	116	93	114.8982452	16.41343448	70.82303371	0.1436333899
ATACGGGTTTCGATTG-1	739	4004	2994	184	288	13.52777778	9.871004427	126.0588445	8.559734906	140	106	67	104.8645373	27.70341246	107	74	45	75.92096957	24.2887735	145	110	81	111.7555864	24.44913565	312.2113126	0.0789473531
ATACGTACTTAGCCAC-1	515	3718	3342	346	300	14.28666667	9.880510558	126.7619371	9.118573962	143	108	74	108.5022093	27.16585384	114	80	51	81.39477339	24.51997051	148	112	84	114.6081303	24.76081168	293.7193565	0.07719528619
ATACGTCCACTCCTGT-1	214	3566	4000	141	296	14.90202703	13.85008523	123.0671632	7.271338742	136	110	79	108.6669612	21.57463549	107	81	57	81.4226739	19.62770808	140	112	87	112.5784623	20.60427088	221.9097293	0.08872366358
ATACGTTATGCACGGA-1	281	2247	4968	425	270	17.53333333	14.9640557	124.5930849	6.622605386	138	112	77	109.5843959	23.83451933	117	90	60	89.42469385	22.25548968	143	115	88	115.3908597	21.65260926	196.3997702	0.09489328803
ATACTAGCATGACCCT-1	1440	3403	2806	272	185	15.57837838	14.23796097	122.3279535	7.909603786	132	96	56	94.69965913	28.43432975	102	70	45	71.78386567	22.15056755	136	109	84	109.6434794	20.13433984	148.7851124	0.1115930998
ATACTCTCGCCACTCT-1	112	2146	4785	878	181	24.88950276	20.36975741	123.2118681	7.091192241	139	111	77	109.3663679	23.33891734	100	71	46	71.91415225	20.54122389	136	114	90	113.1565459	17.95625807	120.055286	0.1109310392
ATACTGCCTTACACCG-1	334	4322	3079	186	319	14.28526646	11.34622426	127.8574252	9.013134431	145	111	80	111.3533645	25.95768247	125	87	60	89.87829819	25.77437642	151	113	83	115.1947986	25.97196401	358.7434883	0.07208889444
ATAGACAACGGGACCT-1	392	3922	3574	33	279	16.36917563	18.3503318	121.4042148	6.645861537	132	110	78	107.6793334	20.72502751	101	79	53	78.35172327	18.63188369	137	113	90	113.0571897	18.26798745	165.8959397	0.1031353984
ATAGACGAAGAGAAAG-1	515	2842	4120	444	199	22.31155779	17.11337944	126.2628156	8.32541961	143	110	71	108.6909481	27.59753095	106	74	45	75.28670622	23.30402058	142	113	85	113.4387072	22.20762141	170.2906027	0.09702262828
ATAGAGTACTGGGACA-1	520	3040	3838	523	183	18.73224044	14.34239384	122.1424856	7.59842384	135	102	63	100.3245802	27.02832403	93	64	39	65.01944199	20.91291967	138	109	83	109.9599798	20.8861817	148.2028856	0.1032964483
ATAGAGTTATCAACTT-1	206	3227	4414	74	266	18.63909774	17.41589385	121.9501503	6.215799757	132	113	85	110.2139881	19.11603612	101	81	56	79.95265749	18.09486723	137	113	91	113.6545891	18.33059534	168.1078907	0.1067606574
ATAGGCGGCTATAGAA-1	200	2714	4555	452	193	25.18134715	21.84882739	123.0379165	6.49059062	138	112	85	111.6415857	20.9200372	110	84	61	84.81618483	19.02091011	137	115	95	115.3486933	16.24712461	130.2127171	0.1076067527
ATAGGCTAGCTTCGCA-1	361	4471	3069	20	260	17.78461538	19.18091384	120.5382738	6.996844275	131	111	80	108.1870976	20.632514	91	71	48	70.75179902	17.26953513	135	111	88	111.2872112	18.90471925	143.4394791	0.1141661577
ATAGGGATATCCTTGA-1	374	1858	5228	461	265	16.47924528	13.04363299	123.1168862	7.349586225	136	109	71	106.0151496	26.81882944	98	70	41	69.71846989	22.42375793	144	113	80	112.0200732	24.79444037	223.8383555	0.0905422225
ATAGGTTGGGCAGATG-1	35	3119	4599	168	278	18.69784173	15.48178539	119.4777091	6.145526787	131	112	94	112.2450448	14.68002949	105	83	64	84.39919202	16.23895915	131	110	91	110.322434	15.73197625	110.1066139	0.1178093874
ATAGTCTTTGACGTGC-1	379	2964	4357	221	256	18.38671875	13.86946889	125.1292583	7.718704408	139	112	78	109.7841182	25.8398016	107	78	52	78.86049741	23.12568332	144	115	87	114.7910617	23.10117061	226.8801073	0.08823843514
ATAGTGAAGCGTTCTC-1	448	2671	4319	483	233	17.58369099	12.55316899	125.6911733	8.750274729	140	108	68	105.5628077	28.30182742	107	75	45	75.82931448	24.15658539	145	113	81	113.2561545	24.59586559	214.5439224	0.08651389365
ATAGTTCCACCCACTC-1	223	3367	4224	107	300	15.61333333	14.46480172	122.2488509	7.847313338	134	111	80	108.8439591	21.65549879	86	65	43	64.66696124	17.95997543	136	106	84	108.3154905	21.13057675	190.9611849	0.1139104627
ATATAAAGCGCTCGTG-1	712	3123	3703	383	237	17.24050633	12.97308007	125.3924378	7.113351013	139	108	67	105.4429996	27.42243083	111	80	49	80.42646131	23.87815569	145	113	82	113.8174473	24.11278372	228.0518386	0.09072284012
ATATAAATGTAGCTGC-1	420	3805	3368	328	266	14.7556391	10.10603864	127.0786229	9.368116767	142	106	72	106.4510794	27.55180655	111	76	51	78.58010352	24.07832248	146	111	84	112.8681985	24.25443863	268.9259448	0.08324058437
ATATCAACCTACAGAG-1	169	4597	3108	47	335	17.88358209	17.60176888	124.2116973	6.633391628	137	117	96	116.1950511	17.96992693	117	96	76	95.98245171	17.81637943	140	115	94	115.9695745	18.77728681	190.7674923	0.1033091729
ATATCGTTCCTCGAAC-1	269	3396	4116	140	268	19.02985075	45.05882396	124.4921668	8.052417257	137	115	83	111.9843454	21.44326625	129	102	66	100.0176745	24.09937011	141	118	94	117.9489963	19.13197573	209.9324566	0.1062531573
ATATCTCCCTCGTTAA-1	519	4169	2996	237	285	12.26666667	8.955588931	124.4358256	8.17281414	137	103	68	103.0058073	26.29081849	99	66	43	69.59335942	22.21257439	142	109	85	111.4274713	22.40067525	259.6584525	0.08646762092
ATATCTTAGGGCCTTC-1	529	3692	3451	249	237	17.93248945	12.88752379	127.8763799	8.074475997	145	109	70	108.2019947	28.40363391	129	89	53	90.5200101	28.55982869	147	115	84	115.1910112	24.34385248	262.2079928	0.07773450468
ATATGTCTCCCTAGCC-1	438	3482	3919	82	281	15.29537367	16.27679657	121.9369868	7.10883443	133	109	73	105.6831208	23.77527196	91	69	44	68.45259437	18.75800363	136	108	85	109.4451458	20.55391393	145.2980082	0.1154768957
ATATTCAGTTAAACCT-1	146	3363	4064	348	198	22.96969697	16.54772989	124.9528407	7.980318685	141	111	82	111.0876152	22.83913211	107	75	52	77.60345916	21.1715612	140	113	91	114.2465598	19.12168579	153.5587334	0.1016421952
ATATTCCACATAGTGA-1	412	4383	2951	175	291	14.28865979	9.730695503	126.1024351	8.823183425	141	108	76	108.2803939	25.53746526	112	79	53	80.85570004	23.55904102	146	113	85	114.3798763	24.17060505	277.7360827	0.07721248543
ATATTCCCACAGGTCA-1	289	3256	4198	178	235	20.93191489	20.40284822	124.5037992	7.278730271	138	113	85	111.6889282	21.35270067	113	87	60	86.58325969	20.97654813	140	116	91	115.6155788	18.75079408	162.1876915	0.09943893024
ATATTGCTGTCAAAGT-1	100	1211	5784	826	166	33.13855422	30.01282991	124.4857721	7.488318598	139	116	89	114.6585027	21.00813307	113	87	61	87.1295291	20.55444426	137	117	95	116.150991	16.98903682	112.9716547	0.1149722582
ATATTTAACCCTCAAG-1	411	2835	4165	510	209	19.3492823	14.9095362	125.3375043	8.416899884	139	107	70	105.8596137	26.49329055	93	64	40	64.9429365	20.45561151	138	109	85	110.1608383	20.47138929	158.3539326	0.1019815525
ATCAAACACTGTTCCA-1	308	1857	5714	42	205	29.26341463	37.66409791	123.1303927	6.573561326	133	118	88	113.1373564	22.38653602	122	100	53	95.00555485	27.44356148	136	116	84	113.3335437	20.76562198	209.5522217	0.1065077884
ATCAAACGAAGGTTTG-1	73	2268	4707	873	206	23.12135922	16.66925051	123.5678519	6.996325174	140	112	85	112.0973362	21.04395684	110	82	58	82.69978538	20.04516454	139	113	90	113.8881454	18.61135106	151.1453013	0.09358748809
ATCAATCTGGGCTGCA-1	249	2765	4671	236	257	19.08949416	14.78338294	125.4209471	7.584538369	140	113	82	111.3680091	24.4457776	107	77	50	77.77969953	23.00401093	142	111	84	112.1966923	22.18722355	192.8237998	0.09589851081
ATCAATGCCGTGGCTG-1	308	1179	4941	1493	131	38.61068702	32.4913547	122.9989053	6.851215399	137	114	72	109.4610529	26.07334356	104	74	44	73.96174725	23.32232283	135	113	88	111.7834869	19.46506451	74.77464249	0.1559210411
ATCACATTAGAATATC-1	521	3559	3601	240	298	14.14765101	9.451661435	125.4068809	7.757114723	140	108	71	106.6115389	26.65010252	99	69	43	70.16323697	21.9361123	143	109	82	111.1460674	23.66491663	270.2282942	0.0802951092
ATCACGTGCTAATTAA-1	216	2576	4329	800	197	20.72588832	16.52089862	123.3646736	7.773899675	138	108	76	107.2213104	23.7370209	104	74	50	76.03800025	21.17467397	138	112	87	112.2619619	19.92722344	161.4715271	0.09883949176
ATCACTTCATCCTCGC-1	340	2230	4952	399	254	19.61417323	18.63492921	127.1117521	7.337150833	143	114	80	112.1157682	26.70145901	106	76	49	76.86706224	23.47410991	143	113	84	113.1531372	23.57145174	222.5074055	0.08797181023
ATCAGACGGCACGCCG-1	427	3067	3847	580	192	21.9375	15.4054999	126.2282381	7.723738846	143	109	71	107.8053276	27.71265761	109	75	47	76.90531499	24.04246282	144	114	86	114.2172705	22.73605175	184.244382	0.09054984993
ATCAGCCTCATGCTGC-1	262	4205	3276	178	313	14.54952077	9.790045546	128.2671861	9.940395235	145	111	81	111.5159702	25.75143198	121	85	59	87.36144426	24.60977403	149	112	85	114.5085217	24.90835538	317.8250766	0.07814299539
ATCAGTAGGCAGGGAT-1	472	4772	2561	116	314	11.96496815	7.440767085	125.0278924	8.612073758	138	105	73	104.9593486	25.32892046	102	69	45	71.96730211	22.30013712	144	109	83	111.3332913	23.96574722	281.2037794	0.07916258955
ATCATCCAATATTTGT-1	878	3334	3326	383	203	18.26600985	14.6458413	126.5381065	9.95222719	142	104	57	101.9448302	31.96571136	105	69	38	70.96073728	26.05829652	146	111	78	111.302992	26.68892187	251.9449694	0.08395343139
ATCCAACGCAGTCATA-1	2945	3293	1627	56	89	18.20224719	16.23644103	119.1878093	7.146937841	121	70	42	76.91137483	30.01620104	96	56	34	61.58578462	24.19591364	130	101	79	102.8524176	19.75748841	86.08184372	0.1437523067
ATCCAATGGAGGGTCC-1	236	1921	4846	918	171	26.87134503	22.31003886	122.7592672	7.000382789	137	111	78	108.9761394	23.47640484	103	77	51	76.97853806	20.1601978	133	112	88	111.3348062	17.52912736	118.5639683	0.1121085952
ATCCACATCGACAGAA-1	335	3308	3962	316	291	15.19243986	12.77121217	126.066326	8.643746436	141	110	77	109.2186593	25.63790198	114	81	53	82.25981568	23.99343243	146	113	84	113.9931827	23.92877438	263.0086823	0.0821226536
ATCCAGAGCAACAACC-1	448	3178	3880	415	213	19.16901408	14.15771584	126.0822668	9.204203958	143	108	69	106.3038758	29.63660641	106	71	40	72.34351723	25.20909225	147	113	79	113.2440348	26.27543713	208.0607763	0.08286976666
ATCCAGGATTCGTGAA-1	565	3260	3638	458	200	20.015	12.94468134	126.5039187	8.806916009	140	107	70	105.4496907	27.68714016	110	77	47	77.86529479	24.20948446	142	113	85	113.1522535	21.86220745	196.3117978	0.08908496893
ATCCTACCTAAGCTCT-1	534	3581	3320	486	202	17.81188119	12.90115727	125.2663732	11.17420738	141	103	65	103.1419013	28.98111236	102	65	38	68.17472541	24.7828702	145	109	78	110.5426083	25.42184895	205.7890705	0.09083261368
ATCCTGAATCGCTGCG-1	491	2205	4634	591	131	32.99236641	27.13733694	124.3141684	7.98862593	137	109	69	105.9905315	26.40574295	105	76	49	76.59500063	21.57312957	135	113	88	112.2074233	18.70851031	114.2839632	0.1135879876
ATCCTGCGTGGAATGG-1	330	3233	3932	426	231	18.45887446	14.07360972	127.4685063	8.626641617	144	109	73	108.2719354	28.29962652	109	75	44	75.81971973	25.50405024	147	113	81	113.6136851	25.58480969	233.3659346	0.0792301354
ATCCTGCTGCAGATAG-1	392	2449	4638	442	193	24.91709845	22.54467914	123.9278972	6.922949328	139	113	79	110.2964272	24.29129287	108	81	54	81.14821361	21.30657658	139	116	91	115.1523798	18.77386905	140.5939734	0.108092867
ATCGACCCAATACAGA-1	677	4017	3186	41	284	15.59859155	11.88534419	124.1168927	8.496320953	136	110	67	105.5942432	28.22541664	104	76	43	74.82893574	23.94639895	145	114	76	112.9021588	26.93445024	237.0532431	0.08723353614
ATCGACTCTTTCCGTT-1	86	3797	3752	286	235	21.47234043	15.22799357	127.5358536	9.147167537	145	114	88	115.3972983	22.7087483	115	82	59	85.26638051	22.5769901	144	113	87	114.4924883	22.00418813	227.6857763	0.08947397303
ATCGCACGATTGTTCA-1	300	1050	5238	1333	112	45.21428571	94.52970325	119.8548486	6.384442618	133	113	78	108.8726171	23.2357227	112	77	44	76.99532887	26.0613438	131	112	87	110.2242141	18.52621189	64.17824311	0.1783253381
ATCGCACGCCGGGAGA-1	100	2404	4956	461	228	23.75877193	21.87862576	125.7002888	7.811071985	142	116	89	115.5830072	21.12083317	115	85	61	86.72882212	21.07650593	140	114	92	114.8360056	19.08269425	174.6437692	0.09441501354
ATCGCCAGTCAACATT-1	37	2127	5708	49	241	26.23236515	32.46836875	122.4063804	5.404090695	133	118	97	116.6518116	15.18761055	114	93	74	93.54639566	17.54675324	136	115	94	115.0964525	17.42664504	196.6601124	0.1057135688
ATCGGAGACAGACGGC-1	286	3816	3514	305	270	13.7	10.31193124	125.4938088	9.312079969	139	105	73	105.0988512	25.7457429	110	77	52	79.07120313	22.89014135	146	112	85	113.5760636	23.15612965	259.3194586	0.08402594041
ATCGGCAAGCAGTCCA-1	399	4541	2947	34	248	17	16.17744348	121.2409005	6.518440949	133	108	74	105.9808105	22.52251909	97	71	46	71.93687666	20.41002634	138	110	87	111.3993183	20.47205181	138.2806435	0.1201709288
ATCGTGGAAAGTCTGG-1	487	2456	4606	372	131	31.86259542	30.12335032	122.0457444	6.882753237	135	108	70	104.7716197	25.91114984	113	87	57	85.895089	22.25337509	138	116	88	114.0400202	19.85343441	82.97356997	0.1326006099
ATCTAATATCCTACGG-1	521	3870	3271	259	240	17.95833333	16.68377247	126.0461916	8.089419321	141	109	75	108.6941043	25.3580043	120	87	58	88.21386189	23.71986947	145	114	87	115.0927913	22.16959797	237.2711951	0.09073498059
ATCTAGCTTGTGAGGG-1	183	3459	4043	236	236	20	16.53552929	124.9960376	8.815562802	140	112	83	111.5096579	23.22963944	104	74	50	76.24428734	23.66734997	140	110	85	111.6345158	21.83657184	195.5716292	0.0912617078
ATCTCCCTGCAATCTA-1	637	4276	2881	127	270	14.15555556	11.62141489	126.4069792	9.240926509	139	106	69	104.998485	26.93592387	103	70	45	72.39363717	22.82694992	144	111	84	112.4416109	23.32741558	269.2328907	0.08122900256
ATCTGACATGGAAGGA-1	607	3263	3679	372	196	19.47959184	14.08880696	123.7064469	7.961881792	137	105	68	103.8909229	27.31642486	111	79	49	79.66418382	23.8369634	141	112	83	112.2911249	22.15774969	167.8598059	0.09029225153
ATCTGCACCTCTGCGA-1	461	3613	3824	23	248	18.71370968	19.44208453	121.0702428	6.424848794	130	111	75	106.7544502	21.72171205	93	72	49	71.5773261	18.02769296	133	110	88	110.3921222	18.32086496	164.9901685	0.1073364342
ATCTGCTGTTATCGCC-1	331	3366	3988	236	209	20.75598086	16.64785214	125.591944	8.830061722	141	109	75	108.2633506	26.34157613	108	75	46	76.44337836	25.99307215	140	110	81	109.9055675	23.5389943	179.4734423	0.09032812445
ATCTGGGCTGTTCTTG-1	426	4390	2992	113	253	16.94466403	12.00645829	126.1672072	7.776837612	141	109	77	108.9190759	25.4905443	116	83	56	84.79383916	23.64018333	146	113	85	114.5486681	23.56539408	257.9136874	0.08184575701
ATCTGGTTAAGACTGT-1	671	2403	4632	215	298	14.06711409	8.979966091	124.2236408	7.65240076	136	108	60	103.5787148	30.33194957	99	69	34	68.43163742	24.6598709	147	113	70	111.1583133	29.70009051	320.2875383	0.07442852623
ATCTGTAATTGTACCC-1	458	2516	4482	465	226	17.8539823	12.98402378	123.6188522	7.825348647	137	107	68	104.5058705	27.62518985	97	67	38	67.47178387	22.63364814	143	112	81	111.8337331	24.31906132	191.5043412	0.09234611857
ATCTTGACCTGCAACG-1	1208	2551	3732	430	146	23.80821918	20.57406103	122.4660533	8.098816823	133	102	51	97.74308799	30.19756556	90	62	39	63.58022977	19.91480803	134	108	83	108.2233304	19.95913616	100.3858529	0.1257204294
ATGAAGCCAAGGAGCC-1	82	2171	5211	457	203	27.91133005	24.92495178	123.2787209	6.911965566	139	116	93	115.7839919	18.70582845	107	81	62	82.74144679	17.94658321	136	114	94	114.5841434	16.35471194	119.6907559	0.115738501
ATGACGCCGGCTCTAA-1	368	2386	4823	344	248	18.3266129	14.46053366	124.7791067	8.016063936	139	111	75	108.0791567	26.55460408	104	74	45	74.29087236	23.01061004	142	114	83	112.8399192	23.58471401	192.0736721	0.0980581021
ATGACGCGTTCTATCC-1	207	1929	4504	1281	154	27.35714286	20.97855385	123.1999476	7.436625091	138	108	75	106.8248958	24.66951137	102	73	46	73.28531751	20.88669206	135	111	86	110.5394521	18.90437308	118.7213994	0.1119637374
ATGACTATCAGCTGTG-1	631	4451	2698	141	220	19.02727273	13.73877002	125.2630973	8.564541205	140	108	76	108.4207802	24.85455873	119	87	58	88.41623532	23.86112313	141	114	88	114.3581618	20.84414391	191.3821502	0.08443692297
ATGACTATGCGACATT-1	600	3599	3443	279	274	14.06569343	13.12138967	125.0332801	8.753054417	138	105	69	104.3635905	26.36509338	110	77	48	78.59386441	23.71470816	146	111	83	112.4956445	24.14693297	281.0730337	0.0836682126
ATGAGGAGTGTTAATC-1	3581	3785	540	15	52	7.153846154	7.386017495	115.025823	7.083731621	95	58	35	61.77098851	23.0834666	77	48	28	50.49021588	19.54964318	121	94	72	95.67390481	19.20282475	81.22280388	0.1459995523
ATGATCGGGAATAGAC-1	124	2485	4657	655	226	22.30973451	17.69084541	125.9987926	8.033116684	144	114	87	114.5686151	22.64614744	103	74	51	76.21752304	20.67222819	142	113	89	114.3888398	20.71366027	180.2173136	0.09095030591
ATGATGCAATGGTACA-1	376	3627	3492	426	211	18.56872038	14.9183804	125.8941773	8.236569883	144	106	71	106.3784876	28.08847029	107	69	42	72.11538947	25.03258963	146	111	80	111.9578336	25.42695367	225.2593207	0.08125708619
ATGCACTACCGCATTG-1	68	1272	5964	617	189	32.04232804	36.35740148	123.7272845	6.889114019	138	118	97	117.4171191	17.42295551	109	85	62	85.63148592	18.61450642	135	116	97	116.1318015	15.3637723	100.261236	0.1229068478
ATGCATGATCCAGGAT-1	59	2601	5034	227	277	20.7400722	17.83268459	125.5532563	8.574018101	140	116	95	116.8125237	18.80248568	106	82	61	82.89142785	18.04220328	140	114	92	115.1107183	19.05469539	151.9171348	0.1049925399
ATGCATTCCGTGATGG-1	385	3075	3958	503	197	18.30456853	13.78510303	123.3325484	8.34301722	138	104	67	103.1022598	26.8527788	88	55	31	57.40891302	21.94048178	135	105	80	106.2608257	21.18704055	151.9826353	0.1064170063
ATGCCATTTGCGACCA-1	521	4665	2665	70	309	12.81229773	8.725796533	123.9712173	7.919346017	136	107	71	105.2417624	25.02624307	103	74	46	74.71973236	22.46884756	143	110	83	111.2498422	23.57870071	260.3143514	0.08680745308
ATGCCGGTCTTGCATA-1	365	3219	4144	193	292	15.36643836	10.70139395	124.1140644	8.286495722	138	110	78	108.7023103	24.90511231	96	68	44	69.60181795	20.93383609	145	111	81	112.1055422	24.43222132	222.0080439	0.08294097168
ATGCCGGTTGATGGGA-1	343	3882	3419	277	309	13.60841424	10.78468561	125.0200114	8.645963642	141	107	76	107.8558263	25.25703581	109	76	50	77.65761899	23.22476928	145	112	86	113.8930691	23.3027706	297.4969356	0.07628492557
ATGCGACAGTCCCATT-1	383	2422	4903	213	270	17.23333333	13.06455482	123.9650075	7.439541581	138	111	79	108.6688549	25.98317074	101	73	47	73.26410807	21.61604294	145	114	84	114.2623406	24.53423944	202.5979316	0.09336861673
ATGCGAGTCCCACCAC-1	157	1903	5730	131	273	20.54945055	22.52500299	123.1904002	6.927895071	135	116	88	113.3760889	20.64381821	106	84	61	83.88549426	19.04537517	137	113	87	112.0036612	21.52958785	246.48238	0.09194597171
ATGCTCAGTGTTGCAT-1	189	2266	5215	251	135	38.48888889	40.72416094	122.1901687	6.594541804	134	114	84	111.7164499	19.60871226	107	86	62	85.65559904	17.384744	134	117	97	116.0083323	14.29680445	70.953524	0.144419831
ATGCTCTGGCGCGGTA-1	322	4365	3007	227	296	15.54391892	11.60053427	128.635938	8.554168494	146	112	82	112.8456003	25.0543461	125	89	61	91.55801035	25.22296381	150	115	86	116.38177	24.93902557	307.0870787	0.07411469839
ATGGAGCAGGCCGTGA-1	372	1815	5418	316	256	17.5859375	13.05339237	122.0624233	7.009138357	133	110	73	106.3108193	25.4543383	93	70	43	69.09064512	20.32002798	142	114	82	112.7477591	24.15929446	172.7193565	0.09896033261
ATGGATCCGGCGTCCG-1	376	4423	3013	109	290	16.27586207	11.91144495	127.0246999	7.929750664	143	111	80	111.5950006	24.70225361	112	80	54	81.34869335	22.60506871	146	113	84	114.3508395	23.60969615	273.2506384	0.07808360012
ATGGATTGACCAAACG-1	216	2110	5326	269	206	26.42718447	25.40510687	124.4577536	7.404758059	139	115	88	113.7786896	21.16378869	109	84	59	84.55182426	20.12315	138	114	91	114.353112	18.83294001	142.871808	0.1091828779
ATGGCAGCATTACGAT-1	399	967	5692	863	129	43.75193798	46.62966933	122.6965009	6.322954881	134	117	78	111.4826411	23.41130849	116	97	65	93.8820856	20.59835232	135	119	96	116.9926777	16.70145096	53.40896323	0.1806115812
ATGGGACCTGCTGAAC-1	269	1308	5187	1157	173	28.57803468	30.28040406	122.6806323	6.42517994	137	113	82	110.4408534	22.39944648	120	94	66	93.0154021	21.06287028	137	116	93	115.4287337	17.22335952	128.3123085	0.1041382823
ATGGGCCTCGGCCTCT-1	196	4409	3258	58	339	14.64896755	11.28149177	124.4843351	6.984264637	138	113	86	112.1080672	21.0170619	113	87	63	87.65812397	20.28438826	142	112	87	113.3757101	21.88675184	285.7729826	0.08000129951
ATGGGTGTATACCTCC-1	817	2059	4059	986	132	29.13636364	26.32626662	123.2533576	6.991139521	137	105	53	100.5620502	31.13406256	107	76	41	74.96199975	24.5720744	142	115	78	112.0227244	24.26170258	104.2718335	0.1235476168
ATGGTATTTACTGATT-1	109	698	5027	2087	84	66.47619048	114.2904066	119.4669076	5.860126077	133	115	88	112.1907587	19.14023347	104	70	46	73.00631233	23.64976555	129	110	91	109.7976266	14.48435589	33.95135342	0.2370903158
ATGGTCGCGTGGTTTC-1	1274	4997	1606	44	307	11.92833876	9.417985333	125.2286289	8.06418417	138	104	69	103.830072	26.29935385	119	85	56	86.42709254	24.54381196	146	111	83	113.1001136	24.52132733	337.3650409	0.07779017528
ATGTACGATGACGTCG-1	833	3519	3457	112	239	14.46443515	11.38659707	121.0439394	6.543097981	130	103	61	99.50132559	26.41606783	103	76	47	75.73033708	21.80823911	137	110	82	110.0093423	21.57760751	169.6154239	0.1008515111
ATGTGAAAGCCTAATG-1	34	1212	5165	1510	176	30.63636364	32.08181367	122.1210194	6.193711032	135	115	90	113.8058326	17.71635202	113	90	66	89.74611791	17.52233571	133	116	97	115.5586416	14.17813258	74.54545455	0.1359308469
ATGTGCATCCGACGCA-1	408	3366	3847	300	222	20.80630631	16.30877053	126.4575136	8.712467079	143	112	78	110.7216261	26.50079304	109	77	50	78.86731473	23.30543355	142	112	87	113.2324201	21.55033073	196.5360061	0.08924302649
ATGTGGACATCTTGAT-1	314	2819	4302	486	267	17.48689139	15.9691538	124.9417002	6.764521527	138	111	80	110.0989774	22.63365499	123	95	67	94.762025	21.72710205	142	116	90	115.9348567	20.2947862	202.3775536	0.09250894309
ATGTGTAGTTTAGTCA-1	306	1994	5066	555	219	22.5890411	20.15567424	125.591755	7.721208696	140	113	78	110.8123974	25.42993082	115	80	45	80.2247191	27.5162552	141	115	87	114.4161091	21.11515043	185.1475996	0.09565481752
ATGTTACGAGCAATAC-1	399	1291	5462	769	153	31.58823529	28.92146893	121.9403274	7.312065165	136	113	75	107.9308168	26.64948758	97	73	45	71.96831208	20.95093506	137	114	86	111.9338467	22.00091049	115.2645557	0.124444792
ATGTTGTAGTCTGTTT-1	1114	3491	3211	105	146	21.33561644	29.11156561	119.6672707	8.022644899	129	99	52	94.75243025	29.04948243	113	71	37	73.22396162	28.48320301	131	108	79	106.9785381	20.82392732	113.4245403	0.1253488184
ATTAAACATGCGGACC-1	500	3005	4094	322	241	17.36099585	12.4756349	126.2010125	8.305305166	142	108	69	106.4020957	29.21306898	112	77	45	77.93119556	26.02452278	148	114	79	113.2706729	26.73812101	266.1061032	0.07614260816
ATTAATACTACGCGGG-1	196	2764	4626	335	255	20.62352941	15.59435026	125.609541	6.705336015	142	115	87	114.4424946	22.35871507	114	86	60	86.47935867	21.27801813	143	115	89	115.9688171	20.69181372	201.8885342	0.08718876646
ATTAATGAACCAGTCG-1	537	3811	3361	212	301	13.92358804	9.274199292	127.9417351	8.821836264	143	109	71	107.4658503	28.25906138	103	69	41	71.2931448	24.31372747	146	109	79	111.267643	25.81395714	335.8742339	0.07372730281
ATTAATTCGGTCACTC-1	314	2541	4710	356	246	16.58536585	13.38360047	122.4640463	7.140261414	135	108	73	105.369524	24.81173502	93	67	43	67.76025754	19.57962366	137	108	83	109.1984598	21.29166351	202.8730848	0.09123397665
ATTACAACTACCGGCC-1	504	3895	3468	54	252	17.96428571	16.53743692	123.5839027	6.977076058	135	110	75	107.5192526	24.70657321	100	71	46	72.1598283	21.70349613	139	111	86	111.6125489	21.31027336	199.9964249	0.09786253406
ATTACGCGCTGGCAGG-1	211	1876	4985	849	166	29.36746988	24.03218028	123.1635726	6.309128532	137	113	82	110.8498927	22.5438918	108	83	57	82.82969322	20.10005667	135	114	92	113.6735261	17.2260044	118.0077886	0.111175897
ATTACTAGCCTCTTGC-1	112	2221	4906	682	193	26.74611399	21.99959486	124.213456	7.732165151	140	113	88	113.7750284	20.84353886	113	85	62	86.41623532	19.93038849	139	115	95	116.0632496	17.08114748	128.9150919	0.1089671078
ATTACTTACTGGGCAT-1	113	2590	5059	159	311	17.63665595	20.0890255	123.4872407	6.758385194	136	115	89	113.6864032	19.19242234	113	86	62	86.82641081	20.69289672	139	114	90	114.0647645	19.76764975	206.784474	0.1039550521
ATTAGATTGATAGCGG-1	167	3435	3944	375	211	26.12796209	19.69910444	126.1009348	7.342498323	144	116	91	116.5639439	20.61314845	118	89	65	89.94041156	20.50107037	141	116	94	116.8020452	18.01391545	167.6792646	0.09599630781
ATTAGGCGATGCTTTC-1	584	2823	4361	153	280	14.60714286	10.36938931	122.0600586	7.257948033	134	107	65	103.5750537	28.05254063	97	69	40	69.06829946	22.35832544	145	112	78	111.4192652	26.40964	219.3918539	0.08460802561
ATTATACTTTGCTCGT-1	435	3949	3299	238	288	14.49305556	11.01482368	125.7211654	8.872000081	141	107	74	107.4894584	26.55504622	105	72	46	74.30576947	23.02731461	145	110	83	112.3471784	23.81924754	288.3829162	0.07778243581
ATTATCTCGACAGATC-1	507	2494	4491	429	221	18.89140271	16.76553695	122.6343318	7.025781327	136	108	67	104.8852418	26.24639901	91	64	39	64.90645121	20.053091	138	109	83	109.5623027	21.31937572	174.9157303	0.09801968744
ATTATGCCATAGGGAG-1	139	3043	4197	542	241	22.06639004	16.9224418	125.8309098	8.19347174	143	115	88	115.468249	21.46490418	112	82	59	83.55510668	20.78415473	140	114	91	114.8803181	19.03533463	177.7575332	0.08956962927
ATTATTATGTCCGTCA-1	323	2814	4375	409	185	25.85945946	18.02316017	125.4591975	6.802574434	140	113	79	110.971342	23.50430877	120	92	62	91.81517485	22.20246729	139	116	91	115.7637925	18.60812924	159.7459142	0.09789525169
ATTCACTGATGTTGGA-1	685	3955	3064	217	264	15.63257576	11.89591218	125.6026803	8.018069532	141	108	73	107.4740563	25.57233002	118	85	58	86.82186593	23.42970009	145	114	88	115.0402727	22.22926344	248.1611338	0.0851911202
ATTCAGGACCTATTTC-1	221	2556	4987	157	287	17.32055749	17.79191657	122.5249049	7.787295059	134	112	83	110.0424189	21.52645882	90	68	46	67.90304255	18.19269251	136	108	85	109.2513572	20.67200938	154.9241573	0.1141252908
ATTCAGTAGCAGGGTC-1	65	1127	5769	960	156	36.87820513	31.61838619	120.9436312	5.580664331	133	116	94	114.2647393	15.89872093	106	86	64	85.37962378	16.15088507	130	114	96	113.2142406	13.09059377	65.63636364	0.1570032498
ATTCATATACTGTCCA-1	365	1655	5627	274	270	15.66296296	12.53562769	120.2314661	6.669962406	130	108	77	104.446282	24.65937471	93	71	45	69.6322434	20.29672489	141	113	83	111.7852544	25.08836477	164.3451226	0.100413446
ATTCATCGTTGAGGCA-1	202	3127	4462	130	295	19.22711864	19.6166466	126.8176087	8.34437156	142	117	89	115.9103649	22.7850773	129	100	72	100.504103	24.20148068	146	117	91	117.695998	22.07164301	269.8448672	0.09051855711
ATTCCCACATAAACAA-1	65	1152	5722	982	130	48.82307692	49.50547217	122.5587618	6.16054055	136	119	99	117.6292135	14.97297148	122	103	82	102.3965408	15.79022095	134	119	101	117.8530489	13.28313708	56.6564096	0.1600108262
ATTCCTCCGCCAGTGC-1	151	1464	5846	460	152	37.59210526	38.19433605	123.4842445	6.455005024	137	117	90	114.6616589	20.22337463	115	92	66	91.41434162	20.29321152	136	117	96	116.255397	15.92203551	100.1584525	0.1264696327
ATTCCTTCCAGGCGGT-1	1055	2157	3941	768	127	29.60629921	23.44205706	124.4981735	8.122825399	138	104	48	99.40550436	32.56306462	96	65	33	65.0611034	23.349435	139	110	75	108.6812271	24.26283221	116.9325843	0.1214783963
ATTCGACGCCGGGCCT-1	469	2247	4356	849	142	29.47887324	23.89080745	123.6942378	7.222068735	137	109	66	104.6858982	27.83244843	102	74	43	73.20717081	22.75214878	136	113	85	111.5638177	20.11025659	116.2547242	0.1130077404
ATTCTCGTCTCTTTAG-1	187	2926	4502	306	216	21.10648148	20.03568009	124.5519215	8.149647455	139	111	78	109.4091655	23.89051769	108	77	52	78.98762782	21.77743402	139	114	89	114.0820603	19.72261456	139.5451992	0.1018760088
ATTCTTCGTACTTATG-1	214	3933	3624	150	309	17.10355987	16.12398223	125.1123284	7.978524119	140	114	88	114.2377225	21.93709479	116	81	54	83.55990405	25.51751399	143	112	85	113.2902411	22.93710555	302.3471655	0.07877019713
ATTGAAGATCTTAGTG-1	510	3390	3715	306	201	21.28855721	15.72165596	125.2649219	8.097171773	141	109	72	107.8026764	26.18748641	100	70	44	70.9085974	21.97142049	139	112	87	112.5647014	20.31667326	170.000383	0.09426688232
ATTGACGTAACTCGGT-1	302	4051	3511	57	263	19.6539924	19.01345464	125.6905871	7.344186939	139	114	84	112.6524429	22.58306826	113	85	58	85.49122586	22.13775045	143	116	90	116.3266002	20.90706039	210.9888917	0.08855721004
ATTGATAGCAACGAGA-1	208	830	5266	1617	161	33.17391304	33.1839528	122.3629876	6.537552414	135	114	87	111.7875268	21.38578441	98	76	54	75.85077642	17.90623369	131	114	93	112.590077	16.09158228	69.5799285	0.1457612279
ATTGATGAGTCCTAAC-1	367	4418	3109	27	282	17.0177305	19.60757844	122.6772246	7.219184014	134	112	79	109.2406262	21.10773181	97	76	51	75.1560409	18.59661945	138	110	87	111.0530236	20.31318893	186.1371297	0.1051480365
ATTGCCTATTAGACCG-1	346	1363	5040	1172	138	33.67391304	35.39101725	123.6413176	6.862161204	137	112	74	107.7899255	26.39612212	101	77	50	75.75344022	20.71094513	137	117	90	114.2831713	20.70694105	96.05809499	0.1271208047
ATTGCGATCAGTAACT-1	348	3450	4027	96	279	14.1827957	14.75871378	120.7478872	6.379839071	130	107	75	104.5500568	21.9866379	107	82	57	82.34137104	19.72558532	139	113	88	113.1110971	19.83055425	184.3015832	0.105586148
ATTGCTGCTCCTCCAT-1	484	3350	3709	378	197	20.74111675	13.52377057	126.5479602	7.831815993	143	108	71	107.1696755	27.62174839	101	68	42	70.38341119	22.63313117	139	110	84	111.1316753	21.15882092	176.6075077	0.09439177837
ATTGGATTACAGCGTA-1	520	2151	5005	245	155	32	77.38967173	122.6067487	9.253708491	141	115	63	109.7078652	29.87843484	138	70	32	81.59121323	41.77579215	139	105	59	103.5356647	31.15253628	276.537666	0.1565402307
ATTGGGAATATCTTGG-1	423	3293	3970	235	195	21.55897436	16.69823755	124.3423411	7.185890727	139	108	71	106.7035728	26.47114225	103	72	44	72.9505113	22.81827619	140	112	85	111.9864916	21.50811732	165.717952	0.09619008481
ATTGTACAACTCGGCT-1	95	4048	3683	95	343	15.24489796	13.56588808	124.5824829	7.895016273	138	113	89	113.5745487	19.95690417	107	80	59	82.0684257	19.8454797	143	111	87	113.1876026	22.20376315	261.9181563	0.09373721253
ATTGTCGCAATACCTT-1	770	3317	3589	245	244	14.07786885	10.83662591	122.9013084	7.91196139	134	103	59	100.0366115	27.85829786	87	59	34	60.161722	20.89255623	139	106	80	107.6616589	22.87647416	219.1898621	0.09078237047
ATTTAACTCGTATTAC-1	580	3186	3904	251	200	20.225	17.9408577	124.3428737	8.911817863	138	107	67	104.1007449	28.73757474	97	67	38	67.53983083	22.79504108	143	112	78	111.2699154	25.24035431	176.3292901	0.09862934167
ATTTACAGTTTACTGG-1	245	3180	4331	165	198	25.35353535	20.81584145	124.8451941	6.658329205	139	114	84	112.4411059	22.29932824	109	83	56	82.9829567	21.1161136	137	115	92	114.8304507	18.11586973	141.5211951	0.1057630773
ATTTCATTATTTCGCG-1	342	2656	4706	217	223	22.55156951	58.99977795	124.9421896	7.335494107	137	115	77	110.5349072	23.87051771	126	97	58	94.91061735	27.14725032	141	118	92	116.8580987	19.52008636	188.2877937	0.1093846294
ATTTCCGGGTTCTGCG-1	421	2398	4531	571	176	24.14204545	19.27838062	122.4748567	7.615809356	137	109	73	106.694988	24.62037253	107	80	53	80.08824643	20.8353793	135	112	89	112.3176367	18.26016872	130.2925179	0.1070056235
ATTTGCGCGAGTAGCT-1	642	3091	3862	326	171	23.68421053	19.74855793	122.7784237	7.630646433	136	107	70	105.1443	25.82146677	103	75	47	75.4608004	21.27223012	135	111	86	110.8905441	18.98018589	127.0677988	0.1071844189
ATTTGTCTTGGGAGCT-1	429	4153	3166	173	311	14.09324759	11.32198951	125.578937	9.177370599	140	109	76	108.5397046	25.91198275	114	82	55	83.48150486	23.7970248	146	111	84	113.4726676	24.34313767	306.6763279	0.08144406919
ATTTGTTCCAGGGCTC-1	422	3579	3537	383	268	16.3358209	11.99063318	128.7118481	8.640824352	145	110	75	110.1163994	27.52715587	113	77	47	78.89849766	25.24800955	150	113	83	114.8195935	25.84842926	329.8467824	0.07031737406
CAAACGAGTATCGCAG-1	376	2493	4550	502	222	19.92342342	16.76032668	124.907748	7.896083344	140	110	74	108.1575559	26.46268837	105	75	46	75.33884611	22.82785664	144	115	83	114.0361066	23.38914489	175.2983912	0.09099949722
CAAACGGTCGCACTTT-1	177	2466	4725	553	190	25.12105263	18.21136369	125.7055132	7.47802015	141	112	82	111.5667214	23.57611024	103	74	50	75.32710516	20.38727888	140	113	88	113.6322434	20.20535816	131.4581205	0.1051391842
CAAACTACGATAGAGA-1	246	4762	2865	48	271	19.91881919	22.50036605	125.3483012	8.663662268	139	116	87	114.4039894	20.98936924	121	92	65	92.89572024	22.6856127	141	117	92	116.8973614	19.99234658	226.3967058	0.09296600624
CAAACTATTGAGCTTC-1	191	2402	5117	211	231	25.06493506	24.82039606	124.2277534	6.228526039	137	117	92	115.410933	19.2520587	121	88	62	90.32685267	23.04483913	139	117	94	116.6364095	18.06556694	169.9393514	0.1087862704
CAAAGATTATTGGGCC-1	293	1375	4728	1525	170	27.31764706	23.95815556	121.5602907	6.294945211	134	111	77	107.8569625	23.32806418	108	84	57	83.54614316	19.76998584	134	115	91	113.3820225	17.42435452	107.1353422	0.1132308907
CAAATCTCTCACAAGG-1	220	1970	4882	849	154	26.74025974	21.24312118	121.4956763	7.178516962	134	107	73	105.5836384	24.04526105	100	71	43	71.37167024	21.55515939	131	110	88	109.5381896	17.04994889	96.57290603	0.1249718328
CAAATGTCCTTCCGTG-1	456	3068	3993	404	248	15.67741935	11.16196623	125.9003441	8.530225714	139	106	69	104.7879056	27.77857986	103	70	42	71.70496149	23.69114245	146	112	79	112.0071961	25.4388985	214.8001788	0.08284571285
CAAATTGTCAGCAAGC-1	382	3346	3950	243	260	15.03846154	11.74564001	122.5589334	7.404145477	134	106	73	104.8892817	23.68589402	94	67	44	68.29996213	19.93286703	140	110	85	111.0124984	21.09630607	180.6241062	0.09307375587
CAACGACCCGTTTACA-1	134	2872	4461	454	228	23.46052632	16.26057614	126.0578288	7.333973296	143	115	90	115.5754324	21.44944462	114	85	61	86.00113622	20.47680287	141	115	93	115.8812019	18.58619615	169.142237	0.0958203523
CAACGGTTCTTGATAC-1	42	2212	5124	543	191	28.78534031	21.52828396	125.0807027	6.901796317	142	116	92	116.5068804	19.66422427	109	82	61	83.52404999	18.73290044	138	114	94	115.2136094	16.79439887	130.6990552	0.110078306
CAACTATATCGAATGC-1	227	4270	3233	191	309	16.61812298	12.40092628	126.7323001	8.725316593	143	114	89	114.9154147	21.77847325	123	92	65	93.25022093	23.27741195	145	116	91	117.3767201	21.37554699	271.5937181	0.08136163727
CAACTCCTTGATCCCG-1	101	4215	3494	111	209	25.33492823	17.60879443	124.742864	8.703104535	143	114	89	115.3589193	21.23355492	110	81	58	82.78538063	20.52779514	139	113	91	114.4403484	18.68533605	152.2045455	0.09943686429
CAACTGCTCATCCGAT-1	615	3448	3589	269	198	19.48484848	15.85372762	124.5519604	7.657084116	139	105	68	104.4210327	26.70715105	116	83	54	84.12170181	23.75959711	142	114	87	114.1419013	21.22742978	185.726379	0.09242853967
CAACTTGTAGTGGGCA-1	370	2615	4452	484	202	21.82673267	16.60504153	123.7714448	6.990811188	137	110	75	107.8425704	24.47804497	104	75	48	75.83865674	21.77356414	138	113	89	113.409923	19.17877797	149.5808223	0.1011329197
CAAGAGGGCGGAGTAC-1	626	4704	2559	32	245	17.95102041	16.11557901	122.7646756	7.319503606	135	109	75	107.38177	23.40251068	111	84	58	84.76240374	20.71435041	141	114	87	114.0531499	21.17949997	192.6212972	0.09383606521
CAAGATATTATAACGT-1	652	4951	2264	54	324	12.66666667	9.247288558	125.4709088	8.321576857	139	108	75	107.2488322	24.94993485	117	85	57	86.43327863	23.42082744	144	111	85	113.1912637	23.61978215	326.192288	0.07549399759
CAAGCAACGTCGGAGT-1	336	1920	4599	1066	174	25.87931034	21.20351108	124.780273	6.824584009	140	111	71	108.1276354	26.67410988	106	76	47	76.55447545	22.49487799	140	114	86	113.0632496	20.93356223	141.7778345	0.1003991025
CAAGCACCAAATGCCT-1	446	2362	4821	292	251	17.63346614	11.98243716	124.1116184	7.494680611	137	110	75	107.0232294	26.73837609	94	67	40	67.23014771	21.66071671	143	113	80	111.7838657	25.3343604	194.5739275	0.09188245132
CAAGCGGCACATAATT-1	483	3559	3559	320	257	16.03501946	14.73457577	125.7300202	9.527719647	140	108	74	107.3576569	25.65173647	116	83	56	84.70508774	23.55565143	144	113	87	114.6074991	22.60549261	241.0429009	0.08282469528
CAAGGATCGCATGTTC-1	466	2366	4745	344	249	16.37349398	12.69542261	122.1222503	6.938629238	135	107	69	104.0350966	26.87154291	96	69	41	68.6649413	21.78256958	144	113	80	112.2740816	25.78685704	210.4000255	0.0822451006
CAAGTGAACTTTGGTT-1	190	1417	5768	546	189	29.20634921	40.21627723	121.7525103	6.164865243	135	116	84	112.2546396	20.61878697	130	105	72	102.8505239	22.75754707	136	119	97	117.0881202	15.71301009	99.55732891	0.1379804171
CAAGTGTGGTTGCAAA-1	317	4560	2976	68	322	13.91614907	11.86109251	123.2922668	7.889730246	135	110	78	108.3594243	22.67178449	101	75	50	75.36838783	20.61142487	141	110	84	111.7683373	22.55031239	229.4878703	0.09637200067
CAATAAACCTTGGCCC-1	1177	3650	2948	146	217	15.23963134	12.13243723	125.6360168	8.483203127	137	100	51	96.64751925	32.80167279	101	65	34	66.70635021	25.8283032	145	108	74	109.1942936	27.84798759	241.5105975	0.08596346002
CAATATTCTTGACCTA-1	526	2753	4099	543	178	24.13483146	16.48369369	125.3777573	7.149120277	141	109	71	107.2984472	26.71286929	114	83	52	82.85090266	23.46590657	140	114	88	114.1660144	19.94975601	164.2543412	0.09410099631
CAATATTGGACTAGTG-1	316	955	5004	1646	134	34.09701493	29.65947771	120.3391145	6.303500572	132	109	74	105.8872617	24.33069294	89	67	43	66.80861002	18.35734261	130	110	86	108.4705214	18.38869473	83.93909602	0.1403338167
CAATCCCTATACCAGC-1	296	3199	4299	127	252	18.64285714	16.51524754	124.3027301	7.15523474	136	112	76	108.8440853	24.28312269	110	77	47	78.0135084	24.44192289	140	113	85	112.8190885	21.89393166	204.5044688	0.09355108405
CAATCCTGCCGTGGAG-1	960	2607	3849	505	123	29.80487805	23.53708665	123.6714224	7.622023487	137	103	53	99.82944073	30.83757059	98	68	37	67.74460295	22.99899915	136	112	78	109.2792577	21.96528427	109.7012257	0.1188966168
CAATGCGAGAAGTATC-1	544	3946	3169	262	282	15.17730496	11.14080334	126.6594524	8.949307567	142	108	73	108.1922737	26.38095094	117	83	53	84.00871102	24.58829127	147	113	84	114.6210074	24.36027162	271.7741318	0.08280562476
CAATGGATCTCTACCA-1	470	3856	3498	97	292	14.70547945	12.34724073	123.9435315	7.502855896	136	109	72	106.6179775	24.9319893	97	71	43	70.5638177	20.8118036	141	110	84	110.820856	22.7085373	258.3130746	0.08043339436
CAATGGTCGGCCTGGG-1	181	2615	4725	400	215	21.6744186	19.31877136	124.2356372	6.762960332	139	112	80	109.9402853	23.26650447	100	73	49	73.79409166	20.01300285	139	113	89	113.4073981	19.67596462	159.5847804	0.1038748047
CAATTAAGGGTGATGA-1	132	1768	5727	294	199	28.76884422	29.26017126	122.3310628	6.163112715	134	116	92	114.104911	17.83864124	102	81	59	80.98548163	16.92911072	136	113	92	113.7653074	17.0558197	133.0501788	0.1175900761
CAATTTCGTATAAGGG-1	675	3378	3571	297	216	17.44444444	13.18762982	125.58811	9.186574121	140	105	62	103.1009973	29.71053211	110	73	42	75.06047216	26.14311469	144	111	81	111.591592	24.61352274	241.6986721	0.08818823358
CACAATGAGCTGCTAT-1	304	3326	3750	541	214	20.05140187	15.6274433	127.8464239	8.672092281	146	110	75	109.9588436	27.19979564	115	79	49	81.05340235	25.32661138	146	113	84	114.5017043	23.24730839	238.7477017	0.07724273259
CACACAGGGATAGATT-1	116	2425	4977	403	146	35.8630137	30.56177892	122.2301201	6.501332312	137	115	88	113.5351597	19.1843608	106	82	60	82.54311324	17.70769238	134	114	92	113.7793208	16.33424335	83.97663432	0.1365259506
CACACGCGCTGTCTTA-1	462	2916	4123	420	286	13.75874126	12.18338217	124.869789	8.201189362	137	106	67	104.190885	27.43687107	101	70	43	70.96035854	22.50795298	143	109	81	110.8509027	24.44210202	279.8861083	0.08459012209
CACAGAGACGAGGACG-1	330	1730	4883	978	138	35.06521739	28.7589196	123.4352739	7.373045252	138	113	74	109.3502083	24.91966773	119	92	60	91.1430375	22.344953	140	119	92	117.2826663	19.01376623	82.08031154	0.1442588663
CACAGCACCCACGGCA-1	345	2067	4996	513	215	22.08837209	16.55537866	125.9752863	7.862357221	141	112	70	109.303497	27.69893874	104	75	42	74.12359551	23.59960371	145	113	78	112.3733115	25.48410001	193.5469867	0.09135960708
CACAGCTAGGGAGTGA-1	936	3408	3225	352	170	17.57058824	21.8577827	121.792566	8.188760885	132	98	58	96.39679333	27.7291713	97	68	46	70.35109203	20.43451923	137	110	86	110.9078399	19.85973642	133.8963228	0.1131189134
CACAGGGCCATATAGT-1	219	2380	5148	174	226	22.38938053	78.41826065	121.842463	8.031291231	137	114	80	111.8550688	23.61750077	133	69	42	78.2228254	33.63630553	137	109	78	109.1988385	24.16904295	155.0533708	0.1650462367
CACAGGGCCGTTGTCA-1	601	3316	3697	307	237	17.42194093	13.25565016	126.4729541	8.231768117	141	108	69	106.4330261	28.27935366	115	82	51	82.78689559	25.14195596	145	113	82	113.2177755	24.58876091	212.2681307	0.09234192645
CACATAAGGCGACCGT-1	310	3229	4346	36	100	46	133.9532008	121.214992	7.196944553	136	112	75	108.8404242	24.55867836	135	77	41	82.01830577	33.13522265	134	112	82	110.0550436	20.69697691	81.10508172	0.1621237205
CACATATTAGCAGGAT-1	579	3828	3297	217	242	18.38842975	19.16387437	125.9434658	8.675300357	140	110	75	108.8596137	25.18671567	123	92	63	92.60131297	23.76050109	145	115	88	115.6389345	22.49141107	249.1616445	0.08336160332
CACATCGTGCACGCGC-1	425	2820	4125	551	173	24.86705202	18.45255472	125.0163025	7.607763006	141	109	74	108.2541346	25.69290596	118	86	55	86.48213609	23.58580786	141	115	86	114.2321677	20.94911819	161.4392237	0.09703409073
CACATCTCACCGACGA-1	322	4064	3350	185	324	14.50617284	10.33587001	127.0638509	8.291288226	144	112	81	111.7279384	25.15660007	120	86	60	87.73955309	23.88488071	147	114	86	115.2548921	24.01050346	300.0015322	0.07523847083
CACATGATTCAGCAAC-1	492	4127	3177	125	246	17.77642276	14.89457576	125.5628533	8.333036684	140	110	75	108.4286075	26.35840557	108	77	46	77.50435551	24.35362635	146	113	79	113.2536296	25.97046446	260.8829162	0.07998347839
CACATGTTTGGACATG-1	194	744	5162	1821	135	40.5037037	46.87680846	119.5186192	5.605980861	132	115	86	111.33367	20.40835826	94	75	51	74.08168161	16.41208133	127	112	91	110.484661	14.77692726	59.87129724	0.1684934042
CACATTCTTTCGATGG-1	550	3501	3679	191	268	15.4141791	12.20487823	125.0162145	8.01604711	138	108	69	106.0007575	26.4040784	102	71	45	72.70950638	22.33710853	142	110	83	111.2112107	23.1644512	229.3632533	0.09342652073
CACCAGTCAGCATGCA-1	609	2059	3927	1326	115	28.54782609	27.15726934	120.7739251	7.217688932	131	101	57	97.54286075	27.53580194	103	75	44	74.79585911	22.16206305	134	111	82	109.7393006	20.17183678	90.02885598	0.1312344804
CACCATCGGAGGAGAC-1	250	2659	4727	285	244	21.14344262	20.96679454	122.7974471	6.859603061	137	113	85	112.0715819	20.60304824	120	95	69	94.97399318	20.40208941	140	117	94	117.2228254	18.03275826	140.4222421	0.1063478913
CACCCAAATCTTATGT-1	102	2818	4914	87	319	17.9184953	23.03859926	123.1817917	7.221538398	135	116	94	114.4238101	18.34919966	102	81	63	81.87968691	17.51667859	138	112	90	113.0395152	20.10365335	211.3166496	0.1034707341
CACCCACACGTCACCC-1	232	3933	3599	157	185	28.03783784	23.82058332	125.046633	7.328920696	141	114	88	114.2402474	21.3630458	115	86	63	87.43327863	20.41563754	140	116	95	116.4364348	17.35869692	133.5930797	0.108683027
CACCCACGAGGCAATT-1	386	4184	3165	186	318	13.93081761	11.06960226	127.1968686	8.967299558	143	110	79	110.2465598	25.51857184	110	75	51	78.34137104	23.52558643	147	111	84	113.4048731	24.35771732	297.6709653	0.08139567519
CACCCGGTTTGTGACT-1	628	3295	3487	511	181	20.40331492	16.01752459	124.819893	8.663232193	139	104	66	102.7463704	28.44902874	105	71	45	73.12296427	23.22254256	140	111	84	111.4604217	21.98428196	153.6272983	0.09879696586
CACCCTAACAAGATCT-1	581	3976	3092	272	273	14.39194139	10.39566377	126.7358127	8.714001232	142	106	68	105.5850271	28.42687077	108	72	45	74.8931953	24.45096565	148	110	82	112.2869587	25.30782272	278.8951736	0.08667268921
CACCCTTGGTGAGACC-1	156	1201	4915	1649	110	40.67272727	38.84493862	119.3585279	6.32732161	132	110	75	106.5862896	22.34536638	79	59	35	57.90203257	17.1321677	124	105	85	104.3503346	15.43574397	53.25293667	0.164008618
CACCCTTTCCTCGCTC-1	404	2962	4361	194	214	20.51869159	17.69384301	122.2649894	7.638999945	136	109	75	107.1392501	24.53316023	109	82	55	81.74182553	21.72944537	139	116	90	115.3692716	19.86897772	145.2954545	0.1008684052
CACCGATACACCGAGC-1	218	1538	5894	271	265	21.61132075	20.07542063	124.1718565	6.660216565	138	117	89	114.1174094	21.51992764	120	95	65	93.90380003	23.01671803	141	118	91	116.7654337	20.3933735	201.5764811	0.09863108456
CACCGCCAGAAGGTTT-1	93	3060	4509	259	229	22.08733624	18.85317358	123.7207924	7.679005308	137	113	89	113.0059336	19.86579363	95	71	52	72.66607752	17.7097393	136	110	89	111.3201616	18.75143918	168.0218335	0.1071597151
CACCGCCGACCAGCGA-1	152	2050	5587	132	229	24.95633188	27.28817292	124.0795003	6.330162404	136	117	89	114.5306148	19.52070827	123	93	58	91.76227749	24.62903758	138	117	94	116.7963641	17.78169509	134.1805414	0.1150366841
CACCGGTAGAGACATT-1	116	897	4148	2760	123	41.50406504	41.48785188	121.2877409	5.489144688	134	114	78	109.8012877	22.13995614	88	67	41	65.81580609	18.33267965	128	113	91	110.6520641	15.28890689	56.55643514	0.1688279566
CACCGTATCCCATCCG-1	349	1040	6285	247	146	39.60958904	264.2856843	117.8144516	6.37940541	134	124	75	113.5034718	26.40146326	134	67	31	85.84244414	44.37681575	134	117	73	108.6390607	27.16403406	139.2502554	0.2815358166
CACCGTTAGGGATCAC-1	380	2302	4390	849	184	24.09782609	18.40253987	124.2964389	7.90877616	139	110	74	108.2248453	25.43071849	112	82	54	82.28973614	22.29157998	139	114	88	113.9854816	19.82221617	155.6112104	0.09332526245
CACCGTTGCGCGATAT-1	132	1676	5153	960	179	28.01117318	22.32917495	123.0257814	7.066760656	138	113	84	111.7913142	21.30664781	106	81	56	80.97361444	19.14983704	136	114	90	113.5957581	17.6665863	103.2491062	0.1187931593
CACCTAATAGAGTCGT-1	545	1379	5403	594	137	36.83941606	31.26651005	122.7380205	6.717114847	137	114	69	108.4037369	28.27133498	102	79	45	76.16677187	22.42607881	138	117	82	113.1326853	23.16078824	100.7611083	0.1331579337
CACCTAATCAGTTTAC-1	552	4451	2784	134	263	15.18250951	11.36053464	126.5689313	9.33023274	142	107	69	105.7083702	28.43961244	104	68	40	70.54816311	24.85611638	148	111	78	111.9116273	27.00105937	309.7374872	0.07517114861
CACCTCGATGGTGGAC-1	731	3878	3065	247	253	15.19367589	11.0635087	127.2445621	8.299794334	142	105	66	104.7466229	28.98625647	109	73	44	75.16348946	25.12552826	146	112	81	112.7750284	24.94646484	275.3149898	0.07805290211
CACCTTGCGAAACTCG-1	212	3981	3499	229	312	13.69551282	9.403707963	126.5152589	9.026390337	142	109	78	109.5647014	24.59302653	94	64	41	65.98055801	21.04022217	142	107	81	109.8010352	23.73372154	292.8216292	0.07577520236
CACCTTGGCGCCTTTG-1	241	3480	4128	72	310	15.68709677	15.99683924	122.0765948	6.639005569	134	112	81	109.6216387	20.71414383	91	69	46	69.2971847	17.93837882	137	108	85	110.1473299	20.56742437	196.2189734	0.1094049285
CACGAAAGTTAGTCCC-1	334	2507	4559	521	141	31.0141844	23.7537562	123.3906883	7.791928858	138	110	74	107.6460043	24.98626664	99	69	42	70.13255902	21.72953188	135	111	87	111.1357152	18.7150646	103.0340909	0.1169550338
CACGACTAAAGTTCTG-1	33	1071	6721	96	71	106.3521127	160.4038125	124.2158813	4.394841647	134	126	113	124.6439843	9.735188581	136	127	112	125.2362075	10.52872575	133	126	113	123.8881454	9.204345269	38.96092952	0.260158869
CACGCACAGCGCAGCT-1	874	3337	3445	265	239	13.66945607	11.3956769	124.4604513	9.228881523	136	100	54	97.57783108	30.59232255	97	62	33	63.84244414	24.4813525	141	108	78	108.9293019	24.44243127	224.4908069	0.0881256863
CACGCAGCGAGGCTTT-1	238	3062	4208	413	201	19.73134328	13.97251968	124.4068374	8.707754994	139	107	73	105.9868703	25.97785524	92	62	38	63.46395657	20.99236658	138	109	83	109.580861	21.43948733	158.0671604	0.09665377681
CACGCGGAACTGTTGC-1	299	3356	4168	98	290	16.34137931	19.95228821	122.2864513	7.112777361	134	112	80	108.9554349	21.36752911	105	83	58	82.06981442	19.25067165	139	113	87	112.9941927	20.10940199	169.0259193	0.1122464643
CACGTCGGCAACCTCT-1	342	2825	4236	518	189	21.78306878	18.05402032	123.8742275	8.308682117	139	108	74	106.6520641	25.86638164	103	73	45	73.66431006	22.19995667	140	112	83	111.5631865	21.93327104	154.2623851	0.1002439226
CACGTTCGTGCTCTAG-1	677	4084	2935	225	272	14.09926471	12.44610733	125.4415965	9.160883264	140	106	67	104.1021336	28.54348898	103	70	42	71.8477465	24.37134438	146	110	80	111.6236586	25.51334122	273.4016854	0.08400894323
CACGTTTCGTACACAC-1	472	4240	3020	189	321	13.88161994	11.07908438	126.0762511	8.616827607	141	110	77	109.6834996	25.09574025	121	88	58	88.5162227	24.57754711	147	114	84	114.7014266	24.34960532	333.6675179	0.07557710486
CACTAAAGTTGCCTAT-1	395	2264	4763	499	200	21.705	17.2516079	122.9090649	7.784184198	139	109	73	106.7908092	26.61521552	98	70	44	70.38076001	21.58565767	141	113	84	112.779447	22.62874957	172.4597804	0.09889203386
CACTCAAGAGCTATGG-1	415	2425	4734	347	232	18.76293103	14.15979635	123.780828	8.20659532	139	109	75	107.1863401	27.20150917	103	74	45	73.96237849	22.80955551	144	114	83	113.2110845	24.30376055	198.6984168	0.09231793741
CACTCAGCTCTTGAGG-1	129	2005	5358	429	242	20.94214876	17.6135267	124.2780665	5.86315647	137	114	81	111.3084207	22.03835568	120	94	61	91.97475066	22.97836308	141	117	91	116.3547532	19.47795229	176.1670072	0.1010916408
CACTCCTATGTAAGAT-1	628	2799	3885	609	153	24.47712418	18.62042064	123.5716319	7.569363365	137	105	65	103.2134831	27.15178246	107	76	48	77.13230653	22.57208387	137	111	85	110.7848756	20.08771143	138.7991573	0.1013069433
CACTCCTCTCGGTCGG-1	296	3655	3801	169	293	16.11604096	16.34358634	125.2481373	7.889926618	140	112	79	110.599293	23.87823167	101	73	50	74.68703447	20.69984713	144	111	87	113.19139	22.37979957	245.8576353	0.08676669569
CACTCGAGCTGAACAA-1	578	3858	3334	151	238	15.83613445	15.66704635	123.8559166	8.295531842	136	105	68	103.7674536	26.09664588	104	73	47	74.56230274	22.3552181	142	110	82	111.1749779	23.24051169	199.4899132	0.09209428527
CACTGACGATTGTGGA-1	583	3461	3594	283	242	17.14876033	11.60589844	125.6193413	7.727441059	140	108	72	106.7690948	26.44909137	115	83	53	83.82843075	23.96241702	144	114	85	114.4116904	22.64458511	206.7868999	0.08587089061
CACTGTCCAAGTGAGA-1	85	1844	5213	779	201	25.83084577	19.22713784	125.3352833	7.290333006	142	115	87	114.265623	22.279086	114	85	56	84.94015907	22.85014728	139	115	91	114.95291	18.65474266	158.307712	0.09388276762
CACTTAATCAGACGGA-1	521	2774	4077	549	186	22.55376344	14.67130224	126.9370482	8.134829652	142	108	67	106.4993056	28.84068145	105	71	41	72.66241636	24.64448724	143	111	81	112.1257417	23.71110996	201.6841164	0.08534262313
CACTTCGCCACAGGCT-1	289	2081	5263	288	143	37.13986014	38.46142403	121.4071782	7.057564676	134	115	83	111.6526954	20.70271466	117	95	63	92.73702815	20.89679593	134	118	98	116.6924631	14.3535218	80.44356486	0.1466590516
CAGAACTTAGCCCTCT-1	280	4032	3368	241	316	13.83227848	9.561610802	127.5141841	8.536566643	144	110	79	110.6098977	25.48148783	117	82	56	84.58313344	23.76526282	148	111	83	113.2431511	24.92789676	328.1298519	0.0727665077
CAGACACCGATCGCTG-1	337	2189	4725	670	224	19.31696429	14.18319169	125.0299995	7.479638157	141	109	75	107.2426461	28.10946651	105	74	46	74.81492236	23.91297048	143	114	83	112.990784	25.50222303	212.4150919	0.08737636853
CAGACCTGTAAGTGTT-1	298	4218	3365	40	274	19.73357664	25.52696807	122.0391185	7.135514664	133	114	87	112.0371165	18.95106652	103	81	61	82.06728948	17.67667909	138	112	89	113.2532509	19.60693145	170.2187181	0.1125567336
CAGACGAACCTGATAC-1	565	3165	3633	558	200	18.655	12.15302329	127.1987777	8.861268562	142	105	65	103.6906956	29.25250247	104	68	41	70.55674789	24.1077431	145	111	80	112.0275218	24.6167339	176.4876149	0.09401099496
CAGAGACGGTCACCCA-1	580	1892	4864	585	215	20.26976744	14.52733646	124.0370118	7.776286543	138	109	63	104.6961242	30.5785512	102	73	39	71.81277616	24.67244664	145	115	76	112.4702689	27.67924848	201.3524004	0.09510088729
CAGAGCATGAGCTTGC-1	209	5118	2539	55	290	17.28275862	13.09998865	124.7246913	7.572443971	140	113	86	113.2072971	21.49487133	110	81	59	83.21196819	20.83238518	142	114	89	115.1109708	21.05101521	228.4955312	0.0864222971
CAGAGGCGATGCATGA-1	703	2382	4334	502	195	20.72820513	14.82627516	124.3301947	8.057377309	140	107	57	102.9657871	31.34687631	100	69	35	68.21966923	24.70024249	143	113	75	111.1369777	26.32880948	212.1861593	0.08855070439
CAGAGTGATTTAACGT-1	109	3178	4504	130	265	19.79245283	16.59842967	124.8150376	7.183296393	138	115	88	113.6086353	20.63800812	115	83	54	84.27749022	23.9606737	140	114	90	115.0035349	19.87772209	180.1816905	0.09664391267
CAGATACTAACATAGT-1	2486	3104	2096	235	101	17.7029703	16.32803854	121.5502782	8.337834274	123	73	40	78.17346295	32.19744364	87	52	31	56.01211968	22.46872684	129	101	75	101.7153137	20.73928138	91.52464249	0.1356301392
CAGATATGAAGATGAC-1	165	445	4848	2463	111	56.01801802	57.94607341	122.5937211	4.261451097	135	119	94	115.6016917	19.59617028	116	98	74	96.05782098	18.19993576	134	121	101	118.5827547	14.90870252	49.85712462	0.1722445602
CAGATCCTGGTTTGAA-1	360	1418	4755	1388	120	38.59166667	48.76362986	123.4031368	8.186323261	139	112	73	108.6752935	26.54937269	94	62	38	64.28872617	21.89101641	134	111	84	109.2928923	19.79941227	76.15883555	0.1464462833
CAGCAGCCCGTTCCTT-1	394	3126	4302	99	312	14.1025641	8.877499278	122.2206392	6.935516789	134	109	76	106.5486681	24.91464912	97	71	45	70.77136725	21.15468948	143	113	80	112.3669991	25.70705029	252.4019408	0.08257738251
CAGCAGTCCAGACTAT-1	644	4668	2589	20	275	16.41454545	19.37052511	120.9059155	6.758928431	130	110	77	107.1074359	20.64485458	107	85	58	84.18974877	19.40538181	136	113	91	113.4873122	18.56382098	157.6825843	0.1146218426
CAGCAGTCTGTGCTGC-1	183	3805	3686	247	313	15.71565495	11.1168199	127.6062303	8.605274667	145	113	84	113.8358793	24.4916003	123	89	62	91.09771493	24.32240516	149	115	87	116.438076	23.89154015	290.1160623	0.07572674172
CAGCCGGGCCCTCTAT-1	205	3590	4045	81	267	19.48689139	17.59029185	124.6191322	7.125773876	138	114	85	112.9217271	21.66550719	108	81	55	81.59891428	21.4484192	142	114	89	115.189875	21.07577191	210.3845761	0.08931911277
CAGCCTCCTGCAGAGG-1	763	3936	2958	264	259	13.78378378	9.503889042	126.7668265	9.214072401	141	103	62	102.1790178	30.00218852	98	62	35	64.5770736	24.24563208	147	107	78	110.0804191	26.37102773	324.7041624	0.07964185339
CAGCCTCTCCTCAAGA-1	147	4109	3639	26	273	21.17948718	24.28208803	122.7306969	6.572187415	134	115	93	114.2918823	17.41577082	101	74	56	76.6706224	18.58115015	135	111	89	111.9588436	18.50842022	163.6733912	0.1192825714
CAGCGATTCCCTTCAA-1	340	2596	4184	801	197	21.8071066	15.99058575	125.7949407	7.541181175	143	109	73	108.2572907	27.09949229	111	78	49	79.14429996	23.78248565	142	114	85	113.9075874	21.82403823	185.788049	0.08774830312
CAGCTCACTGAGACAT-1	191	3227	4149	354	228	20.85087719	16.6294668	126.6272728	8.329802872	143	112	80	111.9101124	24.54772051	109	77	50	78.65825022	22.78287619	143	114	87	114.3366999	21.45200431	213.8857252	0.08433451878
CAGCTCGACAAGTTAA-1	454	3573	3808	86	273	15.2967033	13.39276594	122.5554967	7.374119169	134	108	72	105.4845348	23.84393127	103	76	52	76.87526827	20.21716078	138	111	87	111.6311072	20.16618275	202.3928754	0.09414886115
CAGCTCGTGCTTGTGT-1	673	2118	4748	382	173	25.07514451	19.48528764	124.820594	8.079007679	138	109	60	104.1448049	30.9683283	101	72	37	70.54424946	25.00015084	142	114	76	111.1550309	26.28818184	147.3387385	0.1112739493
CAGCTGGCGTAACCGT-1	354	1986	4736	845	126	34.3015873	33.32077617	121.8786458	6.466734816	135	109	72	106.0807979	24.79282746	105	80	53	78.78916803	20.18362214	133	114	89	112.3830324	17.70607517	83.28536772	0.1326376705
CAGCTTAGTAGGTAGC-1	291	2347	4642	641	131	29.74045802	24.16375046	121.6883881	7.144824498	134	106	72	104.2441611	24.71114221	88	62	40	63.01830577	18.86747497	131	107	84	106.6672137	18.37736121	96.21041879	0.1188999376
CAGGAAGACTTTATAT-1	161	2587	4930	243	268	18.75	16.73857931	124.4427144	7.314887684	138	114	81	111.6572402	22.32895091	115	85	56	85.00656483	23.10285499	142	114	91	115.0598409	20.39872597	219.7288049	0.0894364213
CAGGATATATCGTTGT-1	543	3191	3785	402	250	15.944	11.10229093	126.7077001	9.071375299	142	107	64	104.5722762	30.04275637	110	74	43	75.08963515	26.22302537	148	112	79	112.4594117	27.19764336	279.203524	0.07648815654
CAGGCCAGTACCACCT-1	1850	3086	2721	264	63	48.3015873	111.9924367	124.0093893	12.4200836	139	95	28	90.88890292	41.01700165	136	55	17	64.07839919	41.01356976	141	99	49	97.61797753	34.27374078	76.45658836	0.1856310068
CAGGCCGTTTGGGTGT-1	550	3083	3826	462	196	21.31632653	14.20735433	126.5441065	8.727152603	143	108	68	107.039894	27.97648433	105	71	44	73.37002904	23.25842817	141	111	85	112.3407398	21.38203529	168.6002298	0.09884507226
CAGGCGCACGGTGGTC-1	522	1907	4836	656	145	30.89655172	24.38476747	122.7550696	6.401671212	135	110	72	106.2918823	26.15968069	107	80	50	79.33430122	22.24386188	135	113	86	111.179649	19.9279201	109.6232125	0.118904228
CAGGCGCCATGCTAGG-1	939	4357	2531	94	229	16.03930131	14.31715713	123.7953993	8.80027654	137	104	63	102.6211337	27.75826272	106	73	46	75.06451206	23.7033811	145	110	82	111.847999	24.38232535	211.9452247	0.09251048188
CAGTAATCCCTCCCAG-1	233	1373	5393	922	142	36.85211268	24.33277138	125.2487	6.164643177	140	116	83	112.3776038	24.33673002	106	81	53	79.71518748	21.21346369	138	117	91	114.5955056	19.74408929	95.92185904	0.1255949905
CAGTACCAGTTTACGT-1	208	1474	4823	1416	123	37.58536585	39.46922787	120.4134229	6.653637527	135	111	76	108.0530236	22.66514038	89	65	43	66.08496402	17.72831413	131	110	88	109.7203636	16.46250174	65.69113892	0.148744753
CAGTAGCCCACGCGGT-1	386	4235	3176	124	303	15.11881188	15.47485161	124.0548908	7.73018449	137	111	81	109.525565	22.12043983	108	81	57	81.80292892	20.2468087	141	112	89	113.9747507	20.66433863	224.4159857	0.093609316
CAGTCGAGGATGCAAT-1	239	2554	5004	124	221	23.19457014	27.64485776	120.928231	5.75814698	131	113	84	110.256912	19.25855212	93	73	51	73.02449186	16.71199124	135	112	89	112.0989774	18.50047138	145.2058223	0.118671629
CAGTCTCTCGGCTAAT-1	520	1588	4796	1017	167	28.24550898	18.00248388	124.567599	7.226567031	139	112	66	107.7004166	28.2417336	102	75	44	74.36763035	22.32721806	137	114	86	112.1638682	20.77516027	130.5	0.1097179109
CAGTCTGTATACTGGG-1	482	3220	4053	166	255	17.57647059	13.39860379	124.6396321	8.16517555	138	110	72	107.2648655	26.17013448	117	86	55	86.52733241	24.26083467	144	115	86	115.0679207	22.7706809	218.5135342	0.09009388211
CAGTGAATAAATGACT-1	490	3589	3528	314	287	13.38675958	10.8045786	126.3526273	9.419619923	141	106	68	104.931448	28.70912457	99	64	38	66.79813155	23.32627625	146	108	79	110.5383159	25.75424193	320.3455056	0.0760403178
CAGTGGTTGCACATGA-1	706	2066	4234	915	129	28.82945736	20.6529552	123.0923033	7.608499318	135	104	55	100.248706	29.67659297	98	69	40	69.68514077	21.86190242	134	111	80	108.6057316	20.97026499	103.3374617	0.1201719617
CAGTGTCCGCAGAATG-1	248	1989	4948	736	166	30.04216867	23.41978167	124.9684776	7.437468273	142	114	81	111.9585911	24.66230047	104	76	51	76.71089509	20.74094595	139	114	88	113.6650675	20.40740966	141.4297753	0.1012827101
CAGTGTCGGCTGGCCC-1	255	3704	3788	174	349	13.44126074	10.09979515	125.6569542	7.723456222	140	112	82	111.1882338	23.07742178	116	86	60	87.23658629	22.26834948	144	112	86	113.866936	22.52002644	284.9541624	0.07919348193
CAGTGTTAATCTCTCA-1	723	1744	3764	1690	85	51.55294118	69.33711439	122.6037592	8.405262872	140	111	56	104.9165509	31.58088159	136	82	42	84.78108825	33.15156383	141	117	78	112.6437319	24.47569283	89.49757406	0.1493073737
CAGTTCAAATTGACAC-1	215	2548	4778	380	199	23.93467337	18.07329449	124.6554136	7.66409016	140	112	81	110.9536675	24.10481362	94	67	44	68.04128267	19.64123845	138	111	86	111.942684	20.24694777	141.5210674	0.1063255619
CAGTTCCGCGGGTCGA-1	218	1025	5410	1268	156	33.83333333	28.44288774	123.1534502	6.076093347	137	115	86	112.3509658	22.06627813	107	82	56	81.42620881	20.09983013	134	114	91	113.2090645	17.20208129	84.20888662	0.1350276481
CATAACGGACAGTCGT-1	406	3874	3521	120	322	14.26397516	11.52832888	123.9178188	7.487502369	136	111	78	109.1783866	22.83461487	101	75	51	76.14240626	20.0180116	142	112	86	113.172958	21.77367211	221.7145046	0.09432242662
CATAAGAAGCTTGGCT-1	494	3955	3230	242	260	16.9	12.52557384	126.5451176	8.107689327	142	110	75	109.2644868	25.79013438	117	84	55	85.42557758	24.00143701	146	114	85	114.9041788	23.7857984	241.9342441	0.08578913742
CATAATGAGCGGGCGA-1	363	2154	4821	583	201	21.74626866	16.31774965	122.8206195	7.028874141	137	109	73	106.8395405	24.92112303	101	74	49	74.95568741	20.48613649	137	112	88	112.4033582	19.44801425	146.7967314	0.1026885536
CATACAAAGCCGAACC-1	860	2668	4066	327	162	24.45679012	23.60375016	123.745595	8.104164391	138	107	55	102.0099735	30.92549254	104	74	37	72.54058831	24.75109064	142	113	76	110.8171948	25.20446698	145.645429	0.1022755735
CATACACGGTTCCCAC-1	627	3064	3806	424	221	17.19004525	12.20377846	125.7326649	8.345899949	140	105	63	103.3563944	29.30847757	117	82	48	82.27925767	26.70503188	144	112	81	112.2307789	24.65554172	195.342952	0.08751097429
CATACCCGTACCCAGT-1	529	2413	4548	431	165	26.78787879	22.40529912	123.6202333	6.653900679	137	110	68	106.5412195	26.47517385	101	75	46	74.49614948	21.17997536	136	114	86	112.5370534	19.36171669	120.7376149	0.1173258856
CATACGAACTAGCTGG-1	339	2600	4593	389	171	23.43859649	22.7395764	120.0975641	6.797732729	133	107	72	104.4051256	23.81119967	103	78	50	77.32596894	20.28399039	136	112	87	111.6654463	19.22020197	118.7683861	0.1121617424
CATACGGCGTCTGGGC-1	773	3610	3319	219	253	16.00395257	13.15354685	125.4909518	8.769472594	140	107	64	104.7033203	29.20732606	104	72	43	72.92235829	23.86705501	143	110	80	111.2701679	24.40183486	246.1215526	0.08427704863
CATACGGGTGCATGAT-1	235	1062	3523	3101	50	109.16	543.5728235	119.0308921	6.024665455	131	121	74	111.0213357	23.95043749	130	81	37	86.43062745	37.73746031	129	119	88	112.9011488	17.13575462	46.96501532	0.2846774939
CATACTATGTAATTGT-1	607	3801	3277	236	185	22.32432432	15.1469452	126.6112134	8.29412751	142	107	71	106.7442242	27.70565935	101	68	42	70.03042545	22.9086208	140	111	84	111.4605479	21.88569057	184.6839888	0.09149434533
CATAGCCGCCCGGGAT-1	105	484	5386	1946	155	36.89032258	43.13169148	120.2138611	6.365757664	134	115	93	113.8202247	18.04148735	115	95	71	93.66077515	17.59827314	134	116	94	114.5529605	16.04176484	64.02132278	0.1559635998
CATAGCGTTGCCCACC-1	198	2614	4458	651	209	22.69856459	17.29258623	127.0982133	8.366212779	144	113	81	112.1480874	25.00236397	119	87	58	87.51773766	23.88149254	142	115	90	115.619745	20.48056858	199.2976251	0.08458871562
CATAGTACATTGAGAG-1	263	3396	3881	381	268	15.90298507	11.95006364	125.2885639	8.190005415	141	109	78	108.7957329	24.97030555	99	67	45	70.25097841	21.11423129	143	109	83	110.9928039	23.44674505	258.2318693	0.08248641458
CATAGTAGCATAGTAG-1	93	3442	4088	298	208	25.80288462	17.99638295	126.3322417	7.727525771	144	115	90	116.0765055	21.06972463	114	84	60	85.7695998	21.11045049	141	115	94	116.1777553	18.30824912	169.8735955	0.09337703042
CATAGTCCACAAGAAC-1	171	2535	4802	413	211	22.67298578	16.18618509	123.3434183	6.718779349	137	112	84	111.2636031	20.93478128	106	81	56	81.29996213	19.08426649	136	113	91	113.277364	17.55786017	128.0187692	0.1028670799
CATATAGGTACAGTCA-1	385	2941	4299	296	228	18.53070175	12.09008313	125.1340474	7.411335843	140	108	70	106.4392122	27.37360685	109	77	47	77.92702942	24.10203718	144	113	83	112.8151749	23.82057827	203.4332227	0.08896249752
CATATGTCAGGCTACG-1	266	2004	4897	754	126	33.69047619	35.93191628	120.6618289	7.183222127	135	108	75	106.5378109	23.41353838	97	71	47	71.20123722	19.43590045	132	109	87	109.1419013	18.09873642	79.98008172	0.1371959415
CATATTATTTGCCCTA-1	509	4419	2920	73	280	16.11071429	15.70800158	124.0658525	8.346287569	137	110	72	107.6861507	25.49433936	112	83	53	83.52745865	23.73169439	142	114	88	114.9171822	22.17166749	240.1769663	0.09158595158
CATCATCTACCCGGAC-1	271	2828	4549	273	252	17.93650794	15.1493863	122.4677768	7.048668593	136	110	79	108.7204898	22.85534439	99	72	48	73.2458023	20.22384649	140	113	87	113.4885747	20.85342168	181.4143258	0.09543314912
CATCATTACCCTGAGG-1	235	4081	3507	98	309	15.48543689	14.57368117	124.9690241	7.902575306	139	112	82	111.1367252	22.86557139	116	87	60	87.43264739	22.68367724	143	114	87	114.6324959	22.33273531	251.5879724	0.09152767695
CATCCAATATAGTTTG-1	594	1095	4476	1756	100	53.88	58.04968217	123.8800948	5.793611359	136	118	61	109.0056811	28.30667078	113	91	46	85.87564701	24.71133819	135	119	88	115.1354627	18.7409319	64.47625128	0.1687093311
CATCCTCTCAAAGATC-1	367	4399	3057	98	318	14.85220126	10.68356368	126.2101279	8.245101843	142	111	82	111.458528	24.14257358	116	84	57	85.7066027	23.24540195	147	113	84	114.4466608	24.16820166	282.3008172	0.08290962958
CATCGCCCGCGGCCAA-1	380	1620	5356	565	193	24.40414508	20.49269764	122.5444387	7.362765693	137	111	77	108.0325716	26.44053862	95	70	43	69.50435551	20.78237462	139	114	83	111.8878929	23.03987982	126.1303626	0.1129509564
CATCGGACGGGTTAAT-1	546	3382	3773	220	236	18.0720339	13.17512027	126.1756743	9.0947086	141	109	69	106.6869082	29.05339353	103	71	40	71.51458149	24.4941	147	112	79	112.4214114	26.52130349	229.6167007	0.08471813923
CATCTTACACCACCTC-1	119	3164	4458	180	284	18.6056338	15.5830161	124.9072985	7.34693259	139	114	89	113.9147835	20.52822051	103	78	57	79.4626941	19.1565792	142	111	87	112.867441	21.94086235	230.796859	0.09617003269
CATGAACCGACATTTG-1	380	3463	3993	85	184	25.9076087	21.47033208	124.4088406	7.11477495	140	112	80	110.3375836	24.79885322	100	73	48	73.89572024	20.51884094	139	114	86	112.8887767	20.61925726	146.3447395	0.09795191494
CATGAACCTCTTATCA-1	82	2866	4682	291	264	19.31060606	17.44412403	127.5645568	9.671369167	144	114	88	114.8269158	22.94707111	123	86	52	87.2019947	27.72069927	145	114	86	114.7636662	23.15158542	220.848953	0.0947244937
CATGAGATGCACTCTC-1	322	4548	2853	198	315	13.67301587	8.798145662	126.7670973	8.841720709	144	109	80	110.1369777	25.51878188	115	79	54	81.99343517	24.40754026	149	111	83	114.0292892	25.42877899	326.6075077	0.07084005905
CATGATGCACAATTCT-1	630	2437	4524	330	242	16.82644628	12.28798895	124.1806645	7.322447803	136	108	57	102.5549804	29.79874485	103	72	38	71.51508648	24.50691476	143	112	78	111.4009595	25.23961311	229.2362104	0.08737129676
CATGATGGAAGTTAGC-1	94	4021	3772	34	315	15.75873016	16.70202568	120.0668142	6.124483148	130	112	86	109.9697008	17.65651858	86	69	51	69.03787401	14.64069795	133	109	88	109.895594	18.53273515	201.7755363	0.1032026417
CATGCATGGAGACCCT-1	505	2349	4568	499	272	15.73529412	10.22952424	125.2212574	7.228689283	140	109	69	106.6225224	27.94958973	95	64	38	65.0743593	22.7376068	140	108	80	109.2080545	23.64300496	216.4163687	0.09113540196
CATGCCAACTCGCAAA-1	322	1667	5153	779	136	34.58823529	30.77371648	120.8775427	6.081688747	134	112	77	108.3221815	23.10296465	105	82	55	81.06034592	19.67793698	133	114	92	113.0695619	16.60776278	69.72944331	0.1425732135
CATGCGACCAGTTTAA-1	446	3454	3996	25	244	18.39344262	21.77231562	119.6081322	6.256519316	128	110	71	104.9271557	22.10725188	86	68	44	66.44918571	16.4348795	132	109	87	109.4918571	18.29137468	129.3641471	0.1259891272
CATGCGTTAGACAGAA-1	798	3265	3599	259	219	17.11872146	13.78088698	124.8277856	7.878481704	137	105	60	102.3296301	28.64173949	103	71	42	72.31927787	23.49396435	141	111	81	111.3502083	23.31131836	212.4315628	0.09209887193
CATGCTGGCTCCAATT-1	354	3382	3997	188	257	16.85603113	12.31235392	122.5222507	7.519464228	136	109	77	107.4813786	23.87960455	97	70	48	71.57972478	19.49822487	139	111	87	111.9202121	20.27111275	156.4196885	0.1067256947
CATGGATTGTCTTCCG-1	321	2033	5489	78	149	37.93959732	96.83925851	121.9820186	9.67259483	136	122	76	114.1605858	24.70177568	134	107	37	90.8969827	39.74998233	135	119	71	109.6601439	26.72406449	215.4041113	0.1771705857
CATGGCAGGAAGATCG-1	311	4005	3503	102	233	20.49785408	14.31291156	127.2491686	8.680438646	144	113	81	112.5181164	25.12582061	115	82	55	83.34907209	23.37157468	143	114	89	114.7408156	21.34375142	207.4938713	0.08114682222
CATGGGTATGCCTTAT-1	238	3619	3748	316	312	15.1474359	12.77959335	126.948797	8.516573603	144	111	80	111.4683752	25.2726037	128	95	65	95.94988007	24.96479304	148	115	86	116.3500821	24.01317397	339.1921604	0.07138102789
CATGGGTCGGGTGTGG-1	338	3300	3935	348	310	12.94516129	9.723942474	124.6091663	8.039248734	139	107	72	106.1094559	25.71795517	98	67	44	69.504608	21.28004484	143	109	82	110.9238732	23.43739723	259.2492339	0.0863996978
CATGGTAAGTAGCGTT-1	519	4351	2947	104	265	19.72830189	20.83415535	126.0197125	7.68939789	142	115	85	113.8423179	22.48579362	135	104	73	103.744098	23.96813914	146	118	92	118.3416235	21.17891861	230.2757916	0.09188098293
CATGGTCTAGATACCG-1	61	3089	4538	233	254	21.57480315	19.25073664	123.7872777	6.997427417	138	115	93	114.9804318	18.51239435	105	80	60	81.70546648	17.97370694	138	112	90	113.2423936	19.29379563	176.5509448	0.1003761437
CATGTAAGAGACATTT-1	363	4614	2774	170	317	15.85488959	11.75718116	127.3462841	8.924293102	143	114	85	114.0457013	22.83917706	129	98	71	99.60421664	23.05579708	147	116	88	117.0623659	23.22450218	307.8984934	0.07823181318
CATGTCTCATTTATGG-1	732	3988	3051	150	281	14.60854093	11.31668681	124.6520312	7.371286363	139	108	71	106.3324075	26.01961369	113	82	54	83.01716955	22.94110645	145	112	85	113.2810251	23.08595455	274.8254597	0.08188092109
CATTACGTCGGCCCGT-1	226	1529	5548	618	243	21.10288066	15.84783975	125.6313956	6.54316013	140	115	83	112.2769852	24.6230624	104	78	50	77.01237218	21.7252611	143	116	86	115.0794092	23.34150892	208.5431563	0.08698498958
CATTATCCCATTAACG-1	249	1803	4899	970	170	25.62352941	20.45050062	121.1771355	6.379347137	135	109	78	107.1956824	22.93144934	106	80	55	79.82577957	19.73970106	137	113	90	112.9008964	18.60506969	110.3322268	0.113104031
CATTATGCTTGTTGTG-1	102	2444	5056	319	240	22.39583333	22.14604892	123.467963	6.859826854	138	114	90	114.1624795	19.37117719	112	86	62	86.71329378	19.83900576	137	114	93	114.7227623	17.72860384	141.040858	0.1088899821
CATTCACTGACAGCTA-1	51	2754	4819	297	264	19.375	17.48959377	125.3885133	7.642619169	141	114	88	114.2118419	21.00747587	101	73	50	74.55700038	20.67191767	140	111	86	112.4216639	21.00859697	197.2658325	0.09043938087
CATTCAGGTCAGTGCG-1	279	959	4839	1844	132	37.14393939	31.22308115	120.8053341	5.959894826	135	112	79	108.6000505	23.48438511	89	69	45	67.63893448	17.42035949	131	112	90	110.5937382	17.0829779	76.24961696	0.1392502204
CATTCCCTAAGTACAA-1	354	1336	4786	1445	125	37.008	36.9846446	120.0797238	6.052864672	133	111	76	107.6218912	22.81021352	98	76	51	75.26019442	18.15309892	130	112	91	110.7597526	15.62917636	65.92581716	0.1450991054
CATTTAGCGGACCATG-1	239	4660	2917	105	333	13.97897898	10.33825121	126.1278852	8.286868365	144	111	82	111.7535665	24.26540475	109	76	51	78.17093801	22.6903611	146	111	84	112.9164247	24.0596266	333.8586568	0.06867448843
CATTTCTAGCAGACTA-1	315	929	5472	1205	149	33.06711409	29.94932284	122.3705479	7.160178784	137	113	80	109.342381	25.06484322	95	73	47	71.57050877	19.62950892	135	114	88	112.0706981	20.62633211	84.43845761	0.1417737644
CATTTGAGTGGTACGT-1	256	2309	4624	732	213	21.59624413	15.40521176	127.4876376	7.648577554	144	112	75	110.4994319	26.85945185	111	80	49	80.04355511	23.87566152	144	115	86	115.0518874	22.33405377	186.0879724	0.09149504694
CCAAACAGAACCCTCG-1	71	2842	4640	368	203	25.43349754	21.00807401	123.894069	7.236255519	139	113	89	113.8606237	19.38992553	104	77	56	79.08812019	18.71695124	135	111	91	111.9454614	17.19444939	122.5798008	0.1143637013
CCAACCTTATGTAACT-1	76	565	5950	1330	137	46.76642336	76.63547832	122.3834587	4.909281792	134	121	98	117.9501326	16.12704932	131	100	71	101.6779447	23.39162704	132	121	100	117.9880066	13.72050375	57.74093463	0.204922111
CCAACGATGCACTGAT-1	345	3066	4142	368	186	24.24193548	20.2059441	124.4442377	7.008164125	141	111	77	109.5504356	24.88526912	104	75	49	75.80987249	21.19174897	140	113	87	113.0965787	20.49850613	152.284857	0.09726539427
CCAAGAAAGTGGGCGA-1	332	1892	5081	616	237	18.97468354	15.15905101	124.2919147	7.60385718	140	111	75	108.1152632	27.21170576	104	75	46	75.26739048	23.2191376	143	115	84	113.8286832	24.66728615	187.578907	0.08842420266
CCAAGACTTCTGCGAA-1	103	2731	4763	324	223	24.13901345	19.72509392	125.9496752	7.771823327	144	116	89	115.9311956	21.98352869	118	87	62	88.38846105	22.24195746	143	115	90	115.7684636	20.68927562	188.1322778	0.09316164248
CCAAGCGTAACTCGTA-1	194	3269	4088	370	290	17.74137931	13.91248552	127.7102919	7.368726887	145	115	86	115.0318142	23.33311566	116	84	59	86.11097084	22.21506435	146	114	88	115.1777553	22.33462481	258.5730337	0.08042081695
CCAAGGAACAGAGAGG-1	800	1737	4740	644	178	22.51123596	16.73898724	124.5856518	7.730239423	136	107	50	101.4398435	31.25883405	93	67	30	65.23646004	23.0644413	141	113	71	110.0354753	26.1509728	145.1064862	0.1096695476
CCAATAGTGCCGTCGA-1	355	2543	4599	424	191	24.31937173	18.73590476	124.7939789	7.435229645	140	112	76	109.6492867	25.56651572	104	75	49	76.22030047	21.51723993	138	113	89	113.3509658	19.41488605	147.4969356	0.09867162223
CCAATCGGTAGATCGA-1	266	2771	4544	340	286	17.56993007	15.20881477	125.6939638	7.053916617	141	114	82	112.2667592	23.3055359	113	83	56	83.78525439	22.67944537	144	114	89	115.2687792	21.38336203	233.2567671	0.08540030024
CCAATGTCACAGCAAG-1	420	3405	3634	462	191	20.79057592	14.24534884	125.6965165	9.337742396	143	107	71	106.3257164	27.36617286	101	66	44	69.3255902	22.2468372	142	110	85	111.5309936	22.18678851	175.4708887	0.09269689939
CCAATTACGGGTCGAG-1	171	2911	4555	284	288	16.80208333	16.43967495	123.728002	7.953926338	137	112	83	110.8644111	21.51778499	99	71	49	72.73993183	20.77586201	139	110	87	111.7086226	20.54189957	201.0211951	0.1031910095
CCAATTGAATGTTAAT-1	167	2081	4780	893	213	24.35211268	18.43407128	125.7415389	7.640081842	143	114	85	114.0626184	22.74313553	117	86	60	87.48074738	21.94006974	141	115	93	116.3343012	18.64879756	169.8139683	0.09821499266
CCACAATGTACGTCTT-1	745	4161	2878	137	282	11.55673759	9.070174058	123.0610587	8.784357212	134	101	62	99.11273829	27.53638106	93	63	38	64.8856205	21.59257183	141	108	80	109.703194	24.04129766	266.1772217	0.08669229202
CCACACTGAGATATTA-1	295	3112	3898	616	214	19.96728972	14.85895857	126.12304	8.444038346	143	108	75	108.8012877	26.18634056	104	71	45	73.18583512	22.94892165	142	111	84	112.4681227	22.26578556	218.0340909	0.08218588666
CCACAGCTGAAATCAT-1	453	1635	4795	1038	171	26.94736842	20.49911228	124.051751	6.659877737	139	112	69	107.332155	27.53413165	99	71	42	70.61684131	21.66943033	137	113	84	111.3767201	21.55457973	146.171476	0.1016996634
CCACAGTACCCATCCT-1	258	3628	3935	100	321	15.30218069	13.68307143	125.0487002	8.294119011	140	113	82	111.7063502	22.74048208	117	90	63	90.1046585	21.73363162	144	114	85	114.4525944	22.61644655	272.7106742	0.07619840538
CCACCAACTTTACTGT-1	315	3028	4028	550	184	23.48369565	17.41718777	125.564438	8.231455398	142	110	75	108.8697134	25.90793803	113	80	52	81.38050751	23.45402514	142	114	87	114.5845222	21.13435556	186.8724464	0.08584805617
CCACCCAAGGAAAGTG-1	448	3847	3501	125	215	14.68837209	17.74733795	118.2047795	8.123597419	125	101	68	99.12548921	22.15560898	108	70	46	73.51003661	22.99496729	136	113	92	113.5566216	17.36531614	130.8107763	0.1206647378
CCACGAGAAGAGAATC-1	540	3832	3265	284	267	15.28089888	11.9405413	126.0554283	9.457826688	142	107	73	107.0819341	26.78809056	117	81	51	82.72806464	25.44925776	145	112	84	113.9563186	23.4990132	272.8262257	0.08492488968
CCACGGAGCCATAAGA-1	126	1740	5337	718	170	29.25882353	21.57457815	123.2191804	7.016906974	137	113	86	111.9780331	21.10650808	103	79	56	79.05302361	18.40476784	134	112	91	112.2999621	17.07009429	85.40206844	0.1312270564
CCACGGCAGGTGTAGG-1	426	2079	4660	756	160	26.56875	24.54221411	122.8914485	9.406319144	138	108	70	106.1621007	26.44043899	118	87	56	87.38151749	25.73526535	139	115	87	113.6432269	20.54900369	117.2470633	0.1143006223
CCACTAAACTGAATCG-1	180	1282	4809	1650	121	32.79338843	34.14793227	118.4369963	6.292712392	130	107	73	103.5990405	22.97662027	81	57	34	57.88360056	19.41915245	123	105	85	104.2070446	16.59306901	53.08631256	0.1670042471
CCACTGGTGGCTGGTT-1	235	1503	4856	1327	134	31.85074627	24.06691774	120.8958444	5.990685327	133	109	76	106.1057947	22.70049846	93	70	48	70.2725666	17.96632561	129	110	89	109.1283929	16.26345567	96.09052605	0.1232532443
CCAGAAAGCAACTCAT-1	235	2635	4447	604	182	22.98901099	17.4636165	123.8427975	7.349332127	139	108	72	106.4411059	26.02900787	102	73	46	73.50119934	21.77429596	139	113	85	112.1190506	20.95693499	163.8086057	0.09197610792
CCAGAGACAAAGCCGG-1	46	1194	5324	1357	151	34.99337748	30.07374968	121.4432002	7.004567575	136	114	89	112.9501326	18.50977319	102	78	58	79.29503851	17.34912779	132	113	93	112.6006817	15.07610603	71.75702247	0.1427389385
CCAGATAGTTGAGTGA-1	578	4383	2859	101	307	13.54071661	9.591364371	125.0811874	7.484715288	138	108	73	107.068552	25.09132361	107	76	48	77.48175735	23.09131086	146	111	84	113.4311324	24.01676571	308.2328907	0.0731228777
CCAGCCTGGACCAATA-1	616	2410	4741	154	222	19.02702703	15.05812131	122.1978195	7.140152257	133	108	59	102.8314607	28.69401588	95	69	36	67.6817321	22.37147964	143	114	75	111.2134831	26.5415092	202.1939479	0.09907448024
CCAGCTACGCCTCATA-1	433	1547	4913	1028	177	25.4180791	19.35558754	123.5223712	6.965696288	137	111	71	107.00101	26.84493289	96	71	42	69.9294281	21.1308425	138	113	83	111.5510668	22.08782322	142.1204035	0.1043285086
CCAGCTCGAACGCATT-1	411	3596	3768	146	265	17.51698113	13.77613106	124.2355333	6.664125066	137	111	80	109.7016791	22.78085404	114	88	60	88.01249842	21.5391288	141	114	88	114.629466	20.76983078	208.9828907	0.09224353356
CCAGCTGATGGTACTT-1	476	1703	5077	665	144	29.33333333	22.31062278	121.6463687	7.1702882	134	108	73	105.4393385	25.10534075	93	69	44	68.87438455	18.91588972	130	109	86	108.1112233	18.29997697	95.65308989	0.1256280471
CCAGGGACGTGGCCTC-1	518	3157	3793	453	174	19.40229885	14.48142669	121.8571729	7.481781428	134	102	65	100.3548794	26.2340168	92	63	41	65.20489837	19.76683441	138	110	86	110.8206035	20.29285675	150.5909091	0.1053653036
CCAGTAGTCTGATCCA-1	246	2944	4630	101	304	15.54276316	14.39680201	122.0552285	6.29621955	133	111	81	108.9195809	20.9562875	97	75	51	74.60080798	18.57276438	139	110	88	111.7544502	20.43562135	186.2497446	0.09705256597
CCAGTCCATTATTCGA-1	401	1485	4885	1150	150	29.53333333	23.3365712	122.0203811	6.204786941	135	110	71	106.1035223	25.42569548	92	69	43	67.98396667	18.9893789	132	111	85	109.2825401	18.62650824	83.13329928	0.1350140058
CCAGTCTAGACGGCGC-1	272	4139	3320	190	330	12.67575758	8.635428445	124.5265183	7.974980651	140	108	79	108.2927661	23.75348419	95	65	43	67.85633127	20.55764833	142	107	81	109.1999748	23.70214863	298.8073289	0.0770945974
CCAGTCTTGTCATAGA-1	456	3647	3524	294	226	18.99557522	13.63477393	126.0614603	7.618841093	141	109	75	108.6399445	26.16881943	112	80	52	81.16260573	23.64128401	143	114	87	114.8179523	21.87442639	219.4834014	0.07996958782
CCATAAACAACCCGAC-1	272	3780	3684	185	304	17.28947368	13.03039543	126.4207598	6.978862628	142	115	86	114.5601565	22.04224515	123	94	66	94.46193662	21.92668568	145	117	92	117.5340235	20.74358482	253.6389173	0.08150499263
CCATACCTTTACTTGT-1	314	3188	4370	49	246	21.43089431	26.18976443	121.958346	6.825990425	132	114	83	110.4837773	20.27097135	101	80	57	79.87640449	18.26702995	137	112	88	112.353617	19.53518871	178.7922625	0.111577391
CCATAGGTTGGCGTGG-1	563	2677	4409	272	243	18.73251029	12.52185138	125.8885408	7.494820967	140	111	72	107.8165636	28.63075346	105	75	45	75.30084585	23.61382404	143	113	81	112.4418634	24.3926593	216.5353677	0.09181923839
CCATAGTCAGTAACCC-1	506	2130	4841	444	120	33.00833333	38.26388546	119.2335981	6.780351778	131	107	66	102.5575054	25.23586515	91	65	39	65.14404747	20.22796054	127	108	83	106.1663931	17.52581624	69.32213994	0.1561455264
CCATCCATACCAAGTC-1	583	2275	4664	399	185	24.12432432	17.33051371	124.2828466	7.48081672	139	111	68	106.6771872	28.667111	108	78	45	77.76442368	24.64913596	142	115	81	113.0656483	24.33652324	134.6820735	0.1095127685
CCATCGCAGTTAAACT-1	329	2693	4611	288	260	15.64230769	11.75940452	122.609704	7.896163449	135	107	75	105.0532761	25.84065824	97	70	43	69.9029163	22.05008686	145	113	79	112.3274839	26.72009454	216.3361849	0.08805941324
CCATCTCACCAGTGAA-1	178	2607	4908	228	308	15.23376623	14.30161748	122.6279542	7.009238917	135	111	80	109.3212978	22.03981001	98	75	52	74.93409923	18.98334342	139	110	84	110.9219795	21.61092699	203.8667007	0.09990376488
CCATCTTGTTCACAAT-1	513	2553	4453	402	186	24.8172043	23.03641168	124.1756027	7.217903162	139	112	74	108.4552455	26.55894199	105	78	49	77.62403737	22.59378854	139	115	87	113.608509	20.82956668	153.7122063	0.09978107464
CCATGCCCTAGATTTC-1	163	3494	4163	101	269	21.36431227	19.4179522	125.2929696	7.769444499	140	117	91	116.0511299	20.45550685	112	87	59	86.56242899	21.59358624	141	113	87	113.7861381	21.68564859	185.7923902	0.1064137331
CCATGCCTGTTTAGTA-1	508	4036	3183	194	200	19.625	15.00947617	124.4033334	8.951596878	139	106	70	105.3187729	27.03494094	94	64	39	65.62946598	21.68414004	142	109	81	110.8390355	23.58431455	183.7051839	0.09068649615
CCATGCTCTGCAGGAA-1	124	2807	4810	180	162	35.67901235	41.47044974	125.7121368	7.103379109	140	117	93	116.8610024	19.34812526	113	88	65	88.21840677	19.37442338	137	116	96	116.5134453	16.26446631	101.0358784	0.1246228624
CCATGGCCCTTGTACC-1	163	1400	4842	1516	110	44.55454545	53.33949353	121.568856	7.339687874	138	113	80	110.6853933	22.93867488	107	78	48	77.98560788	22.28269316	135	113	87	112.0044186	18.53934915	75.61274259	0.1375903885
CCATGTTCATCTATAT-1	614	1518	4623	1166	137	32.22627737	33.58614432	122.6022158	5.642698346	136	110	57	103.8437066	29.13338741	104	80	43	76.97336195	22.93975737	138	116	81	112.656609	22.29824461	114.2197395	0.1155892343
CCATTAGCGATAATCC-1	289	2559	4552	521	195	23.2974359	16.02734022	125.2076754	8.09056286	141	111	78	109.7355132	25.72711549	104	74	46	74.78260321	22.48037381	140	112	86	112.7762909	21.40017234	153.2348059	0.09627783702
CCATTCCCTGCCCACA-1	219	2393	4806	503	188	26.81914894	21.26302493	124.6383081	6.796597644	140	114	83	112.6252998	22.48510817	112	84	58	84.6249211	20.5848604	138	115	92	115.2497159	18.12217114	132.7216547	0.1025910621
CCATTTCTACCTATTA-1	386	3998	3376	161	255	16.8	13.03341106	126.6939714	7.504744152	142	109	77	109.0229769	25.43645977	121	87	58	88.37924504	24.12138628	147	115	87	115.8231284	23.04291184	259.4582482	0.08541762422
CCCAAACATGCTGCTC-1	446	4170	3131	174	286	13.13636364	10.21511321	125.5251171	8.402043417	139	105	72	105.0510037	26.01982142	102	69	44	71.3334175	22.4331701	145	109	82	111.6961242	24.48841173	281.6207865	0.0812289437
CCCAACATACGTCGCG-1	336	3212	4023	350	172	26.12790698	21.20157767	124.6486255	8.13153772	141	111	77	109.883853	25.04561964	106	76	51	77.94230526	21.60460773	140	113	89	113.5771998	20.00103217	162.7425945	0.09940894158
CCCAACCACACTAACA-1	223	2469	4839	390	228	19.29824561	18.72325218	122.0850489	7.499959415	136	109	77	107.5926019	23.0895304	88	63	41	63.99520263	18.56219841	136	108	85	109.7660649	20.20981198	158.444714	0.1021317793
CCCAAGACAGAGTATG-1	375	1557	5217	772	210	24.32380952	18.71566456	123.6064162	5.770469159	136	114	80	110.4658503	23.02508749	122	96	58	93.0381265	24.52724958	137	117	93	115.8981189	17.56394626	134.0593718	0.1053540878
CCCAATGAGATTTGCA-1	430	2897	4005	589	181	24.11049724	15.3698043	125.925986	7.683258067	142	110	75	108.7087489	26.12375519	121	89	57	89.1487186	24.16672617	142	115	88	115.018937	20.64601516	191.3119254	0.08985244279
CCCAATTTCACAACTT-1	310	2403	4735	473	166	28.5060241	21.57412188	125.1208555	6.684696558	140	113	76	109.8837268	24.95386454	104	76	48	76.38505239	21.07259439	137	114	88	112.9330893	19.10234807	141.7810266	0.1031704593
CCCAGTTAAGGCGCCG-1	483	3976	3211	251	282	13.77304965	13.67083596	124.5868906	8.63104244	138	106	72	105.362328	25.95952128	106	75	48	76.4456508	22.93343714	145	111	83	112.6453731	24.16638672	278.1267875	0.08018379417
CCCGACCATAGTCCGC-1	548	3991	3129	253	250	13.936	9.553004972	125.8097233	8.295903555	138	102	67	102.5525817	27.50808801	100	66	43	69.41232168	22.26524451	142	108	82	110.4342886	23.20755998	254.4537794	0.08389921403
CCCGCAGCGCGAACTA-1	334	3022	4221	344	262	16.45419847	11.87095859	124.9228062	8.115004653	139	109	75	107.8500189	25.40223025	117	86	57	86.31220805	23.54961538	145	114	85	114.6030804	23.35753212	251.1091675	0.0813577501
CCCGCAGGGCCCAAAG-1	149	1936	5608	228	283	19.69611307	21.95770635	123.3909648	5.953128638	137	116	88	113.8663048	19.91969554	119	85	54	85.78500189	25.13070707	139	115	93	115.6436056	18.33668931	166.1981614	0.1005042606
CCCGCCATGCTCCCGT-1	96	3234	4363	228	206	27.75728155	23.93091433	124.9782215	7.182439473	141	117	93	117.1820477	18.90110572	117	92	69	92.74132054	19.18368465	138	117	96	117.2228254	16.60236868	127.4948927	0.1078108665
CCCGCGCAATGCACCC-1	351	1989	4963	618	141	34.56028369	28.9377833	124.0105739	8.97409078	141	113	80	110.5351597	25.75347191	102	74	49	74.76063628	21.45632101	138	113	89	112.9882591	20.55391851	99.07711951	0.1288190024
CCCGGGTCGTTCAGGG-1	481	3916	3353	171	251	16.56972112	11.20712812	125.3959142	7.389649154	140	108	74	107.3925009	25.92582311	115	82	53	83.02815301	23.82800043	146	114	85	114.648403	23.62929577	228.5329418	0.07985965533
CCCGGTGGAAGAACCT-1	209	1747	5478	487	129	39.59689922	40.44529646	122.2110968	6.691065575	135	114	83	110.9964651	20.91962816	107	83	60	83.14947608	18.63406851	134	114	94	113.6730211	15.9924831	62.63163943	0.1578717151
CCCGGTGTATCGGAAT-1	155	706	5689	1371	106	55.09433962	49.90718334	122.3816716	5.430200553	135	117	92	114.6120439	19.12595481	106	86	60	84.34553718	18.39594286	132	117	98	115.3305138	14.34096455	51.41547497	0.1732746273
CCCGTAAGTCTAGGCC-1	385	2345	4558	633	146	30.6369863	20.67851778	123.5080947	7.927769047	138	110	76	108.3478096	25.19240137	109	82	54	81.60661533	21.59711382	137	115	91	114.2903674	18.57892997	107.2308478	0.1192086828
CCCGTAGCTGGGAAGA-1	326	3048	4063	484	180	22.6	15.04164589	124.1344126	7.379063986	138	107	74	106.5836384	25.26917791	113	81	54	82.49627572	22.96224634	139	113	88	113.2028784	19.83808647	157.8852145	0.102352672
CCCGTCAGCGTCTGAC-1	54	2332	5074	461	210	26.35714286	18.74315294	124.3956322	6.629462233	140	116	92	115.8260321	19.01594449	110	84	62	85.29680596	18.88222626	137	114	93	114.6824896	17.16008992	136.3356742	0.1065555586
CCCTAGTGTCAGGTGT-1	217	1364	5369	971	124	39.06451613	36.1488281	121.444899	6.090492009	135	112	81	109.4912259	22.4197587	87	67	44	65.84446408	16.65991843	130	110	86	108.6771872	17.3467047	67.96258938	0.1482956774
CCCTATGTAGAGCAGA-1	1000	2514	3959	448	116	29.25	23.32708763	121.5423941	6.733178907	132	101	49	96.84484282	30.25323059	93	67	35	65.97626562	21.4836971	133	110	74	107.1522535	22.39343709	93.90602656	0.1359506729
CCCTCAGATCGAGAAC-1	1088	2761	3572	500	50	82.26	161.3764307	130.6172508	14.52324899	149	110	52	104.5932332	38.70229799	146	85	32	91.23898498	46.38557794	148	115	66	110.0565585	32.50793978	105.491573	0.2175131426
CCCTCATTCTGGAATT-1	610	2603	4303	405	160	26.54375	24.05640426	122.8915996	8.609799483	136	109	68	105.3860624	25.91713612	97	71	47	71.95795985	19.03376425	136	113	89	112.66734	18.07931312	112.4117722	0.1169026972
CCCTCGATAATACACA-1	858	1865	4046	1152	119	32.22689076	31.92702735	122.7608406	7.059648219	136	105	52	100.0748643	30.53797941	102	74	40	72.58060851	23.19916671	139	114	77	111.0385052	23.31804024	116.0780133	0.1208415412
CCCTGAAATGAGTTGA-1	582	2893	3883	563	167	22.8502994	17.43752878	125.7892144	7.92286705	138	105	63	103.1869713	28.71800233	102	70	43	71.18533014	22.73364413	139	111	84	111.0392627	21.27055854	165.3638917	0.09893156392
CCCTGCCCAATCCGCT-1	283	1205	5685	748	97	56.06185567	62.71154951	121.6829365	5.244431246	133	115	81	110.8978664	21.66875526	120	95	61	92.35904558	22.72114283	131	117	96	114.9734882	14.62508111	48.69701226	0.1824724684
CCCTGCGCTACGCATA-1	214	1337	5078	1292	148	35.0472973	27.88376803	123.1288805	6.133594268	137	115	85	112.1410175	21.84633611	108	83	57	82.70180533	19.74381327	134	115	93	113.829062	16.32241491	95.63917263	0.1214238123
CCCTGGTATGGGCGGC-1	237	2448	4842	394	275	17.45454545	15.56384877	125.672039	8.667054718	141	112	84	111.4366873	24.21065053	97	68	44	69.52228254	21.4631398	140	109	82	110.1881076	22.57554116	224.7164198	0.08964832921
CCCTTTGACAGGTCTT-1	509	2236	4999	177	237	17.93670886	12.93770381	121.3594001	6.665868197	134	108	73	104.1251105	28.06544783	94	70	42	68.2704204	21.67179162	141	115	81	111.8416867	26.27489946	167.1925434	0.0991761715
CCGAAAGTGGTGAGCA-1	370	1311	5142	1098	154	32.84415584	25.00730539	124.1920271	6.971660806	139	114	79	110.7711148	25.51219049	104	80	51	78.47127888	21.01503215	136	116	90	113.6920843	19.79416231	98.38189479	0.1216594144
CCGAACACTGGGCCTC-1	148	1168	5131	1474	129	37.97674419	32.38802179	120.3021419	5.823622473	133	112	84	109.9661659	20.22905363	96	75	52	74.2458023	16.89429034	130	112	91	111.255902	15.36084624	64.66509193	0.1494333626
CCGAACCTTCCCGGCC-1	597	3469	3577	278	261	15.24521073	11.8580859	125.1816148	8.273768784	139	107	68	105.1941674	27.07819798	115	82	53	82.95631865	24.00790197	145	112	84	113.5071329	23.53600804	225.127809	0.09099719717
CCGAAGTATATTGTTC-1	414	1536	5234	737	137	35.22627737	30.98103793	121.0982792	6.586345065	136	112	75	108.1349577	24.58292093	109	84	52	82.18154273	21.89558995	135	115	90	113.3498296	18.2983371	83.30630746	0.1449591027
CCGACAAAGGGAGTGC-1	359	1102	5334	1126	124	42.53225806	35.26613918	123.2229428	5.660245197	136	115	79	111.1336952	24.23944076	103	82	55	80.75912132	19.57015163	133	115	91	113.1232168	17.51319498	78.49336057	0.1431877034
CCGACGGGCATGAGGT-1	236	2415	4898	372	155	31.32903226	26.21108105	121.9907084	6.38505046	136	112	84	110.5751799	20.89696584	113	89	63	88.47317258	18.95135784	134	115	95	114.846989	15.13326965	87.61848825	0.1243524258
CCGAGGGATGTTAGGC-1	243	3378	4163	137	257	19.65758755	19.4588129	124.5195995	7.530197071	140	114	85	112.7299583	22.44030187	105	77	52	78.05264487	20.84144291	140	113	90	114.2404999	19.7666824	176.1491318	0.09702680643
CCGATCTCAACCTTAT-1	493	4242	3138	48	284	15.35211268	15.24434653	122.816644	7.415009841	134	109	71	106.2596894	24.10601511	94	71	44	70.27648024	19.94909729	138	109	85	110.5042293	21.56383262	184.3803626	0.1079415874
CCGATTCGAGGGACCC-1	421	2002	4629	869	129	29.6124031	22.55237146	121.6629891	7.593253105	135	106	68	103.4508269	25.59005253	87	63	37	62.03901023	18.60904475	131	108	84	107.5383159	18.2261205	101.0517109	0.1205669006
CCGCACAAAGACCAAC-1	788	4270	2638	225	225	12.71555556	10.36742667	121.979544	9.463816356	132	97	64	97.32041409	26.23840373	106	67	44	71.55851534	23.92762287	141	110	86	111.9950764	21.53838746	195.4519918	0.1062825012
CCGCACGTGACCTCGG-1	150	723	6164	884	45	148.2888889	339.5585122	120.8544085	5.665295249	130	123	91	117.3475571	17.71585606	129	121	76	111.8150486	21.19361467	132	124	103	120.8693347	13.26635528	25.62959653	0.3185274308
CCGCATGTGGTACGAT-1	463	3913	3332	213	261	16.16858238	12.05043399	125.9868623	8.407571087	141	108	75	107.9285444	25.88757597	113	81	54	82.35210201	23.3903089	144	113	85	113.9827042	23.29897305	227.421093	0.09048569982
CCGCCACCACAATCCA-1	775	2059	4788	299	165	28.03636364	68.60019356	125.2870941	7.926186119	138	114	54	106.255397	32.64742104	133	66	33	78.06198712	38.95274793	137	112	69	107.9304381	27.8321857	158.081333	0.1680988379
CCGCCGGTCAACACAC-1	210	2498	4600	613	231	18.61471861	13.45615132	124.9643992	6.879170574	138	109	73	107.4220427	25.05933902	107	77	51	78.36636788	21.69647153	139	113	89	113.7761646	19.75633713	161.7854954	0.09616412371
CCGCCTGCGAATTGGT-1	341	847	6168	565	122	46.40163934	238.815611	120.2851518	6.081238556	131	123	70	111.6597652	26.62139948	131	87	34	88.03711653	41.24603417	131	122	77	110.4940033	24.67837801	129.1424923	0.263399505
CCGCGGAATGCGTCAC-1	188	2521	4573	639	210	22.93809524	16.4421345	126.527461	7.477556784	143	113	83	112.7207423	23.50328764	118	86	58	86.85948744	23.02240504	144	117	92	117.0430501	20.02443376	164.9028345	0.08978180477
CCGCGGGTACGAAGAA-1	119	1423	5911	468	122	45.26229508	71.04452578	122.1673587	5.28370522	134	117	87	113.0350966	19.90554721	122	92	60	91.06526954	23.37318823	132	116	94	114.4922358	15.62956394	69.54187947	0.1485171926
CCGCGTAGGTAAGGGC-1	209	1288	4943	1481	122	44.20491803	40.97158922	122.225443	6.194052449	136	116	82	112.5071329	20.84289302	110	88	62	87.08269158	18.4157572	133	116	96	115.4725413	14.34704436	61.39147089	0.148673642
CCGCTATCAGCACCAG-1	478	2396	4753	294	249	17.8875502	13.31256184	123.6753105	6.51097781	136	110	69	106.2127257	26.79950424	108	80	46	78.36876657	24.31543186	145	114	80	113.0924126	25.43052936	217.8655516	0.08961229095
CCGCTGGTGCCATTCA-1	204	4195	3328	194	284	13.97535211	10.15458466	125.1411755	9.310705742	139	107	79	107.6906956	24.04038129	88	57	37	59.92526196	20.86125572	136	103	80	105.9296806	22.37561907	232.1764556	0.08785746167
CCGCTTACCTCACTCT-1	372	2706	4238	605	187	21.72727273	18.27524127	123.1823518	7.678550663	138	107	71	105.4929933	25.50842399	106	75	50	76.51003661	21.22415537	138	112	87	112.2690317	19.64147046	140.6592186	0.1032791124
CCGGAATGGTTTCAGT-1	237	3607	4006	71	153	37.75816993	29.60503096	123.8456621	6.082435501	138	117	92	115.7770484	19.32343945	116	93	69	93.04077768	19.15754334	136	117	96	116.7685898	16.00927181	116.2427222	0.1205517288
CCGGAGCGTACTTTCT-1	458	2814	4134	515	204	18.3627451	13.97005847	125.2786483	7.103735655	139	105	64	103.2381012	28.27852825	117	83	51	84.10579472	25.15428806	143	113	84	113.7304633	22.50594484	195.0528601	0.09360120348
CCGGCGCATATTGGAT-1	468	2862	4093	498	205	21.43902439	15.34425893	127.9496847	9.473366815	144	110	71	108.3728065	28.64359018	104	72	41	72.55333922	24.26310699	145	113	81	112.828557	24.60141336	211.9699949	0.08357329524
CCGGGACCCGCAGAGA-1	115	3649	3855	302	217	24.14746544	18.98013527	126.7828256	8.468370428	144	115	90	115.6336321	21.2981753	103	74	54	76.83272314	19.77269313	139	112	89	113.2426461	19.25108232	168.8877681	0.09421814678
CCGGGCGGTCTCGTCA-1	274	1797	5391	459	298	15.60402685	10.20482765	123.4391725	6.622891589	137	111	79	108.6585027	24.39385942	100	72	46	72.76795859	21.43438447	143	114	83	113.0180533	24.0411643	207.2086313	0.09194333806
CCGGGCTAAGAATTTC-1	1055	2649	3933	284	86	42.38372093	41.41737884	120.7025458	7.229203457	133	103	51	97.67529352	30.84149699	101	73	39	72.02499684	23.4586428	139	114	76	111.371039	24.34590738	73.98391216	0.1575671711
CCGGGCTGCTCCATAC-1	572	4333	2845	171	287	13.08013937	9.62668272	125.9878606	9.447514964	141	105	68	104.4547406	28.39478577	108	71	44	74.34768337	25.23844245	149	109	78	111.6952405	27.40392155	340.6981614	0.07489740103
CCGGGTTCGAGGTTAC-1	198	1709	5064	950	181	27.90055249	20.02846178	124.8863917	6.916849509	141	114	83	112.7400581	23.17594826	112	84	57	84.42898624	21.26491784	139	116	92	115.4673652	18.30584272	149.2257406	0.09571550028
CCGGTTTGTAATTGTG-1	412	2870	4048	591	191	21.86910995	15.83351336	125.6788656	8.225259575	142	108	72	107.1867188	27.37726359	116	81	51	82.16828683	24.80835438	142	114	85	113.6896856	21.88389456	191.2212717	0.08765175085
CCGTAAGTTGGTCCCA-1	765	3752	3293	111	276	14.19202899	9.742857373	124.0385929	8.138246772	136	106	60	103.0344653	29.00346633	102	71	41	71.95631865	23.64842884	146	111	78	111.7948491	26.10813758	256.3203524	0.08683364858
CCGTACCCAAGCGCCA-1	519	2503	4166	733	169	23.23668639	17.93982917	124.1847464	7.102000508	138	106	65	103.8724908	27.7938813	103	73	44	73.35386946	22.62206883	141	113	82	112.2022472	22.64498519	158.4929775	0.09977507848
CCGTATCTCGTCGTAG-1	323	1673	4717	1208	145	32.8	27.66887957	122.8069632	6.079213553	138	112	78	109.7122838	23.35789752	112	86	58	85.65307411	20.51115716	135	114	91	113.6633001	17.05435521	99.09499489	0.1207830039
CCGTGCCCATGACGGC-1	309	2534	4621	457	197	23.91370558	21.20836118	124.3338493	7.67760563	140	112	78	110.1199344	25.0561497	106	77	52	78.20628708	21.49647266	139	114	89	113.7962378	20.40540118	148.1509193	0.09977353016
CCGTGTTAAATTCCAT-1	157	2801	4614	349	191	24.54973822	20.5514649	124.163098	7.583261999	139	112	82	111.0896351	22.80675906	105	77	53	78.06665825	20.27426143	138	113	88	113.2917561	19.20697949	141.5052349	0.1074723122
CCGTTACGTTAGAACA-1	332	4159	3259	171	293	14.48122867	13.48936463	125.7331335	8.474135956	140	109	77	108.3993183	24.91083951	108	76	51	78.13117031	22.18053433	144	112	86	113.541977	22.83897484	277.9813585	0.08064199513
CCGTTCCGAATCTCGG-1	240	1805	4724	1152	133	31.06766917	26.17155532	121.303155	7.372889562	135	108	77	106.5659639	23.19233889	96	70	46	71.07751547	19.35903345	131	108	87	108.6860245	17.57870157	102.092952	0.1269613419
CCTAAAGGCTGACGCT-1	293	2622	4559	447	274	14.78832117	11.40299017	123.0432119	7.501175887	136	107	71	105.7045828	24.94596287	89	64	41	64.56495392	19.18192701	137	108	83	109.6841308	21.16020523	212.3179265	0.09167948459
CCTAAATTAACGGTTC-1	502	2604	4320	495	259	16.42084942	12.29356604	125.6682661	7.270473569	140	109	65	105.817321	28.98417493	124	92	53	90.21108446	27.68849179	146	115	83	114.8930691	24.56577686	251.2682584	0.08187109056
CCTAACCCAAACAAGT-1	330	3836	3498	257	305	14.60327869	12.51346772	125.2088776	8.346861354	140	110	80	109.9102386	24.05433813	119	87	60	88.40929176	23.32516906	145	112	85	114.0253756	23.54108196	314.5441777	0.07443575246
CCTAACTAAGGCTCTA-1	302	4675	2874	70	276	15.51449275	14.95099992	122.1569124	8.802516873	133	108	77	107.1206918	22.03695528	88	64	44	65.64373185	18.260887	136	108	87	110.0806716	20.10129459	167.8190756	0.1142556001
CCTACATTCACAGACG-1	256	2323	4446	896	156	26.28205128	19.88002311	123.1526701	7.382947117	137	108	73	106.0229769	25.15364682	103	74	46	74.28695872	21.79476622	137	111	82	110.0930438	21.26422952	164.2989019	0.1021244549
CCTACGGCTCAGTCGA-1	446	925	5558	992	176	28.41477273	22.72847653	121.9913804	6.796673527	136	113	75	108.2362075	27.16888564	97	74	45	72.23204141	20.92845408	137	115	84	111.883853	23.00787574	125.9770174	0.1226794126
CCTACTGCTTACACTT-1	287	2549	4623	462	200	20.65	23.58108352	122.7726599	6.758353728	135	108	69	105.2131044	25.20123849	104	77	52	77.96439843	20.31849657	137	113	89	112.8305769	18.43650286	138.9562053	0.1068677391
CCTAGGCGTAGCGATC-1	530	4071	3112	208	288	13.95833333	10.16248206	126.9052953	8.557306647	142	107	72	106.6856458	27.34111983	110	75	47	77.08458528	24.75013712	148	111	82	113.0059336	25.59949245	336.1645812	0.06997903206
CCTAGTTAGTCGCATG-1	550	2950	4175	246	221	16.38461538	14.16168876	121.6829444	6.762729856	133	104	62	101.1610908	26.50479265	81	57	33	57.45082692	18.91228898	137	107	80	107.8192147	21.60293198	161.4269663	0.1058041437
CCTATAATGAGTGCCC-1	553	3884	3185	299	290	15.77586207	11.27071748	126.6243703	8.386337292	142	110	77	110.3704078	25.1264677	117	85	56	86.02032572	23.58612903	146	113	86	114.9126373	23.07827299	287.0486466	0.07884341364
CCTATACCGTCCTGTC-1	673	3112	3555	581	173	19.56069364	14.63044034	123.8293847	9.278968922	139	101	60	100.0623659	29.77012292	95	62	36	63.95934857	22.73747829	141	109	80	110.0590834	23.68699318	182.4597804	0.09536201725
CCTATATTTGTCCTGG-1	920	3378	3316	307	207	16.49758454	13.87552476	123.7466513	7.988069165	136	101	58	99.36813534	28.9918832	113	79	48	79.99267769	24.81052444	142	112	81	111.8867567	23.19010053	176.4030899	0.09387636723
CCTATCTATATCGGAA-1	423	3385	3764	349	281	14.16725979	9.856467933	124.9638262	8.124032713	139	107	71	105.7050877	26.44216554	98	67	43	68.96515591	21.76426358	144	111	84	112.8721121	23.2069926	271.0289837	0.08569104537
CCTATGGCTCCTAGTG-1	616	2033	4291	981	121	31.17355372	29.92460987	121.3967357	6.87522825	133	105	58	100.1840677	28.184393	98	71	41	70.7295796	21.67186153	134	112	80	109.2158818	20.91418082	95.34997446	0.1337180263
CCTATGGGTTACCGTC-1	833	4728	2250	110	172	13.12790698	15.18513388	119.8384993	7.882149633	125	91	62	92.26537053	24.54688783	87	57	41	61.34503219	18.68072069	135	107	86	109.008711	19.49720991	130.3839377	0.1318837807
CCTCACCAATCTTGAC-1	1036	2998	3433	454	139	19.51079137	19.71537285	119.2089246	6.951598877	128	94	53	91.69498801	28.10193695	93	65	41	66.13028658	20.02103282	133	109	82	108.372049	19.28535926	106.6903728	0.1231517493
CCTCACCTGAGGGAGC-1	112	2201	5572	36	250	22.428	23.43443654	120.7229585	5.295731504	130	115	89	112.0111097	17.37875387	95	79	58	77.83954046	15.41286808	132	112	92	112.4328999	16.52591125	162.7743871	0.1117702448
CCTCACCTTAGCATCG-1	363	3194	4349	15	245	20.49795918	26.2173995	119.9809824	5.059748572	129	113	77	108.1329378	20.33326992	89	73	50	71.62630981	15.873895	132	111	91	111.4982957	16.96971551	107.5094484	0.1292882932
CCTCATGCAGCTACGA-1	560	2807	4298	256	160	25.45	21.9028537	122.978018	7.557477589	136	107	65	103.9982325	27.89385977	90	64	37	64.04292387	20.87677763	136	109	80	108.3417498	22.43089483	126.538049	0.1099938339
CCTCCCGACAATCCCT-1	493	2223	4986	219	222	21.09459459	17.84354093	121.7803146	6.577538202	133	111	69	106.4857972	24.66892418	96	73	43	71.4286075	20.23739889	136	112	87	111.6153263	19.62774671	129.6062308	0.1172435298
CCTCCGACAATTCAAG-1	199	2042	4979	701	173	27.82080925	20.66012398	123.9198509	6.613182572	139	113	78	110.2560283	23.9123372	103	76	48	76.06728948	20.94710858	137	113	88	113.104911	18.53589965	121.9278601	0.1110848629
CCTCGAAGTGGACGGG-1	568	2938	3970	445	264	15.90909091	11.44483114	125.7410179	8.101196376	139	108	67	106.067037	27.2367602	101	71	43	72.00113622	22.51581383	143	111	82	111.6573665	23.3348527	239.5374106	0.08626741217
CCTCGCCAGCAAATTA-1	401	3717	3486	317	280	15.43928571	10.24363354	127.307946	8.511229787	142	109	77	109.4563818	25.73235157	104	72	45	73.9886378	22.99174851	144	110	83	112.2704204	23.64498493	264.9610572	0.07474418276
CCTCGCGCGATATAGG-1	239	3031	4576	75	276	17.39130435	19.59219557	121.8288634	6.929582032	132	112	78	108.5501831	21.78162354	95	74	50	73.43441485	18.55315854	136	111	87	111.2304002	20.04703634	163.0182584	0.1198141401
CCTCGCGCTGTGCGAT-1	339	3174	4080	328	227	17.59471366	13.48562845	123.3185361	7.75122692	137	107	74	106.0239869	25.03940952	111	78	51	79.61191769	23.48743855	141	112	87	112.9553087	20.86875375	193.8953013	0.09037465265
CCTCGGACCGGGATAG-1	784	4109	2843	185	318	12.55345912	8.101283227	128.0703147	8.691299403	145	107	65	105.2153768	31.07014143	126	86	48	86.63186466	29.80970772	151	111	75	112.5472794	29.39511931	423.616573	0.06568272553
CCTCGGTTTCCTTGCC-1	1155	2979	3002	785	75	49.62666667	96.08049033	128.8042348	15.08101243	150	102	54	103.8141649	37.05275986	148	73	34	87.13154905	45.01382319	150	105	62	107.0722131	33.42916373	163.9436925	0.148118423
CCTCTAATCTGCCAAG-1	618	3018	4082	203	245	16.43673469	12.68009357	124.0891284	7.997917932	137	107	63	103.5782098	29.12632157	98	67	36	67.3315238	24.04303106	145	112	75	111.1844464	27.24156672	257.7724719	0.08243583395
CCTCTACAAGGATTGG-1	650	1682	5232	357	137	34.93430657	29.42420782	122.919775	7.03154043	136	113	62	106.0589572	28.72431743	102	79	44	76.0113622	22.15676486	136	116	83	112.9111223	22.24550394	100.0806946	0.1267955779
CCTCTATCGATTAGCA-1	228	1877	4934	882	142	32.14084507	23.48766279	122.5741836	5.898191649	136	111	79	108.8149224	22.71677456	105	81	55	80.27723772	19.42685642	132	113	91	112.1170307	16.65942637	89.65257916	0.1251115036
CCTCTCTCCCATCTAG-1	216	2163	4831	711	187	25.67914439	18.95713553	125.4957013	7.094979767	142	113	81	111.5094054	24.7242935	98	70	46	71.42835501	20.43153801	138	112	86	112.1158945	20.43314454	157.581333	0.09089620219
CCTCTGGCCTAGACGG-1	451	3878	3297	295	275	14.93818182	9.466102028	126.2952814	8.519256699	142	108	74	107.7303371	26.17761962	104	71	46	73.50044186	22.68239137	145	111	84	112.7663174	23.6998401	246.7477017	0.08526679799
CCTCTGTACTATTCTA-1	338	3093	4157	333	205	19.50731707	18.42363792	124.0001303	7.293241415	137	107	72	105.6831208	25.84754384	118	88	59	88.34364348	23.47159708	143	115	88	115.3658629	21.72937767	194.6393003	0.09264466891
CCTGAACGATATATTC-1	428	3754	3447	292	296	14.21283784	9.580665922	126.7052181	8.916557073	143	108	73	107.7781846	27.74087281	108	72	45	74.66405757	24.84133989	150	109	77	111.9255145	27.86725267	367.0497957	0.07018310685
CCTGAATATTTACATA-1	760	3255	3750	156	243	16.59259259	12.37391832	124.5254683	8.398354994	138	107	59	102.837773	30.19447244	100	69	32	67.79952026	25.51147198	143	110	76	110.0407777	26.17176863	238.9318182	0.08981525644
CCTGACCACCGATGGT-1	482	3506	3829	104	250	16.132	12.99209667	123.3675159	7.612258697	136	107	69	104.6218912	26.62792526	99	70	43	70.41358414	22.1878254	143	111	80	111.208812	25.19044148	192.6962462	0.09290479354
CCTGAGAATAAATGCA-1	874	3131	3731	185	104	37.65384615	169.5499001	122.2076772	9.026675216	137	106	57	102.3723015	32.25726477	134	76	35	82.28355006	38.26494054	138	111	72	108.6125489	25.96538515	125.9272217	0.1753291379
CCTGCGATAGAACTGT-1	554	1365	5094	908	126	38.37301587	30.91918142	121.4817056	5.72643966	134	112	66	106.3762151	26.13506062	99	77	44	74.51533897	20.56265236	132	114	85	110.7385431	19.07571847	77.73991318	0.1440323834
CCTGCTATTTGAGAAG-1	256	2930	4413	322	214	20.74766355	17.50011667	122.2770823	7.184704674	135	109	80	108.382275	22.04956048	100	74	52	75.57227623	18.76879733	138	113	90	113.2210579	18.4159666	138.0860572	0.1102282531
CCTGGCTAGACCCGCC-1	291	2863	4462	305	185	23.69189189	19.9216625	124.5744209	6.855526907	139	110	73	107.8517864	25.40312525	109	79	52	79.82426461	22.22408111	139	113	89	113.5641964	19.50860669	132.7395301	0.1055140306
CCTGGTCGAATGTGGG-1	387	3708	3586	240	278	14.1942446	10.60906203	124.2811231	7.987707017	139	106	73	105.9607373	25.31848589	116	83	55	84.62037622	23.60134618	145	113	87	114.3033708	22.35987239	224.0866956	0.08763106727
CCTGTAAGACATGATA-1	270	2937	4265	449	191	24.68062827	16.90712516	125.3578412	7.06569977	140	112	80	110.9348567	23.17225089	105	77	53	78.03837899	20.10450645	137	113	91	113.5750537	17.67422384	143.4343718	0.1031855676
CCTGTACTCACGCCCA-1	768	2540	3979	634	129	28.71317829	25.52038061	122.7575011	7.120609066	136	104	58	100.7938392	29.18281091	98	68	40	68.74245676	21.85937257	134	112	83	109.9210958	20.28620393	104.360572	0.1195643078
CCTGTCACCCGGGCTC-1	273	3084	4375	189	252	20.96031746	18.36616143	124.3600933	6.844319777	138	115	86	113.47494	20.98370869	105	80	57	81.00441863	18.82125721	141	115	92	115.7520515	19.35827899	161.1934372	0.1053469522
CCTGTCGCCCGTAAAT-1	346	2320	4859	396	238	19.77310924	16.76477749	125.0057152	7.308394101	139	111	77	109.4265876	25.23647923	111	81	53	81.9715945	22.94187946	140	113	87	113.3024871	20.95849067	220.6251277	0.08960588395
CCTGTTTGAAGACACG-1	120	2385	5344	72	235	27.11489362	59.06245875	124.174685	6.76216173	136	120	97	118.0478475	17.52309373	131	109	75	106.3503346	22.42922019	137	120	96	118.4504482	17.24089407	165.4728039	0.1284895475
CCTTCAGTTAAAGTGA-1	759	2816	4044	302	126	25.55555556	40.71787478	118.5569471	7.057432218	126	99	56	94.64802424	26.77101743	105	77	44	75.70837016	23.16083399	132	109	81	107.8832218	20.10217236	96.99553115	0.1358555901
CCTTCTTGATCCAGTG-1	463	4158	3066	234	259	14.53281853	10.59694555	125.2964118	8.638769918	140	105	71	105.3558894	27.11050331	99	65	42	68.40449438	22.74675186	144	109	82	111.6140639	23.86623496	265.3255873	0.08212876002
CCTTTAAGGGAGCACT-1	501	3118	4002	300	202	18.21782178	12.7287808	123.5026116	8.123072445	135	104	68	102.0109835	27.67245805	95	66	38	66.31549047	22.14715504	139	111	78	109.227244	24.73198582	203.9590143	0.08864595069
CCTTTCAATGAAGAAA-1	387	3804	3712	18	242	19.19421488	23.97880192	120.7756472	6.148638986	130	111	76	107.0117409	21.62297563	91	72	47	70.82173968	17.51742075	135	111	88	111.3373311	18.93945013	138.4020684	0.1197875659
CGAAACATAGATGGCA-1	346	3180	4228	167	242	19.29338843	16.66070864	124.0052174	7.402991898	136	111	76	108.9650297	23.43684838	108	75	44	76.03459159	25.01905478	140	113	88	113.734377	20.25135303	188.5154494	0.100026392
CGAAACGCAATTCATG-1	125	2671	4721	404	189	25.5026455	21.25920264	122.182847	6.587695272	136	112	85	111.4640828	20.49781915	107	81	57	81.8439591	19.49551573	135	114	93	113.9123848	16.66764158	132.6399387	0.1060887092
CGAACAGTATGGGCGT-1	179	3373	4281	88	255	20.38039216	20.13543379	124.0650168	7.887892842	135	114	87	112.2003535	19.64955899	100	77	55	78.03446535	18.49258524	138	111	87	112.011236	20.18865073	200.5643514	0.104071518
CGAACCCGCATGCGTC-1	484	2686	4176	575	201	19.76119403	13.00220749	126.092742	8.504970736	139	107	66	104.3075369	28.86276257	100	69	38	69.34427471	23.96402472	140	111	80	110.6263098	23.45846205	183.2069714	0.08893738613
CGAACGCCCAGTGCCG-1	200	3214	4272	235	276	17.37681159	14.1230118	125.793032	7.314100843	141	112	83	112.0239869	23.24435182	108	78	53	79.73841687	21.43124048	144	113	86	114.0983462	22.1860196	229.9208376	0.083353765
CGAAGTTGCTCTGTGT-1	233	1878	5017	793	191	26.18324607	17.86226922	125.0783295	7.044793705	142	114	83	112.4888272	24.32712004	104	76	49	76.09847242	21.494224	138	114	87	112.8849893	20.15927685	140.311287	0.1061946717
CGAATCTGCTCGACGC-1	528	2049	4460	884	114	33.34210526	29.46000231	121.6747719	7.013287124	135	105	62	101.5571266	27.81876437	104	71	41	71.91831839	24.34189768	136	112	84	110.4461558	21.12279249	86.43998979	0.1388316151
CGAATGAAGTCATTGC-1	224	1726	5282	689	112	44.13392857	38.94925626	122.7541153	7.874329389	138	113	78	110.6518116	24.08110716	108	79	51	79.57997728	22.31243861	136	115	92	114.4197702	18.26244472	74.75178754	0.1467574849
CGAATGACGCATAATG-1	387	3246	3983	305	262	14.9351145	10.98400936	124.2839697	8.259859874	138	106	68	104.3842949	26.95940972	118	86	56	86.65951269	24.15254906	144	115	87	114.9313218	22.80320024	226.8529111	0.08212810413
CGACAATTTGATCTAA-1	443	3742	3663	73	281	13.82562278	12.97197301	121.1073355	7.103019329	131	106	70	103.3911122	23.62142058	98	74	48	73.58894079	19.68083162	137	111	85	110.8447166	21.09022885	181.6694331	0.1042965776
CGACACGCTCCGACAG-1	46	2023	5446	406	281	18.96441281	14.80978374	122.2002851	5.787602391	135	115	88	112.9803055	18.13573271	113	91	64	90.16879182	18.97213328	138	115	92	115.0403989	18.05285858	181.4412666	0.09195494009
CGACAGTTCGCGTTAT-1	390	2604	4331	596	193	22.28497409	18.70182259	125.2209686	8.691571956	140	109	74	107.6826158	26.73936847	101	70	44	71.74889534	22.3758891	137	110	85	110.9664184	20.38706089	161.625	0.1003014176
CGACATGCGATCTTCT-1	314	1553	5865	189	182	30.42307692	46.9590904	122.2445026	5.989423078	133	116	83	111.7506628	22.046274	128	89	56	90.02032572	26.52762523	136	118	94	115.8137861	17.60372738	104.9185393	0.1461508542
CGACTCAGGATGTTAT-1	468	4281	3042	130	286	13.91258741	11.24439483	125.5478296	8.001664072	138	107	70	105.515339	26.64873505	102	71	44	72.39969701	23.21725325	145	110	82	111.9233683	24.68810745	288.8895557	0.07987204225
CGAGACCCTAGAGTGT-1	410	2479	4423	609	243	17.09876543	12.5034365	125.9534008	6.901688952	140	108	67	105.5380634	28.83407638	111	78	47	78.58426966	25.03726298	146	113	81	113.1679081	25.93188002	242.0643514	0.08473176758
CGAGAGATGTGAACCT-1	74	2900	4646	301	303	17.9669967	14.40636891	125.5814315	7.998709578	143	115	91	116.0090898	21.06017058	103	75	53	76.91276354	20.42174542	143	111	88	113.5865421	21.59647289	210.9762513	0.08745886192
CGAGCACTTCAAGTTT-1	352	1520	5450	599	142	32.53521127	31.22852208	120.4253335	6.968957682	134	111	77	107.4664815	23.90973576	94	72	49	71.43782351	18.11187033	131	110	89	109.7775533	17.58954241	75.30783963	0.1436406234
CGAGCGTTGATCAGCC-1	797	2873	3825	426	199	20.35678392	16.31007155	125.5267328	7.70906183	141	107	61	104.4297437	29.80130123	103	71	41	71.86276985	23.2427506	142	112	81	111.9449564	23.25869294	172.3017109	0.1006118695
CGAGCTGGGCTTTAGG-1	585	3888	3259	189	258	15.46899225	11.20151082	126.787764	8.820031403	141	107	70	105.9089761	27.76056702	113	79	49	80.19707108	25.10303316	146	113	83	114.0248706	24.13228938	278.0153218	0.07924677288
CGAGGCCAGGCATTGG-1	535	1844	4757	785	151	25.88741722	21.49897365	120.9820877	6.041881897	131	106	63	101.3273577	26.90806955	88	65	37	63.41775028	19.41219493	130	109	80	106.4188865	19.84087097	85.98506129	0.1347999804
CGAGGCTAAATATGGC-1	291	4311	3207	112	272	17.50367647	15.02448936	123.7022109	7.787078701	137	112	84	111.1316753	20.80223415	102	75	53	76.63173842	19.74833066	141	114	90	114.7910617	19.63886556	184.0638407	0.1008957077
CGAGGGACTGCGGTCG-1	666	3353	3567	335	313	14.79872204	11.92981599	127.0558104	7.75771554	144	111	72	109.5457644	27.36429523	130	95	59	94.73298826	26.55700224	149	116	84	116.3945209	24.7313558	313.1902451	0.07307498086
CGAGGGTATCCAGGTG-1	362	3432	3998	129	255	17.20392157	14.18275618	124.8239639	7.190513481	139	110	76	108.1858351	25.2619066	118	88	58	88.47897993	23.64905841	145	115	87	114.8697134	22.7711912	209.5960163	0.08826130977
CGAGTACTAAAGAGGA-1	217	2490	4335	879	199	23.59296482	19.01176971	125.4537686	7.565338684	142	112	81	111.4989269	23.3065784	114	83	55	84.03724277	22.43417622	141	114	90	115.0196945	19.94876953	167.624617	0.09742111002
CGAGTGAAGGTACCAG-1	264	2318	4467	872	151	27.41721854	21.26164897	123.5924015	7.030151764	137	108	75	106.4793587	24.13521037	95	68	45	69.57126625	19.33171462	133	110	85	109.5674789	18.10768258	103.064096	0.1117962317
CGAGTGCTATAGTTCG-1	324	2556	4796	245	195	24.46666667	19.01073021	123.6393788	7.470174933	139	112	76	109.789673	25.17077537	103	75	50	76.35109203	21.36908692	139	114	88	113.7895468	20.50510442	147.8467824	0.1065337978
CGAGTTCTGTCCCACC-1	549	4001	3242	129	306	13.06535948	11.06526875	124.7736599	7.841523878	138	107	71	105.779952	26.18648093	103	72	47	73.79434415	22.19845413	143	109	83	111.2144931	23.24455043	285.2069714	0.08354579965
CGAGTTTATCGGACTG-1	346	4784	2695	96	308	14.20454545	9.996446387	126.1846297	8.032912659	139	110	79	109.5022093	23.80073989	106	75	51	77.26524429	21.83505358	145	110	85	113.0304255	23.66748696	269.6528345	0.08788046499
CGATACCTCGCGGACA-1	351	3230	3804	536	200	20.045	14.12419821	125.7170184	8.765043145	141	107	71	106.3579094	27.16768971	105	70	44	72.79686908	23.54857334	141	110	83	111.3763414	21.97096455	194.470761	0.088496536
CGATATTAGCCGCAGG-1	288	1793	5152	688	184	25.56521739	19.82329786	123.688899	7.319559683	138	111	78	109.3948996	24.66357593	103	77	51	77.38416867	20.80611276	139	115	90	114.5980306	19.99313772	149.5366445	0.1020695062
CGATCCGACCCAGTGC-1	210	3162	4004	545	210	20.6952381	14.53018127	126.9302994	8.976149941	144	109	75	109.4042419	26.22654264	104	71	45	73.47355132	22.8887759	144	112	86	113.7086226	22.15817938	201.8312053	0.08430996265
CGATCCTCGCAACATA-1	268	2376	4941	336	203	21.66502463	20.66734194	121.4528662	6.960470948	134	109	78	107.3605605	22.71064268	114	89	63	88.53490721	20.78569873	136	115	92	114.0329504	17.9621437	120.9024515	0.1118892119
CGATCTGTTGGAGGAC-1	342	2785	4531	263	165	28.28484848	22.22742125	122.7643383	6.928231618	136	111	79	109.0834491	22.81774847	107	78	51	78.76442368	21.82223927	133	112	88	111.2248453	17.29768092	95.95135342	0.1221731181
CGATGGACCCTACGCC-1	348	4181	3350	42	263	16.14828897	15.56529443	120.9406058	7.363838255	131	108	77	105.8182048	22.0305827	89	66	43	66.61936624	18.54962393	136	110	85	110.4693852	20.39592587	135.8840654	0.1266395611
CGATTAAATATCTCCT-1	603	4104	3072	142	250	17.112	13.44244978	126.1634417	8.372460971	141	109	72	107.6016917	26.86884156	121	88	56	88.25047343	24.79995729	145	115	86	115.0176745	22.72725025	239.4457354	0.08286365787
CGATTCGCCTGGCTGC-1	678	4226	2835	182	253	15.50592885	11.54527796	125.2052066	8.783439486	141	106	68	105.1930312	27.77374422	115	80	50	81.46812271	25.15685975	148	113	83	114.5340235	25.15159713	239.5280899	0.09295782825
CGCAAACACGAGTTAC-1	92	1320	5955	554	159	36.78616352	33.47060379	123.5882753	6.322552933	137	117	94	115.9171822	17.98313	108	83	60	83.49627572	18.91228579	135	115	94	114.5155915	16.28059384	108.0016599	0.1174172684
CGCAATTACTTTCGGT-1	416	2618	4550	337	155	27.70967742	28.74671768	121.8642992	7.186822959	136	109	72	106.0858477	25.35671434	106	78	51	78.39022851	21.39753287	136	112	88	111.7977528	18.37068	112.4779111	0.1245453312
CGCAATTAGGGTAATA-1	432	2828	4426	235	193	20.92746114	15.94143824	122.3721587	7.586087123	135	107	69	104.3369524	26.71196471	92	65	37	64.58856205	21.33857295	139	110	78	109.2552708	23.69667408	121.909857	0.1155172052
CGCAATTCTACAATAA-1	254	1520	5222	925	148	35.51351351	33.81137792	123.604347	6.380829973	140	115	82	112.6519379	23.2153577	113	86	57	85.69650297	21.96245661	137	116	90	114.5421033	18.51845679	108.6759448	0.1159443439
CGCACATGTCCACTAC-1	564	4848	2407	102	291	13.00343643	9.126261446	126.8703613	8.952976028	142	105	71	105.6302235	27.97227947	107	70	43	72.74738038	25.03320231	149	108	79	111.420654	27.02201261	319.4067926	0.07672340406
CGCACGTCTGTTTATG-1	343	3272	4109	197	173	25.69364162	22.39384244	122.5703906	6.727192895	136	110	79	108.6300972	22.08010169	108	82	59	82.96654463	19.44030038	138	114	90	113.877667	18.33131677	124.8495914	0.1119309944
CGCACGTGCGCTATCA-1	449	4200	3214	58	301	15.20930233	13.72000673	123.3867965	7.993108973	136	110	77	108.3451584	23.32070135	98	74	50	74.46610276	19.82165511	140	109	83	110.4361823	22.20654552	212.2940501	0.09548996022
CGCAGAAACATTTGCG-1	267	2116	5108	430	225	21.43555556	21.76064905	123.2808728	6.769429247	137	112	78	109.6058578	24.01857603	103	76	50	76.4248201	20.89416849	138	114	90	114.0431764	19.71086045	160.2280388	0.1013408982
CGCAGGCGATCCAAAC-1	53	2530	5191	147	295	19.72542373	21.1288829	123.947751	6.541071895	137	116	94	115.7547027	17.58702419	98	77	59	77.82413837	16.64199336	138	110	89	112.0434289	19.54076682	211.9910623	0.1018346074
CGCATCATGGCTTCAG-1	138	3323	4330	130	299	17.73244147	15.57811209	125.1639484	7.973017513	140	114	89	113.7853806	21.92412444	116	78	53	81.64347936	25.85542233	142	112	86	113.1872238	22.67854254	257.7017365	0.08721818407
CGCATGGTGCGATGCT-1	581	1920	5095	325	270	15.98148148	12.30280116	122.2679043	6.97654914	135	109	69	105.0994824	28.33348222	96	70	40	69.2382275	22.46758797	144	114	78	112.2596894	26.1595785	220.596144	0.08943038984
CGCATTAGCTAATAGG-1	176	4549	3123	73	235	22.41702128	18.5411712	124.8984111	7.77742366	141	115	88	114.7550814	21.10714414	108	80	58	81.90960737	20.37000649	140	114	90	114.6308547	20.03434313	174.3204801	0.09563628149
CGCCAAGAAGCCGAGT-1	57	568	6004	1292	87	70.31034483	94.66666388	120.9403204	6.176911717	133	117	97	115.788663	15.72073632	99	80	59	79.55485419	16.2877112	128	114	97	113.084964	12.39699038	41.01596016	0.2003288088
CGCCACCCGCATTAAC-1	485	2181	4393	862	115	32.52173913	29.20403421	121.1294129	7.70637572	133	105	63	101.1329378	27.08295694	82	57	32	57.04342886	18.9775549	129	107	81	105.5391996	19.00649421	91.18947906	0.1328007639
CGCCATCCGATTATGA-1	776	4612	2419	114	287	13.13937282	8.182675905	126.9474704	8.404369373	142	105	68	105.14228	28.41336587	104	68	42	71.12599419	24.27745988	146	108	79	110.7102639	25.9708548	312.5528601	0.07653132394
CGCCCAGCACGCCTAG-1	209	3780	3671	261	227	20.44052863	14.30688617	125.8521089	8.308123046	143	111	82	111.8291882	23.67254916	119	86	59	87.31018811	23.09808178	143	114	89	115.2201742	20.71198913	179.709525	0.0912065389
CGCCCGCTTCCGTACA-1	341	3839	3605	136	305	15.36393443	11.44374742	125.8327837	8.361897385	143	111	79	110.7515465	25.6173493	104	74	48	75.17081177	22.36148682	144	112	83	112.5403358	23.62547418	261.2917518	0.08136135214
CGCCCTTGAAGGCTGA-1	173	1290	5163	1295	125	38.064	34.79557305	120.485535	6.06435022	134	112	83	109.363338	21.03998008	98	76	53	75.82249716	17.99608042	131	112	90	111.0916551	16.16725272	66.9959142	0.1457072445
CGCCGCCCATGCCTGT-1	827	3943	2937	214	266	13.97744361	10.01800347	125.3733898	9.107894413	138	104	60	102.2043934	29.5890553	101	67	38	68.82439086	24.90905242	147	108	76	110.0426714	27.31110904	265.7742594	0.08667625978
CGCCTCCCTCCTCTAT-1	426	4265	3104	126	277	15.84476534	12.62773363	124.8389807	8.261943727	140	110	76	108.6858982	24.86644674	123	91	62	91.58881454	23.60564728	147	117	88	116.8977402	22.86086747	249.7096527	0.08607820813
CGCCTGGCCTACGTAA-1	523	2813	4306	279	144	30.00694444	24.42206895	123.6091866	7.876398048	136	109	72	106.6268148	25.0588069	107	80	52	79.87640449	20.95166705	135	114	90	113.1459412	17.69215671	114.5143003	0.1123412183
CGCGACCGCGACAGAT-1	375	3991	3296	259	291	14.82817869	11.54334561	127.4275699	9.143679748	144	109	76	109.4210327	27.18067604	117	81	52	82.92930186	25.79103877	149	111	81	113.4875647	26.26118659	324.0975485	0.07547589067
CGCGAGTCTGCCGGGT-1	97	722	5388	1714	114	52.47368421	42.42955163	121.2851245	4.502418735	133	117	94	114.9256407	16.98189327	116	98	77	96.81971973	16.12186327	131	118	102	117.0421664	12.15544398	53.34244127	0.1623803393
CGCGCAAATGTCCAGA-1	387	1914	4750	870	120	40.68333333	35.87803026	124.5290422	7.496668082	138	114	77	110.04911	24.56434677	108	83	54	82.16020704	20.59681949	136	115	91	113.8904179	17.42249554	94.08988764	0.1244965769
CGCGCAAGGAACTACA-1	444	1570	5063	844	145	31.0137931	26.30982148	122.7976478	6.58526011	136	111	70	106.7438455	26.07582502	85	63	37	62.26625426	18.4671577	132	109	84	108.4581492	19.24062862	102.4553115	0.1255097378
CGCGCATGTTTGATTG-1	363	2381	4874	303	222	18.86486486	14.68926585	122.3181461	7.728461817	136	108	76	105.788663	26.55254269	97	70	44	69.64436309	21.60013271	142	113	85	112.5768211	24.812066	164.1024004	0.09722435991
CGCGCCCGACTTAATA-1	522	4156	3025	218	272	14.85661765	10.17085804	128.3140982	9.645649568	144	107	70	107.352102	28.74560721	112	74	45	77.03800025	25.68597216	150	112	81	114.0584522	26.43786544	343.3802349	0.07184521006
CGCGGCTCAACTTGAA-1	409	2603	4813	96	248	19.26209677	23.31100769	123.394546	6.865325856	135	113	72	107.2665068	26.14901603	112	88	54	84.8896604	23.98423388	139	114	81	111.1405126	25.21509691	220.4748468	0.1134032774
CGCGGGAATTAGGCAG-1	399	3831	3593	98	313	13.10543131	8.377956922	123.7885966	7.566694488	136	107	73	105.7726297	25.5155193	95	66	41	67.56684762	21.58762631	147	111	78	111.457013	26.81883281	293.0234934	0.07295862594
CGCGTTCATGAAATAC-1	720	3588	3258	355	168	17.82142857	14.88300462	122.0086846	7.884805283	131	97	61	96.67882843	27.0736695	94	63	41	65.56735261	20.85958708	137	110	84	110.1193031	20.56092667	145.6539837	0.1137843217
CGCTACGGGACATTTA-1	580	3420	3510	411	182	21.00549451	16.29349538	125.9442687	8.815025331	142	105	65	104.14228	28.70896818	105	70	44	72.69599798	24.33348341	141	111	83	111.4250726	22.07511988	178.4675689	0.09644446028
CGCTAGAGACCGCTGC-1	310	3592	3896	123	305	14.2557377	12.46372474	121.905658	7.53186327	134	109	79	107.5188739	22.07712614	91	67	46	67.91541472	18.69109593	140	109	84	110.3901023	22.29029584	205.9697395	0.1066780103
CGCTATACCGCCCACT-1	516	1637	4960	808	177	25.78531073	27.30326048	123.5937495	7.862774451	138	111	65	106.0185583	28.90992736	102	75	42	73.2057821	23.21390891	141	115	74	111.1745992	25.61642891	119.9036006	0.1130398486
CGCTATTCAATGTATG-1	166	2299	5098	358	165	30.26060606	26.17190188	122.3321289	7.088344554	137	113	85	111.5187476	20.95586487	97	73	52	74.12346926	17.58544795	133	112	91	111.9192021	16.52576496	100.0851634	0.1201188005
CGCTATTCTTAGGCTC-1	681	3184	3673	383	201	20.16915423	15.20052512	127.6536413	8.746153398	143	107	63	105.3089256	30.7266437	105	70	40	71.46774397	25.03254291	148	112	79	112.6316122	26.53240128	258.5329418	0.08320336363
CGCTCGACATAATGAT-1	120	1554	5344	903	191	28.71204188	24.58313838	123.7412058	6.276573289	140	116	89	114.4427471	20.71990629	106	80	57	81.03837899	19.2927674	136	114	92	114.1388714	17.02560968	120.3028601	0.1140298896
CGCTCTCCGTAGATTA-1	347	2207	4765	602	163	29.25153374	23.03620611	124.9661675	6.788554815	139	112	78	110.1011236	25.0218488	101	74	47	73.90960737	20.63901899	138	113	87	112.8328494	19.52789171	132.1793922	0.1078519824
CGCTGAGGACGTCCAA-1	289	1564	5018	1050	189	24.1957672	19.4962697	124.5598772	8.06389681	141	111	79	109.4952657	25.64096168	99	70	45	70.91086984	21.18207621	137	111	86	110.6633001	20.38703598	150.9779111	0.1004094185
CGCTGGTGACTACCCT-1	197	2383	5218	123	265	21.12075472	26.39583557	124.0668222	6.72228737	136	116	87	113.6476455	20.6796084	114	91	66	90.60749905	19.78134711	141	114	90	114.8264108	20.57101259	205.744382	0.1030493112
CGCTGTGACGCCGCAC-1	185	2394	4948	394	207	21.89371981	17.62596649	121.959713	7.185712482	134	109	78	107.8886504	22.23871076	110	81	57	82.57656862	20.92876868	134	113	93	113.2685267	16.54881813	114.1672625	0.125361266
CGCTGTGTGGATGTTG-1	763	3156	3493	509	166	22.36144578	15.33919958	126.16213	8.3201391	141	104	60	102.4702689	30.44176952	108	72	42	73.55485419	25.28328182	142	111	80	111.011236	24.04141526	185.5169816	0.09459861299
CGCTTAGTATTGATAC-1	216	2225	4908	572	216	23.02777778	22.27956144	123.6096986	6.719772103	138	113	84	111.6677187	21.73335627	106	81	58	81.53629592	19.29610926	138	115	91	114.5049867	18.15876361	138.3033708	0.1048319324
CGCTTATTCCCGGTCG-1	439	1844	4644	994	162	27.91358025	22.89061349	123.0049105	7.025208237	137	110	72	107.3282414	25.4971638	101	74	47	74.14152254	21.08995754	134	112	87	111.2821613	18.65383218	125.4765066	0.109625804
CGCTTCCACTGAAATC-1	176	3785	3681	279	196	27.69387755	21.9493425	126.1682472	8.123162899	144	116	91	117.0030299	20.80203468	123	92	67	93.98156798	21.71503856	142	116	94	117.1790178	18.33789156	151.7475741	0.09738238073
CGCTTTCATACCGGTG-1	287	2525	4805	304	219	18.61643836	14.00648591	121.8727697	7.99908528	134	107	77	105.7442242	24.38175788	91	66	43	66.35854059	19.47840794	140	112	84	111.8516601	22.46310137	127.0044688	0.1105592863
CGCTTTCTTGCATTCG-1	646	3720	3327	228	281	13.44128114	10.11487069	126.2897435	8.333035779	140	105	65	103.7562176	28.70397576	103	69	41	71.1998485	24.03837104	146	109	79	111.0463325	25.95089221	304.9191777	0.07803659206
CGGAAAGAATCAAACG-1	541	3065	3938	377	211	18.45971564	11.84305095	125.4227026	8.707539918	140	106	65	103.2061608	29.97451331	100	68	38	68.63678828	24.65652457	143	112	78	111.0065648	26.33998733	238.8263534	0.07918893886
CGGAACGTAAACATAG-1	209	2513	4736	463	208	22.125	16.05829974	125.1421915	7.454293557	141	111	78	110.075748	25.16668972	104	75	48	75.27105163	22.07355075	143	114	85	113.8779195	22.67160972	177.694714	0.09096711846
CGGAGCAATTTAATCG-1	993	3902	2775	251	203	16.408867	13.23286401	125.6766527	9.720698655	137	101	62	100.3009721	28.58659379	111	76	48	77.96578715	24.4787955	145	111	81	111.8683247	24.4414428	205.2636619	0.09002937821
CGGAGCATGGCGATCC-1	433	2325	4937	226	286	15.56643357	12.89687957	123.145509	7.579474168	135	110	76	106.4277238	26.35309574	96	71	43	69.92210579	21.5176693	143	114	82	112.6923368	24.90531299	212.688713	0.09042598853
CGGAGCTTATAACACC-1	449	1379	5777	316	227	24.40088106	33.87047886	123.1683733	6.584150082	135	116	76	111.4034844	24.0083899	118	90	54	88.15174852	24.54215421	139	117	89	115.1204393	20.00438375	179.7517875	0.1036765593
CGGAGTTTGAGAGACA-1	106	495	6542	778	154	43.11038961	50.57520589	123.6084474	4.633877509	137	121	101	119.1660144	16.55197173	130	109	83	107.6194925	19.61422912	136	120	102	119.7071077	14.07676615	86.09193054	0.1412457277
CGGATAAGCGGACATG-1	491	1180	5345	905	126	37.62698413	61.61564609	118.6264925	5.994116715	131	110	72	105.9736144	23.48368228	101	74	44	74.11942936	21.54192812	127	111	86	108.570635	16.475055	53.13981103	0.1756579308
CGGATCCTCAAGGACT-1	217	3465	3891	348	318	13.89308176	10.90962946	126.7103378	8.894725292	143	109	81	110.4442621	25.23455338	110	76	52	78.95366747	23.21373874	147	111	84	113.2846863	24.32838047	278.9523749	0.07885244647
CGGATGAATGCTGTGA-1	870	1980	3816	1255	110	32.84545455	23.66746381	122.6566194	6.11011634	134	103	51	97.83310188	30.50080116	106	77	42	76.08913016	24.01227192	140	115	76	111.5260699	23.70996547	88.74502043	0.1320339873
CGGCAAACATCGTGCG-1	263	3528	3870	260	263	19.7148289	16.28496381	125.660196	7.124073442	141	115	86	114.1282666	21.6654437	133	103	75	103.4765812	22.65962582	144	117	92	117.4946345	20.66710316	223.9201992	0.0848921963
CGGCACCGTTAGCGCC-1	282	2594	4813	232	294	16.12244898	16.47525374	123.9177837	6.911635641	137	112	78	109.0594622	23.55614961	95	68	43	69.1638682	20.84422387	138	109	84	109.8491352	21.13653894	206.2990296	0.09428729957
CGGCACTCAAGAAAGT-1	868	2037	4300	716	139	30.84172662	25.82794733	126.3676868	8.086859821	141	110	52	103.6641838	32.82930095	106	75	36	73.20161596	25.99470443	143	115	72	111.3853049	27.06115349	176.6234678	0.0935087991
CGGCAGGGTCGGGTTG-1	512	4376	2995	38	284	15.66197183	17.47851289	122.7943142	7.551225254	134	110	76	107.0709506	23.32933913	95	72	46	71.41737154	19.49653574	138	110	86	111.065017	20.46443306	180.9573544	0.1033207801
CGGCCACGCACAAAGT-1	637	3224	3683	377	187	21.71122995	18.6991959	127.1984075	8.948444674	143	108	63	105.2309052	31.07262828	106	71	37	71.60623659	26.45810682	147	111	76	111.1373564	27.33616784	249.2041624	0.07726581362
CGGCCCAGGTATATCC-1	70	2744	5063	44	307	20.44299674	22.0127112	122.7302284	6.056370817	134	117	99	116.4706476	15.54547648	110	92	74	91.9981063	15.67352893	137	115	95	115.409418	17.12535475	164.3199694	0.1079115
CGGCGCCATCAATCCC-1	456	3235	4049	181	332	13.1626506	10.57776949	123.6317349	8.12336843	137	109	73	107.0613559	25.39868735	108	77	50	78.41219543	22.76487454	142	111	84	112.4090393	22.8608883	239.9318182	0.09267927726
CGGCTTTGTATGATAA-1	634	3151	3898	238	217	19.05069124	17.47024361	124.0681476	8.191125128	139	108	66	105.2170181	27.79693518	112	79	48	80.0629971	24.98666117	143	114	86	114.4712789	22.28254402	200.308478	0.08832118485
CGGGAATATAGTATAC-1	205	2909	4742	65	244	24.44262295	23.58297148	123.7606823	5.724571722	135	117	93	115.276859	17.90967479	109	89	69	89.27054665	17.06712806	138	114	93	114.600303	18.17229662	229.165475	0.09756518087
CGGGAATTTATGTAAA-1	468	4440	2940	73	241	17.90041494	15.62894564	123.7122494	7.997229976	137	109	76	107.5736649	24.77957686	113	80	50	80.95859109	25.03683038	145	113	84	114.048605	24.21923675	244.1456844	0.08445710563
CGGGAGCTTCAGTGTA-1	352	4725	2793	51	300	15.81333333	13.32910933	125.4444495	7.733518423	140	112	82	111.2493372	23.49042025	114	82	55	83.64865547	23.21092475	144	111	84	112.7887893	23.28427062	286.6811798	0.0779410833
CGGGATCAATGTAAGA-1	29	2786	4573	533	249	19.94779116	15.45485995	125.3876172	8.509571734	144	113	88	114.8314607	22.09069917	105	74	53	76.82969322	21.0978664	141	111	87	112.4448933	21.02359246	208.1043156	0.09071432068
CGGGCAGCTAAACCGC-1	439	3904	3349	229	213	18.48826291	14.1007809	124.572229	8.199231841	140	106	72	106.2120944	25.6763274	97	65	41	67.20464588	21.69244593	140	110	86	111.2797627	20.764343	177.2414454	0.09278490458
CGGGCCATAGCCGCAC-1	499	1781	4326	1315	115	34.57391304	36.34976487	120.486992	7.840404437	132	107	63	102.3117031	25.86048583	98	72	44	71.72894837	20.20171929	132	111	86	109.6058578	17.61436377	72.46412155	0.141470421
CGGGCCTTCTTTGTAA-1	626	2927	4092	276	225	17.92444444	11.22927039	124.1553996	7.833414644	138	107	65	103.9637672	29.14414979	97	67	37	67.23330388	23.16065008	142	111	77	110.0464588	25.36260679	195.1843718	0.09374851809
CGGGTGTACCCATTTA-1	443	3876	3446	156	286	13.8986014	9.971999161	125.9173737	8.007759333	140	107	72	105.6229011	26.91389715	104	71	44	72.64335311	23.30534125	146	111	80	111.8563313	25.4048758	322.0662666	0.07575208051
CGGTACTAGAATCAAA-1	469	4377	2900	175	321	12.95327103	9.814525929	125.3586164	8.370963585	142	108	76	107.9046838	26.63563436	108	74	48	76.38277995	23.41808473	147	109	81	111.9675546	25.53511797	313.2280388	0.07314757209
CGGTAGAGGTGCAGGT-1	285	3873	3663	100	276	17.1884058	15.54449002	123.295936	7.202621828	135	111	82	109.7942179	21.7362406	92	69	47	69.52417624	18.09975173	137	109	86	110.4144679	20.41878893	188.6852656	0.0991213444
CGGTCAAGTGGGAACC-1	948	4329	2504	140	257	12.65758755	9.049338971	125.8855723	9.428254375	139	100	58	99.06388082	30.60799069	100	63	34	65.05883096	25.44617779	149	106	75	109.3595506	28.32075464	313.6292135	0.08082280001
CGGTCCGTCGCAAGCC-1	494	3363	3632	432	202	17.32673267	13.057837	123.4918801	7.908391373	136	103	65	101.5022093	26.8601192	112	78	50	79.67958591	23.67373012	142	113	84	112.8386567	22.26746268	182.0337079	0.09265112869
CGGTCTATCAACCCGT-1	549	4293	2911	168	296	14.69256757	11.17717021	125.4323539	8.573826698	142	109	76	109.0023987	25.21499263	114	81	55	83.00593359	23.05179537	146	113	87	114.5298573	22.58911343	288.0185138	0.08420837824
CGGTGAAGACTAAAGT-1	196	1546	4763	1416	136	33.44117647	25.14626762	122.8060874	7.47325996	138	111	75	108.515339	24.25017524	100	75	49	74.7790683	19.74720738	134	113	89	111.7812145	17.83422465	100.7842186	0.1223566229
CGGTGCAGATAGAACG-1	169	1625	4973	1154	193	25.34196891	18.61630992	124.7181344	6.775110238	140	113	80	111.4004545	23.71306125	112	84	57	84.38820856	21.13230534	139	116	91	115.3829062	18.65696299	144.3022217	0.101452351
CGGTGCGCGTTGGTCC-1	486	2062	4435	938	177	24.83050847	17.00663135	126.9651781	8.085055443	143	110	69	107.4921096	29.66484024	108	76	44	76.11968186	24.79479866	144	115	81	113.2580482	24.52017647	162.1982891	0.09501532577
CGGTGTACTTGATCCC-1	507	1649	4762	1003	134	33.14179104	28.21880208	124.2832584	7.290802871	137	111	61	105.3301351	28.52630796	103	76	43	74.71304128	22.67126946	138	115	82	112.1470774	22.20448078	135.5030644	0.112899282
CGGTTATCCAACAGTG-1	454	2904	4519	44	209	23.97129187	32.32681703	121.1273725	6.558820707	132	113	73	108.2238354	22.43062539	98	78	50	76.36333796	18.96042135	136	113	89	112.6227749	18.86073069	152.8478039	0.1173167965
CGGTTCAAGTAGGTGT-1	364	3798	3701	58	272	16.10294118	18.07369693	120.9949649	7.029876117	131	109	75	106.0661533	21.95970572	103	79	54	79.276354	19.51534365	137	111	89	112.1961874	18.97192633	174.6641982	0.1164915589
CGGTTCCGGCTTCTTG-1	667	2262	4432	560	163	25.75460123	22.70998592	124.722944	7.518747197	138	109	62	104.4305012	29.28793881	99	71	39	70.21436687	22.43765931	139	112	80	110.7514203	23.23627982	144.0379213	0.1039146341
CGGTTGACCTGGCATA-1	165	1529	5025	1202	139	33.22302158	27.44387161	122.2245044	5.780195432	135	111	80	108.8176998	21.85102016	101	77	53	76.60547911	18.51718842	132	113	93	112.7185961	15.78601603	93.05234934	0.1241728448
CGGTTGAGTATCCTTC-1	307	1449	5140	1025	163	28.78527607	21.52890547	123.0141695	6.677441415	136	112	79	108.8910491	24.0125766	106	81	54	80.63931322	20.42566379	137	114	87	112.8028027	19.37830604	109.0165986	0.1143833795
CGTAAACGCTTGAGTG-1	449	1683	4801	988	123	37.51219512	30.35303546	123.1230273	6.802578268	137	112	69	107.0083323	26.38980574	101	76	46	74.50119934	21.10434887	135	115	87	112.5418508	19.41514635	96.13751277	0.1259914853
CGTAAAGCAAGAAATC-1	643	1629	4727	922	154	27.75324675	22.90049387	122.0845741	6.453589674	134	109	61	103.7203636	27.76244114	106	82	49	80.18634011	22.19961137	137	117	84	114.0459538	21.0156676	102.7602145	0.1277228613
CGTACCTGATAGGCCT-1	114	2554	4878	375	265	19.36226415	17.06516065	127.3203837	8.256447294	143	115	86	114.6431006	23.05334883	106	77	53	78.4399697	21.23357607	143	113	87	113.9425578	22.08124142	222.6304903	0.08713278617
CGTAGCGAATTGTCAG-1	388	3189	4187	157	260	18.37307692	16.8893243	125.0614417	8.3083843	140	112	77	109.9251357	25.65937569	109	80	52	79.98775407	22.85727941	143	114	86	114.3441485	22.4433241	201.3444842	0.08936022234
CGTAGCGCCGACGTTG-1	365	2129	4844	583	204	22.16176471	22.54360282	123.0715825	7.300234526	137	110	72	107.0619871	25.16732181	115	82	51	82.8401717	24.96490064	139	115	88	114.0304255	19.71649737	151.9969356	0.1000649016
CGTATTAAGAGATCTA-1	452	4228	3083	158	211	18.82464455	14.88383325	124.7594471	9.114606179	139	107	72	106.543997	25.78377483	94	64	40	66.17889155	21.23262417	138	108	83	109.6516854	21.82499745	175.3125638	0.09618252885
CGTCACGTCCATTGGT-1	242	3085	4113	481	214	20.41588785	14.59771874	125.8945836	7.258813961	142	110	77	109.3841687	25.46804136	108	76	48	77.2228254	22.84013403	144	114	86	114.3146067	22.30343588	198.1573034	0.08606331642
CGTCAGTGCGCACAAG-1	196	1957	4866	902	199	23.42713568	19.4490306	123.9279226	6.816229057	139	112	79	110.1181669	23.59730704	106	79	53	79.24378235	20.92590452	140	115	90	114.7621512	19.44635113	149.5932074	0.0952188673
CGTCATACCATATCCA-1	512	1551	5367	491	123	39.57723577	37.45023975	121.2437477	7.173798159	136	112	73	107.6047216	26.31049341	105	75	46	75.466734	22.88252243	134	114	85	111.2017422	20.44955431	74.56613892	0.1503957454
CGTCGCTTGGTTATAC-1	765	2296	3989	871	127	29.32283465	23.46244508	122.4661266	7.058157634	135	104	55	99.12814039	29.68355798	106	79	46	77.42557758	23.05371665	137	114	83	111.6569878	21.67197884	104.5265577	0.1218331786
CGTCGGATAGTGTTGA-1	597	4143	3089	92	258	14.42248062	12.09794486	122.2188268	8.071571966	132	105	69	102.7711148	24.26001689	95	69	43	69.2152506	20.41228876	140	108	84	110.0686782	21.9124477	178.4490552	0.1067416279
CGTCGGGTCTAAGCGC-1	385	1417	5234	885	138	35.00724638	29.16208984	123.2250388	6.392003977	138	113	73	109.28658	25.31795403	108	82	53	80.97992678	21.23905158	135	116	90	113.7317258	18.62162502	89.5942288	0.1313653657
CGTCGTCCTTCGCGAA-1	408	4209	3110	194	293	15.6552901	11.03920786	126.9757635	8.636139004	143	110	80	110.8200985	25.5722454	117	83	56	85.03156167	24.03662071	148	114	85	115.5914657	24.56861235	300.6853933	0.07344524697
CGTCTGGAAGGGCCCG-1	403	3473	3690	355	242	17.15702479	13.13974997	126.2365819	8.894510207	143	108	74	107.7860119	27.45093128	108	73	44	74.60118672	24.70052711	148	113	81	113.5883096	25.56132233	247.6788815	0.08066233947
CGTGAAGTTAATTCAC-1	471	3055	3968	427	229	17.7510917	12.22046609	125.5846206	7.926520177	140	107	69	106.0156546	28.50868491	104	72	42	72.75962631	24.55939298	145	113	81	113.1272567	25.5509564	213.1641982	0.08335843434
CGTGACATTGGGTCGT-1	382	3097	4205	237	258	17.73643411	17.29633173	124.7470028	8.173165469	138	111	73	108.4860497	25.18910353	125	93	59	92.77856331	25.33176306	143	116	89	115.7785633	21.26515322	231.5783963	0.09337016801
CGTGACCAGTCCTCTG-1	1033	4013	2770	105	223	16.59192825	12.31679474	124.6841661	8.380211542	138	104	58	101.5773261	29.7939032	118	84	50	84.51331903	26.4104962	144	114	82	113.3151117	24.13708974	203.8644025	0.08912220362
CGTGCAGACTGGGACA-1	738	4400	2711	72	193	12.59585492	16.65941621	117.9430159	7.260733243	123	94	61	93.49387704	23.41670067	100	63	42	67.14202752	22.47649172	135	110	88	110.885873	18.28243134	116.1211696	0.1213214482
CGTGCATTGTCGACGC-1	234	2511	4870	306	177	27.03389831	24.53059851	123.1732975	6.777086501	137	112	80	110.1788916	22.46159738	106	81	55	80.68034339	20.04714375	136	114	92	114.0826916	16.90767774	127.2392748	0.1114770061
CGTGCCCTCCCGAAGA-1	782	5141	1945	53	274	13.32846715	11.5383268	124.7658567	8.985932964	137	104	69	103.4187603	26.9156265	106	72	45	74.42633506	24.06405642	144	109	81	110.7688423	24.91432042	260.5164709	0.08334059378
CGTGCTTCTACCTAAA-1	685	2473	4059	704	151	23.05960265	21.72197343	120.4636445	6.697814674	132	102	56	97.87223835	28.41098877	97	70	42	69.64486807	21.04261316	136	111	81	109.4460295	21.17256211	110.6519408	0.1180579673
CGTGGCCGAATATCTA-1	347	2881	4561	132	253	17.40316206	24.09097362	122.0752169	7.510737976	133	110	73	106.2158818	23.02830532	109	84	53	82.42507259	22.06554427	139	113	87	112.6923368	20.45158411	214.336951	0.1069757754
CGTGGTACCCAAAGGC-1	378	1572	5289	682	178	26.03932584	21.50812816	121.9955714	6.29120249	135	111	75	107.4702689	24.64277094	115	90	58	87.83120818	22.63189491	137	116	88	113.8033077	19.64347531	118.2445097	0.1117583899
CGTGTCCCATTCGCGA-1	224	2285	4890	522	208	22.50961538	18.05014127	124.6603674	6.909249835	139	112	79	110.0156546	23.75373926	102	75	48	74.76757985	20.94866341	140	114	85	113.0074486	21.26377276	125.6367467	0.1149104875
CGTGTCTCGTTACGAC-1	571	3140	3758	452	175	24.05714286	17.71511519	122.7143633	7.078142563	138	108	75	107.0592097	23.9612247	113	84	57	84.60093423	21.5134757	138	113	89	113.3235703	18.53521129	143.4272217	0.1015253707
CGTTAATGTCCCGACG-1	286	4093	3331	211	302	14.1192053	10.33730924	125.7196273	8.67884831	140	109	80	109.1073097	25.20284777	111	78	54	80.46155788	23.85213186	147	111	84	113.4412322	25.08539359	286.165858	0.08486618407
CGTTAGCTCACAACTG-1	449	3445	3928	99	256	20.54296875	23.01846468	124.1344608	7.136015381	136	115	81	111.953415	21.75330175	123	97	67	96.53983083	21.62449294	140	117	93	116.6664563	18.92974265	201.9190501	0.1009847277
CGTTCAGACCCGCGAA-1	481	2455	4530	455	229	17.3930131	14.56571149	122.1917973	6.475873248	134	107	65	103.6316122	25.96337005	107	80	51	79.96010605	21.91476584	141	114	84	113.3197829	22.04025019	169.3858529	0.09578170933
CGTTCATGGTGCGCGT-1	170	1155	4973	1623	142	36.38732394	31.15586636	123.5356879	6.623295113	138	115	85	112.6639313	21.84659588	102	77	52	77.45196314	19.34684635	134	114	91	113.1251105	17.2080734	76.14606742	0.1383905743
CGTTGAATACCGCGCT-1	722	4680	2358	161	291	14.85910653	9.710451267	127.0572274	8.524919844	144	108	76	109.3449059	26.54940802	123	86	59	88.79068299	25.39248023	149	113	86	115.7275597	24.6770226	326.4459908	0.07817206524
CGTTGAGCGACCGTCG-1	866	4340	2550	165	252	14.32936508	11.53869657	124.6355835	9.591538482	136	104	67	102.7148087	27.06395413	110	77	50	79.11273829	23.87647673	144	111	82	112.333165	23.87501061	234.0215781	0.08525751845
CGTTGCCCGCGTGGGA-1	527	2267	4716	411	106	41.63207547	200.5696287	121.2520217	7.641657415	132	112	61	104.3591718	28.8555277	132	90	46	90.05479106	33.35542759	136	119	82	113.4692589	22.27919264	100.71476	0.1980468451
CGTTGTCGGCAATTGA-1	269	4151	3398	103	288	17.15277778	13.92231395	124.0025506	6.892528728	138	113	86	112.1357152	21.55232827	121	94	68	94.56520641	21.31252047	143	116	91	116.5192526	20.28973107	218.4175179	0.09199816874
CGTTGTTTCAATTCCC-1	480	3209	3981	251	180	22.8	18.1326593	124.1104271	7.633491299	138	108	70	105.6324959	26.81033835	94	66	41	66.78639061	20.81209047	137	111	84	110.3445272	20.80489557	139.5531154	0.1017368749
CGTTTAAGCGGAGCAC-1	631	2708	3990	592	207	18.65217391	14.27083721	125.7057505	8.294205105	139	106	61	102.8557	29.43918873	103	70	41	71.33770989	23.64512606	141	110	81	110.4360561	23.31713771	208.2358274	0.08735080833
CGTTTCACTTCGGGCG-1	459	3253	4045	164	295	14.82372881	11.61805052	124.0623043	8.289580537	136	109	74	107.0672895	25.01856686	98	68	41	69.14909734	22.77953186	139	109	83	110.7716197	22.05566708	198.5755873	0.1013023597
CGTTTCGCTCATTACA-1	416	2976	3951	578	186	23.11290323	17.58063283	127.1141095	10.38755192	143	109	72	108.4768337	27.55119415	108	74	47	75.93523545	23.86840521	144	113	85	113.7541977	22.46100416	201.938713	0.09057553741
CGTTTGTGTAGAGGGT-1	419	3018	3947	537	193	21.86010363	18.19315233	124.5306837	8.509703033	141	109	74	108.2397425	25.56321203	116	83	55	84.90140134	23.13727878	141	114	89	114.6639313	20.23905043	175.5754597	0.09238539564
CTAAACGGGTGTAATC-1	268	2296	4675	682	193	24.55440415	18.91673585	124.8332217	7.330609674	140	112	82	111.2100745	24.11774769	104	75	50	76.06476455	21.24887478	138	114	89	113.5801035	19.40918606	160.2017365	0.09960238656
CTAAAGAATGCCTACT-1	302	1762	4828	1029	180	26.89444444	19.45179147	125.5930469	7.859419238	142	113	78	111.1295291	25.75126254	107	78	51	78.64751925	21.95077148	139	115	89	114.3685141	20.13113588	142.9004086	0.1068059907
CTAAAGGGAAATAGGA-1	396	2366	4833	326	264	16.125	11.37695621	123.3258389	6.902428916	136	109	73	105.9088499	26.59927723	98	71	42	70.57151875	22.21405924	145	113	79	111.9176872	26.35980519	212.6850102	0.08738400688
CTAAAGTCCGAAGCTA-1	505	1433	4014	1969	87	52.74712644	152.4557006	118.686413	6.434638971	131	112	64	104.9309431	26.43221406	130	81	44	83.83360687	30.77269987	131	115	85	111.8505239	18.62651957	70.18207354	0.2047996457
CTAAATCCGGTGTACA-1	859	2958	3615	489	148	24.15540541	17.23553559	123.6822437	7.746225808	137	103	58	100.0847115	29.5647895	100	70	42	70.65383159	22.38088533	138	110	81	109.4240626	21.68562197	150.941522	0.107174997
CTAAATCCTATTCCGG-1	317	3802	3555	247	321	12.58566978	8.79108407	124.4303963	8.670556943	139	107	76	106.8462315	24.92801076	99	68	43	69.82653705	21.8005838	142	107	80	109.3813912	24.46796023	292.2755363	0.07779183038
CTAACCGCGCGCCCGT-1	254	2185	4894	588	185	26.86486486	18.67613329	125.2534373	6.820637531	141	114	82	112.2243404	23.75429807	104	76	51	77.14821361	20.59159748	136	113	90	113.4608004	18.30276062	139.2754086	0.1003154268
CTAACGAAACTTGCTG-1	325	3040	4422	134	274	15.08759124	17.91686986	121.6405776	6.109558915	132	108	73	104.9121323	23.01567626	99	75	49	74.86744098	19.58631244	138	111	86	111.9046838	20.43242605	198.6908836	0.09460194692
CTAACTGGTCCGGTTC-1	565	2376	4183	797	176	22.15909091	14.9688209	124.653727	7.359490672	139	106	64	103.6783234	28.45869874	103	72	41	72.12018685	23.21961584	139	111	81	110.3783613	22.39945919	161.5021706	0.1041107837
CTAAGGGAATGATTGG-1	735	3940	3041	205	257	13.88326848	11.37245256	124.3435896	8.867296086	138	103	65	102.4185078	27.74538782	118	80	47	81.42595632	27.23367167	145	111	84	112.7942179	23.48508829	247.4027068	0.08766846637
CTAATTCGCACGCGCT-1	851	2880	3938	252	153	23.17647059	19.32221372	121.3583711	7.333105291	132	103	54	97.6990279	30.21717144	91	62	32	61.95669739	22.2225438	136	108	75	106.5862896	23.72227921	98.15257916	0.1330354652
CTAATTTCAACAACAC-1	17	818	5506	1580	137	41.76642336	37.42150184	122.8684645	6.644599678	137	117	94	116.1846989	17.00161805	106	82	59	81.83714178	17.70925504	133	115	95	114.9060725	14.6602224	69.04226251	0.140607319
CTACAAGAAATAACCC-1	503	2828	4018	572	178	23.58988764	19.22297633	123.5283289	7.060064792	138	108	72	106.6905694	24.69632399	118	88	59	88.66923368	22.45043747	139	114	90	114.2988259	18.84403216	148.9706333	0.09683333465
CTACACTAGCTTGTTC-1	68	1186	5969	698	182	30.01648352	25.14867337	122.5502184	5.412125506	135	115	91	113.7684636	18.43949753	104	81	61	81.79409166	17.16438109	133	115	95	114.4071456	15.1854336	111.5411134	0.1132245407
CTACCCTAAGGTCATA-1	434	4167	3259	61	290	15.13448276	13.58621959	123.7304525	7.522872695	137	109	75	107.6015655	23.99873892	96	69	44	69.895089	19.91607762	140	109	83	110.6524429	21.92260714	233.8207354	0.08610282432
CTACGACTAGCTATAA-1	365	1855	4619	1082	152	31.58552632	23.37070931	124.6572549	7.147536068	139	113	77	110.1286454	24.5114308	111	83	53	82.91655094	21.6846476	136	116	90	114.134074	18.06614959	112.921476	0.113343257
CTACGATCCTATCCTA-1	434	1381	5538	568	122	41.2295082	40.56077951	121.1522901	5.895238849	133	113	71	107.5544754	24.25068115	108	89	57	85.50145184	20.24090561	135	118	91	115.322434	18.27453569	61.0218335	0.1631628341
CTACGCACGGAGTACC-1	361	2828	4032	700	246	17.7601626	13.72151145	126.9501222	9.035691388	145	110	74	109.5249337	27.1292346	113	77	48	79.0284055	24.80227735	145	112	85	113.8829693	22.76933098	214.1648366	0.0830588074
CTACGCCATTTCCGAT-1	555	3070	4109	187	242	17.74793388	14.11751505	124.0284655	7.30765389	137	109	68	105.7660649	26.56752329	95	68	40	68.15174852	21.27564687	140	110	83	110.9934352	22.15404305	202.1371297	0.09214916984
CTACGTGTTGCCACCA-1	261	1830	4931	899	147	29.08843537	22.58616914	121.8981962	6.630308784	135	109	73	106.1676556	24.12895999	88	64	39	63.84572655	18.69025887	130	109	85	108.0974624	17.51796293	90.2575332	0.127604245
CTACTATCATAGGTTT-1	392	2395	4428	706	148	30.06756757	24.72734075	122.8008602	7.298358927	137	110	78	108.6574927	23.17307734	107	80	55	80.42785002	20.00045138	135	113	91	112.5674789	16.67249978	93.29890194	0.1272458627
CTACTATCTTTCAGAG-1	206	3056	4567	92	256	18.19140625	17.11697133	121.2323348	6.615718919	132	111	80	108.5109203	20.59394952	94	72	49	71.96010605	17.66106787	136	111	87	111.5514455	19.68510879	160.9382022	0.103579551
CTACTCAAGGTATAGT-1	274	3286	3961	400	196	21.62755102	17.50040979	124.7848969	8.474215672	141	109	76	108.6595127	25.77844652	123	89	59	89.71758616	24.94118126	143	115	88	115.3451584	21.42113051	191.947523	0.08603542997
CTACTCTAGGCCCGGC-1	517	2091	4559	754	134	30.94776119	22.38146794	123.6191136	7.271446266	136	108	65	104.5398308	26.67438847	97	70	45	70.45953794	20.15512772	133	110	85	109.3210453	18.78409943	94.7288049	0.1233399793
CTACTGCCACCTGACC-1	107	4008	3662	144	272	18.67279412	15.81183923	120.8579893	6.748171879	133	112	92	112.3853049	16.63051183	112	87	68	88.6646888	17.94199231	134	111	92	112.1286454	16.72510279	133.5978039	0.1163165644
CTAGATAAACTCCTCG-1	467	1850	4846	758	125	36.824	35.36395091	123.8503989	5.861065055	136	112	69	107.1314228	26.39890973	102	76	45	74.87362707	21.56328929	134	114	86	111.8332281	19.51807547	104.8100102	0.1214952754
CTAGATGTGAGTGTAA-1	66	2166	5579	110	270	22.2	22.26417152	124.0551027	6.456782021	136	117	95	115.7232673	17.49532158	112	89	69	89.84648403	18.17217423	139	114	93	114.9720995	18.96755292	192.4780388	0.1032094243
CTAGATTTACGACGGC-1	615	3003	3904	399	268	15.57462687	9.157719903	126.8545002	7.608747361	142	108	66	106.2456761	28.85312732	121	87	54	87.57833607	25.84948041	148	114	83	115.030173	24.85430285	287.9542901	0.08061537796
CTAGCAACTAATTTAC-1	360	1791	4875	895	135	34.2962963	59.94022628	121.4902805	7.489138414	138	111	77	109.0915288	25.00224619	120	68	43	73.45196314	28.55277037	134	109	85	108.7730085	19.72897371	90.5328141	0.1457413131
CTAGCATAGTATAATG-1	392	2566	4798	165	275	16.46909091	11.56900047	123.0129013	7.758607227	135	110	77	107.2047721	25.38874341	92	68	43	67.37331145	20.46697334	141	112	81	111.2344401	24.43875666	181.1589632	0.09447658326
CTAGCCGATGTTATGA-1	295	2568	4868	190	286	16.05244755	15.69911731	122.4956171	7.921479307	133	110	77	107.5100366	22.85023517	97	72	49	73.04494382	19.97896887	135	109	86	109.884358	20.24535798	192.0958887	0.1068807219
CTAGGCGCCCTATCAG-1	475	4002	3278	166	323	14.10216718	11.23126283	126.5737249	8.86507837	141	111	76	109.6619114	25.5405804	114	81	52	82.41661406	24.49146249	145	111	84	113.3599293	23.86531888	295.3531665	0.08421710908
CTAGGTCTGAAGGAAT-1	175	3628	4058	60	263	20.15589354	21.32374106	122.1986003	7.070150963	135	113	89	111.962631	19.77088479	94	73	54	73.70041661	16.81248119	137	109	88	110.8694609	19.67208461	179.0306435	0.1104652238
CTAGGTTCGGACGTGA-1	926	4344	2550	101	257	15.55252918	11.91499413	126.6735157	8.885734704	140	107	66	105.1718217	27.95238966	115	81	48	81.39111223	25.31144306	146	113	83	113.8937003	23.9627454	252.0177477	0.09084477597
CTAGTAGAAAGGGATT-1	1136	4789	1920	76	265	12.13584906	9.309177747	124.7932871	8.546479922	136	100	63	100.3517233	27.62485195	104	70	44	72.53503346	24.05229471	145	108	80	110.4085343	25.17236624	275.6550051	0.08117350676
CTAGTATTCGGAATTA-1	458	3654	3532	277	254	12.71259843	9.971617139	123.334534	8.241408801	133	100	65	99.80659008	26.87062077	87	58	35	59.97235198	21.05661429	139	106	79	107.4517106	23.4808014	217.3632533	0.09155819164
CTAGTCACGTCTTAAG-1	597	1958	5096	270	229	19.08296943	13.16960633	122.3550935	6.865672334	135	109	65	104.0714556	29.26271037	96	70	38	68.41573034	22.88876843	145	114	77	111.5879308	27.83985123	220.2538304	0.09268332356
CTAGTGAAGGACAGGA-1	250	2259	4603	809	186	24.58602151	20.58017676	123.5026298	8.483980216	141	111	75	109.4894584	24.82065292	101	71	46	72.74902159	20.85074515	137	112	88	112.1478349	19.05356898	131.1057201	0.1084672215
CTAGTTACAACCCGGT-1	643	3641	3350	287	259	15.45559846	11.10084337	126.1522629	8.034217324	140	107	70	105.9178134	27.43516418	121	88	56	88.32041409	25.33263816	145	113	84	114.1104659	23.63460736	260.5838866	0.08031195779
CTAGTTGGGCCCGGTA-1	564	5325	1973	59	200	12.495	13.75063544	118.9233042	7.578712425	127	95	70	97.04204015	21.84256658	91	64	47	66.94659765	17.97772616	137	111	91	112.9968438	18.5747123	126.2373596	0.1249488859
CTATAAGAGCCAATCG-1	148	3431	4295	47	274	20.75182482	25.83461748	122.2621184	6.557610447	133	115	93	113.8755208	17.08191595	103	83	62	82.68312082	17.10419672	136	113	92	114.0239869	17.9867162	175.631001	0.1097675835
CTATAGGCGTTGATGT-1	444	3251	3848	378	194	21.77835052	17.47744778	122.9892084	7.223162795	138	108	75	107.5149602	23.80966078	113	85	57	85.27534402	21.77307904	138	113	87	113.1109708	19.44901776	163.4136874	0.0907422975
CTATATCCAGCCTGGC-1	264	2020	4810	827	154	26.35064935	18.42342258	121.230827	6.730968053	133	107	73	104.5942432	24.16569987	105	79	53	78.95391996	20.68615364	137	115	89	113.6947355	19.52019426	113.3096272	0.1133257726
CTATCGACGAAATACA-1	198	3284	4251	188	310	16.23225806	16.86505046	125.4153251	7.96576944	141	113	85	112.733872	22.85320616	117	88	63	88.94823886	21.80900549	145	114	87	115.3490721	22.67859395	293.3816394	0.08440125789
CTATCGGGTCTCAACA-1	452	2852	4431	186	232	18.67241379	13.6768593	123.4408071	7.999956094	137	109	71	106.2665068	27.0099796	97	69	41	69.13104406	22.04390718	147	113	81	113.3106931	25.95547542	195.2833248	0.09006525341
CTATGAACACCTTGCC-1	1659	2726	2938	598	58	63.15517241	114.8705121	129.0624038	15.63622583	153	100	46	101.4985482	41.05123528	151	80	32	89.78866305	46.43089575	151	108	61	108.2114632	34.69706729	141.5353677	0.1566110863
CTATGCCCGAATGCAA-1	399	3187	3909	426	248	16.19354839	11.24591497	126.0833067	7.65694531	141	107	69	105.7179649	27.82721213	120	85	53	85.81012498	25.9271615	146	114	85	114.8227497	24.03036716	262.3743616	0.07546555964
CTATGTCACTAGCCCA-1	118	2966	4602	235	262	21	19.42356325	125.0599159	6.77543258	140	115	91	115.438076	20.08079211	108	81	60	82.99608635	18.97924394	143	115	90	115.7428355	20.75002918	185.6460674	0.09405614846
CTATGTCTATTGAAAC-1	551	3847	3395	128	190	21.15263158	19.20835532	123.627672	7.670795857	137	107	71	105.5677313	25.92427747	94	66	43	68.01641207	19.87225923	139	110	84	110.9073349	21.50250052	152.5598825	0.09895170911
CTATGTGAGTCACGGC-1	335	1673	5029	884	122	36.33606557	33.32493052	120.8175864	6.499519941	134	110	75	106.7930817	23.13931357	89	67	44	67.1963136	17.78114554	130	110	87	108.9253882	16.70756256	76.09499489	0.1381219421
CTATTCATGTGTCCCA-1	449	3695	3573	204	220	20.48636364	17.09398606	125.9792154	7.625394314	141	111	76	109.6889282	25.27969415	126	93	62	93.56205025	24.75242838	145	117	90	117.1191769	21.48471945	213.8658069	0.08877836208
CTATTTGGTTACGGAT-1	462	4328	2962	169	296	12.89189189	9.040176941	125.4175221	9.164911927	139	105	70	104.9204646	27.17640497	102	69	44	71.54197702	23.20150526	145	110	81	111.3902285	24.83892512	277.9336057	0.08188765717
CTCAAACCACTGCCCG-1	494	3117	3967	343	196	20.23469388	15.11709468	123.7735443	7.180348914	137	107	70	104.8852418	26.41980595	111	81	51	81.2628456	23.19115483	139	112	85	112.1321803	21.3448862	177.2374872	0.09173969716
CTCAACTAACCCGGAT-1	608	4429	2811	73	239	16.23849372	35.06774113	124.4833505	11.02406718	138	106	65	104.4222952	29.22813466	131	60	32	69.22030047	35.05229123	138	103	69	104.0046711	27.69890782	251.6179775	0.1182691673
CTCACATTTACTAAAT-1	451	3491	3697	282	308	13.37337662	9.122197433	125.2582401	8.608863706	139	108	73	106.8059588	25.59330262	117	85	56	85.96263098	23.74719816	146	114	86	115.2562808	23.20926724	247.9989785	0.08384557639
CTCACTGTGATACTTA-1	391	4932	2490	108	303	15.14521452	11.56779565	126.4772905	8.98140167	141	111	82	111.3382149	23.80207312	114	81	57	83.78260321	22.98989981	146	113	88	114.9715945	23.21545346	279.034474	0.07891363684
CTCACTTGGCTGGTAA-1	258	2773	4301	589	152	27.05263158	20.64225019	121.8067731	8.098043179	136	108	76	106.750789	23.4395328	97	70	47	71.39679333	19.38079422	134	111	90	111.0998611	16.8288953	114.9740807	0.1150058474
CTCAGGACTCACCTGT-1	549	1742	5088	542	146	32.88356164	24.69221781	124.7738529	6.889203338	138	113	70	107.9785381	27.57953082	106	82	48	79.32357026	22.47927882	139	117	86	114.2408787	21.19414588	130.9011747	0.1083867223
CTCAGTCACGACAAAT-1	285	3534	4056	46	272	17.48529412	16.19844096	120.8130044	6.407110948	132	111	80	108.7959854	20.39117615	96	73	51	73.61065522	17.77794857	134	111	90	111.5605353	17.68599011	133.945097	0.115351112
CTCATGGCTCACAATC-1	192	1973	5244	512	243	20.90946502	16.11251695	124.9761451	7.044277578	141	114	84	112.6149476	23.05955138	111	82	55	82.59020326	22.30467491	141	114	89	114.8294407	20.51516347	182.2335291	0.09779841741
CTCATGGTAATTTGCG-1	456	1790	4347	1328	131	32.26717557	31.7335819	121.3422567	7.213057886	135	109	67	104.7374069	25.76566881	111	85	55	84.16853933	21.35387272	135	115	87	112.838278	18.40216142	79.13125638	0.132622887
CTCATTGCTCTAACAA-1	260	4223	3201	237	301	14.77076412	9.965252375	127.6084901	9.485365245	144	110	79	110.780457	25.52702466	120	83	56	85.47948491	25.43377229	149	112	84	114.6885494	25.25219507	318.3914709	0.07306866582
CTCATTTGATGGGCGG-1	320	3882	3530	189	268	18.5261194	14.66043731	124.7448141	7.67780326	141	113	85	112.896099	22.49716976	115	86	60	87.0135084	21.72823838	142	115	92	115.6559778	19.6920604	196.046859	0.09156987993
CTCCCTCCTTTCGATC-1	301	1345	5200	1075	125	42.584	38.77611306	123.3805213	6.420882633	137	116	74	111.457013	24.28309973	114	91	53	87.65623027	22.81262747	135	116	90	114.4687539	17.87752564	66.35265577	0.1455295255
CTCCGCCCACATGAGG-1	255	2543	4697	426	191	23.46073298	17.33039812	125.4355297	8.228851384	140	110	78	109.2783739	24.93639222	110	80	54	81.10503724	21.87057975	138	114	90	113.8948365	19.19863872	159.60738	0.09606911422
CTCCGGCCTAATATGC-1	158	3218	4170	375	243	19.83950617	16.36199812	124.7003698	7.992137015	141	112	86	112.6250473	21.63917293	106	76	54	78.47039515	20.68823808	139	112	89	113.1424063	19.44451208	176.8216292	0.09716619945
CTCCGGCTTGTAGACA-1	290	1264	4778	1589	126	38.38888889	36.81743294	121.8034677	6.348979494	136	112	79	109.360813	23.08938953	99	76	51	75.24794849	18.66754108	132	113	91	112.3409923	16.87268612	74.3886619	0.1428007014
CTCCTAAGTTATGTCT-1	596	2159	4331	835	160	26.23125	25.11927096	125.1154462	7.916157384	140	109	61	104.9888903	30.23628078	105	74	40	73.69233683	24.68286216	145	115	77	112.760005	26.13028251	160.11619	0.1019740473
CTCCTCCAGCTCACAC-1	323	2859	4241	498	195	21.42564103	16.12032827	124.3090265	7.317104765	139	108	72	106.6639313	26.20456796	117	85	55	85.72516096	23.84158644	142	115	87	115.0069436	21.38170841	178.7128447	0.09270704257
CTCGAGGCAAGTTTCA-1	461	3574	3562	324	122	32.71311475	43.7973125	124.3726543	11.62297902	142	107	67	105.990784	30.60408164	134	66	34	73.15187476	35.17797607	139	106	73	106.2008585	26.47544242	135.6428754	0.1308460877
CTCGAGGTCGAACAGT-1	216	2750	4505	450	223	17.31838565	15.68844575	121.5283205	7.442272506	134	106	74	104.6746623	23.65994573	94	69	48	70.43984345	18.40586482	137	111	88	111.6528216	19.32276321	146.5883555	0.1057843071
CTCGATATTTGCGAGC-1	376	2996	4443	106	240	20.15	21.0577183	122.3654729	7.014043509	134	112	75	108.6751673	22.63320542	96	71	43	71.03282414	20.57074609	139	110	85	111.4413584	21.29818778	152.7931563	0.1158690462
CTCGCACCTATATAGT-1	195	2370	4934	422	270	19.82962963	16.33403207	125.1853673	7.379213034	141	115	89	114.6201237	21.2433432	113	85	60	86.24479232	20.50117652	141	115	92	115.9117536	19.33073924	195.7104188	0.08924605515
CTCGCCGAATGTAGGG-1	343	4123	3322	133	268	17.10820896	13.61954559	124.9185394	7.803361507	140	111	81	110.4159828	23.91140155	116	86	59	86.96136851	22.89640132	144	114	86	114.7247822	22.55673884	218.7561287	0.08676400604
CTCGGGTTCTCTGGCC-1	464	2097	4641	719	146	28.42465753	22.56279991	122.1819988	6.582065516	134	108	70	104.9414215	25.19139417	112	85	55	84.47658124	22.08257079	136	115	88	113.6097715	18.60776202	99.87423391	0.1233748109
CTCGGTACCACTGCTC-1	307	3949	3463	202	305	13.90491803	9.81003879	125.4860751	8.373672536	141	108	76	108.1094559	25.47966829	115	81	53	82.42986997	24.14110064	147	112	83	113.6651938	24.86370903	306.1952247	0.07453303859
CTCGGTCCGTAGCCTG-1	236	3382	3972	331	197	24.44162437	18.71270622	125.5233587	8.294837499	143	112	83	112.5015781	23.82486766	113	81	56	82.81921475	22.21670001	142	114	89	114.71241	20.20990366	169.439096	0.09722624187
CTCGGTTGTCGGCCCT-1	171	1555	5356	839	154	30.4025974	26.79758651	120.8764981	6.094038137	133	111	82	108.7949754	20.95094107	96	75	51	74.27761646	17.8128005	130	112	90	110.9166772	16.1121441	92.68449949	0.1209737205
CTCGTCGAGGGCTCAT-1	306	1300	5052	1263	110	47.87272727	54.53874504	123.9304558	6.979929589	137	115	75	110.7478854	24.77557269	111	86	52	84.08913016	22.91900482	135	116	91	114.1680343	17.81803317	69.57520429	0.1494469861
CTCGTTACGGCTACCA-1	2603	2153	2931	234	36	85.30555556	265.4696906	130.0210865	14.42091652	136	80	29	84.68286832	43.80168056	136	50	10	67.56634263	51.74458187	134	83	39	87.51066784	38.62015854	122.6622829	0.2148156769
CTCTACACTGGCGATT-1	72	1461	5519	869	126	39.54761905	31.50071986	120.5122086	6.34366378	133	112	90	111.6247948	17.16334298	87	65	47	66.05883096	15.47819014	127	107	89	107.2408787	14.35289538	52.36644535	0.1660361538
CTCTATTTGGCTGCAG-1	433	3592	3774	122	282	16.18085106	12.1038322	125.1174848	6.880122735	139	111	77	109.1180407	25.35020869	125	95	63	94.44337836	24.46943079	144	116	86	115.6020704	22.53363917	242.6495148	0.08004976367
CTCTCACAATCGATGA-1	147	3448	4066	260	286	18.21328671	15.34589414	126.6466547	8.465151286	143	115	89	115.0530236	21.84515791	111	82	60	83.71001136	20.39726304	144	113	90	115.0178008	20.98615486	227.4147089	0.08434286193
CTCTCGATGTGCGCCT-1	61	1823	5440	597	267	18.74157303	14.21730345	126.157054	8.618216096	141	113	88	113.6787022	21.14848312	100	72	51	74.01338215	20.1992367	139	111	86	111.5571266	20.19907363	200.7293156	0.08987532757
CTCTCTAACTGCCTAG-1	468	1817	5043	593	131	34.17557252	26.32691738	121.5784333	6.235594718	134	110	67	105.6871607	25.58632182	104	80	52	78.92311577	20.18293492	134	115	88	113.1692968	18.58025436	84.31115935	0.1361017039
CTCTGCAGGCATTCTT-1	1861	3431	2334	295	87	27.83908046	43.33374188	120.6856942	8.391550841	133	88	39	86.65926019	35.65416469	100	58	26	61.90985987	31.76884309	142	105	67	105.0354753	28.38256743	102.1041879	0.1402284432
CTCTGCGAAGCAAGCA-1	534	2788	4280	319	232	18.38793103	15.49597921	123.5670049	7.801653742	138	109	68	105.6126752	27.51087673	99	71	43	71.40992299	21.72672309	139	112	85	111.8594874	21.57424683	158.2201226	0.1029029872
CTCTGGACGCCTGGTG-1	29	2902	4609	381	261	19.73180077	17.28366292	123.9859043	7.834413342	141	114	89	114.627951	20.48065457	97	70	50	72.38707234	18.95275236	139	111	86	112.0344653	20.94010549	180.5131512	0.09912672302
CTCTGTGCCTGCTATG-1	328	1700	4863	1030	140	35.47857143	49.70117387	124.6960365	8.302362109	141	116	71	111.3656104	28.28467562	137	87	42	90.34010857	37.06200809	139	116	79	112.7016791	24.06360734	131.1502809	0.147816364
CTCTGTTTGAGGATTC-1	558	3863	3316	184	281	14.74021352	13.16066008	125.196143	7.943832098	140	108	73	106.8711021	26.05855476	102	71	45	72.55990405	21.9447661	144	111	84	112.5908345	23.03488869	246.0928243	0.08378485069
CTCTTCTATTGACTGG-1	216	2866	4778	61	273	18.15750916	18.33591994	121.3855421	5.779536263	131	112	84	109.8227497	19.16883946	96	77	55	76.13672516	16.87710365	135	111	88	110.9650297	19.1543914	206.0190245	0.09845276275
CTCTTCTGGAAGTTAG-1	592	3650	3303	376	201	18.89552239	13.38277016	125.5399528	8.486297275	140	105	69	104.8083575	27.19437041	115	79	50	81.09481126	24.92032955	141	112	85	112.4789799	21.5105038	186.7240807	0.08581493371
CTCTTGTCCCGCTTGG-1	317	3689	3723	192	195	23.43589744	19.52670081	126.3354281	8.694269466	142	111	78	110.2490847	25.74023546	121	88	58	89.0760005	25.29734858	144	116	88	115.71443	22.66111929	182.5762257	0.09647628868
CTGAAAGAGATCCGAC-1	346	3352	3911	312	259	15.8996139	11.96445669	125.7310484	8.064592409	140	108	72	106.7250347	26.55413758	109	75	44	76.42772377	25.11605903	147	113	81	113.677566	25.11830989	265.7281665	0.0794337227
CTGAATCCGAGACCTC-1	297	3388	3996	240	232	19.875	14.42241057	126.1344119	8.150900835	142	112	77	110.6337584	25.91223798	107	76	49	77.44527206	22.97362546	146	115	85	115.076253	23.66670356	183.7262513	0.08928695433
CTGACTGCGCAGCTCG-1	318	3225	4319	59	271	16.64944649	22.81448506	120.7655558	7.289199231	130	110	76	106.3677566	21.35778538	90	70	45	69.30564323	18.08469127	135	109	87	110.0203257	19.35828127	184.8695097	0.1088547605
CTGAGCAAGTAACAAG-1	918	2081	4165	757	131	31.48854962	23.14289049	125.3295625	8.176973967	140	108	51	102.42785	32.96165615	98	69	33	67.55775786	24.43842135	138	112	73	108.6268148	25.0951198	123.7920072	0.1199058186
CTGATCCCTTTATGCA-1	257	1702	5248	714	127	36.81102362	30.10787228	122.5230107	6.821414425	136	111	80	108.9906577	23.08642175	105	81	55	80.2382275	19.62505331	135	115	92	113.9597273	17.89954347	90.15679265	0.127864527
CTGCACAACTACATAT-1	479	4260	2985	197	289	13.92387543	9.636709883	126.2685812	8.618068182	142	107	72	107.2149981	26.8495668	119	83	54	84.97437192	25.20930136	147	112	83	113.8533014	24.80055919	288.9562053	0.08409836686
CTGCACCTGGAACCGC-1	195	2542	4863	321	205	24.67317073	19.01438511	126.4058714	8.46999398	143	114	84	113.1984598	25.02838692	107	78	52	78.87148087	22.46094442	142	116	88	115.134074	22.25860453	174.7830695	0.09707650733
CTGCACTCCAGTACAG-1	472	3322	3748	379	246	17.25609756	13.62250437	126.4754366	7.562478752	140	109	74	107.9121323	25.79301244	111	80	53	80.87754071	22.6400374	144	112	87	113.8368893	22.27484169	222.2165475	0.08619311588
CTGCCAAGGTTGGAAG-1	497	4103	3105	216	257	14.29961089	9.936359745	124.3839125	8.637864842	138	104	67	103.2978159	27.30808775	97	65	41	67.48516601	22.35095116	144	108	82	111.0003787	23.96145065	260.5089377	0.08349816885
CTGCCATGCATCACAT-1	667	2992	3847	415	257	15.36964981	11.27130637	127.2703549	9.331427449	141	106	62	104.2988259	30.41884877	113	77	45	78.44009595	26.42492116	147	113	80	112.9116273	26.33994055	273.9814862	0.0789561419
CTGCCTAGCCACCAAG-1	165	4188	3473	95	324	14.85493827	11.22582204	124.1899315	8.216934159	139	111	87	111.8589825	22.14726589	104	71	49	74.15490468	22.33077854	141	109	84	110.8317132	22.94183562	263.1058478	0.08508658807
CTGCCTTTAATACCTT-1	409	2404	4544	564	162	24.02469136	19.33714861	121.8768804	7.771502231	134	106	68	103.4414847	25.96700228	105	77	50	77.51521273	21.53387251	137	113	86	111.9260194	20.56311363	126.8439734	0.1067842957
CTGCGGGTGAAATGTT-1	380	2144	4856	541	131	34.04580153	26.53554798	121.0735528	7.03928497	136	110	71	106.6843833	25.57848562	97	70	43	69.9827042	21.01374326	132	110	85	108.8832218	18.8249264	96.25153218	0.1248108329
CTGCGGTAGTCACGTG-1	555	1753	5337	276	213	22.29577465	22.48383522	123.0748503	6.862817816	135	112	67	106.4970332	27.8896055	97	70	42	70.67642974	24.2090788	137	108	76	106.8652948	24.68458589	210.3347804	0.0972408847
CTGCGTTACGATATAA-1	394	3306	4024	197	278	16.72661871	15.85492037	124.5954329	8.390604518	138	111	78	109.4456508	24.82398294	107	75	46	76.05908345	23.94433522	142	111	85	112.4631991	22.66604771	239.3941522	0.08876222412
CTGCTGAGGCCACGAA-1	322	3225	3993	381	187	22.78609626	18.90158071	123.5793825	7.670314456	139	109	76	108.1359677	24.09960856	105	74	49	75.79623785	21.06558233	138	112	86	111.9399066	20.11506917	138.9466292	0.1016203284
CTGCTTGGCGATAGCT-1	452	3698	3448	323	263	13.88212928	9.986558649	125.4011439	8.5314778	139	104	69	103.8554475	27.29182141	110	75	48	77.46357783	24.2647044	145	111	83	113.008206	23.76163684	270.9642492	0.08742703177
CTGGAAATGGATGCTT-1	96	2843	4662	320	210	21.28571429	15.72242214	124.7773579	7.60351942	140	110	79	109.7851281	23.98050351	100	70	47	72.13685141	20.58638443	142	112	86	113.4347936	21.65353243	156.4389683	0.09827972531
CTGGAAGACACGGTGG-1	643	4400	2800	78	280	14.54642857	12.50648352	124.49471	8.495441562	137	107	72	106.0871102	26.11448166	106	76	48	77.08307032	22.7504239	144	111	84	112.5510668	23.60364652	261.15143	0.08534659303
CTGGATTTACACTTGA-1	570	2838	4298	215	203	19.8817734	14.93090202	124.0178745	7.774851194	136	107	65	103.3816437	29.00505006	99	70	40	69.74763287	23.38509317	144	113	79	111.7690948	26.23882686	166.5630746	0.1026242131
CTGGCATCCGAATGAG-1	164	1911	4794	1052	139	31.49640288	25.74036779	122.0002795	7.147379117	136	110	80	108.065017	22.36555596	101	76	51	75.63363212	19.33308853	134	112	89	111.7449817	17.71979174	73.29519918	0.1395373588
CTGGCGACATAAGTCC-1	581	4558	2654	128	289	14.62975779	10.43108611	126.0306597	8.92693986	142	108	75	108.3611918	26.45348463	110	76	49	77.99368767	23.91389175	146	112	85	113.5129403	23.64794847	292.7059499	0.07976991005
CTGGCGCACAGGTCTG-1	784	3648	3337	152	284	14.29577465	11.48347786	127.7649012	8.229866353	142	108	60	105.0669107	30.71385368	112	77	38	76.19088499	27.90947316	147	109	66	108.1246055	31.07473148	318.8013279	0.07791881393
CTGGCGGGAATAAGTA-1	476	1092	5695	658	142	33.79577465	29.26963978	119.9450907	6.788457899	134	110	74	106.7981315	25.61109757	101	73	46	73.05453857	21.7812472	134	113	87	110.8685772	20.2404751	75.15296221	0.1558898717
CTGGCTCCTGCGGGAT-1	295	1759	4765	1102	170	26.48235294	21.61024363	123.2726009	7.12610386	138	111	75	108.0339604	24.86761785	94	68	44	68.60825653	19.64532574	135	113	89	112.2874637	18.15254153	103.5902707	0.1159468406
CTGGCTGATTCATCCT-1	203	3233	4395	90	308	17.16883117	17.20099106	122.8522421	6.110445176	135	114	88	112.666835	18.71913409	116	94	70	93.60825653	18.42975253	139	116	92	115.8586037	18.76460887	183.1529622	0.09780236711
CTGGCTGCTAACGTAA-1	541	1365	4392	1623	127	33.32283465	30.4690063	123.6978856	7.136250022	136	109	58	103.2835501	29.53154672	86	61	31	60.13937634	20.329113	131	110	77	106.4854185	21.51405962	102.9203269	0.1218479172
CTGGCTGGTTGTCAGT-1	414	2459	4535	513	228	17.6754386	14.94609942	124.7580367	8.094662435	138	107	71	105.076758	27.67892483	102	71	42	71.78272945	23.53796912	144	113	82	112.61924	25.32050737	205.8991318	0.08660345315
CTGGGATAAATAATGG-1	442	4014	3194	271	296	14.73986486	10.46825471	127.6852911	9.465415369	145	109	75	109.2023734	27.56769587	111	74	47	76.74233051	25.24654619	150	109	79	112.3010983	27.42126229	342.4615679	0.07036569401
CTGGGCCTGCTATATC-1	425	2835	4179	482	153	22.40522876	18.42115788	121.5879593	7.675300125	133	102	61	99.50965787	27.52283259	93	65	41	66.09493751	20.54721226	134	108	83	107.952405	20.21872276	124.0248979	0.1193275712
CTGGGTAGGCAGTTAA-1	425	4087	3194	215	312	13.57371795	10.23040724	125.1870165	9.120305132	140	108	76	107.8467365	25.45468343	115	81	55	83.0037874	24.10435244	146	111	84	112.9495013	24.23831673	291.1041879	0.07882184648
CTGGTAACACATAGAA-1	630	4703	2439	149	321	11.22741433	8.136376292	125.82763	9.228813702	140	104	70	104.5460169	27.11953061	108	73	47	75.86718849	24.33249327	147	108	81	111.3138493	26.03208515	350.6996936	0.07275014092
CTGGTAACGAGCTCTT-1	186	2513	5121	101	218	19.93577982	19.51794057	119.1662543	5.988848816	129	109	77	105.6361571	20.36965361	84	66	45	65.48781719	15.67143496	132	109	88	109.581366	17.71415864	126.9680797	0.1209929684
CTGGTCCTAACTTGGC-1	288	2294	5207	132	245	21.29795918	18.46179165	123.2991565	6.583597776	136	114	78	110.837773	22.81409291	118	91	60	90.03762151	22.66134422	140	117	92	116.5749274	19.17692751	164.7314862	0.106529779
CTGGTGAATGGGCCTA-1	327	1025	6005	564	139	39.97122302	35.17907783	123.1077779	6.578389078	136	116	82	111.9652822	24.15456857	103	81	54	79.55119303	19.98433136	135	117	93	115.0648908	18.6146127	69.19024515	0.1519028305
CTGGTTCAACGCATCA-1	406	3668	3747	100	185	24.77837838	21.71883147	123.391308	7.365666552	138	111	77	108.6997854	24.54127068	108	81	55	81.22951648	21.10042579	139	115	91	115.0214619	19.63114077	136.84857	0.1085668322
CTGGTTTCGAGCAAGA-1	281	3995	3551	94	337	13.25519288	10.77667189	125.6501517	7.817240222	140	110	78	109.3320288	24.69938122	119	88	59	88.84118167	23.36958782	146	113	84	113.9310693	24.18374399	341.0984423	0.06911820699
CTGTACTTCTTAGCAT-1	346	3425	3643	507	201	21.5721393	14.32897145	127.4479868	8.486403778	146	109	75	109.8652948	27.53851962	115	77	48	79.18255271	25.44491621	147	113	85	114.7752809	23.70523442	246.0362615	0.08041272217
CTGTAGCCATCTCACT-1	401	2327	4447	746	197	20.86294416	14.86577842	124.9896803	7.234289849	141	107	69	105.3156167	29.23939421	104	73	43	72.97525565	24.48795697	144	114	80	112.7345032	25.73200686	216.0187692	0.08497150067
CTGTATGGTGTAGAAA-1	306	2166	5105	344	188	26.75	26.05959312	122.5085251	7.086485286	136	113	82	111.094685	22.41055947	112	88	63	87.76732736	20.2569412	136	116	92	115.0272693	17.26151405	114.6427477	0.1190521077
CTGTCAAATGGCTCGG-1	436	4503	2832	150	303	13.80858086	9.763016646	125.9501952	8.69492214	141	108	77	108.4525944	25.61687473	105	72	48	74.77225098	22.88006069	145	110	83	112.2625931	23.89928	288.5643514	0.07616561668
CTGTGCAGGGTAGGTC-1	472	4200	3114	135	201	15.47263682	12.66995889	121.0513729	8.645834311	129	100	67	99.26966292	24.14638896	108	74	50	76.5657114	22.08433197	139	112	88	112.6985229	20.34876464	151.0489019	0.1116078537
CTGTGGTCGGGAGATA-1	207	3537	3816	361	326	14.47546012	9.498353697	127.8013713	7.974928675	144	112	82	112.693978	24.66974184	121	87	60	88.59260194	23.95591079	149	114	85	115.5668476	24.93866951	329.6667518	0.07264056492
CTGTTACCCAATCTAG-1	468	3113	4183	157	227	17.85022026	13.51893883	123.0838366	9.016741185	135	107	72	104.4850398	27.7539109	95	68	41	68.05883096	22.54259833	143	113	79	111.5840172	26.66960937	170.6126149	0.09875350737
CTGTTCACTGCCTGTG-1	127	3966	3591	237	228	23.56140351	19.230155	126.4476884	7.756705817	145	116	91	116.8123974	21.39467238	121	89	65	91.50435551	21.94893161	144	116	93	117.2950385	19.81220855	196.5776302	0.08725903266
CTGTTCATCTCACGGG-1	251	2879	4442	349	162	28.69135802	21.76396499	123.5800931	7.74799666	141	111	81	110.647393	24.13913654	96	68	44	69.48895341	20.18888612	137	110	87	111.1598283	20.00206926	133.2563841	0.1082638901
CTGTTGTTCAGTCGTA-1	701	1706	4998	516	109	41.87155963	37.83064651	122.3351807	6.467616408	135	111	60	104.6270673	28.19418918	109	85	50	82.48466103	22.67651903	138	119	82	114.3707865	21.92542824	83.45837589	0.13716265
CTTAACTTCGAAGTAC-1	274	2467	4951	229	241	21.48962656	18.57341875	122.8255946	7.10497174	136	114	84	111.7028153	21.47599438	117	92	66	91.91440475	20.60062021	139	116	92	115.9765181	18.66174641	152.2414454	0.1026278246
CTTACACGGTATTCCA-1	109	2171	4815	826	207	23.42512077	17.10871594	125.1410845	7.363120884	141	113	84	112.3240752	22.4083345	101	73	49	74.30879939	19.93251674	140	113	90	114.0391365	19.16446164	145.1727528	0.1029751732
CTTACACTGGGAAATA-1	142	2589	4758	432	197	27.01522843	23.10656776	124.97545	7.676544556	141	115	88	114.7920717	21.36816505	107	80	57	81.17548289	19.9632919	138	114	92	114.9649034	18.31981812	144.4973187	0.1044512134
CTTAGCCTTCCACATG-1	610	3772	3155	384	306	13.47712418	10.36717102	127.5734127	8.966605386	144	107	71	107.5386946	27.91276831	119	80	51	82.77730085	26.18448421	147	111	84	114.1769979	24.21798454	339.6532176	0.07166458099
CTTAGGTATAGACCAG-1	279	1240	4799	1603	115	42.69565217	38.1480352	122.7127268	5.810159735	135	113	71	108.1884863	25.25675649	97	74	43	72.41118546	20.53747493	132	115	90	112.2915036	17.81132412	66.04519918	0.1500166632
CTTAGTAGGCCTACAG-1	188	2254	5288	191	259	18.65637066	23.03433873	120.4681945	6.170306848	131	112	78	108.0419139	20.66093277	93	73	49	72.33770989	17.45951591	136	110	87	110.8603712	19.35887421	161.8434627	0.1104867303
CTTAGTGTAGTAGCAT-1	580	4706	2502	133	306	14.09477124	9.444065058	126.9124626	9.161700175	143	109	76	109.398687	25.93074144	113	78	49	79.85115516	24.66873703	148	112	83	113.7216261	25.32356745	340.941522	0.07881668442
CTTAGTTGAGGAATCG-1	514	2368	4298	741	186	20.46236559	18.47349694	121.9499888	6.689441821	134	105	68	102.8635273	25.74581124	107	79	52	79.06097715	21.5989473	137	112	86	111.3675041	19.98331963	144.4347549	0.09652026564
CTTATGTTGACTACCA-1	426	1380	4861	1254	147	32.68027211	27.0003745	125.0927948	7.476480105	140	113	71	108.6795859	28.28611637	104	78	44	75.6722636	23.22083266	140	116	83	113.2514834	23.59297216	135.4177732	0.1032644056
CTTCAACTCCACTTGG-1	325	4344	2939	313	297	14.84175084	10.1376988	128.2237345	8.791770648	146	110	80	111.4729201	25.45962899	123	86	59	88.53869461	25.35480929	150	114	85	115.8793082	25.20640365	333.8757661	0.07167345695
CTTCACGCCCTGGTAC-1	1936	3195	2413	377	69	38.39130435	77.69714847	125.8859276	13.65799576	139	92	36	89.44097967	37.99513696	128	51	22	59.82742078	37.00110905	139	100	64	100.5316248	28.53468583	71.02259959	0.1814353465
CTTCAGTGGTCGCCTA-1	247	1213	5802	659	121	46.91735537	42.13488509	121.5266172	5.730247098	135	117	88	113.6254261	19.9488857	114	94	68	92.6019442	18.04635676	132	117	97	115.8524176	14.22275079	59.5177477	0.1631847631
CTTCATAGCTCAAGAA-1	101	2773	4723	324	213	24.42723005	21.47015857	124.4547688	8.016273062	141	114	89	114.6689812	20.64049552	116	87	63	88.35349072	21.06941481	138	115	94	115.9311956	17.1045985	140.4713994	0.101688103
CTTCATTGTCAGTGGA-1	450	2797	4227	447	233	19.56223176	15.23455351	126.7557122	8.006622544	143	112	73	109.5819972	27.18215334	117	83	50	83.44325211	25.22107464	144	114	85	114.6573665	22.92077024	232.3047753	0.08212414687
CTTCCGCTCCGTGAAG-1	438	2214	4597	672	215	19.18139535	13.43510251	123.7662604	8.414230575	140	107	68	104.8897866	29.05822786	100	69	40	69.61040273	23.80238282	143	113	79	111.8565838	25.58332734	209.4448417	0.08950269209
CTTCGTAGATAGGTGA-1	500	3715	3258	448	188	19.13297872	13.31246327	125.7434923	9.318627927	141	103	67	103.3495771	27.9113676	106	69	45	72.71872238	23.7957244	141	110	85	112.075243	21.03844046	175.5568182	0.10097018
CTTCTATGTTGAAGTA-1	229	2179	4769	744	165	28.34545455	27.71579892	121.9812908	6.235165938	136	111	82	109.7847494	21.08133472	103	76	54	77.18722384	18.92874414	134	111	90	111.7867693	16.74535382	106.9970633	0.1158980159
CTTCTATTAATGCTAG-1	523	3862	3323	213	189	21.51851852	15.69571525	126.8795861	8.575288873	142	107	71	106.8625174	27.9528416	107	73	44	74.86466355	24.11625182	144	113	84	113.6529479	23.24099915	165.1497702	0.101907532
CTTCTGGGCGTACCTA-1	174	1803	5144	800	182	26.76923077	23.92390727	123.4389159	6.7277362	137	113	83	110.9120061	22.06228821	113	89	62	88.20451963	19.91696777	138	116	90	114.9471026	18.61126267	123.9882533	0.109204485
CTTCTTACGTCGTATA-1	230	2366	4695	630	251	18.86454183	14.70525754	125.1046415	7.76103913	141	112	79	110.6205025	24.58596227	114	83	55	83.77553339	23.38948825	141	114	88	114.3556369	20.86708096	182.9420327	0.09107401127
CTTGACCCGAAAGATA-1	679	3892	3275	75	215	21.73488372	25.67324989	124.1235685	7.111273391	136	112	75	108.7069814	23.33808998	118	83	52	84.3009721	25.00639606	139	115	90	114.9546774	18.97485938	151.6685393	0.1078396505
CTTGAGGTTATCCCGA-1	482	1968	4549	922	132	32.25757576	26.35728328	123.6869132	7.223579074	137	109	65	104.9402853	27.82828919	102	74	42	73.62946598	22.54704149	136	114	85	111.944704	20.05073032	103.9347549	0.1256600675
CTTGAGTTAGGGTAAT-1	453	4641	2724	103	331	13.5347432	10.7104645	125.5606232	8.242682064	141	110	78	109.8087363	24.86668719	117	85	58	86.78866305	23.4119242	146	112	84	114.1449312	24.16525508	315.959142	0.07563240676
CTTGCAACCGCCTCCT-1	435	2526	4548	412	152	28	22.57414683	122.685724	7.171622986	136	109	71	106.027143	25.40695456	108	79	52	79.13937634	21.90184842	134	114	89	112.9080924	17.74860956	98.30515832	0.1192580356
CTTGCCCAGGCTCTAC-1	495	3912	3259	255	262	15.54961832	11.91811357	127.0608567	9.353139075	143	107	71	107.3913647	28.0211581	112	75	48	77.82540083	24.84326205	148	113	84	114.3133443	24.6487105	253.793284	0.07744074097
CTTGGCCAAGCTGGGA-1	507	3351	3724	339	238	17.06722689	12.86303484	126.4373873	8.783879303	141	107	70	106.3561419	27.73946439	120	86	55	86.64335311	25.28302481	144	114	87	114.887388	22.48853191	224.0294944	0.07946231012
CTTGTACTTGTTGACT-1	76	2633	4709	503	217	23.4562212	18.2051588	125.388649	7.446692843	143	114	86	114.065017	21.89213759	110	80	56	81.53339225	20.84002653	140	113	91	114.4249463	18.91969898	176.9568437	0.08908705674
CTTGTCAACATTCGAG-1	448	3384	3915	174	270	16.70740741	12.98516036	124.8806128	7.974571002	139	110	73	107.9824517	25.92160537	117	86	54	85.95126878	24.56978701	144	115	86	114.6615326	22.98136989	223.0140449	0.08710715039
CTTGTGAGTCTTTGAC-1	394	2236	4941	350	194	23.98453608	17.72483749	123.50848	5.873949453	137	112	74	108.437066	25.02121528	103	76	48	76.0895089	21.07634429	138	113	86	112.600303	20.07041184	128.5328141	0.1054910096
CTTGTGCTCACCGATT-1	112	2947	4677	185	289	17.94463668	16.86534439	123.5323832	7.593110447	136	113	86	112.4695114	19.81027575	108	81	60	82.97576064	19.71408223	139	112	90	113.893574	19.96584409	193.988764	0.1040880058
CTTGTTGCTGAGTCAA-1	663	4057	2965	236	279	14.34408602	12.08437596	126.7279728	8.79177682	141	107	68	105.649413	27.87272329	117	81	51	82.80873627	25.45932847	147	112	82	113.6497917	25.13857195	303.7863892	0.08103713196
CTTGTTTATGTAGCCA-1	361	1740	5430	390	135	35.48888889	28.97786299	122.7693833	7.260243762	137	112	77	108.8738796	25.46880729	98	73	47	72.57467491	20.87001777	137	114	86	112.6687287	21.24717837	98.32877937	0.1319851681
CTTTAACTTTCAAAGG-1	82	3777	3906	156	250	19.876	15.79406927	125.2296039	8.076658898	140	113	87	113.3271052	21.13045989	102	75	53	76.46509279	19.36455685	141	112	89	113.8716071	20.52635376	192.4144535	0.09603112995
CTTTAATATTGGTCGA-1	476	3510	3589	346	270	14.55925926	10.13913428	125.5309981	7.999338752	139	106	72	105.8378993	26.35402267	109	77	51	78.47961116	23.04596264	143	111	85	112.904305	22.85691943	234.331716	0.08882209365
CTTTACCGAATAGTAG-1	532	4379	2866	144	288	14.69097222	11.12921214	125.6956948	7.615870137	140	109	76	108.2027522	24.811824	116	83	57	84.87867693	23.13850211	146	112	87	114.5400833	23.19194081	277.9754852	0.08039690866
CTTTAGGAACACTGTT-1	738	4316	2650	217	291	13.09621993	8.882839134	127.9729131	8.745587838	144	105	67	105.0664058	29.66847299	116	77	46	79.16942305	27.07022255	151	109	77	111.9906577	28.17409246	382.0915475	0.07107508054
CTTTAGTGCTATTATT-1	579	3342	3888	112	260	14.26923077	9.987906889	122.1941742	7.683722361	133	105	64	101.676556	27.9032074	98	69	39	68.69460927	23.31954262	144	111	75	110.2032572	27.34061536	260.8582737	0.08085949163
CTTTCTGTGCGGGCTT-1	762	3642	3284	233	230	15.85652174	12.87773022	124.7535333	9.169694853	137	104	63	101.9566974	28.31004544	114	80	49	80.76593864	25.00194677	143	112	82	112.258427	23.54374204	247.4221144	0.08229498781
CTTTGGCGCTTTATAC-1	174	1041	5046	1660	104	54.18269231	72.15591617	121.6840995	5.005596905	132	117	83	112.2440348	20.55348663	105	83	54	81.51003661	19.95400421	129	115	95	113.3061482	13.78096456	50.84486721	0.1862133664
CTTTGGCTTTAGTAAA-1	408	2929	4212	372	184	23.72826087	20.37533849	125.1280133	7.498147513	140	110	71	107.7684636	26.28888235	105	75	46	75.82502209	22.50671316	140	113	85	113.191895	21.00138662	149.5626915	0.1016757286
CTTTGGGATTGTTGCA-1	344	2668	4268	641	211	20.02369668	13.85518903	126.1477701	8.517177709	142	109	74	107.5778311	27.45183262	116	82	52	83.01338215	24.91005555	143	114	86	114.0965787	22.36405329	194.0926966	0.09040316328
GAAACAGATGACCACC-1	526	4621	2695	79	289	13.99307958	11.37714369	124.0554872	8.968059064	138	107	71	105.7326095	26.10112037	106	75	48	76.19025376	23.36077543	144	110	83	111.923747	24.17530018	264.9480337	0.08376703439
GAAACAGCCATGCAGT-1	389	3731	3634	167	234	16.79059829	13.34402445	124.1935574	8.044948145	137	106	73	105.3760889	25.08431592	97	67	44	69.09317005	20.173253	140	110	85	111.1879813	21.19844823	185.8706588	0.09111278776
GAAACATAGGAAACAG-1	333	1630	5248	710	125	37.408	33.33804937	121.245828	7.053704029	134	111	75	107.7013003	24.17114126	97	70	44	70.48617599	21.07095622	131	112	86	109.7827295	18.29293913	68.32099081	0.152854619
GAAACCGAATTACCTT-1	337	4079	3287	218	245	16.28163265	12.66870922	126.1271937	9.414881274	141	107	74	107.0501199	26.48299853	107	73	46	75.05946219	23.81187842	145	111	81	111.6833733	24.73859267	203.8094995	0.08528118797
GAAACCTATACAAATG-1	801	3378	3271	471	190	17.40526316	16.20100626	125.3499429	8.645638208	137	100	60	99.61873501	28.93981273	115	80	50	81.35349072	25.06146522	143	112	83	112.4034844	22.96331932	196.8681052	0.09192006307
GAAACTCGTGCGATGC-1	271	600	3836	3214	50	130.36	155.7346153	118.5226619	3.543879066	124	118	86	111.9204646	17.48368003	124	116	77	108.76152	18.91520394	125	119	99	115.9564449	11.08897104	21.09461185	0.3366647875
GAAACTCTAATGAAGG-1	419	2841	4448	213	232	21.875	23.97838242	124.4860494	7.43694543	137	114	79	111.3243277	22.37367236	121	91	60	90.68817069	23.40862263	141	118	93	117.2576695	19.03331353	178.7302094	0.1042443226
GAAAGAACAGCGTTAT-1	420	3327	4091	83	291	17.97594502	17.48586386	123.1192582	7.326747643	136	114	82	110.9808105	22.61279735	101	78	53	77.55914657	20.01457158	141	111	85	112.5663426	22.1972012	184.6667518	0.1090657174
GAAAGCAGTGCACTTT-1	429	3033	4220	239	232	18.18534483	14.02353781	123.3219735	8.797310318	138	108	71	105.4687539	27.64912743	101	70	43	71.4210327	23.55419834	142	113	82	112.218533	24.60107348	197.3022217	0.097394203
GAAAGCCCTTTGGACC-1	555	1707	4975	684	123	36.65853659	32.5630918	121.2262784	6.70314973	134	110	70	106.551193	24.72308827	100	77	51	76.56104027	19.13799065	132	113	90	111.9566974	17.03885127	77.39096016	0.1417645896
GAAAGTGACTAACTGC-1	163	1424	5482	852	149	36.02013423	34.80886831	123.2060828	5.99388792	136	115	88	113.2023734	20.00041849	105	82	59	81.81681606	18.25327568	134	114	93	113.7101376	16.31874029	103.7637896	0.1238683536
GAAATACTAAACGTTT-1	264	1183	5366	1108	129	39.57364341	30.15046895	122.7918871	5.894478051	137	113	81	110.5587678	23.93660064	101	77	51	76.61381139	20.0296575	135	115	89	113.1387451	19.24352904	78.31001021	0.1379747263
GAAATATCACCATCAG-1	218	1623	4979	1101	142	32.32394366	27.59300516	120.4479813	6.619901157	135	111	80	108.8007827	21.81787452	99	76	53	75.91099609	17.84930485	132	111	91	110.9161722	16.37102303	76.33656793	0.131737216
GAAATCGCGCGCAACT-1	360	3280	3979	302	277	14.6101083	11.77065612	124.2559855	8.382936366	139	107	72	105.9637672	26.67693207	98	66	40	67.68400454	22.41580655	144	110	79	111.0441863	24.84799524	253.8296731	0.08057000307
GAAATGGCGGTGTTAG-1	366	2210	4599	746	208	22.20192308	16.6896904	124.9222282	7.4213813	140	111	76	109.3585406	25.18819393	98	70	45	70.55548542	20.44183049	138	111	87	111.8487565	19.56624326	151.4671859	0.09812733464
GAAATGGGATGTAAAC-1	68	338	3774	3741	102	58.93137255	81.99381371	120.7888881	6.339089752	134	118	95	115.8405504	17.28312552	126	75	54	80.52859487	25.04804567	130	112	94	111.9170559	14.09166389	39.91968846	0.2106178445
GAAATTAGCACGGATA-1	168	2749	4924	80	273	19.98534799	19.84721324	122.6040012	6.101771772	134	115	90	113.0352228	18.89708997	109	81	56	81.2893574	20.62376857	137	113	90	113.4460295	19.22357701	134.2376149	0.1226349791
GAAATTCACATCGCTG-1	646	2678	3931	666	186	21.00537634	15.5755175	127.3616025	8.704505399	141	106	61	103.2723141	30.5110319	104	70	40	71.10831966	24.31191978	144	113	80	112.6697387	24.71219014	195.8530388	0.09327874695
GAAATTGTCTCTATAA-1	563	3617	3358	383	226	17.24778761	13.1969633	126.014506	8.945610108	142	106	69	105.3134705	28.28676322	103	68	41	70.47847494	24.04373246	144	110	80	111.0422926	24.22462746	213.2963483	0.08670847842
GAACACACATCAACCA-1	195	1955	4979	792	180	26.31111111	27.67816807	123.4452504	7.0767231	137	112	80	109.8342381	23.0746508	102	76	51	76.90304255	20.30464089	135	111	87	110.924252	18.39948125	134.0294944	0.1072744322
GAACAGATTACTAAAT-1	430	3649	3540	302	281	15.1886121	9.905066024	126.2136006	7.401894129	141	109	76	108.4702689	25.31542025	118	85	56	85.98611286	23.79679384	147	114	87	115.5593991	23.20155426	247.6154239	0.0844613271
GAACCATCTGGGAGAC-1	398	2600	4411	512	207	20.88405797	18.13625528	124.2804836	8.23169317	140	109	73	107.2740816	26.95271186	96	66	39	66.61734629	22.28158497	139	109	83	109.9731095	21.94067379	179.1015066	0.09099784651
GAACCCTCTGTGTTCT-1	486	3276	3759	400	233	17.84978541	12.34930494	125.6101838	7.160042381	140	108	74	107.2969322	25.88968278	112	80	52	81.22143669	23.46101748	145	114	86	114.5938644	22.78834086	234.2350613	0.08851376721
GAACCTTTAACGATCC-1	770	4331	2695	125	288	12.68055556	9.764698876	125.0970149	8.524261325	137	104	66	103.3004671	27.40791675	108	75	46	76.65294786	24.13545642	148	112	82	113.7169549	25.28120203	279.2842186	0.08504874831
GAACGACCGAATGATA-1	173	3695	3844	209	277	17.7833935	13.1532214	126.6691142	8.642937766	145	113	84	113.447797	23.99921795	109	78	54	80.0400202	22.09408876	144	113	87	114.2561545	22.32904379	242.0282176	0.08394121685
GAACGTCTCATGGTCG-1	564	4573	2700	84	276	14.32971014	10.66264582	125.0617179	8.57252593	137	106	72	105.7381644	25.30083846	97	68	44	69.70584522	21.26490096	143	108	83	110.771241	23.51762827	263.3453779	0.08172903809
GAAGAAACGATATTGT-1	514	2397	4234	776	133	28.78947368	24.37521625	122.5919337	7.954701771	136	105	61	102.0350966	27.93743855	101	73	44	73.24188865	22.05738044	136	112	83	110.4854185	20.27034356	105.3672114	0.1208444123
GAAGAACGGTGCAGGT-1	317	1234	5100	1270	195	23.53333333	19.79284167	123.4791912	7.274234825	138	111	76	108.2618356	26.33169729	102	74	46	73.58767832	22.2528405	141	114	84	113.1281404	23.2965354	131.9203269	0.1010890408
GAAGCCACTGATTATG-1	545	4604	2681	91	278	16.39208633	12.63748316	125.6208304	8.109175468	139	111	77	109.551698	25.03094179	118	86	59	87.67428355	23.77167952	146	114	86	115.5498043	23.33669348	255.8132022	0.0813529608
GAAGCCTGCACATTCC-1	440	3170	3963	348	253	17.56916996	12.53643536	125.8661882	7.752831353	142	110	77	109.0648908	26.2118255	115	82	54	83.58591087	23.85857573	145	114	85	114.3961621	23.28740756	232.471144	0.08700844995
GAAGCGTGAGGAATTT-1	287	3900	3564	170	247	18.13360324	13.53367237	126.2892546	8.485319075	144	111	79	110.724151	25.51930106	112	77	50	79.1771241	24.36445412	145	113	85	114.3315238	23.11000632	240.8890449	0.08223988418
GAAGCTCGGACCCGTC-1	507	1963	4397	1054	108	35.73148148	30.09171366	121.9067619	7.114947225	134	106	62	102.2002272	26.81942788	94	68	42	68.03017296	19.25430249	132	110	85	109.6388082	18.34733283	92.6386619	0.1315827972
GAAGCTTGCTGACCGC-1	440	2419	4573	489	182	22.81868132	23.20205283	122.8092826	7.007474197	136	108	68	105.3721752	25.99579183	99	69	43	70.09619997	21.12950161	138	113	86	112.0419139	20.14741181	126.3435904	0.1108494114
GAAGGAGTCGAGTGCG-1	165	3307	4131	318	249	19.11646586	15.09456437	124.1910086	7.654560551	140	112	84	111.6625426	21.76775121	110	80	57	82.2133569	20.94870051	140	113	89	114.1097084	19.70878011	182.9625894	0.09199979182
GAAGTCAGTTGCACTA-1	438	2716	4473	294	217	19.359447	14.31475716	124.5293519	8.411298256	139	108	73	106.1855826	28.05972132	108	76	44	76.05049867	25.40644433	144	114	83	113.2163868	25.60968995	208.7673647	0.09198314467
GAAGTCTCCCTAGCGA-1	853	5015	2006	47	311	12.47588424	8.248856324	125.5841001	8.648936043	139	106	69	105.2132307	27.23769521	111	77	48	78.38833481	24.46271916	146	110	82	112.5678576	24.9015275	308.2358274	0.07894668021
GAAGTGATTTATCGTG-1	286	3658	3613	364	197	22.23857868	16.46651529	124.481296	8.858386825	142	109	78	109.3225603	25.25482015	102	70	45	72.47910617	22.08664347	141	111	86	112.5866683	21.16878609	171.232763	0.09430432118
GAAGTGCTGGATAGCT-1	324	3257	3957	383	255	17.52941176	13.16703093	125.6570043	8.062655252	143	111	77	110.0743593	25.94231703	108	76	49	77.19517738	23.41517569	145	113	85	114.2096957	23.07732427	228.3231614	0.08637221247
GAAGTTTCCACTCAAT-1	165	2352	4594	810	208	24.20192308	18.07270563	125.5347131	7.022694655	143	114	84	113.5326348	22.91540409	112	82	56	83.01287716	21.70600606	140	114	91	115.1069309	18.80466044	169.6308733	0.09215430464
GAATAGACGCGACCCA-1	562	4229	3048	82	323	12.43653251	9.063834322	123.8411865	9.105713968	135	107	69	104.5605353	25.72899075	102	74	45	74.05049867	22.25972238	142	109	81	110.7862644	23.51468541	243.7106742	0.09129199143
GAATAGTGCTCGATTA-1	595	3053	3805	468	162	22.78395062	17.03508331	124.1414942	7.99238714	137	104	65	102.5582628	27.71348568	94	63	36	64.33897235	21.83224671	135	107	80	107.4355511	21.58792601	146.8117978	0.1047860902
GAATATTCGGAGTCCC-1	259	2240	5059	363	293	16.06825939	14.00470847	123.8700823	7.491400774	138	111	81	109.8796869	23.72886961	96	68	47	70.05794723	19.75749456	140	110	86	111.430375	21.25154844	226.6239785	0.08766572855
GAATCGACATGGTCAC-1	282	1868	5344	427	193	26.03626943	20.83574376	123.2591927	6.147329167	138	113	79	110.7978791	23.47714402	108	81	55	81.25261962	21.35192609	137	115	91	114.6616589	18.16819969	125.5648621	0.1126863467
GAATCGCCGGACACGG-1	226	1599	4956	1140	211	21.43127962	15.30724104	123.7659829	6.725078158	137	110	78	108.7076127	23.96741368	102	75	49	75.49678071	20.45729621	138	113	88	112.944704	19.98797701	126.3535495	0.1065783681
GAATCTGAACATTCTC-1	421	3672	3688	140	251	14.75298805	10.35402904	122.6299746	8.520881594	135	104	69	102.7637925	26.42370101	98	68	40	68.9848504	22.91640777	146	111	78	111.1338215	26.96940092	243.6546221	0.08487052164
GAATGCCGAAATGACC-1	283	1044	5013	1581	136	30.35294118	34.68016245	117.4791461	6.261304308	128	107	76	104.0135084	21.88319163	80	59	38	59.25097841	16.28361286	123	106	83	103.8083575	15.77010658	60.23263534	0.1648487908
GAATGCGAATCGGTTC-1	225	2860	4539	297	291	15.74570447	12.54314645	124.7493748	7.557473	139	111	82	110.087489	23.51293839	109	79	55	80.42885999	21.32907519	144	113	87	114.1254892	22.8087764	239.5489019	0.08443667381
GAATGTATGGCAGGTC-1	503	3394	3874	150	276	16.08333333	15.43934877	124.6112993	7.723486792	137	110	71	107.360813	25.72542222	111	76	47	77.38984977	25.05062201	141	111	83	112.1081934	23.00669361	224.9881256	0.09708732901
GAATGTGGTCCGGATT-1	626	4270	2865	160	298	12.22483221	11.33236978	124.7488488	8.951363987	138	104	67	103.1771241	27.63575025	108	75	48	76.96856458	24.06429226	145	110	81	111.8557	25.15466628	275.979571	0.08566517231
GAATGTTGGGTAATCT-1	293	3325	4055	248	261	18.63601533	14.52998241	127.2150381	8.778245706	144	113	82	112.4115642	25.34644761	97	68	45	69.58174473	21.04715226	143	110	84	111.7079914	22.90410671	220.1183606	0.08943922054
GAATTATAGTGAAAGG-1	264	4240	3272	145	259	17.74131274	13.42153919	125.2586166	8.906563736	141	111	83	111.2013635	23.91269371	100	70	48	72.47367757	21.27481363	145	111	85	113.083954	23.91843537	204.8054137	0.08948073033
GAATTCACCCGGGTGT-1	406	2159	5031	325	236	18.37711864	14.0859102	123.4826065	7.193227959	137	109	73	106.2739553	27.2823508	98	72	44	71.72490847	22.25424805	143	115	81	112.8492615	25.41518398	172.7171859	0.09586445773
GAATTTCTCGCTGCAG-1	217	1895	5543	266	95	54.74736842	97.04854655	121.0387427	6.529524098	129	115	79	109.4200227	19.6460717	114	97	65	93.25009469	19.1318839	130	117	97	115.3248327	14.15861955	54.63878958	0.193995796
GACAAACATATGCAGG-1	408	2587	4848	78	293	16.80204778	15.94556854	121.226655	6.560459519	131	112	75	107.6461305	22.61978063	95	75	47	73.89003914	18.79585954	136	110	85	110.6282035	20.26971293	176.6064862	0.1110778806
GACAACGACCATTGAA-1	383	4175	3285	78	303	13.55115512	9.142970951	123.3881765	6.994772005	136	107	74	105.9633885	24.82706093	94	66	40	66.49236208	21.36123733	143	110	78	110.6726423	25.44158214	296.2251021	0.07829811677
GACAACGCAGCTTACG-1	126	3915	3657	223	216	22.91203704	19.79119341	125.0715475	8.151365257	144	113	87	114.2879687	22.4836041	105	73	52	76.34692589	21.18634788	140	111	87	112.6924631	20.66108172	177.5644791	0.09099082089
GACACAAGGGAAGAAA-1	25	3053	4588	255	288	19.23611111	15.59646778	125.3368901	8.398369296	142	115	94	116.6158313	19.11388197	98	72	54	74.20906451	17.93252721	140	110	88	112.38076	20.62238764	189.4371808	0.0966439834
GACACGAGTTAGAGGA-1	264	957	5385	1315	148	33.46621622	26.18242023	121.6161963	6.655073288	136	113	83	109.9357404	23.80998903	96	74	51	73.17586163	18.96370271	137	115	91	113.3005934	20.13164378	80.03613381	0.1406962577
GACACTGAGTTCAGTG-1	215	3018	4080	608	226	19.07522124	13.26878719	127.2437989	8.09725306	144	110	78	110.039894	26.03427619	114	78	51	80.29680596	24.42358909	144	113	85	114.0462063	22.63293736	219.5164709	0.08001367698
GACAGCCAGACCTGAC-1	717	4305	2697	202	274	12.67883212	8.5465102	125.5724126	8.687188537	139	102	66	102.0609771	28.32304036	110	73	44	75.81492236	25.74761864	146	108	78	109.857215	26.11327695	343.2156537	0.07605506071
GACAGGCACACACTAT-1	143	1501	5065	1212	150	30.36	19.12320754	121.2294691	6.025240121	134	111	82	108.8202247	20.9351202	92	69	48	69.2817826	16.96083349	129	110	90	109.6361571	15.6739173	97.61248723	0.1181271087
GACATCCGTCGAACTG-1	320	3080	4266	255	283	17.07773852	13.99599763	124.9796077	7.032602937	139	112	80	110.8333544	23.43891331	121	90	61	90.7582376	23.36946848	144	115	88	115.5713925	22.03593912	231.6239785	0.08680937245
GACATCGATTTATAAC-1	487	2046	4762	626	214	20.37850467	15.0255765	125.016653	7.382730756	139	109	70	106.3214241	29.21650731	101	73	42	72.43794975	23.67007946	143	115	81	113.2037622	25.73086484	200.2224208	0.08848617566
GACCAGAGCCCTGTAG-1	357	2831	4211	522	196	22.55612245	16.60808487	124.9655161	7.430954375	141	110	75	108.7496528	25.81376143	100	69	44	70.69258932	21.52831993	139	111	86	111.3844212	20.48350797	165.8524004	0.08997955696
GACCCAATTATGATAC-1	349	1434	5668	470	122	43.35245902	40.51733532	122.5380368	6.187640529	136	116	83	111.6686024	22.82841117	100	81	54	79.08887767	18.43882679	133	116	92	113.9560662	17.31892891	71.71820735	0.1448429607
GACCCGTCGCCGGCTA-1	379	2272	4997	273	280	17.86428571	15.50769888	124.3126212	6.541896841	137	113	80	110.4358036	24.22863679	111	83	54	83.07536927	22.94081021	140	115	89	114.1619745	21.22734855	184.1506639	0.09915175911
GACCGACTGAAGCGTC-1	243	1051	4981	1646	128	41.9453125	36.50691471	122.5431832	6.142293187	137	115	85	112.5965156	22.26776504	109	86	61	85.20754955	19.2725185	134	116	93	114.2507259	17.04364411	82.88240552	0.1383247681
GACCGATTAAATATGT-1	192	599	4399	2731	108	53.66666667	47.12395003	122.4817152	5.70870701	136	117	88	113.6991541	21.18566688	102	81	57	80.09771493	18.051933	133	116	97	114.9752556	15.11869108	50.06154239	0.1644328494
GACCGTCAGGTCGTGA-1	219	2523	5056	123	239	25.28033473	32.03425321	124.7265736	6.997946884	137	119	93	116.5176114	19.01650056	129	105	73	102.9346042	22.12177829	140	120	97	119.2630981	17.11770263	173.1733912	0.1111706788
GACCGTGCTGACGGTG-1	506	3627	3424	364	180	19.18333333	14.2869307	124.3254741	8.684615857	140	102	64	101.7261709	28.57555222	100	65	39	67.38618861	23.62592915	143	108	80	109.5899508	23.6143161	192.0463483	0.09768695189
GACCTTCCACGTCTAC-1	105	3990	3712	114	266	18.81954887	15.14607301	125.5553708	7.499623215	142	114	87	113.922737	21.94698342	101	70	48	73.18141649	22.83341335	140	110	83	110.6446156	22.12306935	230.4992339	0.08176513722
GACGACGATCCGCGTT-1	594	4155	2911	261	222	16.92792793	12.00616337	125.4745263	8.249232206	139	105	73	105.3517233	25.56585497	112	77	53	80.14770862	23.17295586	144	111	85	113.5851534	22.6230781	224.1080184	0.09701044367
GACGCCGTAAAGGCTA-1	187	2193	4837	704	236	18.48305085	12.56355575	124.751531	7.553503518	139	109	78	108.1773766	24.9868133	103	74	47	74.51180407	22.12558738	143	114	85	113.6149476	23.10077818	189.9841675	0.08757303231
GACGCCTGTTGCAGGG-1	279	1732	4979	931	193	24.13471503	16.73141958	123.4815159	6.6076682	138	112	76	108.7369019	24.93315822	101	73	46	73.42936498	20.96456612	137	113	86	111.8044439	20.14565095	143.8783197	0.1053468446
GACGCTTGCTTCTAAA-1	475	2419	4517	510	170	26.72941176	20.18874948	124.4781906	7.974120368	140	111	74	108.5599041	27.13224178	108	79	48	78.6379245	23.68444865	139	114	86	112.8699659	20.92025626	149.2913687	0.1040008935
GACGGACCGCGTTCCT-1	127	2615	4668	511	246	18.91056911	15.1203885	126.0118837	8.869490761	144	111	82	111.8139124	24.62890518	90	60	38	62.2971847	20.36521868	138	107	81	108.286075	22.38667474	195.6966292	0.08492702311
GACGGGTTGGCCCGTA-1	706	3105	3631	479	204	18.46078431	14.11970641	125.2140252	8.134577528	140	105	63	103.4115642	28.99167371	117	82	50	83.00984724	25.39501145	145	113	83	113.6834996	23.17032528	197.674285	0.09191393104
GACGGTCAATAGAAGC-1	209	2816	4863	33	245	22.58367347	26.35515166	122.50836	6.047260063	134	115	88	112.6367883	19.17952858	108	87	62	86.07170812	18.25981073	137	114	91	114.1732105	18.36822081	173.6048264	0.1079480734
GACGTGAGACTCCATG-1	231	1355	5019	1316	179	27.32960894	23.2147556	124.6306433	6.561265654	138	113	77	110.0703194	24.51823865	99	75	48	74.24302487	19.85196183	137	114	89	113.1982073	18.84782753	134.0639683	0.1056461255
GACTAAGATCATGCAC-1	113	3204	4377	227	224	23.71428571	18.49779358	124.1117175	7.351335734	140	114	90	114.6335059	20.71048063	107	79	57	80.85746749	19.93564346	137	113	91	113.4807474	18.37709514	148.0858018	0.1026388764
GACTAAGTAGGCTCAC-1	101	2373	5238	209	196	28.42346939	26.9752203	123.9114899	6.752178862	138	116	91	115.028153	19.51571453	98	75	53	75.83789926	17.96963262	135	113	92	113.3829062	16.90458174	112.0416241	0.1161413862
GACTACAAAGCGGTGG-1	362	1875	4968	716	121	37.79338843	36.25139891	120.9897193	6.250635834	134	111	73	106.9656609	23.74505486	108	84	53	82.48339856	21.17239184	132	114	88	111.8656735	17.27449464	68.13827886	0.1526401847
GACTACAATTGCTCGT-1	225	4301	3311	84	296	14.39527027	12.45271508	121.4231344	7.111296202	133	108	82	107.5219038	21.30916709	78	57	39	57.89243782	16.09082273	131	102	80	103.9493751	20.56287435	199.8480592	0.09597963607
GACTCACCCACGTGAG-1	94	1725	6016	86	232	28.17672414	46.76397792	122.4750355	4.688580653	132	119	100	117.2821613	14.52333303	128	105	76	103.3402348	20.29347261	134	118	97	116.9055675	15.1662477	113.3774259	0.142097572
GACTCGCGGGAATGAC-1	175	2324	5347	75	228	22.28070175	25.79099828	119.4590636	5.273910339	130	113	85	109.7736397	18.03041076	91	74	53	73.27786896	15.41500723	133	113	92	112.6537053	16.3935284	124.4749745	0.121397506
GACTGCAAATCGAGCT-1	343	3499	3707	372	293	14.30716724	10.04161222	128.0564089	9.098715016	144	109	74	108.4932458	27.02274963	120	84	54	85.3182679	25.20284742	148	113	84	114.2869587	24.54630293	292.8467824	0.07612100303
GACTGCACCAGCCCAG-1	451	4009	3284	177	306	13.98366013	9.707977701	125.8035809	8.6217978	141	109	74	108.0907714	25.9442551	119	86	55	86.83373311	24.72515765	147	113	84	114.428355	24.65060375	326.3853422	0.07799207582
GACTGCTGGTGAGAAA-1	221	1311	6074	315	133	44.0075188	119.4244655	120.8910732	5.689561292	132	118	91	114.0534023	19.00832186	127	103	75	101.7860119	20.42222628	133	121	99	118.0717081	14.37878857	81.6735189	0.1759660858
GAGACTGATGGGTAGA-1	825	4048	2885	163	177	15.79096045	17.53435136	119.4682161	7.805754083	127	97	62	96.18924378	24.96857594	85	58	41	61.1219543	18.12664349	131	108	88	109.1215756	16.92799429	100.0930797	0.1277132123
GAGACTTCGCGACCGA-1	476	3013	4117	315	210	18.62857143	14.92186452	123.9061441	8.485047556	137	106	69	104.1652569	28.08507078	100	69	39	69.29137735	23.59391514	144	113	79	111.9642722	26.1032321	224.5384321	0.08350556762
GAGAGGGCGCGAGGTT-1	180	2059	5066	616	208	22.59134615	19.03971866	123.8739413	7.576432344	138	111	81	110.0748643	22.76928133	102	76	53	76.85001894	19.15552011	137	114	93	113.9857341	17.49187193	139.9894025	0.1020660077
GAGAGGTGCATTCTGG-1	358	2754	4331	478	166	26.11445783	22.9395257	122.0349223	7.622792976	138	109	74	107.3542482	24.71661882	103	74	47	75.09304381	21.02738797	137	112	86	111.8520389	19.50669426	133.5674157	0.1016490974
GAGATCTGCTTGGCAT-1	645	3380	3639	257	183	23.22404372	16.90148476	124.4244878	7.924681901	140	109	70	107.1326853	27.07362429	103	72	45	73.6322434	22.10024025	139	112	86	112.4715314	20.60084654	151.9255618	0.09888284924
GAGATCTGTCACTCCG-1	121	3702	3902	196	270	19.6962963	17.39764738	127.7158947	9.00732472	145	115	90	116.2128519	22.25130234	107	76	54	78.61204393	21.37510682	146	112	86	114.1942936	23.24672121	249.2591931	0.08024301721
GAGATCTTCCATGACA-1	894	4496	2452	79	286	13.35314685	10.32434359	124.0389807	8.54825496	136	105	66	103.4556243	27.40763984	109	78	50	79.49652822	23.62198128	143	111	83	112.2497159	23.91698617	261.3951736	0.08329835979
GAGATGGGAGTCGACA-1	714	4183	2857	167	249	14.55421687	11.87882563	125.2614502	8.644871831	138	104	67	103.2412574	27.14236515	107	74	49	76.07802045	23.0407273	144	111	84	112.5318773	22.88908889	224.0648621	0.09234143409
GAGCACCTGTGTCCAG-1	534	4245	2880	262	311	13.78456592	9.904782358	127.0312735	8.675339193	145	108	76	109.6651938	26.56732032	121	84	54	85.98825906	25.6712631	151	113	83	115.0546648	25.56894413	326.3644025	0.07705896958
GAGCATCAACAACTTG-1	301	2719	4372	529	185	22.76216216	19.9691025	121.5148161	6.882285906	135	108	78	107.1507385	22.50058288	113	86	60	86.09544249	20.5525977	137	113	89	113.2293902	18.52815529	132.1081461	0.1066193743
GAGCATCATCCCTGGG-1	610	3119	3976	216	185	22.65405405	16.61647822	125.025168	7.180047184	139	108	65	105.513824	28.12809702	110	79	49	79.58187098	23.87155577	141	114	84	113.370534	22.15101069	153.3531665	0.09783395442
GAGCCACGGTAGTAGG-1	258	3195	4161	307	216	22	20.72348819	124.826188	7.860987378	140	112	82	111.2536296	23.11020309	112	83	57	83.95960106	21.67676685	142	117	91	116.9862391	19.91395295	157.8803626	0.1028290089
GAGCCAGCTACCTGTG-1	325	4575	2901	120	325	14.38153846	12.00700939	126.822731	7.935231526	142	112	82	111.8743845	23.94108097	118	87	60	87.97083702	23.04132037	147	113	86	115.0834491	23.78211346	303.8474208	0.07886982194
GAGCGAGGGAGTACCG-1	480	2666	4109	666	220	18.66818182	12.66612829	127.2178459	8.228827076	142	108	68	106.0328241	28.77724299	103	70	41	71.27951016	23.61769733	144	112	81	112.1845727	23.91375573	213.8151175	0.09196616018
GAGCGCGCACGAGTAG-1	417	3224	4124	156	285	15.55789474	14.91029254	123.7484406	7.639818374	137	110	72	107.3284939	24.92759179	109	80	52	80.97222573	22.50232742	141	111	85	112.3201616	22.02116503	253.0324311	0.08822043255
GAGCGCTGTTAGGTAA-1	421	1378	4441	1681	134	30.24626866	29.92214688	120.595663	6.502325545	132	107	59	101.6942305	27.30488142	103	77	45	75.64903421	21.66653519	133	113	82	110.0022724	19.79842861	80.73646578	0.1390196163
GAGCTAAGGGCATATC-1	474	4515	2843	89	300	13.53	9.315708955	125.5845608	8.280061959	140	107	75	106.9463452	25.90599526	101	69	44	71.32155031	22.66768655	145	109	79	111.0800404	25.45180001	302.2515322	0.07379471015
GAGCTCTCGGACCTAA-1	601	1387	4988	945	179	25.2849162	18.98433186	123.4921313	6.617722992	136	111	63	105.2057821	29.16710358	97	74	39	71.25426083	22.14205642	140	115	78	111.8820856	24.28730078	140.487998	0.1098164302
GAGGAATGGAGAGGTT-1	74	1204	5859	784	171	33.97660819	33.86522189	123.0747847	5.872287441	136	117	94	115.4957707	17.7270974	101	81	59	80.4342886	16.30873253	132	113	94	113.2348188	15.54183702	90.23876404	0.1299075774
GAGGCCCGACTCCGCA-1	665	2189	4015	1052	115	32.15652174	29.97668407	122.2147081	7.141340008	134	105	60	101.0334554	27.42679859	97	70	44	70.46660775	20.36902766	134	110	83	108.8241384	19.47837644	96.12014811	0.130146503
GAGGCTATCAAAGTCG-1	448	2290	4701	482	143	31.35664336	25.03212079	123.333806	6.19773835	136	111	69	106.8755208	25.13001482	108	81	51	80.24971594	21.71261045	134	115	90	113.2507259	17.24399582	98.11657303	0.1228282627
GAGGGAGTCAGATCGC-1	372	2975	4281	293	227	20.14977974	17.08064668	123.760827	6.948634223	138	111	77	109.0483525	24.14379157	122	93	59	91.75785886	24.47491643	141	116	87	115.3600555	20.87127911	159.8378447	0.09698590644
GAGGGCATCGCGTATC-1	395	2496	4660	370	182	23.5	17.20041847	123.2728564	7.016702451	136	109	71	106.0754955	25.60043469	98	71	45	71.57480116	20.44341166	137	112	86	111.4768337	19.98663232	147.8037538	0.1057612635
GAGGGCGCAGCTCTGC-1	238	3890	3692	101	329	13.98784195	12.08957844	122.8419299	7.203421067	135	111	83	109.7558389	21.23198284	96	71	49	71.96995329	19.12543347	139	109	85	110.8692084	21.59309841	247.2436159	0.08714660564
GAGGGTAGTAACAAAG-1	525	3080	4081	235	172	21.50581395	18.2786879	120.8324836	6.606545499	132	104	68	101.8527964	25.08929731	107	81	53	80.50637546	21.25347927	136	113	87	111.7386694	19.72646249	124.1293412	0.1089520138
GAGGTACATCCATCTT-1	509	3436	3805	171	257	18.25680934	14.81941236	124.35968	7.56836013	139	112	75	109.3735639	24.8677137	108	79	51	79.46610276	22.22679564	143	113	86	114.0604722	22.37977752	198.4527579	0.09160543398
GAGGTACGCGTGTCCC-1	103	2314	5121	383	244	20.31967213	16.64492558	123.1176052	6.795989967	138	113	86	112.047595	20.78557258	103	68	47	72.26461305	23.59287672	137	110	86	111.0489837	19.74296067	173.11619	0.09887904252
GAGGTCCCAAAGATCT-1	345	1560	5048	968	149	33.48322148	33.81922015	125.2407447	7.893632256	141	114	80	111.4970332	26.18721546	107	80	51	79.03320288	22.4839975	140	116	89	114.876152	21.00663744	108.2829418	0.1244054845
GAGTACGGGTATACAA-1	75	2629	4819	398	199	26.91959799	22.18409879	125.6587558	7.38091437	142	116	91	115.9221058	20.80273567	109	82	60	83.29352355	19.91483749	139	115	94	115.7828557	18.02659215	149.112998	0.1005616568
GAGTAGATACTAGTTG-1	450	2466	4549	456	255	17.03529412	12.90913681	124.8277125	7.288440644	138	109	72	106.8315869	26.08176024	112	83	53	82.93485671	22.98946803	142	113	84	113.0329504	22.78051691	201.2740041	0.09335524557
GAGTATACCCTAATCA-1	498	2225	4584	614	149	25.89261745	19.63736369	121.0603721	7.066183792	134	106	63	102.1492236	27.01507203	105	79	48	77.97954804	21.85066174	137	115	83	112.4132054	20.80169072	113.3938968	0.1135973834
GAGTATGCCCGCCTTG-1	499	3600	3570	252	182	22.17032967	17.17999728	124.8936276	8.18216051	141	107	71	106.5496781	26.53292386	104	72	44	73.23153642	22.63827007	144	113	85	113.9623785	22.57073436	159.4668029	0.09737223842
GAGTATGCGCGTGCAT-1	342	4209	3184	186	289	16.16262976	12.07579242	126.5459521	7.545106312	142	111	82	111.8087363	23.40493733	115	83	57	84.82729453	22.98103525	146	114	87	115.2499684	23.0254166	261.2982635	0.08163826029
GAGTCAGACCAGAATC-1	333	1948	4638	1002	200	21.7	16.40609643	125.3848708	7.808251785	142	109	73	107.0871102	28.37707994	103	72	43	72.24352986	23.58660408	143	114	81	112.5210201	25.05131396	202.5443054	0.08518749288
GAGTCCGCTTACCGGA-1	521	2915	4376	109	241	16.53941909	11.27952567	121.6412269	6.686173234	132	107	71	103.3892185	26.68329274	95	70	41	68.86756723	21.66734441	143	113	81	111.9074612	26.00466869	175.2971144	0.09396817741
GAGTGTCAACCAGAAA-1	393	5081	2320	127	299	12.94648829	11.33425621	124.478594	10.04741945	142	106	76	107.5085217	25.89916565	109	66	44	72.6000505	28.50472325	145	104	76	107.1663931	27.14065514	315.2068437	0.07660394405
GAGTGTGCGGTACCCA-1	470	4506	2843	102	343	12.34985423	8.175198483	126.7199035	7.956713722	142	109	75	108.4671127	26.01848294	115	82	53	83.2801414	24.08619104	147	111	81	112.5929807	25.87176619	390.0077886	0.06896749195
GAGTTGATGGCAATTT-1	215	1682	5059	965	126	34.12698413	27.2623888	120.9965287	6.492357039	135	109	79	107.1982073	22.94211115	101	73	50	73.92791314	20.39803342	132	111	89	110.6330009	17.30588824	74.34984678	0.1460266627
GATAAATCGGTGGATG-1	86	1573	5113	1149	184	26.96195652	20.32356922	124.756691	6.835484546	140	113	84	112.4719101	22.20057538	101	74	52	75.84459033	19.27831787	137	112	90	113.0400202	18.53116713	144.6081461	0.1018750288
GATAACTCGCACTGTG-1	502	4211	2994	214	286	12.66783217	9.389669233	126.1126388	8.813982252	140	104	69	104.2072971	27.76656989	104	69	43	71.68880192	24.16145743	147	108	79	110.8353743	26.67776669	328.2473187	0.07834576355
GATAAGGCAGATGCAA-1	372	1573	4900	1076	164	28.29878049	20.18789177	124.3619628	7.196801182	140	112	71	108.0489837	27.13883236	100	73	44	72.68640323	21.60198498	139	114	84	112.5063755	21.84853325	143.7090143	0.09849019884
GATACGATGGGAGTCA-1	456	3301	3771	393	206	20.20873786	15.27292551	128.4805108	10.0121736	144	108	69	107.5150865	29.17349564	113	76	45	77.79358667	25.76059629	146	114	82	113.9608635	24.39156306	219.5153218	0.08194533262
GATAGGTAACGTTGAC-1	396	2270	5151	104	227	21.06167401	17.22168705	121.9763861	5.701717465	134	111	82	107.9284181	25.15985106	96	74	49	72.59904053	20.46917356	142	116	85	114.0268905	24.87202257	151.7552349	0.104573269
GATATCTCATGCAATA-1	113	2584	4860	364	248	19.99193548	15.9371224	124.8924318	7.038179933	141	114	84	112.7844969	22.21121577	110	82	57	82.71973236	20.7566436	141	115	90	115.2742078	19.67532328	171.1608784	0.09295155281
GATATGAGACACTAAC-1	433	4437	2887	164	299	14.04682274	10.16541196	126.3326623	9.856001703	142	107	75	107.8857467	26.9194387	115	80	52	81.68779195	25.19390002	148	111	83	113.5354122	25.6663409	317.7178243	0.0778469616
GATATGCGGTAGCCAA-1	554	4617	2688	62	293	14.29692833	11.99077678	124.9092849	8.385679484	139	108	72	106.6021967	26.06720148	106	74	46	75.72099482	23.55101048	144	110	84	112.3070319	23.29283483	256.6644535	0.09178533907
GATATGGATTACGCGG-1	647	2732	3631	911	117	25.43589744	31.24301894	121.1510473	7.845199707	129	97	58	95.22913774	26.97734585	91	58	34	60.43353112	21.20542736	127	106	81	105.0602197	18.01587299	80.89504597	0.1418744214
GATATTGAGATTGGCG-1	99	3107	4619	96	298	19.03355705	18.36264669	124.1236984	6.81408101	137	116	91	114.9864916	18.62643327	116	91	68	91.97588688	19.3364042	141	115	92	115.9414215	19.94951594	199.6864147	0.1042443984
GATATTTCCTACATGG-1	337	3600	3815	169	303	15.10231023	12.341915	124.5742381	7.946223311	138	111	80	109.6045954	24.3684102	102	72	46	73.52493372	22.47372837	141	110	85	111.8786769	22.26844521	235.726379	0.0850501042
GATCAACATAAAGGGA-1	469	2821	4212	419	180	21.57777778	16.29858738	122.906353	7.131092797	136	106	68	103.7060977	25.96833601	109	80	52	80.5027143	21.77606993	138	113	86	112.3036233	19.95378699	145.7308478	0.1001818864
GATCATTCCAAACATT-1	583	3199	3885	254	211	19.09004739	15.83045375	124.5173141	8.52852116	139	107	65	104.4794849	28.82233147	96	65	37	65.79333417	22.91296577	143	111	78	110.4695114	25.14036065	183.7215271	0.09429144539
GATCCCTTTATACTGC-1	78	2764	4837	242	229	23.90829694	21.08799139	124.189193	7.389363913	139	116	91	115.361823	19.38675082	105	80	59	81.76000505	18.86601764	139	114	91	114.4544881	19.14733288	148.4932329	0.1042311253
GATCCGGGAATTAACA-1	174	2050	5278	419	175	25.42857143	36.72576808	118.1779667	6.071522383	128	110	73	105.1176619	21.31179117	116	90	56	88.33568994	23.6612471	134	120	93	116.360813	16.79383591	95.77974974	0.1515488561
GATCCTAAATCGGGAC-1	208	2489	5123	101	239	20.12970711	17.76590914	120.3055234	5.732000053	131	112	78	108.1296553	20.50546666	95	76	52	74.86832471	17.51470125	134	112	90	112.0938013	17.54436476	127.9168795	0.1227451265
GATCCTCGACACTGGC-1	289	2258	4666	708	187	22.76470588	18.36639093	123.4020924	7.565073321	137	109	75	106.9928039	24.65748344	104	76	50	76.32192905	21.06158445	136	111	85	110.7285696	20.07890767	124.6635598	0.1070828425
GATCGACACTATCTGA-1	795	3061	3982	83	161	26.68322981	25.45399513	121.6801993	6.291340304	133	109	63	103.6627951	26.40963451	107	80	48	78.69612423	22.67194556	134	114	90	113.0430501	17.17051845	108.003192	0.1180485922
GATCGCGGGCTCTCCA-1	399	2303	4555	664	220	19.25454545	15.79812208	123.7846368	8.144390169	139	108	68	105.3630855	28.42162264	99	69	41	69.628456	23.28149414	143	113	81	112.5650802	24.49498685	171.5523493	0.09861160722
GATCGCTACCCGATTT-1	81	2060	5551	229	269	18.28996283	19.114737	121.2713773	6.741746248	132	112	84	109.6639313	19.5244155	102	81	59	80.92740816	17.66863582	137	112	89	112.5184951	19.37436273	162.0501788	0.1155305949
GATCGCTATATCTCAG-1	328	2376	4863	354	127	37.35433071	35.11119066	122.031432	6.373376318	134	112	77	108.6641838	21.95356316	119	95	68	94.29617473	19.79424899	135	117	96	116.2930186	15.41884572	78.51417263	0.1417863078
GATCGCTGTGGTGCGT-1	1140	2064	3993	724	85	43.15294118	39.11717116	121.7501551	7.597559535	134	104	49	97.88473678	31.36332001	105	75	38	74.63502083	26.32967129	140	115	75	111.3784876	23.88601074	80.41981614	0.1496771428
GATCGGTGGCCATAAC-1	186	3172	4405	158	244	22.0942623	19.32369139	124.0180593	6.324388228	137	115	91	114.1377351	19.29072041	104	80	60	81.32192905	17.6835196	139	114	92	115.0362328	18.59657691	143.4549285	0.1081546374
GATCGTGACTGATATC-1	679	4700	2489	53	222	13.55405405	13.73836139	119.5685337	8.910753284	127	99	67	98.28127762	22.87851062	108	76	50	77.46913269	21.83593523	138	113	91	113.6317384	18.65945682	117.820097	0.1264929692
GATCTGCTATCTAAGG-1	518	3309	3766	328	233	15.98712446	10.16325143	124.888569	7.949020272	139	105	68	103.3911122	27.46901787	115	82	52	82.88423179	24.88859876	144	114	84	113.3622017	23.25940356	213.3493361	0.085854862
GATCTTGGAGGGCATA-1	752	5096	1994	79	201	11.47761194	8.775857105	120.4465264	10.47688882	124	92	60	92.67832344	25.19161354	96	61	41	65.42583007	22.64339813	137	109	84	110.0760005	21.5277153	162.3018386	0.1099468751
GATCTTTGCAGGGTAT-1	145	1977	5094	705	182	27.70879121	18.94520235	125.1853106	7.252508501	141	114	85	113.0775155	22.63438569	105	78	54	78.77035728	19.9786696	137	113	91	113.4389597	17.90528581	137.2743871	0.1065739041
GATGACAAGTAGGGCA-1	300	2956	4179	486	174	23.14367816	17.15135597	122.5385156	7.25604938	136	107	76	106.1752304	23.90761154	109	80	54	80.86163363	21.39337158	135	111	86	110.6028279	19.14063493	147.682712	0.1010192024
GATGCCAGCAGAAGGC-1	128	749	3833	3211	64	96.09375	465.1181879	119.1220104	5.069848938	131	123	89	115.4236839	18.97646073	130	99	66	100.8613811	26.07309556	130	122	98	117.039894	13.80113505	38.15360061	0.290413029
GATGCGTCCTGCATTC-1	649	3247	3438	587	183	20.56830601	14.93426327	129.5409923	9.347280559	146	104	61	103.8887767	32.42598325	105	65	35	68.13028658	26.40419685	149	110	76	111.2359551	27.63726117	233.5485189	0.08105809048
GATGCTACAAGCGCCT-1	558	3298	3857	208	184	22.07608696	18.32273101	122.8936479	8.134901529	135	107	68	104.4147204	25.47300951	97	72	49	72.89496276	19.21178982	137	113	89	113.3445272	18.63869449	145.1264045	0.1040761975
GATGCTGTATTTCATC-1	535	3904	3229	253	277	15.18772563	10.17078677	127.0004371	8.829413249	143	109	71	108.0265118	28.29697693	123	87	56	88.35753061	26.59170894	149	113	84	114.7679586	25.69832538	312.9674413	0.07400890222
GATGGCGCACACATTA-1	154	1050	6004	713	157	35.06369427	28.71908341	124.2705068	6.603893777	138	116	89	114.0140134	21.97301671	106	82	58	81.7314733	19.64254432	135	116	95	115.0308042	17.19561693	103.7774515	0.1242445845
GATGGTGCCCTAGGCA-1	80	2330	5285	226	242	21.54132231	21.40441821	124.1008908	6.552967657	137	114	88	112.771241	20.02091915	101	75	53	76.4169928	19.17478748	140	113	91	114.3681353	19.26137181	181.421476	0.09815925052
GATGTAACGAACCACC-1	231	1867	4539	1284	119	35.23529412	28.35480659	121.828395	6.813928947	135	108	75	106.3993183	23.36222822	99	72	46	72.18974877	20.37305096	132	111	85	109.8458528	18.33845826	75.75600102	0.1343594961
GATGTCCGGATCACAT-1	438	2272	4620	591	174	24.43103448	20.56174783	123.6143637	7.64271651	138	109	67	105.7004166	27.10769595	99	71	43	71.26915793	21.95052498	138	112	84	111.7337457	21.24018586	149.2973698	0.1030962246
GATGTCGGTCAACTGC-1	234	3338	4171	178	258	19.94186047	17.22200322	125.5682808	7.341316202	141	114	86	113.4436309	22.68300036	108	80	54	80.95568741	21.40837042	143	114	88	115.0417877	21.47812447	228.9152196	0.0893567077
GATGTTCAATCCACGA-1	286	3341	3815	479	214	19.02336449	13.30253352	126.178607	9.105011325	143	108	76	108.1264992	26.83527923	106	71	45	73.34490595	23.72959683	142	111	86	112.6062366	22.00961231	204.2231869	0.08703379356
GATGTTTGTGCGAGAT-1	370	1161	4853	1537	127	40.38582677	39.20409894	121.5991759	5.595182128	134	114	77	109.8357531	22.96735665	102	81	54	79.36232799	18.36220505	133	116	93	114.0838278	15.76894275	73.84831461	0.1388853083
GATTAACCGAAAGCCC-1	443	4912	2478	88	295	14.6779661	10.93624154	125.6132927	7.673434537	139	109	79	109.219543	23.88495872	111	80	54	81.59803055	22.60134111	146	113	85	114.1920212	23.99671982	278.76762	0.08822443679
GATTACTGAATTTGGG-1	241	1732	4969	979	184	24.88586957	17.92748122	125.5154803	6.881189599	140	111	76	109.3349325	25.74002179	108	79	51	79.07334932	22.31235034	139	114	88	113.4235576	20.39438807	163.1390449	0.09523168487
GATTCCCTTGTCGCAG-1	1041	5297	1523	60	205	13.29756098	10.76508557	121.3688929	8.322412796	129	97	71	98.76997854	22.68732956	99	69	52	72.64663553	19.21061787	139	112	93	114.3416235	18.65037753	146.5814607	0.1161159351
GATTCCGCGTTTCCGT-1	319	4026	3386	190	283	15.06360424	14.19610945	125.7044218	9.252326252	140	109	75	108.1429112	25.21371904	105	73	48	75.23683878	22.44033087	144	111	85	113.14127	23.13073267	259.5677988	0.0821609369
GATTCCTATACGGCGC-1	24	1591	5678	628	156	33.83974359	34.36595975	120.0824685	6.708749907	134	113	91	113.0150234	17.14235316	109	78	56	80.79383916	20.82569142	131	111	92	111.3308926	15.81244115	72.8046476	0.1475721995
GATTCGACGGTTCACG-1	57	800	6960	104	100	70.64	104.8908499	122.2315442	5.389019242	131	121	106	119.5119303	12.34556473	130	119	97	115.9582123	14.38658271	133	124	107	121.6672137	13.01281149	70.03332482	0.226639571
GATTGACACTCTGCTC-1	97	2457	5089	278	259	21.3011583	19.93565999	125.466044	7.873311037	141	116	91	115.7923242	20.69739587	116	86	62	87.99469764	22.77401918	141	115	90	115.4236839	20.53595145	195.1331716	0.0967932476
GATTGCTCCAGTTGCA-1	578	2085	4330	928	140	27.87857143	21.64963472	122.0205153	7.138112293	134	106	63	102.2869587	26.82972616	104	77	48	76.50170433	21.34177968	136	113	86	111.6461305	19.72439541	110.0546476	0.1170839807
GCAAACCCTACATTAT-1	521	4501	2807	92	269	15.09665428	11.49971504	124.7678214	7.936717878	138	107	75	106.9250095	24.79129258	110	79	52	79.99103649	22.57094012	145	113	85	113.9667971	23.42626913	263.002809	0.0789283647
GCAAACCTTGGCCATA-1	549	4159	3040	173	242	17.04545455	13.0410192	126.1095069	9.957886253	141	108	71	106.9845979	26.93276502	114	81	51	82.11955561	24.75796174	145	112	83	113.3824012	24.05825712	255.9036006	0.08567961112
GCAAAGGGCGTTAGCC-1	230	1072	5848	771	133	42.57894737	35.77229796	123.6220979	6.826924515	138	117	87	114.1795228	22.27661407	112	90	62	88.29390229	20.08864899	137	119	94	116.7547027	17.39825287	69.81703269	0.1460952121
GCAAATATTACGCTTT-1	385	2324	4542	670	200	22.86	15.12119043	126.0600059	6.394068326	142	112	75	109.0541598	26.95528747	107	77	48	77.21878551	22.75021443	139	114	86	112.9503851	21.02315201	175.7028856	0.09011560257
GCAACACACTAGAACT-1	143	1632	5097	1049	112	34.65178571	30.41343389	118.9097895	6.869659567	132	106	72	103.9455877	22.97448003	77	53	30	53.56369145	17.53881161	124	102	80	101.5958844	16.5758993	61.76493871	0.1511395914
GCAACAGCAGTATGCG-1	85	1095	6612	129	221	27.57466063	28.66896552	121.0064155	4.59516081	131	117	94	114.2278753	16.36717968	104	81	60	81.99128898	17.50846063	133	114	93	113.0992299	16.51144146	155.1090398	0.1161395999
GCAACCACCAGACCGG-1	249	2784	4652	236	296	17.43243243	18.91362378	125.3081141	7.400013084	138	114	82	112.2652443	21.97296006	120	90	63	91.06388082	22.53584634	142	115	90	115.2242141	20.61805956	221.6437692	0.09076284061
GCAACCACGGCCGCGT-1	225	1826	4997	873	169	27.3964497	22.94970548	122.8474802	6.862669181	137	112	75	108.7324833	24.3036854	106	80	52	79.59992425	20.80880421	135	114	90	113.1647519	17.68304454	124.3453779	0.1051704376
GCAAGAATTCCTTGGC-1	309	3773	3673	166	181	24.67955801	20.02973127	124.9913313	7.720721794	141	111	77	109.8637798	24.22011697	109	79	53	80.19972226	21.8924851	141	114	91	114.6314859	19.46684681	167.8331205	0.09618621235
GCAAGTGCACAGAGAA-1	1692	3041	2872	316	116	21.96551724	20.12286872	124.8468979	9.783518672	132	86	41	86.18305769	34.44001969	98	58	28	61.13457897	26.79671526	135	104	66	101.8269158	27.10290699	103.6993105	0.1309828688
GCACAAACCCTAGATG-1	235	1505	5489	692	146	35.37671233	29.47465603	124.6348863	7.53284762	140	115	82	112.302992	24.64578202	104	78	52	77.8818331	20.94138903	139	117	91	115.2488322	20.41027411	89.76608784	0.1345413948
GCACAAGTGTCGGAAG-1	283	1487	5623	528	221	22.52036199	27.36357839	121.5257875	6.345129228	134	113	77	108.8421916	22.97410414	106	79	51	78.89660396	21.27278276	136	114	90	113.3558894	18.94023367	130.6653473	0.1119981117
GCACACACTGGTAGCC-1	667	4941	2257	56	306	12.84640523	10.97944917	122.8511822	9.035696975	133	106	71	104.6292135	24.13935576	113	85	55	85.28140386	23.26945879	143	114	87	114.3859361	21.91849218	223.5642237	0.098771326
GCACGCCTACTTAGAT-1	500	2918	3893	610	180	20.77777778	15.64202159	123.4747248	7.811893981	138	105	66	103.3985608	27.10766487	113	80	52	81.11021336	23.32073504	140	112	86	112.5340235	20.7077191	170.3538049	0.09466498989
GCACTAGTCGCGCTAT-1	247	2151	4831	692	212	20.14622642	13.65554469	124.0934421	7.08042585	139	109	75	107.4602954	25.66362423	104	73	44	73.6230274	22.78792507	141	114	85	113.7746497	22.13941306	152.9295199	0.1002948034
GCACTGCCTACCTTTA-1	69	2738	4701	413	268	18.52238806	13.34262411	125.0843513	7.398353508	140	113	87	113.3776038	20.96827786	99	72	51	73.5408408	18.86068446	141	111	86	112.3918697	21.27752793	213.5625638	0.08760151803
GCACTGTGCAAATGTA-1	503	2682	4511	225	183	23.77595628	21.89790196	123.3167201	6.905155119	137	109	69	105.8726171	27.12625419	102	75	45	74.01881076	22.23615717	139	114	83	111.9577074	22.52600464	141.4427988	0.1012696739
GCAGACCCAGCACGTA-1	22	2940	4839	120	328	16.32317073	15.60172597	121.7635329	7.375811899	134	113	93	113.2398687	17.13104121	88	67	50	68.40234819	16.08164184	135	106	85	108.4577705	20.35806889	193.0656282	0.1113622033
GCAGATCCATAAGACT-1	511	4209	2998	203	311	14.40514469	10.97629011	125.4397757	7.516653331	141	110	79	109.7850019	24.05610068	118	86	58	87.37204898	23.15321852	144	112	84	113.3129655	23.23753922	304.5561798	0.07842807197
GCAGATTAGGGATATC-1	500	3323	3862	236	225	18.74666667	15.36121523	124.2737044	7.689454741	138	108	72	106.582376	26.36447481	99	69	44	70.48453478	21.4448037	140	110	85	111.5715187	21.63131679	201.0122574	0.09172216684
GCAGCACACAGCCCAG-1	296	3256	4105	264	188	26.87234043	19.77492182	124.7457269	6.975823437	141	114	84	113.3374574	22.18509942	113	85	59	85.85708875	20.6618314	139	115	93	115.7708623	17.48115697	137.9761236	0.103205405
GCAGCGGTGGGCATTA-1	348	1687	5064	822	169	27.84023669	25.97867655	122.6421842	6.480015487	136	112	76	108.6865295	23.96440005	99	76	48	74.65534655	19.99295765	137	115	90	114.0939275	18.79356528	129.1347038	0.1033871072
GCAGGAACTTAGATCT-1	115	749	6671	386	76	78.80263158	254.7313869	121.3470298	6.830635218	133	120	93	115.5898245	18.95038452	125	70	43	78.01944199	30.95768256	129	113	89	110.9960864	16.45229636	40.73876404	0.2474431166
GCAGGACTATAGAATA-1	534	2875	4101	411	171	27.14035088	19.68711865	125.444812	7.197867518	142	112	74	109.9655347	26.19401067	110	79	49	79.61860876	23.15841499	140	114	88	113.9162984	20.10234986	157.3446118	0.09326803177
GCAGGTAGAGTATGGT-1	280	3470	4057	114	280	15.49642857	15.36833438	121.8045415	7.577961417	133	109	78	106.8384042	22.65756778	90	66	43	66.54336574	18.84177319	138	110	87	110.9218533	20.68114998	164.4021961	0.1098196771
GCAGTGTGGCTATAGG-1	433	4557	2707	224	320	13.1625	10.27216354	127.6832067	8.762114355	144	108	79	109.6861507	25.37622918	119	81	55	84.23166267	24.77182299	149	111	83	113.7477591	24.95276695	315.5024259	0.07616589744
GCATAGAGCACTCAGG-1	778	3843	2993	307	206	17.0776699	12.75207146	128.4314406	10.51367674	143	102	60	102.067037	31.64229159	102	64	35	66.85229138	25.86857322	147	109	77	110.598788	27.21934856	267.9037283	0.08158219576
GCATCCCTAACTTTGA-1	1551	4410	1913	47	137	21.35766423	19.07638783	121.0788236	7.994854674	131	97	60	96.67769221	26.80914922	93	66	47	68.34957707	18.44471953	134	109	88	110.2691579	17.86433521	102.1440245	0.1261364652
GCATGAGGGACGCGGC-1	229	3187	4352	153	316	15.2278481	11.92508192	123.5746499	7.442007192	136	112	82	110.4878172	21.89421225	94	70	48	71.0154021	18.75705353	139	110	86	111.23646	20.87445145	237.1699438	0.08519995723
GCATTGTAATTCATAT-1	301	1144	5254	1222	144	33.54166667	26.91495738	119.4436466	5.917235849	132	112	77	107.3699028	22.69531141	109	87	59	85.25362959	19.9019166	131	116	92	113.220048	16.70445873	73.89964249	0.1447034616
GCCACAATTTAAGGAC-1	342	2632	4360	587	209	20.70813397	14.06260714	124.4708917	7.006561721	140	109	75	108.0422926	25.35427761	110	78	49	78.89168034	22.99136437	141	114	88	114.1002399	20.67156924	159.3585291	0.09140138242
GCCACTCAGAGCGCGA-1	573	2335	4849	164	181	27.05524862	118.540793	121.9244616	10.97323924	136	115	64	109.2497159	29.49129799	134	69	31	81.49008964	42.18774127	136	110	64	106.4710264	29.74614135	221.3492084	0.2094750039
GCCAGGAAAGAACACT-1	752	1864	5138	167	44	119.9318182	451.4987868	123.0449009	10.79349931	137	128	61	111.4133317	31.1973546	137	129	35	99.54260826	42.71380475	136	126	71	113.5807348	26.39240608	77.04941267	0.3185772305
GCCAGGAGTAACCGAT-1	382	3598	3736	205	272	15.5	12.76224902	124.287449	7.870405973	138	108	73	107.0773892	25.26330364	101	72	46	72.76997854	21.49209683	142	111	85	112.3043808	22.53379999	248.3968335	0.08791737664
GCCAGGCGTTCGCATG-1	624	1436	5743	118	129	44.94573643	222.6151583	124.6466366	9.282853208	134	128	64	113.7196061	29.94039917	135	127	48	104.0053024	36.53206559	135	126	75	115.5843959	26.33741379	176.4057712	0.2821553462
GCCATATTGCACACAG-1	505	3747	3528	141	277	15.18411552	12.26418137	123.9765137	7.630499525	137	108	72	106.4613054	25.52745783	96	68	44	69.32041409	20.73836144	140	109	83	110.3361949	22.12953713	242.0919305	0.09069704216
GCCATCGAGCTGCGTG-1	368	3115	3820	618	176	20.75568182	15.5757851	125.5538728	7.837303466	140	104	67	103.2680217	27.68156709	96	63	39	65.5467744	22.62449579	141	109	82	110.7150612	22.65266042	169.3129469	0.09516977494
GCCCACCAAGGCTGTC-1	575	2674	4301	371	187	22.93048128	20.55644326	123.8686781	7.410488073	139	109	71	106.7365232	27.37771154	104	74	46	74.73576569	22.62274089	140	113	83	111.9127635	22.36631008	145.2709397	0.1039199353
GCCCAGTTGGTATGCC-1	26	1240	5833	822	178	33.26966292	30.14357555	122.8500042	5.788455641	137	117	96	116.7645499	16.52240175	110	88	66	88.21360939	17.46886629	134	116	96	115.4703952	15.26171676	94.41611338	0.1248626332
GCCCGACTTCTTCCCG-1	281	1690	4844	1106	142	33.33098592	33.78676335	120.8370394	6.282210329	135	112	80	109.1305391	21.9262488	111	88	62	87.1619745	18.93847202	134	115	92	113.4931196	16.05181876	74.15015322	0.1387194981
GCCCGATCTGTGGTCG-1	741	2930	3850	400	216	18.63425926	16.02488032	123.9558973	7.735002332	137	107	66	104.265623	26.60849981	118	87	54	86.51799015	24.55570534	142	114	86	113.8510289	21.37282512	189.4431818	0.09370822159
GCCCGCGCGTAAACGG-1	312	2356	4463	790	213	21.28169014	13.95282101	126.2356969	7.736572261	142	111	76	109.6696124	26.30828366	110	79	49	79.10074486	23.61709982	144	116	85	114.905315	23.00836366	171.5082993	0.09129215091
GCCCGCGCGTTTGACA-1	234	2931	4360	396	180	27.16666667	20.53763483	124.8970875	7.450858418	141	113	84	112.323444	22.69567619	104	76	53	77.46749148	20.22875702	137	113	90	113.3033708	18.47842226	143.4485444	0.1008143376
GCCCGTAATACCTTCT-1	387	3445	3911	178	308	11.8474026	8.478741162	122.3335893	7.624275112	134	104	71	102.8344906	26.0643257	91	62	37	63.2704204	21.56957123	146	110	75	109.6768085	27.73475879	291.4485444	0.07527534219
GCCCTAGCCGTCGCGA-1	226	1057	6056	582	103	54.02912621	53.43346399	121.8260549	4.436921456	133	116	88	112.6417119	19.82583292	100	80	57	79.07915667	17.27664421	130	115	97	113.915036	14.03176829	53.01596016	0.1765593871
GCCGAAATTCCTACGT-1	541	3469	3469	442	161	22.47826087	15.768546	125.7913294	8.64384578	140	103	64	102.8702184	29.00615841	97	64	39	65.99558137	22.74619919	140	109	82	109.9327105	22.78987724	173.4892748	0.09674906105
GCCGACCCACGACTGC-1	400	2313	4834	374	172	26.1744186	33.14404498	121.7185578	6.601060478	134	110	73	106.7726297	23.58766458	120	94	63	92.74763287	22.22135748	135	116	92	114.5352859	16.72881796	109.5704801	0.1265971185
GCCGATTGGCCAAGCT-1	613	3541	3457	310	247	16.58299595	11.71974502	127.4854417	9.143268512	143	108	69	106.6774397	29.29867625	118	80	48	81.65926019	26.97542295	148	113	81	113.8976139	25.69679862	286.4361593	0.0790180784
GCCGCATTAGTCCGGC-1	235	755	2240	4691	50	121.14	256.160107	120.1732721	6.855199421	132	127	81	115.7265497	22.45169233	132	116	48	100.2434036	33.95564868	132	125	96	118.7081177	15.77296459	35.17786006	0.3383510853
GCCGCTTGTGAGAAAC-1	229	2158	4995	539	190	26.64210526	20.41357432	125.3120319	7.388121705	141	114	83	112.5838909	23.76123314	115	85	57	85.79396541	22.61580824	139	115	92	115.3832849	18.76603753	146.5040858	0.09938186146
GCCGGAAACACATCTT-1	113	3440	4061	307	212	21.72641509	17.56311155	124.428912	8.268189074	142	110	85	111.8568363	23.00709247	96	59	38	63.8610024	24.98143223	136	106	82	107.4831461	20.98816855	179.7454035	0.09595157022
GCCGGGTTAGGGTCGC-1	387	3867	3480	187	238	18.15966387	12.36284974	126.3511511	8.591984736	143	109	74	108.4836511	27.9757008	111	76	48	78.09872491	25.04723173	146	113	83	113.7820982	24.89353648	238.5358784	0.08362751687
GCCTAGCGATCTGACC-1	212	2607	4519	583	187	25.68983957	19.29257022	124.729862	8.206656073	141	112	84	112.4162353	22.95852535	102	73	52	75.43226865	19.82374014	137	111	91	112.9144047	18.11775356	131.2963483	0.1068396166
GCCTATAGTGTCAGGG-1	324	2903	4540	154	266	17.60526316	16.88501055	122.7088046	7.115819211	135	111	80	108.8418129	22.36501766	97	73	49	73.29642722	19.37171844	140	111	84	111.5102891	21.64444936	213.727145	0.09532863281
GCCTATTCCGATATAG-1	71	990	6178	682	172	34.64534884	39.96985538	123.5459081	5.796074957	136	118	93	115.9293019	18.1106532	120	100	74	98.27269284	18.5427269	134	118	98	117.0883727	14.70167997	95.73863636	0.1291294527
GCCTATTTGCTACACA-1	544	3194	3964	219	225	18.11555556	12.7434507	123.9583783	7.87987776	138	107	68	104.8949628	27.32419008	103	72	43	72.7752809	23.69182055	140	112	83	111.3978033	22.17109196	176.8308223	0.09211243686
GCCTCATCTGGAAATA-1	260	3402	4129	130	319	15.90595611	13.28340453	124.2326231	6.782426862	137	113	84	111.9092286	21.60619448	110	84	60	84.48529226	20.34349187	142	112	87	113.6889282	21.91910941	209.1796476	0.09537862247
GCCTCTATACATAGCA-1	430	3670	3462	359	277	15.33935018	10.8823875	126.4492949	9.044528306	142	108	74	108.3712915	26.10511375	113	80	52	81.73563944	23.82750691	146	113	85	114.4236839	23.53946292	255.319714	0.08825397339
GCCTTCAGCCCTACCG-1	159	3574	3891	297	219	23.02739726	18.57157395	125.2906265	7.605801151	142	113	86	113.7276859	22.22549623	117	87	62	88.44956445	21.66912151	141	115	93	116.5076379	18.56436779	175.3125638	0.09348856527
GCCTTGTATATGCAGT-1	20	176	3989	3736	51	140.2156863	601.1106816	119.6652543	5.488208888	131	126	107	121.7304633	11.99403094	132	109	72	105.9080924	24.04134986	129	124	105	120.1204393	10.61387532	20.14121553	0.3527018338
GCGAAACGATCGGGAG-1	84	1605	6139	93	164	42.08536585	89.36315348	124.5723335	6.676765115	135	123	103	120.513824	14.75880543	132	117	90	113.5864159	18.27696932	136	122	101	119.8968565	15.14945421	120.5108529	0.1676666016
GCGAAACTTAACTGGA-1	418	3880	3339	284	319	12.65830721	8.367303788	126.949102	8.438185429	143	107	71	106.9743719	27.60941392	117	79	51	81.85380634	25.59780082	150	110	80	112.8250221	26.94963315	348.7165475	0.069969423
GCGAAGCCATACCCGT-1	140	3136	4330	315	246	19.5203252	16.39916198	123.3292121	7.599618672	138	112	84	111.522535	21.62407418	106	78	56	79.61507385	19.72954799	139	113	90	113.9613685	19.16279594	154.9802094	0.09794305901
GCGACCCAACCATCTG-1	294	2659	4295	673	175	23.89142857	18.58277807	122.4689975	7.181675985	137	108	76	107.1235955	23.41756878	115	85	57	86.00037874	21.93391101	137	113	89	112.944199	18.32534095	147.0606486	0.1017325154
GCGACGATAGTTGTAC-1	313	2850	4371	387	205	21.47317073	16.3762324	125.8565721	7.958803364	142	110	74	108.7997728	27.19306901	107	75	46	75.42469385	23.92330708	146	115	83	114.447797	24.50729137	190.9385853	0.08415026683
GCGAGAGTTGCGTCCA-1	510	2592	4778	41	193	29.29015544	76.72269396	122.0986271	8.779983726	131	119	76	111.3191516	24.4085735	129	92	53	94.51357152	31.22842604	132	119	87	113.7300846	20.47970633	200.6843718	0.1618436473
GCGAGGCCCGAGCAGA-1	588	3232	3475	626	169	21.02366864	16.84947374	125.5087539	9.055111464	141	103	63	102.4055044	29.66735905	99	63	39	66.45802298	23.44701885	141	108	81	109.5077642	22.68507819	185.9569714	0.1023967687
GCGAGTTCTGCAAAGA-1	349	2909	4389	274	247	16.1417004	11.8639454	122.6105588	7.001220764	135	107	72	104.666835	25.70878293	101	71	44	71.98661785	22.32625431	143	112	82	112.1376089	24.29808471	204.575332	0.08680760035
GCGATTCTGGAAGCAG-1	351	2847	4564	159	257	17.79377432	16.63853177	122.7294783	7.775419852	135	110	74	107.7295796	23.91182504	87	64	41	63.90821866	18.35603736	137	109	84	110.1877288	20.87641008	186.1727528	0.09697492547
GCGATTGTTAACGTTA-1	370	2564	4707	280	309	14.74757282	9.095735101	124.027721	7.222541233	139	109	77	108.0829441	25.84496938	113	83	52	82.43681353	24.11928711	147	115	84	115.0333291	24.68655467	263.7754086	0.07915300881
GCGCAAATATATTCAA-1	231	1088	5274	1328	148	36.60135135	38.46615569	122.1950495	5.623233913	136	115	87	112.7048352	20.79493879	117	96	71	94.56621639	18.71282628	135	117	97	116.1695493	15.15651332	84.97969867	0.1287337351
GCGCAAGAGCGCGCTG-1	572	4074	3180	95	315	13.46349206	13.66914381	123.5502112	8.090094693	135	109	72	106.2273703	25.18011247	112	83	54	83.59689433	22.86644085	141	110	85	112.047595	22.33198871	218.1791369	0.09821633824
GCGCATCCAGTCAGCA-1	126	1979	5565	251	227	21.93832599	27.00425293	120.7753058	5.776080255	132	113	83	109.7308421	19.45685328	94	75	52	74.05340235	16.25865763	135	112	88	111.6215124	18.23319361	143.6456844	0.1090670809
GCGCCGTTCCACGATA-1	606	3299	3962	54	228	18.90789474	14.51180188	122.4369803	7.212347606	133	109	66	103.9781593	27.40494175	97	73	42	70.82565333	21.7838199	142	114	80	112.4216639	25.01148743	193.5371553	0.0938606997
GCGCGATGGGTCAAGT-1	706	780	5484	951	80	70.9375	251.3578298	125.7522802	7.406297492	136	127	55	111.6331271	31.84034918	133	83	28	87.61848251	42.58267622	133	124	65	110.9535412	27.57641002	72.8421859	0.2721880369
GCGCGGTCTAGTAACT-1	683	2270	4805	163	144	31.125	77.79101946	123.3645683	6.440483058	136	112	58	105.4008332	30.02987267	132	67	29	73.03446535	35.48283224	133	109	72	106.0989774	23.8379794	124.2050562	0.1657496918
GCGCGTCATTGGTACA-1	304	4436	2927	254	316	14.59493671	9.844704272	129.205665	9.110410682	149	111	82	113.2478222	25.8868078	125	86	58	88.82552708	25.67663027	152	112	84	115.6048479	26.44461015	390.9673136	0.06806230123
GCGCTAATTGAATAGA-1	254	2684	4587	396	278	17.5	14.01919291	126.5057493	8.82310987	143	113	82	111.9962126	25.22632283	106	75	50	76.37280646	22.4909136	147	112	84	114.010731	24.04815186	237.3640194	0.08371838665
GCGCTATGCCGAGGCA-1	450	3214	3724	533	216	18.28703704	13.067879	125.1499585	9.037844912	141	106	70	105.3411185	27.88596156	107	72	42	73.60648908	24.74974716	142	111	82	111.5520768	23.11068739	212.5019152	0.08811614681
GCGCTGATCCAGACTC-1	352	3013	4213	343	286	14.91258741	11.02616321	124.8237806	7.771858685	139	109	75	107.3649792	25.59540659	101	71	47	73.15389471	21.63510908	143	111	85	112.459033	22.88843461	239.5838866	0.09001761499
GCGCTGCTTTGCATTT-1	259	1746	5629	287	244	19.7704918	18.09482622	120.1822665	5.174981179	131	112	79	107.874637	20.8261466	91	73	49	71.50852165	16.44109229	134	111	89	111.3711653	17.61092059	137.3195863	0.1068539665
GCGCTTAAATAATTGG-1	396	4574	2783	168	330	13.81818182	10.42361697	127.2623902	8.993319499	143	111	81	111.5037243	25.11657492	117	83	57	85.14530994	24.00213492	148	112	83	114.1763666	25.38943149	348.7473187	0.07247772246
GCGGACCGCGTTGTGG-1	464	2764	4132	561	209	19.81339713	13.61952625	126.0425821	8.885789993	143	108	67	106.1655094	29.56164618	105	72	41	72.41876026	24.46133729	144	113	81	112.3837899	24.15428065	168.1121042	0.1001326995
GCGGAGAAACTTCGCA-1	552	2896	4152	321	166	26.07831325	20.44946488	122.946437	6.370880436	136	109	73	106.8877667	24.77846097	113	86	57	85.75710138	21.63451172	137	115	90	114.1773766	18.37873857	139.4762513	0.09724526351
GCGGAGAGGGAGAACG-1	633	3943	3221	124	287	14.85365854	14.48895454	124.649822	8.276881196	137	109	71	106.6763035	26.07893014	117	87	54	86.93460422	24.7941815	145	113	84	113.933973	23.58645752	253.9085802	0.08570841045
GCGGCAAAGTATTGCC-1	424	2158	4656	683	132	32.8030303	26.10829411	122.0424446	6.410863921	135	109	74	106.6425956	24.38931488	109	83	55	82.72970585	21.04572756	135	115	90	113.5647014	17.59257474	100.665858	0.1186521243
GCGGCTCTGACGTACC-1	393	2241	4495	792	178	25.66292135	18.13181686	124.7205177	7.466517229	140	111	75	109.181164	25.96439598	107	79	51	79.18305769	21.94697724	138	114	88	113.2531246	19.75592607	149.4699949	0.09278824902
GCGGGAACCAGGCCCT-1	132	3678	3809	302	210	24.77142857	18.76737653	124.1198975	7.650325608	142	113	89	114.6967555	20.76336277	105	76	55	78.54147204	19.93480292	139	112	90	113.5611665	18.90017436	163.415475	0.09264478541
GCGGGCGAGCCTTACC-1	407	2731	4350	433	211	20.51658768	16.00898621	124.8455682	9.182808179	142	108	73	107.1214493	28.20119333	104	73	43	73.14770862	23.93604232	145	114	82	113.6987754	25.26071923	205.6815628	0.08405991677
GCGGTAACCCAAATGA-1	138	1194	5063	1526	140	33.2	32.1985359	118.9837899	6.013588212	131	110	82	108.037874	19.73598188	104	82	59	81.33518495	17.59034279	131	114	95	113.1484661	14.3954353	70.13649132	0.1448665869
GCGGTCCCTAGACGCA-1	543	2653	4199	526	179	23.98882682	16.42997289	126.7984436	7.868868435	141	109	66	106.5549804	28.47315231	106	73	42	74.11172832	24.4462782	142	114	83	113.5062492	23.02849473	170.5517109	0.09057278048
GCGGTGAACTGCGCTC-1	209	2866	4688	158	291	16.11340206	12.65471371	123.1581213	7.046808369	135	111	76	108.6654463	23.30504862	104	76	50	76.76644363	21.92639533	139	111	87	112.4755713	21.02788958	198.1307457	0.1072974005
GCGGTTCCCTATCATG-1	393	2462	4273	793	234	18.76068376	13.3449626	126.2624345	7.73520117	142	110	72	108.1051635	27.05488117	111	80	50	80.44097967	23.57401016	144	115	85	114.6779447	22.6507642	172.9179009	0.09234843317
GCGTAAATGGCCATAA-1	1117	3147	3582	75	274	13.34306569	13.6068027	121.0545439	6.940343123	130	104	55	97.72250978	28.13541496	108	77	42	76.21411438	24.93206237	135	108	83	108.7963641	20.59774758	162.3555924	0.1215882543
GCGTCCCTAAGACATA-1	435	2987	4075	424	218	18.44495413	12.92388434	123.8385233	7.247308883	137	107	71	105.630476	25.67827863	116	86	55	85.66973867	23.68821817	141	115	86	114.2488322	21.27041539	174.4341164	0.09038558499
GCGTCGAAATGTCGGT-1	375	3812	3579	155	248	16.79032258	11.97731336	125.439867	8.604736257	140	108	72	106.8062113	26.58639124	102	70	42	71.32495897	23.40758111	145	111	80	111.8996339	25.20241803	259.0297497	0.0811421377
GCGTCGCCAGGGTGAT-1	837	3987	2936	161	186	17.25806452	15.84189574	124.0253485	7.829646094	135	99	58	98.23305138	29.25988059	106	72	42	73.3542482	24.79362611	142	109	80	110.0635021	23.86479046	187.084142	0.09748180877
GCGTCTCTGCATTGGG-1	138	2361	4761	661	205	23.67317073	16.37533875	123.7483812	7.38509876	140	112	85	111.9978538	21.65637274	103	73	52	75.73879561	19.61733582	137	112	92	113.3988133	17.85606845	141.8414198	0.1023304781
GCGTGGTACTGGGTTA-1	529	4311	3023	58	263	16.51711027	14.97446153	122.7912417	6.907057429	134	109	75	106.9093549	23.46414186	97	73	49	73.34945083	19.34753395	139	110	86	111.1681606	21.14299853	170.639428	0.1093176167
GCTAAACCTGAGGTGA-1	32	1655	5352	882	117	46.27350427	44.9034337	121.6425121	6.764683186	137	115	91	114.5528342	18.05096007	112	87	64	87.19542987	18.0669038	135	114	93	114.179649	16.02885827	70.8921093	0.1402339989
GCTAACTGAAGTCTGA-1	439	3778	3473	231	306	13.79084967	10.09992791	126.2642241	8.614796429	141	109	75	108.0872365	26.45774387	110	77	51	79.12473173	23.57648984	147	111	82	113.1090771	25.20131733	298.880618	0.07980488374
GCTAAGTAGTTTCTCT-1	607	3603	3347	364	268	13.44402985	9.092017256	126.3992434	8.903623179	140	103	64	102.4087868	29.24674068	106	70	43	73.1065522	24.88096157	148	109	79	111.5465219	26.78368204	306.392237	0.07543489652
GCTAATACCGAATGCC-1	195	3046	4311	369	198	24.22222222	19.43341679	124.7606496	7.382550544	142	112	83	112.161217	23.30270205	104	75	51	76.83095569	20.94660687	139	112	89	112.9814417	19.24944487	152.9228805	0.09692426617
GCTACGACTTATTGGG-1	301	3133	4201	286	275	15.75636364	11.35360197	125.2723698	7.368325927	139	110	76	108.1623532	25.24127535	118	85	56	86.4248201	24.07050379	147	115	84	115.0459538	23.79771905	286.5632022	0.07382549353
GCTACTATAGTAGAGT-1	434	3385	3941	161	257	18.35797665	16.03316919	124.4564035	8.000698489	137	111	77	109.1147582	23.44696607	108	82	55	81.98876404	21.01560971	141	111	87	112.4594117	21.20239069	222.386236	0.09286738626
GCTAGACCGTCTACTG-1	75	3089	4659	98	299	19.86956522	20.16735276	122.8941558	6.815551859	135	116	96	115.4082818	16.66404497	96	74	54	74.83550057	17.29167362	136	109	88	110.8076001	19.55859574	175.5597549	0.1090730617
GCTAGAGTAGAGATGT-1	127	3226	4433	135	304	16.57565789	14.76485201	124.0575677	6.465104039	137	113	85	112.0775155	20.66928498	116	89	64	89.87400581	20.29877284	142	114	90	115.1122333	20.11617321	193.377809	0.09954788738
GCTAGCGATAGGTCTT-1	426	1359	4749	1387	122	38.58196721	30.95603444	122.6344045	6.996725257	138	112	73	108.0344653	26.86626484	105	80	51	78.61052897	21.72215979	139	118	89	115.1653832	21.07289321	93.22574055	0.1303792896
GCTAGCTTGAATAGCT-1	547	3113	3879	382	209	20.90430622	17.18574102	125.6552723	8.021607856	143	110	71	108.4048731	27.77139116	112	79	49	79.93940159	24.26520171	143	114	86	114.4349198	22.41856224	175.6284474	0.09129354463
GCTAGGCACCACGGAG-1	294	3870	3445	312	317	14.48580442	11.05980104	126.2363628	9.167373364	142	110	80	110.732357	24.58694652	111	78	54	80.75659639	22.55473702	145	111	86	113.8527964	23.48398569	280.2903473	0.08429016202
GCTAGTAGAGCTTGTA-1	400	1864	5376	281	245	18.1877551	13.85130411	121.4474635	5.898324536	133	110	73	105.5494256	25.72952479	95	71	44	70.29200858	20.35752769	141	114	84	112.5732862	24.07136978	184.1198927	0.09520367729
GCTAGTTTCATTGAGG-1	433	3096	4156	236	170	27.62352941	23.14912092	124.3166439	7.42002873	139	112	80	110.1275092	24.22865662	105	77	54	78.24681227	20.15765561	138	113	91	113.6788284	18.62529248	127.9742084	0.1075287164
GCTATACGTCTCGGAC-1	328	4232	3126	235	304	13.06578947	9.16635083	126.4819614	9.011132219	142	107	76	107.7954804	25.84660615	117	82	56	84.5503093	24.28698456	147	112	85	114.2041409	24.19832656	315.2166752	0.07706285337
GCTATCATACTCATGG-1	507	4511	2740	163	285	14.02807018	9.964458848	125.6165497	8.513260168	141	107	75	106.836258	26.14332377	108	74	49	76.93069057	23.22806722	146	111	83	112.8815806	24.33808738	285.9581205	0.07383708428
GCTATCGCGGCGCAAC-1	341	1031	5424	1125	147	34.89115646	24.17822972	123.8594147	7.77524909	138	115	79	110.5583891	25.70402768	98	76	47	73.92450448	20.31394442	137	117	88	113.6838783	21.21482937	101.4353933	0.137637305
GCTCAATCCGTTTATT-1	203	1974	4666	1078	181	25.09944751	19.1845083	124.5425701	6.592959703	139	111	76	109.1677818	24.61824168	103	76	48	75.5694988	21.12366122	138	113	86	112.4085343	19.98023257	150.6581971	0.09515330577
GCTCAATGTAATACCG-1	417	3807	3472	225	256	17.41015625	15.16110536	126.5479807	8.822704644	142	111	77	109.7637925	25.5700988	121	88	59	89.3750789	24.20427793	146	116	88	116.4299962	22.55812516	244.6044433	0.08280553542
GCTCATTACTGCATGT-1	131	2194	5464	132	217	27.640553	41.54260281	123.9729801	6.399377244	134	118	93	115.4932458	17.415208	128	108	82	106.4465345	18.84541198	137	119	97	118.0912764	16.30148901	149.1192543	0.1215109166
GCTCCTGACATACTGG-1	261	2515	4828	317	175	27.18285714	20.88610592	122.4390994	6.383396018	137	112	81	109.8558263	22.54191723	111	85	59	84.97020578	20.20039414	136	115	91	113.800909	17.66042322	132.1442799	0.1053814297
GCTCGCTCATGTCCAA-1	324	4895	2663	39	298	16.66107383	16.00008058	124.8619734	8.08229556	138	113	83	111.5155915	22.08963139	120	90	62	90.64474183	22.70080144	142	113	88	114.459033	21.26528192	222.5311542	0.09665234623
GCTCGGAATTTAAAGC-1	435	4038	3211	237	301	12.73089701	8.726787465	124.6652866	8.496869569	139	106	73	105.6891807	25.67881295	98	66	42	67.9277869	21.78464419	142	107	80	109.2528721	23.92689835	281.7326353	0.08083536095
GCTCTAAACCCTGACG-1	295	3697	3725	204	238	20.51680672	14.05831683	127.1683338	8.599276796	142	113	83	112.8026764	23.41899356	111	80	55	81.55548542	21.88521162	140	112	89	113.627446	20.13090474	185.9670582	0.09131062412
GCTCTATGTTACGTGC-1	182	2565	4946	228	182	28.42857143	24.89456574	123.3707708	6.806166121	138	114	87	112.9729832	20.85879998	102	78	56	78.74674915	18.80618956	137	114	93	114.4544881	17.59691846	108.325715	0.1172364622
GCTCTCGGGTACCGAA-1	156	3465	4131	169	237	21.90295359	17.88863439	125.4607234	6.856188378	141	114	88	114.2315364	21.48491296	107	79	55	80.17573539	20.54269812	139	113	88	113.6802171	20.04893329	183.9768897	0.09325224641
GCTCTTTCCGCTAGTG-1	760	3024	3630	507	242	14.96280992	12.86173537	124.0927552	7.966414945	137	103	60	101.2192905	28.81916263	117	84	50	83.53755839	25.36711162	145	114	82	113.4960232	24.11961032	212.3826609	0.08534937293
GCTGAATCTTCCAATC-1	238	1217	5151	1315	136	36.13235294	26.78915738	121.425325	5.486066446	134	113	80	109.6616589	21.88570016	113	91	65	89.58060851	19.16819283	134	117	96	115.3178892	15.70704357	63.20173647	0.1455142391
GCTGAGGCGTGAGTAT-1	464	3058	4255	144	255	15.01568627	10.56630554	122.2076377	7.693103128	133	106	68	102.7829819	26.35592939	93	66	39	66.6306022	21.54639959	142	111	77	110.3640954	25.61298973	234.4328396	0.08847647041
GCTGCACGGTTTCTTA-1	660	4834	2313	114	192	12.63541667	11.02754108	119.5370936	9.061925425	124	95	66	95.60977149	22.9324461	95	64	45	67.66633001	19.7665555	137	111	88	112.0756218	19.65474534	122.2643003	0.1230737203
GCTGCTAAGTAGTCGA-1	774	3445	3357	345	184	16.1576087	18.0738866	122.1136037	8.48705764	132	97	56	96.3293776	28.80020474	96	65	38	66.03749527	22.56404669	139	109	80	109.1435425	22.7330162	155.8203524	0.09978919869
GCTGCTACTGCGTAGC-1	494	3658	3472	297	279	14.390681	9.812291277	126.285377	8.820588118	141	107	72	106.7803308	26.92656197	114	80	51	81.42696629	24.44582343	146	112	85	113.6598914	23.9132584	274.2941777	0.07980810871
GCTGCTCTCCGGACAC-1	78	4887	2847	109	187	10.43850267	9.544167741	117.4770671	6.686721215	121	91	67	92.73942684	20.96021618	85	61	46	63.43719227	15.99406137	134	110	91	111.2887262	16.92439459	102.6421093	0.1319351922
GCTGGCATATTCACCT-1	640	2597	4273	411	160	26.65625	26.19853213	125.0794961	7.116193472	139	109	64	105.4825148	28.81698917	100	71	40	70.79775281	22.78539212	138	112	80	110.867441	22.35195177	135.656665	0.1072034525
GCTGGCGGCGCATGCT-1	355	2990	4199	377	237	18.32067511	14.02674189	125.5355533	7.406858061	140	110	77	108.4269663	25.40354768	109	79	53	79.83310188	22.46989137	144	113	85	113.8978664	22.93422301	226.9043667	0.08456388458
GCTGGTTTAGGCCATA-1	63	517	6183	1158	43	155.0930233	618.3929967	121.2656476	6.666756669	132	125	98	119.3560157	16.39036653	131	104	54	98.65623027	30.97680656	129	122	96	116.9623785	14.07228256	28.34371808	0.3369444788
GCTGTATTACTGGCCC-1	383	3725	3610	203	176	25.30113636	19.1716291	125.2381573	7.564899522	142	110	78	109.9669234	24.78870521	108	76	51	78.29200858	22.0541551	142	113	87	113.8279258	21.0351257	150.726762	0.09845577093
GCTGTTGCTACCGAAC-1	499	3954	3373	95	300	14.04666667	13.9672649	122.9425004	7.628755582	134	108	73	106.0926651	23.71197042	104	78	50	77.83524807	20.95364335	140	111	85	111.9594748	21.38173608	206.5029367	0.09848233059
GCTTAATGTAACTAAC-1	251	4103	3308	259	350	14.25142857	9.542966638	127.7407934	9.101856552	145	114	86	114.5013256	23.47026214	131	96	66	97.20679207	25.83434959	148	115	87	116.742583	24.09251864	336.5121297	0.07278845365
GCTTATGAAGCAGGAA-1	538	3516	3589	278	291	13.27835052	9.476767325	124.9215359	8.43760266	139	106	69	104.5773261	27.90902875	106	74	46	75.2893574	23.72292187	146	109	81	111.2069183	25.40689169	297.5842697	0.0794054919
GCTTCCGTCCCTAGAC-1	798	3752	3247	124	228	13.88157895	12.05975667	122.7070808	8.146779917	131	99	56	95.8969827	29.28069179	102	72	43	72.47014266	23.18500376	142	110	80	110.3913647	24.56627109	230.485189	0.08992574776
GCTTCGACGTTCAATC-1	157	494	4117	3153	104	57.875	60.35594539	122.0285852	4.615261944	133	118	91	113.9583386	19.45076639	109	92	67	89.93548794	17.19225976	133	120	99	117.3043808	14.33013436	38.68143514	0.1959015114
GCTTGATGATAATCAG-1	184	2268	5032	437	176	28.90909091	24.1237983	122.6502601	6.65389102	137	114	85	112.2528721	20.90919915	104	77	55	78.75129403	19.47978293	134	113	92	113.3052645	16.51685344	105.3779367	0.1194761446
GCTTGGATCGATTAGG-1	246	2000	5555	120	223	22.95515695	22.75641649	121.1801621	5.322282875	132	113	82	109.6345158	20.44955835	94	75	51	73.43832849	16.98983456	135	111	88	111.5480369	18.38110205	135.3319714	0.1217666253
GCTTTCAGAGGAGGTG-1	257	3648	3933	83	297	16.1986532	15.03007977	123.4337124	7.668869016	136	112	82	110.2244666	21.32221615	99	75	52	75.83411185	18.93963468	140	111	87	112.1465724	20.90113806	186.6244893	0.1009051127
GGAAAGTGCCCATGCC-1	310	3910	3619	82	265	17.03773585	15.85448245	123.4651946	7.764885969	136	110	75	108.1479611	23.79558984	93	67	43	68.19643984	19.66961151	138	110	85	110.8943315	20.96887683	194.2456588	0.1025992597
GGAACCGTGTAAATTG-1	451	2782	4305	383	212	21.00471698	16.07103854	125.1492747	7.895012744	141	111	74	108.247191	26.95366277	108	77	47	77.51773766	23.09894231	142	114	84	113.4952657	22.33187286	183.0080439	0.08613790629
GGAACCTTGACTCTGC-1	408	1603	5638	272	121	41.78512397	48.06146316	120.7397688	5.866514938	133	113	79	109.0804191	22.78994548	113	90	60	88.10882464	21.28492716	133	116	93	114.2209317	16.11694013	69.90628192	0.1451375975
GGAAGCTCGCTTACAG-1	259	3056	4444	162	270	16.44814815	12.83380577	123.3528309	7.101536206	136	110	76	108.0494887	23.90819721	91	65	42	65.86377983	19.63634164	138	109	83	110.3117031	22.04586411	217.4593973	0.09204804486
GGAATAACCTCAAGAA-1	347	3248	4017	309	224	18.75	13.73733183	125.1854797	8.140251454	139	109	73	106.9262719	26.24920374	106	74	47	75.51874763	23.61687493	140	112	86	112.3811387	21.7728931	206.9421604	0.09420683509
GGAATGCGCTAGCGTG-1	551	2718	4394	258	287	13.90592334	9.433142686	123.4687786	7.447458111	136	107	65	103.389976	28.70244977	100	71	39	70.54374448	23.69553727	145	112	76	110.7448554	27.2640475	288.389811	0.07827670789
GGACCAACAGGATAAC-1	875	4015	2883	148	244	15.17622951	10.96032751	123.8521066	8.767431821	136	104	64	102.4394647	27.31457028	109	74	46	76.47860119	24.68891063	142	110	82	111.5181164	23.28408629	223.8794688	0.09120260744
GGACCTCTAGGCCGCC-1	490	2161	4452	818	171	24.18128655	16.60926609	122.1391847	7.078975869	135	108	70	105.2489585	24.68274408	112	85	57	84.78500189	21.28609756	135	113	90	112.6210074	17.65731057	107.1851379	0.1179977517
GGACTCGTGAGTGGTC-1	263	2272	4741	645	218	20.49541284	13.57725017	123.0356336	6.909645561	138	110	78	108.7939654	23.97455767	115	87	57	86.90796617	22.23307891	140	114	86	113.3777301	20.67618405	160.421859	0.0939898976
GGAGAAGTCATTGGCA-1	155	2923	4689	154	189	28.05820106	25.05173058	123.1881474	7.528034325	138	114	90	113.7856331	20.17902455	112	86	62	86.64436309	20.15356137	137	117	96	116.6203762	16.29540251	112.2008427	0.1149620735
GGAGACGACACCTTTG-1	459	2993	4253	216	298	15.83221477	12.61585382	126.3567581	8.478494924	142	112	74	109.5750537	26.69844892	124	90	57	90.47292009	25.84899396	148	117	86	116.3551319	23.87177487	250.7912411	0.08324264173
GGAGCACCAAGAACTA-1	753	4849	2246	73	295	12.51186441	8.49999172	124.8763421	8.628195101	138	104	66	103.2127257	27.95399163	101	67	41	69.37810882	23.62550945	145	108	79	110.3051382	25.90529663	316.5383044	0.07510445896
GGAGCGAGGCCTACTT-1	400	3517	3936	68	177	26.07344633	54.89466262	123.5164063	9.175537934	138	113	74	109.4450196	25.92512089	131	66	37	78.83335437	37.54535704	139	110	78	109.294281	23.78975428	148.5033197	0.1535749366
GGAGGATTGAAAGGAG-1	306	3227	4214	174	284	17.83802817	15.73622238	126.5846599	8.148045884	141	114	81	112.4692589	24.52308586	123	92	62	92.27079914	24.60716776	145	116	88	116.2912511	22.38179426	249.4153473	0.08759051274
GGAGGGCTTGGTTGGC-1	574	3312	3850	185	260	15.93461538	11.62191042	126.4040999	7.426261735	140	108	63	105.0587047	29.056883	114	81	48	81.05756849	25.47714529	146	113	82	113.5285949	25.16829799	268.5730337	0.08095185479
GGAGTGCCGCCCTGGA-1	142	3503	3859	417	211	23.67772512	18.80910404	125.3844137	8.376939556	144	113	87	114.0729706	22.29146039	107	76	55	79.0992299	20.7888611	141	112	90	113.9555612	19.58431916	165.2072268	0.09677185179
GGATACTCATGAATTG-1	151	2903	4577	290	216	23.16666667	17.80215343	123.7319042	6.813731354	139	113	86	112.6510542	21.08908104	103	76	53	77.60232294	19.41583215	139	115	92	115.542482	17.89202968	142.9825077	0.1021798256
GGATCAAAGGACGAGG-1	633	2632	4195	461	197	23.04060914	19.90965319	124.8726778	7.618439933	140	111	68	107.8534276	26.59631218	125	93	58	92.41270042	25.45656294	142	116	90	115.8944578	19.99484142	153.5748212	0.1103974669
GGATCCGGAATATACT-1	362	3922	3344	293	301	13.93355482	10.77536736	127.3102915	9.50998736	143	108	74	108.5195051	27.24719156	111	74	46	76.94584017	25.45931491	150	110	80	113.2052771	26.87204086	326.4988509	0.07468792479
GGATCTTACTGCCCTT-1	585	3093	4009	234	201	18.34328358	17.79810955	121.628298	6.758342654	133	105	64	101.9330893	26.18035042	109	79	47	78.89054412	23.65723894	136	111	84	110.5830072	20.43430627	123.8349081	0.1147301967
GGATCTTGACTCAACC-1	114	1491	5115	1201	121	38.55371901	34.43401893	123.0425139	8.421321632	136	112	81	109.4518369	22.21315032	91	66	44	66.67655599	18.25879459	130	110	88	109.4052519	16.51395351	65.17300817	0.1390912364
GGATGAAGATCGCTGA-1	250	3269	4257	145	277	15.87725632	16.73749619	121.9582795	6.937354485	134	109	78	107.5147077	21.89394545	102	77	53	77.4913521	19.36423433	140	112	86	112.4863022	21.15293433	193.1318948	0.095597359
GGATGACGCGAGTTTA-1	507	3091	3883	440	193	21.83937824	13.43917804	124.6807659	7.666102744	140	108	71	106.8798132	26.35507108	106	75	49	76.37520515	22.42200889	140	112	87	113.1935362	20.07650532	173.0649898	0.09195511936
GGATGCTGGCGTTCCT-1	356	1649	4763	1153	111	36.16216216	31.99564738	120.4899411	7.629342866	133	107	67	103.457013	25.93716883	88	64	41	63.73589193	18.59352475	130	110	85	108.4616841	18.58865966	78.99425434	0.140497532
GGATGTCCTTACCGCA-1	435	4150	3101	235	315	13.13968254	11.15971411	125.3014622	8.347853313	140	108	77	108.0599672	24.96529219	107	75	50	77.17927029	22.52876358	145	110	83	112.2707991	24.28582518	292.0153218	0.0794802509
GGATTCAGTACGGTGG-1	414	2217	4932	358	149	32.7852349	38.6747865	123.1608206	7.211736202	138	113	78	110.0677945	24.8729954	108	82	55	81.90089635	21.45849511	138	115	91	114.6763035	18.54808796	118.735189	0.1132277171
GGATTCCGCTATACCC-1	104	3776	3684	357	294	15.71768707	11.34636626	125.5358311	8.36439584	143	110	85	112.0994824	22.81790275	99	69	48	71.80595884	20.47355276	144	109	83	111.1820477	23.24388485	272.4576098	0.07905433849
GGATTGCTGTGACTCC-1	359	4608	2773	181	297	14.21548822	9.850773569	127.4259283	9.470740832	143	109	78	109.7419518	25.69947256	117	82	56	84.36346421	24.62787197	149	113	85	115.0965787	25.17642111	335.0971655	0.07609069529
GGATTTCACTTCTATA-1	367	3600	3737	217	319	12.80250784	9.424598973	125.1462848	8.047900009	139	107	74	106.9012751	26.04489728	100	69	42	70.50789042	22.66424923	147	110	80	111.85873	26.10224068	327.1115935	0.07102515384
GGCAAAGGCGCCAATA-1	241	2144	4821	715	180	26.42777778	22.31218664	123.5969503	6.839445715	138	112	82	110.7622775	22.60577926	114	87	60	86.92576695	21.10276391	136	114	91	113.9630097	17.79837759	143.5810776	0.09685051282
GGCAAATTACTTTACT-1	605	2998	3699	619	213	18.76056338	12.74870678	127.4051865	8.419608372	143	107	66	105.3278626	29.34528079	114	77	45	78.31561672	25.97023963	146	112	82	112.9676808	24.08255938	218.3465271	0.08472474965
GGCAAGCCCATAGTGG-1	78	2312	5185	346	255	20.60392157	17.20111671	124.3307238	6.842867451	140	114	89	114.3250852	20.44313987	112	85	62	86.21386189	20.00420899	140	115	91	115.018937	18.84207405	170.2101634	0.09280506609
GGCAAGGCGAAATAGC-1	466	3577	3660	218	279	14.76344086	12.49894434	124.8215875	8.058965719	138	108	71	106.1492236	26.27208401	121	89	57	89.29693221	25.19334556	145	114	84	114.4837773	23.83224248	284.2137385	0.0773081466
GGCAATAGTCAATGAG-1	398	4319	3068	136	233	16.01287554	14.71342288	123.1144745	8.058088372	133	105	75	104.6263098	22.96915558	101	72	50	74.25564954	20.11400191	141	112	89	114.2100745	20.40894384	174.3744893	0.1042865888
GGCACTCCACTGGGCA-1	688	3105	3629	499	181	22.80110497	17.06905697	127.7097253	8.717324471	143	108	66	106.4739301	29.02649071	106	72	43	73.47531877	23.8334059	143	111	82	112.0629971	22.57300173	176.0561798	0.09606436417
GGCAGCAAACCTATGC-1	61	3612	4181	67	288	21.62152778	20.17215374	124.1028892	6.818740898	137	118	97	117.2820351	16.90254388	116	91	72	93.01817952	18.73534568	139	114	93	115.074738	18.69805984	219.9983401	0.09830535115
GGCATACAGGTAGCGG-1	691	2790	4082	358	147	28.06802721	19.93754188	124.9046171	7.882780602	139	108	62	104.2749653	29.83380114	90	63	33	62.42507259	21.60827465	136	109	79	108.1614695	22.31481177	129.953141	0.1132969938
GGCATATCGGTTCTGC-1	207	3433	3968	313	286	17.27272727	16.48465352	127.0140593	8.416320115	143	113	82	112.8748895	24.03252072	124	89	59	90.61545259	25.23299999	147	115	86	116.3672516	23.504277	310.1298519	0.07312074281
GGCATCAACGAGCACG-1	302	2426	4744	449	200	22.82	20.42761856	124.9601833	8.365840694	140	110	78	109.1634895	25.44879896	105	71	44	73.20249968	24.31034665	140	113	86	112.8160586	21.57375642	162.043284	0.09874107444
GGCCACAAGCGATGGC-1	591	2767	4102	461	185	23.32432432	17.42544591	124.5068924	7.955031915	140	109	69	107.0797879	27.53228488	102	71	43	72.64436309	22.41101066	139	112	84	112.2326726	21.24506131	161.6495148	0.09621400372
GGCCCTCACCCACTTA-1	416	2337	4708	460	153	29.20915033	18.83039317	123.4125879	6.984116459	137	110	76	107.790683	24.72390391	100	73	47	73.56268148	20.6166859	133	111	87	110.4323949	18.60773232	116.9284985	0.1162157606
GGCCGAGACTCTGGTG-1	352	2670	4482	417	189	23.94179894	19.47979007	122.3390386	7.243073783	137	110	79	108.5938644	23.0279863	114	87	59	86.62441611	21.09505494	138	114	89	113.5878046	18.6736813	144.6340654	0.1047068568
GGCCGGCGTCTGCTAT-1	201	3955	3628	137	268	17.90298507	17.61883719	124.2421674	9.22002744	141	111	82	111.5211463	23.58544651	119	70	43	75.97235198	30.42177305	141	107	81	108.7400581	24.31460098	255.7825587	0.09070008524
GGCCGTTTGGGTTTCA-1	404	3240	3881	396	218	19.61009174	13.11799971	127.1908285	8.278177766	142	109	74	108.400202	27.39593446	115	81	49	81.98447166	25.46242219	143	114	85	113.6611539	22.60378869	208.4431818	0.08701214449
GGCGAAATCTAACTTG-1	210	4098	3390	223	342	12.30994152	7.480021382	126.6924561	8.983982305	144	108	78	109.1917687	25.80029179	115	78	51	81.00063123	25.08991279	149	109	80	111.8618861	26.96418743	373.9548008	0.06970878712
GGCGCAGGACATCTTC-1	443	2292	4623	563	142	29.29577465	23.84332331	122.80937	6.557689114	136	108	66	104.7132938	26.4106899	102	75	47	74.67289484	21.15269771	134	113	87	111.4929933	18.90746462	105.3590398	0.1185136533
GGCGCATGAATTGATG-1	466	3565	3541	349	202	19.9009901	14.11024833	126.8022302	8.793542206	143	107	70	106.5822497	28.39180368	106	70	41	72.17232673	24.85883837	145	110	79	111.3565206	25.24559629	225.3029877	0.08362771172
GGCGCGGAGATCTTTC-1	461	4080	3201	179	309	13.86407767	10.00781107	125.5565371	8.557282253	141	108	74	108.1242267	26.04086637	112	78	50	79.63805075	24.50459351	147	111	84	113.4251988	24.70319184	308.0698417	0.08235839375
GGCGCGTTCGAGTTTA-1	284	1508	5814	315	243	18.22633745	13.39193164	120.566952	6.24158622	131	109	80	106.0810504	23.49802756	94	73	48	71.44577705	19.26885693	140	114	85	112.5431132	23.62659142	150.9818693	0.1030950682
GGCGCTCCTCATCAAT-1	164	977	4901	1879	119	44.36134454	41.73097737	121.3059397	5.483686024	135	114	86	111.6725161	20.61303405	105	84	59	82.82981947	18.00251282	133	115	95	114.210327	15.50808316	71.96182329	0.1371647071
GGCGGAGTAATATTAG-1	688	3200	3635	398	189	19.76719577	15.45975431	124.6449727	8.780644729	140	104	62	102.7467491	29.12807303	98	65	40	67.39982325	22.27732257	140	110	83	110.7121576	21.93753893	170.13381	0.09470062864
GGCGGTAGGATCATTG-1	469	3858	3407	187	231	16.13419913	15.59454337	122.2685911	7.342877987	133	105	73	103.9758869	22.82457649	103	75	53	76.81870976	19.55540966	140	113	92	114.6795859	18.56669682	149.1316394	0.1147731426
GGCGTCCTATCCGCTG-1	509	1340	5262	810	172	27.38953488	19.92528211	124.6446581	6.486910589	138	112	67	106.8580987	29.14297131	107	80	44	77.73008459	25.15531083	136	113	78	108.5795985	25.70744299	138.927477	0.1185184126
GGCTAAAGGGCGGGTC-1	183	3075	4532	131	300	17.90333333	16.49931278	124.1121334	8.24273159	138	114	87	112.9746244	21.70556173	104	74	50	76.00934225	22.43360586	140	109	85	111.1623532	22.08771925	193.4748468	0.1074324744
GGCTACTATACACTCC-1	136	2630	4644	511	247	20.86234818	15.51978231	125.7300598	7.037905636	141	115	88	114.1937887	21.36185122	127	99	72	99.22749653	21.58392764	141	118	92	117.2427724	18.86593526	162.1920327	0.09351893296
GGCTATTAAGTTGTAT-1	395	2620	4493	413	183	22.99453552	17.33359519	124.9162308	7.408941839	139	109	70	106.2410049	27.27100991	97	68	41	69.1619745	21.88658254	138	111	83	111.0908976	21.40064713	152.4513534	0.09621026233
GGCTCCTCCACCTGTT-1	500	3282	3663	476	151	24.96688742	17.78548304	122.8938672	7.985801694	138	105	70	104.1631107	26.16428452	102	71	44	71.92387325	22.09118235	137	108	83	108.9819467	20.34300745	136.0919305	0.1006203726
GGCTCGCGTTGAGGTA-1	174	3789	3879	79	296	17.23986486	17.70592831	123.9414109	7.251527963	137	113	87	112.6032067	19.99162771	113	87	62	87.2590582	20.28622487	140	114	90	114.7641712	19.823847	206.3227783	0.09502005064
GGCTCGTGCCACCAGC-1	194	3010	4509	208	174	29.38505747	25.90069466	124.8350484	6.513629637	140	115	84	113.0858477	22.50706695	105	78	54	78.8247696	20.10680603	137	113	91	113.4791062	18.02992642	128.5201736	0.1114862281
GGCTCTGCTCCAACGC-1	249	4053	3453	166	294	15.95578231	11.96059647	127.1160061	8.706556342	144	112	83	112.2660018	24.15496862	103	72	49	74.13016033	21.40332004	144	111	85	112.9970963	23.34626775	242.4876149	0.08428127384
GGCTGAAATAGCAAAG-1	672	4038	3053	158	290	14.53793103	12.35817233	125.9148934	8.1749503	140	109	72	107.3938897	25.93277185	121	89	57	89.24668602	24.44692851	145	114	85	114.8703447	23.47216518	271.8858529	0.08318808238
GGCTGGCTAGCTTAAA-1	625	2090	4412	794	160	26.4	18.05865443	124.5409314	6.986017246	139	108	61	104.2915036	29.31001751	101	72	39	70.87438455	23.29794182	139	113	80	111.0835753	23.01316341	147.9902962	0.1063117584
GGCTTTCAATAAGGGT-1	286	3972	3499	164	251	17.94422311	14.38641722	125.5054779	8.120428506	141	110	81	110.3606868	23.97912476	119	87	60	88.13622017	23.27126611	144	114	87	114.7261709	22.10463652	239.2413177	0.08189361199
GGGAACGGGAGGTTAG-1	277	2584	4503	557	182	25.10989011	18.68386537	125.9452236	7.748381809	141	111	78	110.0638808	25.23895566	111	81	54	81.91137483	22.17435525	140	114	88	114.0749905	20.01144558	158.9894025	0.09719187301
GGGAACGGTTTCAGAT-1	409	2144	4773	595	194	21.51030928	17.8571767	121.8845595	6.875960498	135	108	71	104.9161722	25.74418041	106	80	50	79.13887135	21.84257306	137	112	84	110.819846	20.75450289	151.4134321	0.1029721636
GGGAAGACGGTCTGTC-1	765	4102	2894	160	276	13.39855072	9.572408913	124.5331098	8.430129435	137	104	64	103.077768	27.94637518	102	70	43	71.19391491	23.18236531	147	111	81	112.6492867	25.33894888	268.1965015	0.07895954303
GGGACAGAGTTACTCC-1	153	950	5223	1595	127	42.16535433	31.49947226	123.6088355	5.804090958	138	116	89	113.6558515	20.81889932	114	87	61	87.00454488	20.48157074	135	117	96	115.753819	15.66394475	80.58758938	0.131887453
GGGACCCGTATATCTT-1	252	2399	4671	599	204	22.41176471	16.81173315	124.8511919	8.462789723	142	111	75	109.2834238	26.0378094	112	78	48	79.247696	24.36629747	144	114	83	114.2184068	23.04447037	179.1647089	0.08990096708
GGGACTGCATAGATAG-1	250	3009	4383	279	259	17.44787645	13.11223401	124.3482932	7.873797951	140	110	79	109.4325211	24.35094115	102	72	46	73.19808105	21.88280122	144	113	82	113.1496023	24.19635652	205.3406537	0.09194133692
GGGAGAACTCACAGTA-1	242	3835	3729	115	254	20.68897638	19.99433277	124.5546217	7.698876536	139	115	87	113.9208433	20.99519116	106	81	56	81.40512562	19.95567286	140	113	91	114.6461305	19.18842279	165.6561542	0.104096568
GGGAGGATGCCCGAAA-1	452	3135	3964	370	189	22.92592593	17.66186862	125.7145774	8.984857832	141	109	74	107.8859992	26.77755595	107	74	46	75.65256912	23.71817729	142	113	86	113.6721374	21.69581615	185.2649387	0.09255724613
GGGAGTAATGGCTGGC-1	371	1946	4656	948	168	26.41666667	22.93427895	124.7114601	7.63876789	139	110	68	106.9702058	26.85629948	101	72	43	72.23683878	22.57225822	140	113	85	112.3818962	21.13046077	146.7189734	0.1005483489
GGGAGTTAATGAGGCG-1	389	3301	4144	87	280	16.25	11.56974194	123.6981239	6.985743878	137	110	75	107.4696377	26.10199892	97	70	42	70.14732988	21.83960151	145	113	79	112.4077768	26.00332319	232.182712	0.08670774575
GGGATGGTCGTAACCG-1	246	1935	4922	818	222	20.35585586	15.60418161	125.2489765	7.638707695	142	111	78	109.7202373	26.45133318	108	76	48	77.01931574	23.72900715	144	115	84	114.2502209	23.70609201	171.5906537	0.09163924018
GGGATTTACCGCACCT-1	218	4489	3043	171	350	13.11142857	9.819318319	126.2286324	9.206638103	141	111	83	111.799394	23.16786428	117	86	60	87.39161722	22.88209683	146	113	86	114.5817447	23.97279241	333.8941522	0.07391159948
GGGCAACCGCACGTGC-1	328	1246	5117	1230	125	39.84	37.61497574	123.4826702	6.672132883	139	114	74	110.1564196	25.70197445	103	77	45	75.78146699	21.46017624	136	115	88	113.6520641	18.86470708	83.32137385	0.1402414879
GGGCAGAGCAATCGTT-1	1045	3888	2770	218	217	15.52534562	11.14589272	126.3207099	8.317847265	140	101	57	100.1532635	30.68216535	113	76	45	78.00366115	26.17727454	145	111	80	111.553213	24.91359597	249.5165986	0.08543105375
GGGCCCGTCTTAAACA-1	408	3271	3665	577	216	19.16203704	11.4845566	128.089923	9.298393461	144	108	73	108.2187855	28.1155834	109	73	44	74.77679586	25.14098455	146	112	83	113.1567984	24.34189536	216.8757661	0.0834171148
GGGCCCTACGAAAGGG-1	60	298	3992	3571	72	92.375	449.6291199	119.4308889	6.503713325	132	125	102	119.4411059	14.93006369	131	94	57	95.63906072	30.07025203	129	120	99	116.3600555	12.63798289	24.1427477	0.3335667871
GGGCCGGCCGAAGTAC-1	544	4045	3184	148	301	13.11295681	8.675424385	125.2256154	8.929671593	139	106	68	104.4360561	28.48084751	102	69	40	70.01338215	24.69602749	149	110	75	111.2700417	28.46177063	343.6712206	0.06991666787
GGGCGATATGTGTGAA-1	57	2839	4831	194	202	29.11386139	33.38600979	125.9464112	6.817063243	140	118	94	117.4392122	18.8857888	121	94	67	94.30589572	21.79176859	141	117	93	117.2647393	19.02745159	152.2778345	0.1113570394
GGGCGGCAAATGAATT-1	364	2565	4293	699	178	23.20786517	15.86872215	126.9977068	8.026434334	141	108	71	106.7409418	27.87660243	102	69	42	70.7541977	22.9320762	143	113	82	112.4297437	23.12091781	177.66024	0.08657044701
GGGCGGGTTCCCTACG-1	196	1799	4794	1132	186	25.16129032	17.92504725	125.9762252	7.103336977	141	112	79	110.7621512	24.68577399	109	79	54	80.48680722	21.52019768	139	114	90	114.236965	19.39503623	155.4254341	0.09693462978
GGGCGGTCCTATTGTC-1	492	1185	5077	1167	157	30.93630573	22.53763492	122.8357156	6.760533849	138	113	70	107.9559399	27.96037023	101	75	45	74.24731726	22.23318281	138	115	83	112.3313976	22.46839602	119.1313841	0.11950083
GGGCGTACATTTATAT-1	104	2447	5071	299	205	25.52682927	23.02396444	123.3978745	7.265528804	138	114	89	113.5963893	20.37457174	108	83	60	83.60914026	19.59714809	136	112	92	113.3002146	17.74438746	140.2540858	0.1059617427
GGGCGTCACCACGTAA-1	770	3482	3449	220	189	19.98941799	13.38165427	126.4488436	7.912870776	141	105	59	102.5362959	31.13796734	106	71	41	72.38050751	25.29024833	144	112	80	111.8900391	25.18973131	187.8335036	0.09125302042
GGGCGTCCACTGGCTC-1	380	4414	2976	151	272	12.08455882	8.768479467	122.7129386	8.438257689	134	102	69	101.9165509	25.10490008	84	57	35	58.51887388	19.59354512	138	105	83	107.8896604	22.01720174	223.3890449	0.09346922042
GGGCGTGGTTTCCCAG-1	416	4675	2624	206	323	15.625387	11.96637081	128.7711912	9.013384091	146	114	87	115.4777175	23.24093767	129	96	69	97.84825148	24.07967039	149	117	88	118.1682868	23.76166927	338.4609295	0.07400822489
GGGCGTTTACATTCAT-1	425	1274	4891	1331	141	34.22695035	30.39372107	123.0061906	5.882677145	136	112	69	107.7329883	26.56604243	107	83	51	81.29705845	21.80610295	136	117	86	113.942179	20.28033401	99.3142237	0.122526237
GGGCTATGATCGATGG-1	297	2068	4978	578	226	19.02654867	14.72428623	122.9108457	8.081523463	137	108	76	106.2168918	25.98638942	98	71	44	70.76909481	21.61356409	141	114	85	112.8617599	23.55262992	186.3512513	0.09186078344
GGGCTCATCGAACCCA-1	496	4489	2841	95	307	12.86644951	10.34353319	123.7495904	8.052242932	136	106	74	105.8194672	24.38571876	93	65	44	66.89104911	19.88116753	140	108	82	109.8413079	22.88240116	246.9540347	0.08595772621
GGGCTGCCTAGGGCGA-1	55	3109	4487	270	288	18.85763889	15.2469445	127.3139422	7.71804532	144	117	90	116.80861	21.33538891	119	87	60	88.61355889	23.49600772	144	115	90	116.2936498	21.27953726	245.3635087	0.08034759712
GGGCTGGTTAGTCGCG-1	372	2995	4026	528	216	19.05092593	15.2145824	126.410957	8.257185711	142	108	71	107.1032698	27.32042637	98	66	41	68.03926272	22.20224944	141	110	84	111.5552329	21.69883174	179.4844229	0.09418646144
GGGTACCCACGGTCCT-1	553	1838	4556	974	146	31.28082192	24.22546581	124.931403	7.07015113	140	112	66	107.1041535	29.04162299	104	77	43	75.19505113	23.63028375	140	115	81	112.5509405	23.17120838	125.0602656	0.1092079958
GGGTACTTCATGAACT-1	181	2289	4966	485	186	27.8172043	21.28781076	125.3728089	6.700773889	141	115	87	113.8036864	22.37788682	114	86	62	87.0267643	21.05121572	138	116	94	115.830072	18.04186268	145.8498468	0.1032998267
GGGTATGTATGCACTT-1	416	2737	4516	252	92	41.64130435	91.04079133	117.251116	6.547697973	127	105	63	99.54260826	25.35128247	115	85	43	81.89041788	27.49284807	131	114	82	110.2961747	19.51667337	53.17134831	0.2012483036
GGGTATTCTAGCAAAC-1	616	1759	4727	819	55	80.52727273	297.5863422	120.5554239	8.444808096	138	112	54	105.2893574	30.68416265	130	52	17	64.15705088	40.07161974	132	105	62	101.7559652	26.42142723	54.23748723	0.2367833798
GGGTCACCGTGACGGT-1	852	3306	3526	237	184	21.57065217	16.74473985	124.8582836	7.654262252	140	107	60	103.3268527	29.57459777	97	66	39	67.19542987	22.46606518	140	110	82	110.7172074	22.25558956	165.4193054	0.1018825759
GGGTCAGGAGCTAGAT-1	757	2927	3836	401	234	16.12820513	12.55724564	123.8579343	6.977867162	136	105	61	101.5239237	28.81609519	112	79	47	79.31549047	24.5861044	143	114	81	112.6491605	23.96857034	225.2479571	0.08265861845
GGGTCCTTGGAAGAAG-1	183	793	3119	3826	40	145.15	604.2805454	117.0889057	5.289027714	130	121	78	112.4168666	23.23373685	131	70	31	80.48630223	39.97512919	128	113	83	109.4970332	18.64562031	32.50676711	0.3075549599
GGGTGACACCTTAACT-1	452	3217	3914	338	238	15.62184874	11.94595083	124.1523543	7.713484131	137	105	67	103.4224214	27.60119295	103	71	42	71.80141396	23.7524067	146	111	79	111.6417119	26.13073764	226.2883044	0.08517561702
GGGTGGTCCAGCCTGT-1	647	2715	4363	196	242	18.83057851	15.69150606	123.4328555	7.41981726	136	111	68	106.4784749	26.58002516	110	73	44	75.26827421	25.51252918	140	113	85	112.3500821	21.27640231	171.0383044	0.1038797827
GGGTGTTTCAGCTATG-1	619	3904	3187	211	243	15.03292181	10.82934145	125.0457373	8.828977501	138	104	66	102.9000126	27.64878565	101	68	43	70.48769095	23.03884582	143	110	82	111.6827421	23.85065295	223.9361593	0.08532113646
GGGTTAACATTTGAGT-1	277	1626	5127	891	220	21.57272727	16.49763569	124.4378052	7.665283238	140	112	78	109.2654968	26.25805594	109	79	49	78.67516728	23.38425823	143	116	86	114.5455119	23.40827224	179.9191777	0.08950335135
GGGTTCAGACGAACAA-1	423	1220	4783	1495	118	40.75423729	47.59129255	122.5948926	7.168477483	137	112	69	107.6946093	26.7449395	104	78	44	76.48958465	22.70195007	135	114	85	111.9017801	20.06034195	93.50855465	0.1296903222
GGTAAATGTGCGTTAC-1	335	2896	4539	151	261	16.75862069	15.67532081	122.06736	7.892560576	135	109	75	106.8017927	24.5319185	91	65	41	65.76922106	20.14211638	140	110	85	111.068047	21.95334347	189.1409602	0.1011781764
GGTAACCGGGAGGATA-1	363	1563	4887	1108	159	29.93710692	27.47226973	123.0915775	7.341898653	137	112	76	108.9516475	24.83087213	110	83	54	82.46244161	21.28424174	134	115	89	113.0858477	17.88069294	101.7402962	0.1187905638
GGTAACTATGTATCTG-1	343	2410	4678	490	188	22.94680851	18.54572671	123.5520857	7.684142081	138	109	74	107.0555485	25.56457957	100	72	46	72.30930438	21.05730755	137	113	87	112.1681606	20.38765828	139.7056946	0.1027599478
GGTACAAACATGCTAT-1	436	3364	3864	257	213	19.34741784	13.57474372	124.8707805	8.770142662	141	107	70	106.0411564	27.80808893	100	67	40	68.91869713	23.47259491	143	112	80	111.562934	24.9293279	209.1473442	0.08735302877
GGTACATCTGGGACGA-1	116	1091	5378	1336	125	40.784	38.30040919	120.8874593	5.908230935	134	114	80	110.0516349	21.69858678	92	73	48	71.34073981	17.4856781	129	113	93	111.6442368	15.39006552	58.70875894	0.1626512614
GGTACCATTAAGACGG-1	51	1436	6372	62	210	30.62857143	66.05715522	121.3360521	4.316541787	131	119	99	116.629971	14.40808929	127	90	67	93.94710264	23.07307361	133	116	96	115.163742	15.6389021	151.2705567	0.1308162941
GGTAGAAGACCGCCTG-1	507	3987	3228	199	256	15.85546875	11.62796541	125.8751689	8.68436183	140	107	73	106.6948618	26.54934565	111	79	52	80.19530362	23.63202862	145	112	84	113.3032445	23.81384695	227.7834525	0.08789994228
GGTAGACCGTTGGGCG-1	507	2679	4397	338	216	19.69444444	13.72208165	124.863452	7.301058063	140	109	70	106.0372428	28.86185532	102	73	42	72.60396415	23.84068613	144	115	80	113.0664058	26.00545006	217.0061287	0.08289096291
GGTAGTGCTCGCACCA-1	146	2845	4661	269	302	16.32450331	12.51703458	126.0486591	8.689388075	142	113	86	112.761015	23.53967338	101	72	50	74.05933594	21.00008751	146	112	84	113.33468	24.23848852	221.470761	0.08448956667
GGTATTGCCGAGTTTA-1	357	3415	3801	348	219	20.0913242	14.38672865	126.1805283	8.373355596	142	110	76	109.3320288	25.58500432	106	75	49	76.27395531	22.2937531	141	112	87	113.1874763	20.84581459	191.5655005	0.09092767337
GGTCACGTTAGATTCA-1	300	2077	4808	736	179	25.59776536	23.1817014	124.1185041	6.848798435	139	111	77	108.9229895	24.58876524	100	74	48	73.94091655	20.09047315	139	114	88	113.3975508	19.64020875	142.3590398	0.1013050333
GGTCAGTGGGTCCCAC-1	298	2575	4909	139	251	17.05179283	12.26083173	121.2452846	6.888049811	133	108	80	106.2411312	23.60814386	97	72	48	72.0648908	20.13947907	141	113	85	112.6614064	23.11887759	197.9444586	0.086580599
GGTCGGATAAACGGCG-1	222	3293	4332	74	274	16.0620438	17.10657291	120.2648987	6.48714247	131	109	79	106.8984977	20.9287644	90	69	47	68.98384042	17.57452769	136	109	87	110.3305138	19.77054564	138.6258938	0.1220246057
GGTCGGCCAGGAGCTT-1	448	3794	3402	277	311	13.81028939	9.088667739	127.2356229	8.124428787	143	109	75	109.0313092	27.01202638	112	77	49	79.17725035	24.72055956	149	111	80	112.9592223	26.32498147	352.1873085	0.06913301102
GGTCGGTAATTAGACA-1	281	2145	4768	727	188	24.37765957	16.69790823	124.2938423	7.168065941	140	111	78	109.7169549	24.98903032	111	82	54	82.46004292	22.16011675	143	115	89	115.5552329	21.18219247	161.1256384	0.09788203034
GGTCGGTCGTCCACAG-1	257	2189	4855	620	210	20.83809524	14.62328463	123.6262819	7.412216206	138	109	77	107.343896	25.55831123	99	71	45	71.33796238	21.47745763	142	114	85	113.2702942	23.19856134	203.6546221	0.09017771679
GGTCGTAAGCTCGCAC-1	185	1383	5017	1336	129	37.13178295	26.31101395	122.3880769	6.130581417	136	112	82	109.9453352	21.87607073	100	75	54	75.85102891	18.21905942	132	112	93	111.4450196	15.78805745	64.55886108	0.1493542158
GGTCTCTGAATGGACT-1	386	2881	4271	383	186	22.43548387	17.76091604	122.5854667	7.177348666	137	108	73	106.2464335	25.18853781	105	76	48	76.47847494	21.69682583	137	112	85	111.4706476	20.11449184	153.778856	0.09913629207
GGTCTGAGAATCTGGA-1	436	1816	5361	308	287	14.40069686	10.64258094	120.7467987	6.003518586	131	108	71	103.6480242	25.88924653	91	67	39	65.87526827	20.55683849	142	113	79	110.9786643	25.33706469	230.6502809	0.08407225338
GGTCTTGAGCGCTCTT-1	334	2591	4699	297	251	15.76494024	14.67376056	120.8172597	6.081116287	131	106	74	104.6419644	22.33191395	103	79	53	78.66746623	19.66382054	138	112	87	112.2894837	19.85671821	164.8678498	0.09411539018
GGTGAAACCGGGAATG-1	405	2502	4573	441	187	24	17.39106661	124.5673972	7.794939955	140	110	76	108.4519631	26.34903564	96	68	43	68.78601187	21.07016399	138	110	83	110.2821613	21.67462144	162.5430286	0.09916093333
GGTGAACGGGCTAGCC-1	480	1641	4822	978	173	25.75144509	21.26060594	123.9706672	7.126179825	138	110	67	106.429365	27.16485586	98	71	42	70.58426966	21.46687363	138	113	83	111.3233178	21.90549932	148.3532942	0.1058086056
GGTGAAGTACAGGGAT-1	659	4095	3029	138	176	19.90340909	14.46692112	123.6137955	7.490539561	136	103	67	101.6444893	26.72639755	102	71	45	72.23191516	21.7314321	138	111	84	111.1608383	20.88860172	148.6284474	0.1033654562
GGTGAGATGCAGATAA-1	159	1470	5459	833	185	28.15135135	26.01784857	124.7437188	7.864829419	139	115	86	112.8415604	22.03811689	104	79	56	79.30741068	18.77192345	137	114	91	114.2726928	17.82665973	116.6497702	0.1078771957
GGTGATAAGGAGCAGT-1	379	3233	3936	373	285	14.65263158	9.708128359	126.3870069	9.092008755	142	107	70	107.1098346	27.66048978	113	78	49	79.66380508	25.09021147	148	112	83	113.4854185	25.01537102	302.9951481	0.07301487701
GGTGATTTCATCTTGT-1	344	2519	4596	462	207	21.1884058	16.02137042	123.557315	7.268275011	138	109	75	107.6472668	25.29439456	100	72	46	72.67516728	21.33006081	139	112	85	111.8044439	21.16514585	142.8761491	0.1016790382
GGTGCGGATAAGTGGC-1	181	2572	4874	294	181	30.13259669	26.10294301	124.4167138	6.69680396	139	116	89	114.7182174	20.53454036	107	83	59	83.11551572	19.04690024	137	116	94	115.8115137	16.98949076	117.7069714	0.1149635093
GGTGCTGATCACAAAG-1	208	1946	5003	764	131	34.47328244	40.14693019	120.6948233	6.826510561	133	111	74	106.7945966	23.14299317	100	77	49	76.13457897	19.53703051	130	110	86	109.170433	17.09766799	67.3101379	0.1585096628
GGTGCTGGTACACATT-1	319	3569	3707	326	202	21.09405941	16.29875973	125.6128597	8.439843147	141	108	74	108.1590708	26.34416625	118	84	55	85.30905189	24.76994628	143	114	88	114.8911754	21.35078103	187.1536006	0.09538218056
GGTGGACTGCTCTGGC-1	317	3506	3746	352	316	15.28481013	10.86429046	127.4899836	8.185789273	144	113	81	112.4316374	25.23518271	127	95	63	95.32508522	25.66634972	147	115	86	115.7641712	23.917011	342.9929775	0.068598815
GGTTACCACCCTCGGG-1	233	2986	4350	352	212	21.5754717	16.17384805	123.2986186	7.270416814	138	111	80	110.030173	22.4244887	107	80	54	80.2382275	20.30041846	137	113	90	113.2912511	18.62778719	156.0840143	0.09764011017
GGTTAGCTATATGTCT-1	496	4684	2669	72	272	16.98897059	15.15616829	125.3638169	7.851330902	140	111	79	110.1145057	24.56359447	112	81	55	82.47481379	22.89201479	145	112	84	113.3757101	23.72639961	300.9948927	0.07471104749
GGTTAGGCTTGGAGAA-1	345	1724	5041	811	174	25.04022989	26.11146733	122.4886341	6.854474072	136	110	69	105.8613811	26.15524673	91	66	39	65.68854943	20.17822575	137	111	81	109.5673526	22.03343661	118.6313841	0.1176943243
GGTTAGTTACGGCGCC-1	62	973	5817	1069	154	35.46753247	24.20077514	121.8889715	5.964357016	134	115	90	113.0664058	18.11950632	111	89	65	88.56104027	18.03348292	131	114	95	113.5684888	14.49838415	63.62231869	0.1534255942
GGTTCTACTCGTCTGA-1	50	2192	5552	127	325	18.44	18.91910552	123.0333259	6.02364987	134	116	96	115.6963767	16.08866665	110	88	70	89.01098346	16.33610511	137	114	94	114.523545	17.91199382	166.3864913	0.1075984345
GGTTTAATTACCATCG-1	359	2504	4264	794	199	20.89949749	16.42311001	123.6979333	7.290979787	139	108	76	107.2463073	24.73837465	113	83	55	83.40070698	22.45499407	139	113	86	112.5540967	20.3676196	160.8638917	0.08617512123
GGTTTACAATCTCAAT-1	507	3047	4159	208	262	15.27099237	10.96242011	124.7955709	8.563380387	138	107	64	103.7273072	28.65515067	103	71	42	71.81934099	24.22976453	145	112	82	111.9787906	25.37340488	231.180286	0.08833739182
GGTTTAGCCTTTCTTG-1	498	4375	3023	25	259	14.87644788	14.34490295	118.8608211	6.267254053	127	106	73	102.9573286	21.41028727	92	72	48	71.11071834	17.84138018	133	109	88	109.9186971	18.49969766	184.549668	0.1096138058
GGTTTCAATCGGTCAG-1	578	3096	3983	264	296	14.34459459	11.01394254	124.3758028	7.627971581	138	109	70	106.5200101	26.60742739	99	70	41	70.19707108	22.3568215	143	109	80	110.4198965	23.95105429	259.1948417	0.09036283204
GGTTTGAGTGCTGGAA-1	642	2329	4140	810	169	21.70414201	19.91508707	124.0699108	8.167852165	138	104	59	100.9089761	30.18560054	97	67	37	67.2458023	22.77815047	140	111	77	110.4046206	24.31183444	153.4156027	0.1021988314
GTAACTTGCGGCAGTC-1	501	1932	4589	899	194	21.98969072	18.13011099	123.2024501	7.438709089	138	109	64	105.5298573	27.43275671	109	80	48	79.80406514	23.15832529	141	115	84	113.5869208	21.75139982	142.6412155	0.09902735403
GTAAGCGGGCAGTCAG-1	151	4373	3209	188	252	20.69047619	18.85890143	126.8293094	8.41446048	145	115	89	116.0188108	21.92482997	125	93	69	95.5162227	22.67287712	145	115	91	116.5739174	21.61349486	242.3682329	0.08719231598
GTAAGGATTTGTCGGA-1	411	2599	4611	300	222	20.54954955	30.20984827	122.8545734	7.424908081	134	111	72	107.2037622	23.63576856	122	86	52	87.14631991	26.87730029	139	116	89	114.7554602	19.07845756	167.6721144	0.10623379
GTAAGTAACAGTCTGG-1	398	4088	3230	205	307	12.03257329	9.519339866	125.4175844	8.884162168	139	104	70	104.0929176	26.69455694	115	80	52	81.43605605	24.5568574	146	110	82	112.0311829	24.61051045	292.1285751	0.07530380144
GTAAGTAGGGTATACC-1	41	939	6434	507	159	36.83647799	40.18665166	122.0166379	6.196014493	136	116	95	115.885368	17.35748111	106	82	60	82.63148592	18.65167628	134	114	95	114.7211211	15.8563769	97.71795199	0.1323777169
GTAATAAAGGGCTCCC-1	270	3061	4523	67	253	20.7312253	21.87746357	121.7801012	7.217345471	132	114	84	110.7699785	20.2023125	102	79	54	78.78740058	19.30061059	138	112	89	113.0289105	19.35592243	192.2782176	0.1126980186
GTAATCTGATTCTTCG-1	284	2531	4271	835	177	23.61016949	17.89171789	125.2300504	7.407285418	141	108	72	107.2571645	26.75016186	105	73	46	74.58439591	22.97119451	143	113	85	113.5436182	22.64538988	152.0347293	0.09833575301
GTACACTTACCTGAAG-1	551	3111	4054	205	236	15.87711864	13.12382948	122.9438358	8.017103618	135	105	64	102.09519	28.18414349	98	68	38	68.02499684	23.32484424	145	111	75	110.2878424	27.2502737	223.1994382	0.08820372409
GTACAGAGGCAAGGGT-1	395	3032	4314	180	298	13.77516779	9.386899382	123.3312993	7.558174229	135	107	72	104.9998738	25.9697925	96	67	42	68.25085217	21.81015099	145	110	80	111.2769852	25.44501113	257.6587079	0.08210012439
GTACGACGGCGCTGCG-1	703	2088	4613	517	154	29.88961039	24.24377325	124.3542074	7.403642116	139	112	64	106.9502588	28.21677946	101	74	43	73.17699785	21.91433508	137	114	83	111.8323444	20.76475433	106.63381	0.1284363808
GTACGAGATTGCGACA-1	227	4521	3018	155	249	20.63855422	14.75005546	127.3197318	7.921715515	144	115	89	115.6529479	21.92560948	120	89	63	90.63072844	22.57240138	143	115	92	116.6186088	19.98686861	199.543284	0.0854071896
GTACGCTTCATTGCAC-1	320	2489	4653	459	260	17.61153846	14.41390426	124.9472902	7.949171131	139	111	77	109.229769	24.66723829	119	90	62	90.20717081	22.77964857	144	114	87	114.7386694	22.08939341	221.3733401	0.08387421957
GTACGTTTGCCCGTCA-1	317	3130	4268	206	277	16.14440433	12.04027894	124.5078965	7.612078287	138	110	77	108.3560157	25.13253855	114	84	55	84.30337079	23.44994158	147	115	85	115.3484409	24.22901898	265.1569203	0.07451621181
GTACTAAGATTTGGAG-1	339	3191	4189	202	219	22.00913242	19.8604701	124.5678374	7.734188844	139	112	79	110.8144174	23.02964939	101	73	50	74.457013	20.03444078	140	112	89	113.6184825	19.88976391	150.0385598	0.1017337995
GTACTCCCTTATCGCT-1	575	2205	4415	726	137	30.7810219	25.00852857	123.2823297	7.963033603	136	109	64	104.5157177	27.4433925	105	78	48	77.56179775	22.08219945	134	112	87	111.2998359	18.64363875	109.4724208	0.1170792678
GTACTCCTGGGTATGC-1	142	2022	5675	82	285	20.69473684	23.65486057	121.8393851	6.37321466	132	116	93	113.9078399	18.05791271	107	82	62	83.03711653	19.47183259	135	113	90	112.5790935	18.93437026	181.3272472	0.1159912101
GTACTGAGGTCGTAAC-1	623	2304	4447	547	181	23.92265193	22.55709969	123.8980512	6.629073267	137	110	66	105.8876404	27.40507253	106	79	46	77.8512814	22.84385117	139	115	84	113.1480874	21.37732887	148.3133299	0.1041962385
GTACTGCATGAAGCGT-1	559	2338	4483	541	176	22.34090909	16.95440836	123.4784926	6.633524976	135	106	61	102.5980306	27.56824892	98	70	42	70.0246181	21.38235665	138	112	82	110.6385557	21.03618715	140.4853166	0.1052018007
GTACTGGAGTTAGACC-1	307	3071	4200	343	303	14.09570957	9.663347175	125.5364595	8.283898583	140	109	76	108.0766317	25.46460219	104	73	47	74.42444136	22.65916651	146	111	81	112.5370534	25.09411995	275.5181307	0.07981216087
GTACTTGGGCACTTCT-1	71	1209	6023	618	175	32.70857143	25.50810931	123.5037785	6.431854425	139	117	94	116.2209317	18.58840412	107	84	64	84.67238985	17.31141959	135	115	95	114.7658124	16.01845523	111.5033197	0.112309836
GTAGACAACCGATGAA-1	567	2403	4509	442	207	20.27536232	16.0321694	124.2785752	8.706606621	137	108	64	104.6619114	28.07572811	100	70	38	69.94571393	23.591735	138	110	83	109.9707108	22.202751	174.2104188	0.09882958398
GTAGACACGCCTGACT-1	659	3073	3920	269	255	16.42745098	14.75796998	124.8423408	6.941491596	137	109	68	105.6813534	26.61658008	111	81	50	80.89660396	23.23564079	144	114	84	113.6490342	23.13287045	214.1509193	0.08823267513
GTAGACGTCGTTACAT-1	467	2337	4637	480	182	24.31318681	17.09976357	124.1481641	7.849477042	138	110	71	106.9479864	27.35792065	101	73	44	73.15591466	22.57135984	140	113	83	111.9362454	23.05828452	146.9107508	0.1049012146
GTAGAGGGAGACAAGT-1	286	2047	4761	827	186	22.64516129	16.68180721	122.4409904	7.154454637	137	109	75	106.5979043	25.40975482	99	71	45	71.8628961	21.02412963	136	111	85	110.399192	20.59757358	143.2222932	0.1059591136
GTAGCCAAACATGGGA-1	450	4208	3056	207	250	14.768	14.59925258	123.3652557	8.860013935	137	105	73	104.7369019	24.89215143	114	77	51	80.0743593	24.43640495	144	112	86	113.7919455	22.73926112	207.4590143	0.09833762863
GTAGCGCTGTTGTAGT-1	411	2434	4501	575	220	20.24545455	16.5148343	124.6870882	7.967174269	141	111	74	108.693473	26.88110551	104	73	46	74.41194294	22.89581865	142	113	85	113.4822623	21.97608551	181.2980082	0.09433510575
GTAGCGGCTATACACT-1	677	3195	3925	124	234	16.2008547	13.609882	121.7189002	7.590391671	133	105	58	100.3950259	29.6833071	94	67	36	65.91389976	23.11366577	144	112	75	110.8814544	28.18212202	218.8771706	0.09227566015
GTAGCTCCGGGAGGCT-1	377	2794	4304	446	204	20.81862745	16.36475907	123.3677062	6.380263259	138	109	75	107.1324328	24.85391754	109	80	52	80.5770736	22.10379161	139	113	85	112.5011993	21.21240665	158.2743871	0.09776948537
GTAGCTTCCTCTTGTT-1	419	3634	3716	152	298	13.96644295	11.96662928	123.5415156	7.24286418	136	108	72	106.0116147	24.94556865	99	71	44	71.5027143	21.03352237	141	110	83	110.9577074	22.46605775	248.5760981	0.08380804399
GTAGGTGATCCGTGTA-1	503	3845	3337	236	269	15.15613383	11.44462056	124.7611545	7.994550792	140	107	72	106.3407398	26.25222493	99	68	44	70.00176745	21.79420791	144	110	83	112.3089256	23.40254718	226.7507661	0.08421613267
GTAGTCGCGGGAATCA-1	498	3672	3437	314	292	14.65410959	12.0946701	126.600819	9.541165254	142	109	72	108.0218407	27.00464787	124	90	59	91.26170938	25.85693422	147	113	85	114.8281783	24.00777646	303.8069459	0.07772016633
GTAGTCTACGATATTG-1	611	4233	2930	147	273	14.45787546	10.16309591	125.6291592	8.144660597	140	106	70	105.6742836	27.39868611	104	71	46	73.52909986	23.11397235	147	111	83	112.9064512	25.26169478	272.8687436	0.08891108486
GTAGTTCGAAGGCGAA-1	134	2170	4819	798	217	21.23963134	18.13207296	123.0578566	6.297272874	137	111	83	110.1953036	21.29537156	115	89	63	89.38618861	20.12691598	139	116	91	115.238985	18.56773649	142.5603933	0.09845079613
GTATAGGACTCAGTAG-1	1414	4020	2327	160	157	17.05095541	18.97426893	121.9213188	8.82306968	131	93	57	93.84269663	27.87934127	103	69	46	72.22307789	22.48960208	135	109	86	110.1358414	18.89036347	122.5866956	0.117055987
GTATATGTTACGGCGG-1	251	1655	5358	657	154	31.92857143	25.29824878	121.3658112	6.563553789	136	112	82	109.9497538	22.49050355	95	72	49	72.14026007	17.85081457	131	113	92	111.5657114	16.16014745	83.61172114	0.1321450227
GTATCAAACGTTAGCT-1	355	3869	3597	100	288	16.98611111	17.61666908	122.9222217	7.130371027	135	112	83	110.5461432	21.19483977	113	89	65	88.93738164	19.17014938	141	114	90	115.1090771	19.8867192	160.7316139	0.1071996465
GTATCAGCTTGGGTTC-1	53	2520	4972	376	161	34.14285714	28.03433058	123.6728389	6.619775705	138	116	92	115.2623406	18.36309448	105	81	60	81.99671759	17.7012618	135	114	94	114.4039894	16.23327311	104.8769152	0.118425684
GTATCTCAGTCTTGAC-1	139	872	5519	1391	153	35.4248366	28.68346357	121.7521314	5.789852861	135	115	90	113.0020199	19.17364938	108	87	64	86.17775533	17.71337435	132	116	97	115.0525186	14.71377446	70.23123085	0.1397214643
GTATCTTTCATAACCA-1	314	2837	4563	207	290	14.77586207	11.11296711	122.0007293	7.073952214	134	109	77	107.0128772	23.60543046	107	79	52	79.40992299	22.16047103	142	113	83	112.8846105	23.71939262	210.465143	0.08219449279
GTATGAAATTTCACTC-1	186	1016	4801	1918	138	37.52173913	33.24093369	122.0006201	5.698201334	136	114	83	111.0977149	21.68693122	110	84	60	84.45600303	19.86431349	134	115	96	114.6516854	15.37337353	71.32469356	0.1459575941
GTATGACGTGGGAAAC-1	369	1755	5186	611	169	29.40828402	22.43001323	123.3624468	6.733816151	138	113	79	110.2420149	24.61674174	98	73	47	73.15679838	19.84293603	135	114	90	113.0251231	18.92325646	115.9401175	0.1102310852
GTATGTGGGTCTAGTT-1	288	3766	3683	184	313	14.61661342	11.15215614	125.603967	8.182865827	140	111	79	109.8767832	24.57745356	105	76	51	77.21184194	22.06036218	144	111	84	112.9022851	23.94603296	258.6463228	0.08861332064
GTATTAAGGCGTCTAA-1	408	1093	5380	1040	136	36.96323529	35.13407264	122.3564674	7.633770551	138	113	75	109.0380003	26.99731259	97	72	45	71.43706603	21.02699306	138	115	83	111.9460927	22.51194182	98.91547497	0.1345137499
GTATTCTGAGAAACGA-1	481	3386	3764	290	168	23.45238095	19.08215619	124.2897204	7.819750088	139	106	70	104.981568	27.20323643	105	73	47	74.609519	22.93881038	139	111	84	111.1642469	21.5481871	150.1472165	0.1001911921
GTATTCTTACCGTGCT-1	211	1246	5633	831	148	35.18918919	24.75647645	120.7958792	5.523422075	133	113	88	111.1670244	19.45446493	100	80	56	78.80381265	16.92203889	131	114	95	112.980558	14.63851775	70.40717569	0.1403937874
GTCAAAGAAGTGGTGT-1	79	1207	5582	1053	131	43.57251908	36.99990314	125.6673179	8.281074691	141	118	91	116.7050877	20.49044255	106	79	52	78.90783992	21.18525761	136	116	95	115.8034339	16.38818239	66.81601124	0.1490094776
GTCAAAGTTTACATAG-1	324	1316	5056	1225	166	28.18674699	18.32359905	123.5228031	5.861933588	138	112	75	108.2187855	26.09132438	93	70	43	68.79851029	20.07083914	136	114	84	111.4087868	21.54648515	133.8712972	0.1083756077
GTCAAGCGGACTCGGG-1	349	3089	4202	281	296	14.76013514	10.69983102	126.0234115	8.581135159	140	109	73	107.7738922	26.93174294	121	84	54	85.40802929	26.68856811	147	114	83	114.6270673	25.26073692	297.139811	0.07693753692
GTCAATTGTACTGAAG-1	652	2091	4523	655	182	23.07142857	21.10961338	123.5435714	7.349036338	136	108	61	104.0300467	28.48887173	101	72	41	72.11185456	22.37488858	138	113	84	111.876152	21.17524019	151.2885598	0.1029024064
GTCACAAAGTTTCCAA-1	645	2746	4282	248	220	18.85909091	19.32551679	121.4282717	7.156981891	134	108	65	103.7791945	25.53758036	102	77	50	76.63691453	20.49849581	139	113	88	112.7362707	20.10675356	138.237998	0.1080604365
GTCACTCTCCAAATCT-1	139	2133	5410	239	167	31.03592814	26.7780615	121.6388646	7.387456122	137	113	89	112.6283298	21.2795338	99	73	53	74.73324075	19.37558055	133	111	91	111.5389471	18.27986031	114.3928754	0.1262581021
GTCAGAATAGTCTATG-1	202	1639	5556	524	173	32.76878613	30.41055789	123.3724706	6.287552216	138	116	91	114.9678071	19.72461202	116	92	67	91.85229138	19.52534594	136	116	95	115.9262719	16.32441182	98.50038304	0.1244780282
GTCAGTTGTGCTCGTT-1	196	3608	3952	165	280	15.86071429	14.67718928	123.4527119	8.858724912	137	110	82	109.363338	22.76672432	95	67	46	69.37709885	20.28686023	139	109	86	110.9784118	21.25569889	193.7635342	0.09461419312
GTCATGCACCTCCGTT-1	59	3756	4039	67	249	20.95180723	16.42525014	122.6015717	6.999856393	136	113	92	113.6861507	18.03161726	92	67	50	69.45171064	16.93529343	135	109	89	110.8333544	17.94883253	135.5543922	0.1096952281
GTCATGGACATGACTA-1	125	2144	5186	466	247	21.05263158	17.15685151	124.6457568	7.162142217	140	114	88	113.5759374	20.86957162	100	74	53	75.6438581	18.26036748	139	112	89	112.744603	19.48086612	154.2738764	0.1033325822
GTCATTAGAGCGAACG-1	382	1930	5406	203	264	17.4280303	12.58224949	121.7003197	6.301919312	134	110	79	106.8745108	26.04086517	95	71	45	70.22421411	21.16770972	143	115	83	112.7980053	25.88053607	185.4825077	0.09214076216
GTCCAATATTTAGCCT-1	544	3655	3533	189	262	15.22519084	10.65698956	125.3075675	7.658082256	139	107	70	105.5530867	26.78002129	109	77	48	78.04330261	23.5803433	143	113	84	113.1858351	22.97695516	209.4608018	0.08327690837
GTCCATTACTGCTACG-1	70	774	6993	84	252	25.82936508	43.06803692	121.3335676	4.373993121	131	118	101	116.457518	14.54087116	125	103	80	102.3783613	18.71369498	134	118	99	116.7158187	15.59589138	126.1164454	0.1291725933
GTCCCAACGTAAAGTA-1	201	3395	4008	317	260	19.25769231	16.85386678	127.9690706	8.682855465	144	114	85	114.0181795	23.73311766	111	80	54	81.50006312	22.49733463	147	113	87	114.9512688	23.28590677	240.4772727	0.08302334078
GTCCCGCGACGTTATG-1	207	4455	3060	199	308	14.21753247	10.86911885	127.5995072	9.206380696	145	110	80	110.8088625	25.29444985	118	81	55	84.13066532	24.75668685	148	111	82	112.7337457	25.44174914	320.1035495	0.07457649248
GTCCGGACCTGAAATT-1	61	1877	5662	321	282	21.21631206	23.83764567	127.5165576	6.99287712	143	119	94	118.4884484	19.95691987	137	112	84	111.1440475	21.44690611	145	120	95	119.7626562	19.69128546	250.7551073	0.08117913378
GTCCGGCTGAATTGCG-1	184	1954	5429	354	195	26.07179487	24.62654341	124.339491	7.289456093	138	114	79	111.3956571	23.86186738	111	83	52	82.92298952	23.75522992	138	115	90	114.3403611	19.35093872	131.5010215	0.111677398
GTCCTACAGGCGGCTC-1	123	297	4762	2739	131	46.41984733	45.02348059	118.9121933	4.22914861	129	115	95	112.5389471	16.47119055	109	88	67	87.73942684	17.36964608	127	115	101	114.1217018	12.74995602	37.12576609	0.2099237795
GTCCTACGAATAGTCT-1	185	4226	3342	168	365	13.11506849	9.19636127	127.7196087	8.988391688	145	112	83	113.2187855	24.50644957	124	91	64	92.90417877	24.00222571	149	114	85	115.542482	24.73338187	364.4699949	0.07194363923
GTCCTTCTAGTGGGTT-1	134	2733	4888	166	281	18.48398577	17.64418769	123.4565756	7.231952663	137	114	86	112.7928292	21.11209654	108	79	56	80.9599798	21.07534626	142	114	90	115.0970837	20.63517436	199.0434116	0.09278956831
GTCGAATTTGGGCGCT-1	902	1901	4531	587	103	40.45631068	42.91892938	121.2130276	6.870199815	132	108	56	101.2225729	28.16049688	111	87	50	83.96843833	23.09579495	135	116	83	113.0306779	19.76380395	67.52834525	0.1599671063
GTCGCCGTTGTGTGTT-1	522	2872	3936	591	182	22.28571429	17.80806442	126.4343506	8.007303978	142	107	67	105.2523671	30.01597966	109	74	41	74.28001515	25.5808891	142	112	79	111.1660144	24.38258864	200.5623085	0.08640593954
GTCGCGTAACCCGTTG-1	347	3985	3452	137	214	14.92523364	16.28238021	120.5494044	9.216101636	129	101	67	99.12359551	24.31286209	107	74	49	76.96288347	23.28011009	138	112	88	112.9147835	20.29535567	142.2077375	0.1244488676
GTCGGATATCTCAGAC-1	402	2255	4661	603	185	25.31351351	19.32898904	125.5810799	8.162754248	142	112	76	109.9144047	26.90114783	102	73	45	73.09771493	22.30698006	140	112	83	111.6152001	22.05042118	155.4401175	0.1004037711
GTCGGATGTAGCGCGC-1	313	3402	3932	274	306	16.37581699	14.16473817	126.7381472	7.610005885	143	113	82	112.7884106	24.54224109	120	88	60	89.03648529	23.28995436	147	116	87	116.3651054	22.89592144	298.887002	0.07704307419
GTCGGGAAGCAGAAAC-1	523	3651	3520	227	254	15.7480315	11.62028399	125.4592473	7.512246646	139	107	71	105.972352	26.24858331	113	80	50	81.05681101	23.80663815	146	113	83	113.6828683	24.07943909	223.2697906	0.08758930093
GTCGTACCATCTCGGG-1	692	3702	3470	57	245	16.89387755	12.82937332	121.7591956	7.24967949	133	108	65	103.7969953	27.08272516	96	71	41	70.08079788	21.79204805	142	112	78	110.8641586	25.06362018	181.2313585	0.1011464134
GTCGTATTGGCGTACA-1	264	2680	4861	116	234	23.2008547	32.88672347	123.2475559	7.568482295	134	115	84	112.354122	20.80574782	120	91	53	88.96401969	25.91209233	138	116	90	114.7925767	19.33601184	124.5657559	0.1300746896
GTCGTCAATTATAAGG-1	168	1877	5273	603	207	23.70048309	16.61229246	123.4635017	6.261815861	138	113	84	111.3935109	21.66419884	98	74	53	74.79560662	18.04562275	137	114	90	113.4187603	18.25363108	130.0794178	0.1052549669
GTCGTTATTCGCTTAT-1	706	3550	3523	142	263	14.41064639	13.93188893	123.7282722	8.120141091	135	105	63	102.0835753	27.36969951	112	82	51	81.895089	24.02383779	142	112	82	112.3128393	23.47642177	225.6792646	0.08920973133
GTCTATCTGAGTTTCT-1	857	3662	3206	196	170	22.57058824	14.45350618	126.1994436	8.988002067	141	106	61	103.3196566	30.12152433	102	69	38	69.78386567	24.30751308	140	111	81	110.3527332	22.68063866	165.1857763	0.1034341164
GTCTATTGGTTCCGGT-1	1003	4494	2358	66	266	13.57894737	11.77687969	124.6928602	9.01841428	137	104	63	101.7867693	27.89044444	103	70	41	71.38833481	23.90715926	145	109	80	110.9488701	25.17055643	257.9454801	0.0903117609
GTCTCAAGGCCCGGCT-1	358	3085	4107	371	255	17.09803922	12.31523033	125.3423383	7.36391369	139	110	77	108.4980432	24.40663652	116	86	58	86.85304886	22.52826347	144	114	88	115.0921601	21.51736944	222.6691777	0.09182405735
GTCTCGATCTGCTTTC-1	278	3588	3751	304	303	14.60726073	10.66784194	126.3245338	8.80139221	142	109	77	109.3620755	25.72257762	107	74	49	76.59159197	23.01182792	146	112	84	113.4878172	23.66075268	296.3428243	0.08045710492
GTCTGGGCGGTCGAGA-1	338	2805	4145	633	206	20.36893204	15.2992736	126.6242536	7.687699565	142	109	73	107.8033077	27.3624495	103	71	43	72.18040651	23.18559186	145	112	82	112.6894332	23.95424985	190.8217569	0.09025413256
GTCTTAGTACAGCCGG-1	647	3342	3844	88	216	19.51851852	19.6150365	121.8288882	7.239311804	134	108	65	104.2075496	26.13006997	93	64	37	65.25501831	21.62325867	137	109	83	109.6146951	20.9850045	167.3148621	0.1032759043
GTGAAACGGCGCCACC-1	538	4270	2962	151	298	12.21812081	8.187160956	124.9305405	8.406066462	138	104	68	103.4975382	27.20556812	95	63	37	64.83512183	22.37443091	144	107	78	108.8549426	25.63457556	301.0205567	0.08426166167
GTGAAACGTGCTCCAC-1	492	2590	4390	449	172	24.00581395	18.50973882	123.4782315	6.905157758	137	108	68	105.1507385	26.70611382	102	74	47	74.34831461	21.7580723	139	113	84	112.1455624	21.31981885	131.4282431	0.106964982
GTGAACTCCCATTCGA-1	47	2050	5768	56	247	24.84615385	25.86700287	121.3867337	5.25293699	132	116	96	115.0443126	15.3437383	93	76	60	76.36914531	14.0799412	134	110	91	111.5053655	17.44104728	163.5448161	0.1130382374
GTGACAGCTTCCCACT-1	758	3842	3174	147	258	13.37984496	10.16277887	123.2960938	6.847145756	134	103	64	100.8563313	26.33912661	110	79	50	79.59714682	22.73538102	146	113	83	113.5102891	23.76712709	229.83976	0.0860079058
GTGACCGCACACTACG-1	482	4108	3131	200	307	12.51140065	9.694471056	125.6602678	9.424357315	137	106	70	105.3868198	26.64794009	106	74	47	75.72263603	23.51912633	145	110	82	112.0974624	24.69794488	273.3280133	0.0880272512
GTGACGCAGGTTTCAT-1	232	4146	3411	132	294	17.07482993	16.80726618	125.6228363	8.360399539	143	114	83	113.3425073	24.19944007	120	86	59	88.28657998	25.20943073	146	113	84	114.2806464	24.15839852	297.4465015	0.08537450769
GTGACTTCAGTAGTGC-1	236	2310	4770	605	219	20.43835616	15.4053181	125.3420544	8.43728644	141	110	76	109.2271178	25.70279772	107	76	49	77.40979674	22.45725871	144	113	86	114.0881202	22.31247512	170.6621553	0.09504365433
GTGAGCGTGCTGCACT-1	300	967	5021	1633	148	35.4527027	34.57567776	121.6913617	5.306627598	134	114	81	110.3018558	22.20002167	107	85	56	83.18116399	19.7662359	131	115	92	112.6244161	15.82485105	76.39313075	0.1391500813
GTGAGGACACTTAAGG-1	601	3765	3376	179	291	14.45017182	12.08304988	126.4100261	8.439801179	142	108	69	106.799899	27.90600903	119	85	53	85.60409039	25.56133702	148	113	82	114.4711526	25.12132323	308.2990296	0.08026597519
GTGAGGAGCGGTTGAG-1	297	3427	4001	196	256	15.765625	14.15344723	123.167686	7.852493336	135	107	75	106.0185583	24.22472502	98	66	40	67.92803939	22.71526374	139	108	84	109.8107562	22.00411791	220.7423391	0.09347711774
GTGAGTGGTACAACGC-1	408	2419	4657	437	232	18.07758621	14.02623826	124.2479695	8.047121552	139	108	73	106.1241005	28.04226752	101	71	43	71.60611034	23.25288721	144	114	81	112.6372933	25.65313216	198.7691522	0.09150480713
GTGATCAAGCGTGCAC-1	231	1405	5362	923	176	26.32386364	22.61894567	120.5788889	6.39798328	134	111	80	108.2600682	22.1459969	108	85	59	83.92816564	19.53508404	134	114	92	113.5795985	16.90406799	89.92888151	0.1319927145
GTGATCACTAACGCCT-1	254	3113	4413	141	244	18.0204918	23.2695271	121.1349263	6.860809557	131	109	79	107.3023608	20.4891972	98	75	51	75.02423936	18.44780045	137	110	88	111.3873248	19.27919536	174.7738764	0.107600194
GTGATCATAGATCTGC-1	396	2532	4520	473	250	17.116	12.89707502	124.9032299	8.392001193	139	109	72	106.7868956	27.49701589	102	72	43	72.14972857	23.35062987	146	113	81	113.0386315	25.32750804	230.5930797	0.08486814928
GTGATCCTTGTCATGA-1	857	4314	2615	135	286	11	7.90281883	123.4273337	8.0003509	134	100	61	99.00681732	27.08833253	108	74	47	76.43529857	23.71517298	145	110	83	112.0135084	23.90218979	272.9028345	0.08814053319
GTGATTCGCCGCTCAA-1	443	2920	3962	596	176	22.375	15.83495307	126.1503606	8.271062136	141	106	65	105.0419139	28.67078034	107	72	43	73.67276859	24.59290005	144	111	81	111.7586163	24.09468884	168.3435904	0.0976896728
GTGCAACAAATGTGGC-1	326	3089	4264	242	264	17.06818182	15.23412894	124.5471694	8.962574635	139	111	77	109.0396415	24.54827478	108	80	52	79.96199975	21.91943208	142	114	88	114.4041156	21.12367149	192.3059244	0.09182410336
GTGCACCAGCTTCAAC-1	596	3508	3604	213	203	18.79802956	13.49853472	123.1154306	6.93448832	136	105	69	103.7345032	26.24412851	105	76	49	76.72692842	22.05954328	140	112	84	111.9856079	21.64288889	169.4897855	0.09155679636
GTGCACGAAAGTGACT-1	609	4082	3095	135	252	15.37301587	12.84352355	124.1258979	8.680478814	138	106	67	104.3855574	27.22255694	103	72	45	73.06047216	22.70201303	143	111	84	112.5620502	23.16223868	231.6613892	0.08715304237
GTGCCATCACACGGTG-1	452	2317	4595	557	186	23.04301075	17.09990504	123.0676065	7.00446545	137	109	73	106.6346421	25.23643194	98	71	46	71.7160712	20.19165351	134	111	85	110.2931448	19.3064291	132.395046	0.1080925217
GTGCCCGTTCGGATTC-1	465	3972	3293	191	310	12.81935484	9.132692758	125.5607441	8.842049371	141	107	71	105.827547	27.2509471	102	68	42	70.52013635	23.80640642	149	109	77	111.1235955	27.49632655	336.0014045	0.0698712409
GTGCCGCTTCAAAGGT-1	341	3525	3512	543	202	20.05940594	14.77844415	125.8480914	8.443565382	142	107	75	107.8098725	25.90978509	108	74	48	76.03067794	23.47008815	143	112	87	113.4419896	21.58621319	187.9060266	0.09029105172
GTGCCTCAGTGTACGG-1	128	1178	6555	60	200	31.905	71.75615636	122.2519194	5.158452793	133	120	97	116.47494	17.19755062	128	103	61	98.00542861	27.02645621	134	118	95	116.1213231	16.54415846	109.1141471	0.1591420426
GTGCGAAATCGAACAC-1	117	3357	4028	419	211	22.27962085	20.06346593	126.0362205	8.590486427	143	112	83	112.7680848	23.2908122	113	81	54	82.37053402	22.8520087	143	114	90	115.6231536	20.39227135	192.0796731	0.08817275464
GTGCGACAGGGAGTGT-1	384	3689	3768	80	262	18.00381679	19.48095529	122.9742643	7.328002274	134	111	77	108.255397	23.46525939	93	70	46	70.08408029	19.35097661	138	109	83	109.9233683	22.18198504	194.7696629	0.1094989066
GTGCGCAGCTTGCTCC-1	490	2143	4894	394	162	25.88888889	19.43301251	121.5617895	6.09670732	133	108	66	103.4412322	26.08211251	100	75	46	73.93308926	20.90784674	135	115	85	112.2393637	20.00333947	122.8788304	0.1094524913
GTGCGGGACCATCGGC-1	492	1992	4612	825	178	23.66292135	19.66028554	123.831373	7.541100471	139	108	67	105.7405631	27.79787511	98	68	42	69.34440096	21.56852854	138	112	85	111.4485545	21.30758174	152.4895301	0.1027679993
GTGCGGGTCTCCAAAT-1	118	3902	3683	218	240	21.95	16.02906215	126.3319426	7.872282861	145	115	89	115.9814417	21.8343093	120	88	64	90.27458654	21.98393146	143	115	92	116.28456	19.7708454	207.5861849	0.08370213282
GTGCGTGTATATGAGC-1	541	3815	3333	232	272	15.08088235	11.86508419	125.9586342	7.734016154	140	107	72	106.4159828	26.96626951	116	83	53	84.1030173	24.54210365	146	111	83	113.2593107	24.38004283	306.1470889	0.07843527618
GTGCTCAAGTACTGTC-1	392	2986	3964	579	192	22.50520833	15.78435321	127.9339161	7.973727987	145	110	73	108.9774018	28.05058139	107	72	44	74.0648908	24.28442291	145	112	83	113.3916172	23.63266524	220.8222676	0.0844647921
GTGGAACCTACATGCG-1	228	2868	4719	106	242	22.70661157	24.41684907	124.705668	7.189291028	138	117	86	113.8992551	21.76316498	131	109	73	105.6410807	23.39354605	141	119	95	118.3916172	18.61869698	173.7754086	0.1096257106
GTGGACCAACCCGATT-1	151	2386	4993	391	182	24.08791209	20.03740916	122.3419697	7.261704263	135	109	79	108.0953162	22.2091237	106	78	52	78.37406893	21.04353893	135	111	88	111.1402601	18.39262067	122.2941777	0.1051362484
GTGGACGCATTTGTCC-1	1239	3865	2590	227	209	13.4784689	10.12461899	123.9795366	8.319174077	134	95	52	94.48289357	30.1680684	108	72	43	73.87577326	25.17836325	143	108	77	109.1393763	24.97866816	239.677094	0.08580422491
GTGGACGTGCTGAGAC-1	147	3332	4103	339	197	27.31472081	20.51525213	124.9401295	7.652695312	143	116	91	116.1597021	20.568977	119	90	67	91.6360308	20.61372358	141	116	95	117.3130918	17.72043532	144.2501277	0.09465225993
GTGGAGCGTTTACCGA-1	78	244	3738	3861	66	105.3939394	339.1714449	119.9327523	5.311926717	131	123	105	119.3354374	14.42182756	131	103	82	104.9149097	19.83276454	129	122	108	119.296301	10.61097553	28.1639428	0.3089674969
GTGGAGTCGGCGGTTG-1	265	2912	4251	493	198	22.76262626	17.20932379	125.8310753	6.85737813	141	111	77	109.9654084	24.96324914	114	82	53	83.08269158	22.97270309	140	114	88	114.0148971	19.8723176	166.9816139	0.09204853199
GTGGCAAACAGCGGCA-1	165	1446	4785	1525	113	40.11504425	33.44596811	122.4895299	6.071111167	135	111	80	108.6058578	22.11738173	100	74	51	74.74788537	18.68221924	132	111	88	110.2107057	17.25936083	69.72344229	0.1374190167
GTGGCGGTCCCAGCGT-1	167	911	4825	2018	120	42.9	37.77640357	120.9728827	5.352017503	133	113	84	110.0653958	20.55454568	108	86	57	83.86794597	19.86211105	131	114	94	113.1078147	14.99171141	69.85329418	0.1480053739
GTGGGAAGACTGAATC-1	84	651	3281	3905	75	70.16	116.2684297	120.4486146	7.089172217	132	120	84	113.1041535	21.19531535	130	65	35	78.94887009	38.44554432	130	111	82	109.2911249	19.47306306	37.613381	0.2845773821
GTGGGCTTAGACACAC-1	541	2123	4504	753	185	22.55135135	18.12863379	123.9379906	7.471004026	138	108	64	104.7684636	28.09424991	96	68	37	67.45183689	22.03997205	139	112	78	110.4128267	23.04738442	140.006001	0.1036354789
GTGGTATAGTCTGCCG-1	454	2896	3938	633	170	22.72352941	17.51335724	123.5327053	8.251216737	137	106	68	104.2862012	25.75873067	110	79	52	79.73803813	22.20457111	138	113	88	112.760005	19.71842814	148.7843463	0.1017878256
GTGGTGGCCAAGTGAA-1	972	4629	2234	86	284	11.65492958	8.594991806	124.3409157	8.720554419	135	101	64	100.4780962	27.36913624	108	75	48	77.04898371	23.72406123	144	110	83	111.6891807	24.06042965	270.7441267	0.07627577227
GTGGTTACTTCTTTCG-1	85	2610	5195	31	275	21.59636364	22.22432708	121.7620962	5.866835828	132	116	94	114.0150234	17.13121425	98	78	60	78.46408282	16.29758929	135	111	90	111.9700795	18.5215574	181.4717824	0.1126696139
GTGGTTTCCGCCTTTC-1	318	1899	4837	867	172	26.20348837	18.62292253	123.5372106	7.494269821	138	111	77	108.5407146	25.07004987	102	75	49	75.19050625	20.70771436	137	111	87	111.407903	19.47908627	153.2627681	0.101547198
GTGTACCTTGGCTACG-1	343	4598	2903	77	303	13.40594059	8.673595093	123.2507108	7.878649936	136	107	78	106.5833859	24.45313808	95	66	43	67.28708496	21.23888919	146	110	79	111.3141018	26.02406924	292.9876149	0.07733844618
GTGTATATCAGCGGGC-1	701	5050	2087	83	261	14.69731801	11.75436466	127.1079116	9.278823958	142	105	72	106.4597904	27.02452851	116	78	52	81.33114506	25.13084659	148	111	85	114.2257291	24.61837598	258.9669305	0.09530992866
GTGTATGACTTTAAAG-1	595	2231	4584	511	160	24.475	18.25409201	123.2169143	7.765924255	135	106	59	102.2196692	28.77259304	106	76	44	75.8704709	23.90490857	138	113	83	111.7033203	21.83104374	154.5045965	0.1075118121
GTGTCGTATAGCGTTC-1	635	4478	2630	178	266	15.09022556	11.70949017	125.9248775	8.79847913	141	107	73	106.6723898	25.92555075	113	79	53	80.99886378	23.3955384	146	111	85	113.779447	23.53072889	274.8398876	0.08235538103
GTGTGAATAACTTAGG-1	546	3599	3509	267	298	14.29194631	9.162514944	127.8635567	8.742880394	143	109	71	107.8257796	29.16433544	114	79	48	80.3750789	26.16527698	148	111	79	112.7151875	26.91034332	366.5655005	0.06551349381
GTGTTACTATGCGTCC-1	546	3758	3387	230	255	15.54901961	13.28704769	127.1974354	8.517515713	140	107	68	105.3735639	27.95264365	121	86	54	86.71203131	25.95811584	147	113	83	113.7939654	24.76256585	274.2222932	0.08301742081
GTTAAAGTAGGACTGG-1	467	4475	2874	105	310	14.1483871	10.02177857	125.305591	8.147760871	139	110	78	109.0287842	24.46060819	113	82	55	83.2817826	22.40645259	145	113	87	114.7982578	22.95118023	278.927477	0.07830288459
GTTAACATCACTTAAA-1	420	3883	3366	252	250	17.06	14.47260861	126.7747331	8.226239407	142	109	76	109.0546648	26.14728497	115	81	53	82.62706729	24.18423468	146	113	85	114.3861886	23.70801866	262.1733912	0.08785666516
GTTAAGGGTGCGATGT-1	639	4198	2917	167	265	15.18867925	11.36936732	126.5500489	8.320541223	140	107	72	106.5338972	26.64609797	114	79	51	80.9599798	24.46211748	147	114	84	114.5924757	24.05075146	277.0151941	0.08044572122
GTTACAATTGGTGACG-1	510	2225	4467	719	140	30.97142857	26.36148241	124.3469877	7.114789026	139	110	67	106.229769	27.86593833	96	69	40	68.60674157	21.50747882	136	111	83	110.5864159	20.63524397	150.8647855	0.1062112502
GTTACCTACAACTTGC-1	768	2469	4395	289	242	16.85950413	13.45227609	124.0223615	6.634046107	136	108	55	102.1932837	30.25399585	116	84	45	82.49072087	27.25126013	144	114	80	112.6595127	25.28166967	228.7640449	0.08646906856
GTTACGGCCCGACTGC-1	66	1956	5288	611	174	27.98850575	21.95580422	123.889646	7.65002937	139	113	86	112.466734	21.50637373	97	65	39	67.02436561	23.0789643	134	109	83	109.0362328	20.2220429	116.7554903	0.1150431288
GTTACTTTGGGCCTAG-1	366	3286	3708	561	235	17.27234043	12.839197	128.3309754	8.993382021	146	107	71	107.7016791	28.97001847	110	72	44	74.59777806	25.64718058	147	112	81	113.1483399	25.60234271	232.0051073	0.08247130019
GTTAGAGTGTGCCGCT-1	64	2885	4825	147	239	24.61087866	23.89383875	125.8845778	7.408146788	140	118	94	117.3449059	19.15695646	131	106	70	103.610529	23.95517603	142	118	94	118.5437445	19.06993188	196.9378192	0.1019078119
GTTATATTATCTCCCT-1	323	2485	4851	262	219	20.02739726	13.20886578	122.8742927	7.487404993	136	109	78	107.2067921	24.99721301	97	71	45	71.03888398	21.11337914	142	114	84	113.6164626	24.02411366	150.9379469	0.1024295852
GTTATCACCTTCTGAA-1	245	2416	4814	446	189	24.80952381	28.52726746	124.4006296	7.463710026	138	112	75	109.1829314	24.35629029	124	80	46	83.31208181	29.31730155	140	116	89	115.0826916	19.74310724	152.755618	0.1071642138
GTTATTAACGTGGGAG-1	384	886	5265	1386	116	37.54310345	30.02826032	119.4453979	5.826223608	130	109	76	104.9234945	23.67395103	85	65	42	63.81416488	17.17666454	126	108	85	105.7189749	17.66042824	63.76608784	0.1621380706
GTTCACAGGAGTCTAG-1	393	2079	4764	685	179	23.88826816	18.85252459	122.1724615	7.483504052	136	109	71	105.6297185	25.63944243	105	75	46	75.33897235	22.83548265	136	112	86	111.4489332	19.40080703	122.7093973	0.1077941253
GTTCATCGTTTGGCTG-1	71	3290	4505	55	317	18.47003155	22.14171202	121.3534999	6.302157046	133	115	95	114.2839288	15.98633761	92	73	57	74.02714304	14.73111768	135	109	90	110.8726171	18.46503491	182.3509959	0.1057646865
GTTCCAGTCTGACCAT-1	29	2468	4870	554	223	24.31390135	18.76381726	125.3192119	7.460808218	144	115	91	116.361318	20.54763406	110	81	59	82.80444388	20.13345226	141	113	92	115.23848	18.86177373	156.2169305	0.0961610115
GTTCGACAATTGTATA-1	484	1784	4913	740	125	34.976	32.29599703	123.3661966	7.415985446	136	110	67	105.3956571	27.5208108	103	77	47	76.15200101	22.05715851	139	116	85	113.399192	21.47869634	96.60852911	0.1292061505
GTTCGCCATAAGTGCC-1	497	3258	3769	397	207	20.12560386	14.23147738	126.1974574	9.228397493	144	107	69	106.6620376	29.6857128	105	70	40	71.63666204	25.49420205	147	112	78	112.23646	26.41382123	233.0222165	0.08520431598
GTTCGTCTAAAGAACT-1	469	4441	2900	111	321	13.60124611	10.10366201	125.624216	7.981905862	140	109	77	108.8378993	25.5473051	114	82	54	83.10440601	23.65491359	146	112	84	113.845979	24.59067788	275.6920327	0.08219603227
GTTCTTCCCTCGATGT-1	510	2615	4496	300	201	22.13432836	16.23603466	126.2223932	7.746764924	141	110	70	107.2662543	28.42060476	100	70	43	70.87413205	22.46051259	141	112	82	111.4860497	23.58790864	175.1838611	0.09202888039
GTTGAACCGGTTCCAT-1	583	3637	3306	395	178	21.42134831	17.36770199	125.0624517	8.337543696	141	105	71	105.4318899	27.13585618	104	70	44	72.34111855	22.77953015	141	111	85	112.2565333	21.55456467	168.2138662	0.09578340446
GTTGAGTCCCGCCGGT-1	515	4150	3063	193	272	15.23897059	11.1930695	126.3990814	9.166548927	141	108	73	107.5693726	26.63422446	116	81	54	83.12422674	24.30703988	147	113	85	114.7249085	24.01990079	286.4562053	0.08057490013
GTTGCACGGAGTTTCG-1	522	2349	4661	389	189	23.68253968	21.30515902	122.3897012	6.882136643	136	110	68	106.0403989	25.80603915	105	77	52	77.8115137	20.76938738	135	112	90	112.3324075	17.4112708	117.9382022	0.1177573888
GTTGGATTCAGTGGCT-1	93	3539	4206	83	316	17.59177215	17.78300449	123.3110768	6.84975436	136	115	92	114.5549804	18.11289731	105	79	57	80.32596894	19.42037355	138	110	88	112.1921475	20.00027001	171.2429775	0.1084101285
GTTGGATTGAGAACAC-1	500	3424	3740	257	290	14.19655172	10.55001169	125.0223304	7.373749484	138	108	71	106.0810504	26.4830864	100	71	44	71.77654337	22.03908592	143	109	82	111.1392501	24.01950615	276.0315373	0.07625618776
GTTGGATTTGCGTTGG-1	480	3342	3655	444	201	20.39303483	16.17964298	126.9723485	8.858902471	143	107	72	107.3061482	27.88723436	107	71	44	73.73248327	24.44992908	143	112	84	112.4034844	22.43987172	209.6459397	0.08615583636
GTTGGTCATGCTATCC-1	419	3013	4190	299	278	16.59352518	12.92049127	125.0620635	7.983341142	140	111	76	109.4241889	25.04290152	128	96	62	95.72162606	25.0698335	143	116	89	116.0499937	21.28361041	211.5877171	0.08870497419
GTTGTCGTGTTAGTTG-1	276	1729	5124	792	205	22.97560976	18.49124751	125.3035987	7.690349386	140	112	79	110.2439086	25.21996344	106	77	50	77.38997601	21.85462973	139	113	88	113.3688928	20.679262	160.3160112	0.1000615823
GTTTACGTTCCATCTG-1	380	3110	4352	79	251	14.8685259	10.41387776	120.5566	6.631140179	130	105	74	103.2445398	23.69903805	95	69	45	69.51508648	20.51358764	142	111	80	110.7552077	24.45822078	197.6800306	0.09730039284
GTTTCATATCGTCGCT-1	232	2491	4340	858	127	31.50393701	23.87100307	122.5413953	7.294696984	137	107	73	105.4897109	25.00652462	94	66	43	67.04557505	19.36863093	135	110	87	110.2701679	18.5881748	102.5938458	0.1151281698
GTTTCCTGGAGGGTGA-1	3370	3341	1106	104	77	13.80519481	12.52844966	120.6679681	9.449148479	113	64	38	70.82590582	29.25435974	76	46	29	49.8323444	19.32926986	126	96	73	97.99823255	20.37214054	114.3453779	0.1328982683
GTTTCTGCAGTCTCCC-1	419	3087	4292	123	155	25.43225806	43.76712853	119.1667457	7.112305057	127	106	70	102.113622	22.45263145	112	82	48	82.05415983	24.47180117	136	117	91	115.0975887	17.73579602	93.78587845	0.1427546844
GTTTGACCAAATCCTA-1	134	1640	5192	955	247	20.46153846	17.79248176	125.8311049	7.083863555	142	115	84	113.1329378	23.32361006	110	82	56	82.66203762	21.38008362	140	114	89	114.5633127	19.78613881	163.5847804	0.0968444374
GTTTGGCCCAAGTTAT-1	739	4297	2729	156	273	14.53846154	9.821454827	126.5498054	8.318324369	142	107	69	105.8676935	28.08515318	118	82	52	83.55902033	25.55051401	148	111	82	113.3235703	25.64154664	322.8241828	0.07420082574
GTTTGGCCGCTCAGCG-1	585	2819	4243	274	185	23.16756757	15.97291718	124.7708001	6.826251023	138	109	67	105.8160586	27.82746406	100	71	41	71.08105037	22.50016753	141	113	80	111.3062745	23.36930899	169.4322012	0.09354936962
GTTTGGGCTTGTGAGC-1	717	3107	3790	307	221	17.54298643	14.7044552	124.8673906	7.596921882	136	106	63	102.9608635	27.80772411	109	78	49	78.87413205	23.51405822	144	112	82	112.4988007	23.47462949	216.3027324	0.08935067182
GTTTGGTAGGGTCAAC-1	249	2293	4797	582	224	20.72767857	17.26272672	125.4076029	8.053209856	141	112	78	110.0737281	25.90791707	112	82	51	81.81694231	24.04246172	143	115	85	114.1917687	23.52790665	195.7937947	0.09381095689
GTTTGGTGATCGGTGC-1	168	1628	4949	1176	189	24.1957672	19.41468334	121.9679775	6.534103521	136	111	82	109.2633506	21.52048448	112	86	61	86.75205151	19.78602565	137	115	91	114.3829062	17.77494583	118.8443565	0.1083587967
TAAACCCAGGAGGGCA-1	358	2886	4059	618	194	20.19072165	15.95805444	123.4658857	8.632435201	139	106	72	105.4887009	26.07880233	104	72	47	74.11273829	21.75832274	137	111	85	110.9448302	20.01098957	159.1529622	0.09590217685
TAAAGAGCCCGAAACC-1	544	2220	4542	615	183	23.42622951	20.6671189	123.1391231	6.364009333	138	109	68	105.9628835	26.60730405	96	69	43	69.5048605	20.25179855	138	112	84	111.430375	20.65173996	130.1384065	0.1080845091
TAAAGCGGTATTTCCA-1	222	2156	4735	808	241	19.14522822	15.23507596	125.2346514	7.982044689	141	111	80	110.3214241	24.2033104	117	85	57	86.22737028	23.3096746	141	114	88	114.3297563	20.86501629	175.5349847	0.09309378027
TAAAGCGTTAGGAGAA-1	360	3539	3869	153	323	13.57275542	11.04999058	122.6718118	6.997117492	134	109	79	107.8842318	22.76315992	98	72	49	73.104911	19.559748	140	109	85	110.7959854	21.37923341	250.5163432	0.09071901142
TAAAGCTGCAATAGGG-1	209	3203	4415	94	272	21.66544118	22.10391195	124.4739863	5.745860493	137	117	93	115.770736	18.53626688	115	90	68	90.85014518	19.04523589	140	115	91	115.2459285	19.25043733	172.7044178	0.1101795374
TAAATGAATCCGTTTC-1	48	1607	5709	557	171	34.21052632	31.35445546	123.4832423	6.352408331	137	117	95	116.4724151	17.18963137	121	94	63	92.95455119	22.37472705	134	116	96	115.8021714	15.15220512	84.97331461	0.1315886517
TAACAAAGGGAGAAGC-1	208	1703	5260	750	148	34.96621622	36.08294041	124.4627404	6.820043779	140	115	85	113.1988385	22.7802216	108	82	57	82.07827295	20.48420144	137	115	93	114.6706224	17.58863662	117.3051583	0.1104390107
TAACAGCGTTTGTGCT-1	493	2300	4407	721	189	21.9047619	20.04284903	122.2501803	7.426760465	136	108	68	105.3611918	25.75991536	111	83	53	82.47367757	22.15972125	138	113	86	112.7245297	20.17905245	147.3223953	0.09867448125
TAACATACAATGTGGG-1	671	2352	4783	115	261	16.5862069	11.1913538	122.0242206	6.83989823	133	109	62	103.3016033	28.99805284	95	71	39	69.152506	22.32214638	142	113	78	110.8589825	26.55270259	210.5238764	0.09548106251
TAACATACACGCGATC-1	249	1703	5085	884	161	30.45341615	24.46875313	123.1377146	7.242126574	137	113	83	110.4977907	22.47152306	103	79	54	78.77755334	19.32210589	133	113	93	112.4822623	16.54929077	92.03536772	0.1272662284
TAACCGCCCGCAGTGC-1	467	3060	3974	420	205	20.2097561	15.27343948	124.9503053	6.974225357	139	108	71	106.4306274	26.26875012	103	73	45	73.58212347	22.68052835	141	112	87	113.0881202	21.27137671	177.2779622	0.09205186021
TAACCTACCGTCCGAG-1	303	3298	4189	131	298	16.18456376	16.31926117	122.5827415	7.111994661	135	111	79	109.4649665	21.86085078	107	82	57	82.58376468	20.14226222	141	112	87	113.1191769	21.09571282	230.6861593	0.09986294931
TAACGCTTTGAGAGCG-1	245	950	6033	693	151	38.90066225	37.77289314	122.1397309	5.73117121	134	117	90	113.723646	20.43863791	111	91	65	89.17043303	18.82389673	133	116	94	114.3883348	15.9402823	82.09933606	0.1423152277
TAACTATCGAAGGTCC-1	35	1222	6092	572	179	33.81005587	30.7714173	123.3584151	6.472681459	137	118	96	117.3032445	16.75289417	117	95	73	95.123848	17.67820159	135	118	98	117.2355763	14.99911378	104.4244127	0.1209242394
TAACTCATCCGCGCGG-1	984	3105	3201	631	184	19.2826087	13.00528829	128.3264339	8.788532668	144	102	54	100.8712284	32.88429608	109	69	37	71.25867946	27.3450945	145	110	77	110.3277364	25.96543203	247.953524	0.08312103031
TAACTCCATGGAGGCT-1	319	983	5661	958	143	35.13286713	29.86759541	121.7158897	6.733182814	135	113	85	110.0300467	24.31345625	96	75	51	73.75684888	19.48415589	137	115	91	113.2439086	20.41882747	95.26659857	0.1417324284
TAAGAGGGACAGGGAC-1	330	1195	5249	1147	125	41.144	35.01078782	123.0113596	6.315250375	136	114	76	109.7496528	24.95852528	115	91	60	88.88890292	22.12922485	136	118	89	114.6680975	19.75788442	75.84103677	0.148342909
TAAGATTTAGCGGGAG-1	44	388	6407	1082	139	47.84892086	76.84497275	120.8198089	4.892058827	132	120	102	118.2815301	13.52820275	129	97	68	97.1695493	22.07168113	131	120	102	118.0821866	12.19116914	58.95786517	0.1960117382
TAAGCAGGCGACACGC-1	408	1830	4658	1025	105	40.44761905	43.52820234	120.2890965	6.765631942	133	109	71	105.1863401	23.86985756	101	77	50	76.43201616	19.08970459	132	113	88	111.2668855	17.14253208	68.44139428	0.1495215987
TAAGCGCGAATCAAAT-1	337	1381	5015	1188	149	32.68456376	27.0391432	123.4802605	5.802894049	137	113	73	108.6976392	25.57094748	105	81	52	79.67276859	20.87161995	137	116	88	114.0022724	20.14407129	96.40194076	0.1309218013
TAAGGAACTTGTGGGA-1	1338	3958	2472	153	130	18.75384615	21.33147243	118.5133793	8.163686695	128	91	57	91.48731221	26.83548559	95	63	43	66.18545638	20.21871498	133	109	86	109.3765939	18.23633104	95.9262002	0.1307911639
TAAGGCAACATAAGAT-1	61	2092	5309	459	281	20.16370107	17.46928874	127.6321232	7.81530361	144	117	90	116.9978538	21.39938588	120	88	56	88.32028784	25.15108853	143	115	88	115.5889408	21.14948686	239.0257916	0.08436229775
TAAGGCATAACATCAA-1	549	2134	4428	810	220	17.97272727	11.45422438	123.814506	7.865972554	139	106	65	103.0741068	30.09868778	98	68	37	68.05529605	23.71385456	143	113	77	110.8487565	26.56051635	211.7193565	0.08729747151
TAAGGCCCGTCACCCT-1	269	3555	3746	351	287	14.72473868	11.53773605	126.0207767	8.002665881	142	109	77	108.8958465	25.34690777	121	87	60	88.92475698	23.78188338	147	114	87	115.3861886	23.23481853	284.3702758	0.08019327468
TAAGGCTGAATCCCTC-1	168	2073	5548	132	292	18.48287671	18.11104582	122.3899054	5.502691097	134	115	88	112.4130792	18.95464125	111	89	66	88.50385052	18.17314963	137	115	92	114.4446408	18.08523904	186.4342441	0.09569173385
TAAGGGCCTGTCCGAT-1	785	3532	3423	181	284	14.05633803	16.31890576	123.1616261	8.590601918	135	107	66	104.0753693	26.40519245	105	76	47	76.16311072	22.70971717	141	110	83	111.3647267	22.69876868	221.9959142	0.09954285237
TAAGGGCTGGGAGAGG-1	234	1427	4826	1434	120	36.69166667	33.64614783	120.5667161	6.384582558	134	109	74	106.657619	23.19874409	90	68	45	67.91857089	17.20468898	130	111	91	110.8166898	15.64149807	65.80643514	0.1495752507
TAAGTAACATCTTGAC-1	412	3890	3392	227	174	24.20689655	25.4190796	124.483058	9.486562651	141	109	75	108.4616841	25.3600574	107	75	49	76.70407777	22.74511552	143	113	86	113.913521	22.13799601	149.6264045	0.1044713373
TAAGTCGCCGAGTATC-1	442	2439	4456	584	170	24.54117647	18.33065766	123.5166571	6.8689867	138	108	70	106.0319404	26.61801528	101	73	44	72.89559399	21.69641292	138	112	82	110.8264108	21.28396664	150.2989019	0.09837550475
TAAGTTGCGACGTAGG-1	333	5192	2372	24	308	15.73376623	15.06438227	124.1843736	7.147947075	137	112	83	110.9263982	21.74382908	113	87	63	87.54740563	20.61270927	142	113	87	114.1215756	21.71416245	243.3119254	0.09140628038
TAATAAACAAGGAGAT-1	321	3904	3555	141	270	13.67407407	10.51899842	121.8303294	7.4098239	133	105	71	103.2158818	23.72010133	84	58	37	59.49375079	18.59421884	136	106	83	107.8259058	21.05256682	191.1301073	0.1019101631
TAATACACAGTAGTAT-1	224	4457	3116	124	258	19.32170543	15.10560993	126.3434454	8.360543303	143	113	87	114.2638556	22.61440368	115	84	61	86.16323697	21.86347077	143	113	90	115.0753693	20.96211287	216.3323544	0.08839567957
TAATAGAACAGAGTTA-1	868	2449	4058	546	175	23.42857143	20.89522941	124.460508	8.090171471	140	108	56	103.5995455	30.78360882	102	71	38	71.11374826	24.12679158	142	113	77	111.2786264	24.38389179	149.3375894	0.1036251489
TAATAGGTCACCAGAA-1	747	1578	4416	1180	119	36.22689076	35.38419079	123.8114037	7.635586256	137	109	53	102.6129277	31.28428327	102	75	39	72.67302108	23.82682526	138	115	77	110.8456003	24.06300427	111.8235444	0.1191648371
TAATAGTGACGACCAG-1	424	3986	3309	202	318	13.2327044	9.831085961	125.0738628	8.368014962	138	108	75	107.3639692	25.10797206	102	72	46	73.37217523	21.95301138	143	109	83	111.3688928	23.92008983	295.6144025	0.07794412018
TAATATTGAAATTCGC-1	1031	3863	2732	295	127	18.11811024	13.06471727	119.2959023	7.114384042	124	90	57	90.80444388	25.76872188	95	67	46	68.83587931	19.54190252	134	109	87	110.2300215	18.09287051	130.1266599	0.115131902
TAATCGATCCGTACGT-1	233	3751	3874	63	237	17.89029536	18.23951611	121.5840561	7.354269128	131	108	78	106.3943946	21.16935013	94	72	51	72.46181038	17.78271091	138	111	89	112.4028532	19.59398992	165.7907303	0.1151733315
TAATGAAAGACCCTTG-1	561	2685	3920	755	74	43.5	90.5234403	118.6067652	7.626647324	130	98	53	94.74409797	29.19368449	104	57	24	60.5373059	30.23506616	130	105	74	103.1897488	20.72133055	56.84793156	0.181694045
TAATTAGATGGATATG-1	342	1816	5052	711	184	24.5	19.87433346	122.8926309	7.664357809	137	110	74	107.8721121	25.49336302	104	76	48	75.99217271	21.86016062	140	114	86	113.3114506	21.16536228	138.1976507	0.1049672735
TACAACGCACAACTCA-1	590	3640	3453	238	217	19.92165899	15.17450995	126.3486435	8.357886175	143	109	71	107.7387956	28.30714314	113	79	48	79.85330135	25.15620067	142	112	84	112.7495266	22.80746954	210.880618	0.08716926614
TACAAGTCTCGTGCAT-1	306	1708	4805	1102	137	32.91240876	21.82962377	123.979079	6.344690753	138	111	74	108.0783992	25.48703554	101	74	47	74.2874637	21.09715188	136	113	86	111.80962	19.63858818	101.4774004	0.1252639909
TACAGAAACGGTGGGC-1	286	4666	2788	181	319	15.29153605	11.21713411	127.8057248	8.803778563	145	113	84	113.7958591	24.04842174	127	92	66	94.79876278	24.6082428	149	114	86	116.1747254	24.88795287	352.1985444	0.07218741121
TACATAGGCATACACC-1	859	3092	3494	476	231	15.74891775	10.08351216	126.6363786	8.151907905	140	104	58	101.512814	30.90167291	110	73	41	74.56697387	26.22100414	147	112	79	112.2620881	25.62453569	266.2742594	0.08199734257
TACATTTCTAACGTGC-1	459	2820	4305	337	222	18.38288288	13.48313176	124.1730401	7.852158101	138	107	64	104.3681353	28.47448734	100	70	40	70.52619619	23.47489994	143	113	80	112.1280141	24.93955879	191.6680286	0.09190510355
TACCAAATAGCCCAGA-1	364	3642	3642	273	260	15.96153846	11.69510341	126.4184299	8.356757765	141	108	74	107.7800783	25.95475679	120	87	56	87.87653074	24.7397239	144	114	87	114.8415604	22.16623039	260.0886108	0.0825341793
TACCAATAAAGTACCA-1	149	4444	3241	87	288	21.67708333	20.61779914	126.4422038	7.340443277	143	119	97	119.5689938	17.89980581	138	110	85	110.9026638	20.40776701	144	120	98	120.4446408	18.3443268	221.7571502	0.09167297885
TACCAGAAGTAGGTTC-1	518	2937	3968	498	207	19.62318841	14.65061848	126.0320281	7.947758515	141	107	67	105.582376	28.84816198	109	75	44	75.99886378	24.86268054	144	113	83	113.5833859	23.21158278	171.4245403	0.0980414715
TACCAGCTAGGTTTAA-1	209	3053	4463	196	252	17.30555556	16.437408	122.0625481	7.20092477	135	109	79	107.9106173	22.63287496	96	69	46	70.11122333	20.86388581	138	110	86	111.0299205	20.91120184	163.811287	0.1047073477
TACCAGGAATCCCGTC-1	223	1759	5275	664	187	24.58823529	20.02876195	120.7522835	6.586606117	134	110	80	108.2243404	21.88721462	113	89	62	88.48440853	20.19027755	136	115	90	113.798889	18.20598737	117.209142	0.1102465041
TACCGCGGACTTGCAG-1	203	3317	4342	59	273	16.12087912	16.75584322	121.8811598	6.905999431	133	110	73	106.4019694	22.74452097	95	71	44	70.36081303	19.67465716	137	109	85	110.28456	20.13139079	150.3784474	0.1167005274
TACCGGCTCACTGCCC-1	525	2710	4527	159	229	18.08733624	16.02430649	123.3376792	7.089437105	135	108	67	104.0233556	27.99504591	111	80	46	79.14139629	25.93168274	145	114	77	112.3801288	27.06654219	236.1657303	0.08077440812
TACCGGTCGTTTCCAT-1	152	2277	4692	800	196	24.03061224	17.5896851	125.3911839	7.380419662	141	112	83	111.6805959	22.84842969	114	83	57	84.50422926	21.87092464	140	115	90	115.0427976	19.41295526	160.1659857	0.09421344385
TACCGTAGGTTAACTA-1	414	3211	3817	479	222	17.5045045	13.0466066	125.2675929	8.599956885	140	106	71	105.6545891	26.6750588	118	84	55	85.15376846	24.5647189	143	114	86	114.1512435	22.06358468	202.1358529	0.08596049321
TACCGTGCCTCGGACC-1	565	3865	3294	197	244	16.7704918	13.35565631	125.0588759	7.992379319	140	108	73	106.7957329	26.06810706	113	79	52	81.28153011	23.62191189	144	112	85	113.7485166	22.9707252	232.8409091	0.08322788149
TACCTACTCCCAGTAT-1	440	3376	3749	356	267	16.34082397	11.02601368	127.0367346	7.249957665	142	110	76	108.8656735	26.45580736	119	86	56	87.02954172	24.48512114	145	114	87	115.1405126	22.92756748	267.1396834	0.07873639739
TACCTCACGCTTGTAC-1	701	2312	4556	352	194	22.31443299	16.13343515	124.7901624	7.308852299	138	110	59	104.5929807	30.67788957	103	74	39	72.9962126	24.80670352	142	114	78	111.8745108	24.99154576	170.5246425	0.09961761848
TACCTCAGTTGTCTGT-1	426	3579	3578	338	239	18.44769874	14.7581757	125.4291637	8.598961704	142	110	79	110.0265118	24.86952807	117	84	56	85.30867315	23.34528723	142	114	89	114.9056937	20.61800678	189.9332227	0.09031361931
TACCTCCACACCAATG-1	417	2135	4858	511	158	26.75316456	25.49452329	121.4428838	5.662704701	134	108	68	104.6574927	25.06072357	105	81	52	79.71329378	20.40553347	136	114	86	112.6413332	19.33205423	107.0814607	0.1187193067
TACCTGCTGCACTGTG-1	204	1030	1557	5130	38	158.5	356.9477147	118.8308366	6.16004598	127	121	75	111.6716324	21.2059443	124	111	56	99.93712915	25.81607982	128	121	98	117.2915036	12.7654984	23.92543412	0.322593328
TACCTTAAGATTTCCC-1	454	3386	3893	188	164	24.12804878	21.30732025	121.1253293	7.256610034	134	106	72	104.5717712	24.08112223	100	74	50	74.8304507	19.38138509	133	111	87	110.5048605	18.05421867	104.1608784	0.1168983112
TACGAACACGACTTCA-1	275	2473	4458	715	200	22.685	17.48015375	125.5507022	7.506210864	142	111	78	110.2233304	25.34639189	100	70	46	72.02815301	20.96176572	141	112	88	113.3858099	20.34577679	170.1172114	0.09369718301
TACGACGCTTGCTGCG-1	385	3015	4132	389	235	18.35319149	13.81175649	126.66206	8.34111582	142	110	74	107.9482389	27.90007957	108	75	46	76.19921727	24.42482557	146	113	82	113.1610908	24.80648102	225.6205312	0.08211641521
TACGACTGCCTCTTAG-1	213	3537	4035	136	278	17.20503597	13.78891654	125.2868892	9.169736847	140	112	84	111.4225477	23.91600083	117	85	58	86.17598788	24.03070216	147	115	87	116.1573034	24.09761112	247.8756384	0.08141644828
TACGAGAACTTCACGT-1	376	2490	4576	479	174	27.0862069	20.84531245	124.8352433	6.592372353	140	113	76	109.9856079	25.22676942	108	80	52	79.62504734	21.46079884	139	115	89	114.2945335	19.34738104	150.9540347	0.09754276468
TACGATGTTGATCATC-1	352	2210	4589	770	202	23.44059406	18.76664768	124.4346934	7.574101074	140	112	78	110.2793839	24.68004249	105	77	50	77.17775533	20.93081925	137	113	89	113.3188991	18.68983664	144.5495403	0.1005007952
TACGCAGTTCTTTCCT-1	352	4008	3414	147	238	18.79411765	13.23461716	126.4309644	8.88802524	143	110	75	109.7130413	26.18027859	114	80	51	81.56242899	24.23577372	143	113	86	114.1670244	21.88673494	217.8246936	0.08057461895
TACGCCATATTCTAAT-1	399	2346	4625	551	249	16.68674699	13.10653999	124.591758	8.358388306	138	108	72	105.7656862	27.60458785	101	70	42	70.97108951	23.0842372	142	111	80	110.9294281	25.04433022	215.4836568	0.0787151204
TACGCCGAGGGTACCC-1	355	3091	4226	249	173	25.04624277	19.28814516	124.0133049	6.901408409	139	109	76	107.9005176	24.87349538	110	81	53	81.33430122	22.08580886	136	113	87	112.3741952	19.21832151	144.7369765	0.1019157878
TACGCCTCCATTCCGA-1	654	3470	3574	223	201	20.58706468	16.09745296	124.9368215	7.190257073	138	108	70	106.0229769	26.2026852	121	90	57	89.82047721	24.59436023	143	116	87	115.4368135	21.75196345	185.3272472	0.09663363245
TACGCTATAGAAACCT-1	227	2735	4855	104	320	16.5125	15.65127291	123.1619945	7.285793191	135	114	86	111.7381644	20.9447152	108	83	61	83.63666204	19.40620317	139	111	90	112.9756344	20.17177307	215.380618	0.0987870714
TACGCTGATAGTTGTA-1	0	108	4923	2890	65	108.5230769	142.6469669	122.2767847	6.231067623	137	122	106	121.5160965	12.63124358	131	84	45	84.48541851	30.38547236	130	112	89	110.5718975	15.44948848	25.60329418	0.2480571944
TACGCTGCTGTGTTAA-1	548	1730	4601	1042	114	38.18421053	46.69339444	122.5764708	6.192431342	135	110	62	104.0626184	28.18221891	105	81	47	78.31549047	22.34588422	138	119	83	114.1778816	21.96148505	95.34461185	0.128754138
TACGGGATGCTAGCAG-1	269	3466	3849	337	300	15.14333333	10.78654048	126.4500618	8.106713036	143	110	80	110.6104027	24.76510454	107	75	50	77.14530994	22.54986408	145	110	83	112.5575054	23.77077774	294.0277068	0.0790281073
TACGTACTAGTGCTGA-1	813	3426	3170	512	157	21.58598726	13.53741905	125.7905755	8.011570181	139	101	61	100.3970458	29.7168311	113	77	46	78.45057442	25.87493568	142	111	80	110.6592602	23.9545327	193.4348825	0.09182105173
TACGTGCACTATGCTG-1	89	3271	4454	107	135	43.72592593	49.3878722	124.1380445	7.615570604	138	118	94	117.1089509	17.98398401	116	91	66	91.83663679	20.23756336	137	118	97	117.3902285	15.65553162	102.9631001	0.1269780713
TACGTTTACCGGCAAT-1	363	3328	4126	104	167	29.96407186	25.71397072	124.8932855	8.10133645	140	114	80	112.0070698	23.5196523	118	89	56	88.52657493	24.14677758	138	116	92	115.2166393	18.01273325	146.9680797	0.100384237
TACTATGGTTCCTCAG-1	442	2265	4578	636	189	22.11640212	14.97006522	124.2968817	7.718616758	140	107	68	105.1764929	28.92997973	98	69	39	68.79017801	23.17895361	143	114	78	112.1277616	25.78341688	190.2846016	0.09430749268
TACTCCTCTAGTTGAC-1	528	3121	3902	370	207	19.50241546	14.67880736	124.5917241	8.074240568	139	107	70	105.4417372	27.48516571	110	79	47	78.89710895	23.92275776	140	111	82	111.0170433	22.81311387	171.5809499	0.09506042929
TACTCGGCACGCCGGG-1	149	1499	4574	1699	85	51.56470588	106.2915466	119.9101818	6.486001356	133	110	73	106.6582502	23.47978548	106	58	35	63.38631486	26.64306253	129	107	82	105.9659134	17.81798871	51.02923902	0.185536182
TACTCTCCGAACAAAT-1	217	4036	3467	201	311	14.66559486	9.540777582	126.2145563	7.991932982	144	110	81	111.3252115	24.84004187	106	73	48	75.24655978	22.73395937	146	110	83	112.6706224	24.17559186	301.7293156	0.07463287397
TACTCTTTCGTCTTCA-1	622	2234	4475	590	197	21.18274112	17.2369897	124.4232126	7.688718177	140	107	62	104.5592728	30.40507241	100	69	36	68.83512183	24.20924301	144	113	74	111.0234819	26.81306568	201.8290347	0.09076534699
TACTGAACAGATTTAG-1	612	2714	4053	542	177	23.07909605	21.00805504	125.9416121	8.371694064	141	107	64	104.5909607	30.00355303	104	71	39	71.53175104	24.79827022	142	112	78	111.333165	24.6328264	187.7466803	0.0914129361
TACTGCAATCAATTAC-1	242	1387	6226	66	183	34.81967213	99.0714554	123.335639	6.351818473	135	127	93	118.6961242	21.33021578	135	104	66	103.8991289	30.31830131	135	125	92	118.0438076	20.04243005	184.3970889	0.2274273132
TACTGGACAGCTCGGC-1	306	2292	4799	524	139	33.61151079	29.6078715	122.304215	6.790339871	137	111	81	109.3297563	23.08613567	99	73	49	73.35942432	19.17035609	132	112	91	111.3101881	16.69073371	90.09729316	0.1276331329
TACTTGTTAGTAGTCC-1	505	4001	3123	292	323	12.36532508	8.408843134	126.8777929	8.917437033	143	107	73	107.4495644	26.95995267	112	75	48	77.78702184	24.6870469	150	111	82	113.4890797	26.00707202	358.0017875	0.07323991645
TACTTTACTGAGCCGG-1	303	2208	5218	192	242	18.42561983	17.52815458	120.7515879	6.446926082	130	110	69	104.9814417	22.943887	92	72	44	70.34275975	18.45299753	135	111	87	111.2404999	19.15032278	126.8303115	0.1144950522
TACTTTCCGCACGCCA-1	208	1110	5160	1443	131	38.29770992	36.2351722	121.4242742	6.407556995	135	113	84	110.7529352	21.66102576	99	75	51	74.84762025	18.64421496	132	114	90	111.9550562	16.52838396	62.53907048	0.1565131512
TAGAAAGGTGGCGCTA-1	454	2645	4598	224	304	13.48684211	9.377315042	122.9347096	7.28480153	135	108	70	104.4193915	26.94898972	95	68	40	67.99154147	22.06799478	144	113	78	111.7663174	26.40888908	286.2621297	0.07546195737
TAGAATTAAGGGCAAC-1	306	2766	4597	252	243	18.22222222	18.44132057	123.3559723	6.829414062	136	110	73	107.5029668	23.99799096	101	68	44	70.46042166	22.1675508	139	111	86	111.8266633	20.5655888	183.4782942	0.09689147788
TAGACGAAACGCCAAT-1	257	3514	3881	269	292	15.5239726	12.39487745	126.101109	8.347846151	142	111	79	110.6025754	25.49747657	118	86	59	87.7866431	23.92039946	147	114	85	115.2141144	24.03867623	279.7454035	0.07533367725
TAGACGCCCGTACCGG-1	399	4097	3343	82	316	14.44936709	10.84064519	125.7963442	7.680911319	141	111	76	109.6438581	25.37513603	110	78	51	79.40285318	22.85276006	146	112	84	113.5354122	23.85584658	286.4484168	0.07701937012
TAGACTACCTAGCGTT-1	126	3466	4272	57	282	21.33333333	21.59217965	122.5786396	6.525674215	134	116	96	115.3590456	17.17001315	101	82	65	82.3293776	16.14082255	137	112	93	113.7833607	18.32484117	162.7169305	0.1125270475
TAGAGATCATGCAACT-1	311	1975	4658	977	142	30.66197183	21.00532707	122.4729631	6.704866872	136	109	74	106.8916803	24.42923783	105	78	52	78.21373564	20.4626243	135	113	89	112.6076253	18.13048867	114.2695352	0.1160193074
TAGAGCTACGAAGAAC-1	386	2902	4246	387	217	19.68663594	15.64359548	124.3226747	7.475628083	139	109	71	107.0627446	26.4268082	103	73	45	73.73879561	22.38508104	140	112	85	112.6206287	21.28695199	177.8697651	0.0927321376
TAGAGGTTCTACTTGT-1	868	4188	2785	80	273	11.46886447	10.98516905	121.0458376	8.01212913	129	100	61	98.12069183	25.38678106	102	73	45	73.26309809	21.84520985	140	110	83	111.1182931	22.00599062	158.2032686	0.114500067
TAGAGTCTAAGCGAAC-1	153	2241	5127	400	224	21.61160714	17.00777262	124.2999399	7.590255302	140	112	83	111.3481884	23.2152117	100	72	48	73.33657366	20.81105959	142	112	85	113.0219669	22.01730098	148.3004341	0.1000276507
TAGATATGGACTGGAA-1	250	2628	4612	431	228	19.49561404	14.73077034	125.5767215	8.275566346	141	110	75	108.715945	26.17883221	106	76	47	76.39931827	23.28535584	145	115	84	114.5085217	23.92406261	191.7510215	0.08783910778
TAGATCCGAAGTCGCA-1	288	3190	4242	201	265	17.22641509	16.28222959	124.5567362	7.977100861	138	111	77	109.1735892	24.27841684	105	76	49	76.97058452	22.6404136	141	112	87	113.6231536	21.53703725	208.5984423	0.08759402936
TAGATTCAAAGTGCGG-1	666	2795	3916	544	108	36.5462963	98.57572613	122.5511554	9.521624091	142	106	59	104.0499937	32.03514081	141	75	36	83.83954046	39.57120097	140	110	69	108.0624921	27.24238361	135.0390705	0.1530781841
TAGATTCCTGGTTATT-1	188	1010	4556	2167	123	40.7398374	48.40745716	121.2835763	6.135095989	134	114	75	108.982578	23.41297401	98	78	53	76.40689307	17.53916959	130	113	92	111.8954677	15.96594599	70.91828396	0.1502726963
TAGCAACCTGTCACAA-1	38	1535	5577	771	139	42.69064748	35.97078129	123.9853446	6.733934983	138	118	96	117.2827926	16.95589586	108	86	64	85.85494256	17.08967832	133	115	97	115.4592854	14.03628101	71.98684883	0.1383031055
TAGCCATTTCAAAGTC-1	779	4466	2538	138	314	12.2133758	9.398587748	125.3650405	8.850763785	139	106	68	104.4735513	27.63349851	108	75	47	76.7582376	24.38608682	146	109	81	111.3476834	25.7874164	313.7330184	0.07960895961
TAGCCGGCGGTCAGCG-1	579	4011	3166	165	303	13.70627063	9.910300353	126.9893108	8.108155574	143	108	72	107.6437319	27.20656675	110	75	47	77.35210201	23.95558579	147	111	80	112.1084459	25.54647978	343.2711951	0.07202485884
TAGCGTCCGGTGTGGT-1	338	3884	3449	250	279	15.22580645	12.64213445	125.8660805	8.920596386	142	108	78	108.9414215	25.04626402	110	77	51	78.83436435	22.66895266	146	112	85	114.2283803	23.28178781	261.3928754	0.08296929459
TAGCGTTGGGTCTTAC-1	413	3406	4066	36	272	15.66911765	11.2710947	120.6036668	6.463661455	131	108	78	105.236965	24.81824911	92	69	45	68.09405378	19.75523413	141	113	84	112.4331524	24.2013522	177.2611083	0.09615034039
TAGCTAAGTCCGGGAG-1	473	4229	3048	171	193	15.96373057	12.73173712	121.3984493	7.158016719	130	100	68	99.50094685	23.85670368	88	62	45	64.34982957	17.2772151	133	109	89	110.2754703	17.58709072	123.8383555	0.1181918479
TAGCTAGAAGGCATGA-1	256	2991	4375	299	215	21.16744186	19.4106147	125.1540179	7.939174425	140	111	78	109.335185	24.76121307	101	73	46	73.30109835	21.67228713	143	114	85	114.113622	22.53574008	182.9844229	0.09286742434
TAGCTAGTGATGATGG-1	717	3175	3716	313	181	19.93922652	12.88502739	124.2702227	7.891096892	137	103	59	100.4697639	29.75981156	103	70	38	70.0132559	24.91454302	142	110	76	109.4770862	25.40987845	199.7060776	0.09275316779
TAGCTCGCCTGATAAC-1	439	1680	5321	481	236	17.91101695	14.53242012	122.0963979	7.459429045	134	108	74	104.8150486	27.32511745	95	70	43	69.16336321	21.70936734	143	115	82	112.5581366	26.09799514	168.6011236	0.09799692624
TAGGCATGTTACGCCA-1	476	3980	3288	177	315	13.6031746	10.03697874	126.0433802	8.18439981	142	109	74	108.1815427	26.74263746	106	74	46	75.3523545	23.29870469	145	109	81	111.3850524	24.69687354	314.578141	0.0748579478
TAGGGAGCTTGGGATG-1	456	4631	2800	34	277	16.77256318	17.00612244	123.8845774	7.732022802	135	111	76	108.3469259	23.3222937	98	74	48	73.63274839	20.20146186	140	111	84	111.4628204	22.05542507	190.9313075	0.1019882436
TAGGGTGTTTCAAGAG-1	74	3027	4411	409	213	24.30516432	18.47586477	125.4295905	7.004299051	144	114	88	114.9602323	21.46897443	108	78	55	79.68791819	20.62031501	140	113	91	114.2064133	19.18483808	196.5167263	0.09077390719
TAGGTCCAAGTAAGGA-1	258	1103	4968	1592	60	94.46666667	201.1986139	120.2554163	4.662231267	129	118	78	110.9214746	20.36768185	120	97	58	92.37747759	22.4872345	129	119	93	114.8142911	14.29481912	34.8046476	0.2443105296
TAGGTCGCCGGAACTG-1	232	1741	5750	198	291	17.72508591	20.6207788	121.1371092	6.230961966	132	113	83	109.8420654	20.89700796	96	76	53	75.67100114	18.00725993	136	111	86	110.9724782	20.09984546	185.8254597	0.1031519612
TAGGTGACGATAACCT-1	208	4441	3072	200	291	15.82817869	10.91664905	126.141179	8.346013014	143	110	82	111.779447	23.950744	119	85	60	87.38126499	23.77741165	147	112	86	114.6805959	24.10603891	311.8447395	0.07240419402
TAGGTGAGCCCTACTC-1	325	2382	4907	307	202	23.28217822	19.84181451	122.8993256	7.516817644	138	111	78	109.2719354	24.53437167	102	75	49	75.16412069	21.12841997	137	112	87	112.0564323	20.32370215	122.226762	0.1102741824
TAGGTGCTCGCCTAGC-1	422	4562	2774	163	309	13.197411	8.819469109	126.9078409	9.137109381	144	107	74	108.0467113	27.57947215	115	75	48	78.46585027	25.88362419	151	109	78	112.1998485	28.20899387	392.1659857	0.06751266743
TAGGTGTTCCACAGAT-1	547	3191	3705	478	243	16.16460905	11.50548548	125.7335012	8.749056677	142	106	68	105.4572655	27.96526012	118	82	51	83.1468249	25.37078214	145	113	83	113.8000252	23.65354883	231.8037538	0.0820977658
TAGGTTCGAGTTCGTC-1	201	1923	5550	247	266	17.87969925	14.75388956	121.9813578	6.323297582	135	111	84	109.3385936	22.78935861	95	71	49	71.45410933	19.2007237	142	114	86	113.6650675	23.17767675	161.0397089	0.1002474622
TAGTACCTTAGTGGTC-1	547	1039	4981	1354	128	36.46875	36.07304601	120.0841927	6.631269575	133	110	66	105.3411185	26.74561932	94	71	42	69.92892312	19.99926455	133	112	83	109.4438833	20.27005937	83.8907048	0.1422424867
TAGTAGCTTATACCAG-1	579	3874	3281	187	194	21.29896907	14.45837605	126.7074769	7.70967913	143	108	71	107.2859487	28.13033341	114	79	49	80.52253503	24.91178282	143	113	86	113.9535412	22.29422704	216.1361083	0.07909751259
TAGTCCGCAGAGAATG-1	350	3808	3489	274	240	17.9625	13.40874443	127.6912101	9.145850618	145	109	74	109.0508774	27.67702544	117	78	49	80.76858982	26.43698891	147	113	85	114.5730337	23.89055232	244.953524	0.08058469906
TAGTCCTGCACTAAGC-1	354	1942	4986	639	102	47.6372549	46.40440083	124.448559	7.27858003	140	114	71	109.2013635	27.04851189	104	78	47	77.04355511	21.84833692	139	116	89	114.3842949	20.72318383	100.3230337	0.1329386539
TAGTCGATCACGGGTT-1	210	2979	4627	105	265	19.54716981	17.45956627	122.5211464	6.539788798	134	114	84	111.6822371	19.84438637	108	85	61	84.81328115	18.82197491	137	113	90	113.6861507	18.80788719	178.9770174	0.1040353962
TAGTCTAACAACGAGA-1	204	2944	4330	443	195	24.47179487	17.09049742	123.8333279	7.44262978	140	112	83	111.9774018	22.70331683	105	78	54	78.76833733	20.08477771	138	113	89	113.3831587	19.01647507	143.281665	0.09979337946
TAGTGAGAAGTGGTTG-1	53	2207	5192	469	190	29.79473684	24.60305872	124.2533748	6.313237045	140	117	93	116.7289484	18.19699276	111	86	62	86.04292387	18.89052911	137	117	96	117.084964	16.00714641	116.0399642	0.1103758538
TAGTGCCCTCCAGAGT-1	460	3307	3609	545	209	19.32535885	14.74631989	126.1011295	9.08074287	142	107	71	106.7276859	27.07823119	104	71	46	73.42343138	22.81603315	142	112	87	113.418634	21.31051594	179.0896323	0.09190858828
TAGTGTCAGAAACGGC-1	190	673	5070	1988	128	34.6875	33.82786158	118.0740273	6.587348675	130	109	82	106.4163616	21.12941242	80	62	43	61.32988259	15.24232995	128	108	87	107.1093296	16.96802328	49.98710419	0.1719088271
TAGTTAAGATAGGATA-1	298	2919	4522	182	278	16.92086331	13.14669023	123.477034	7.341291433	137	111	80	109.4726676	23.74755273	93	67	43	67.96023229	20.03017693	138	109	86	110.4517106	21.02686368	207.1463228	0.0921395699
TAGTTTATTCTTGCTT-1	506	3085	3821	509	223	17.32286996	12.61267662	124.8314835	8.679825642	139	106	68	104.4120692	27.13351942	104	72	45	73.49816942	22.6197726	141	112	85	112.3791188	21.64420757	205	0.08889034826
TATAAATCCACAAGCT-1	130	3074	4210	507	198	25.74747475	19.60897724	126.0459205	7.311069746	144	114	86	114.4989269	22.42635338	108	78	53	79.43226865	21.61470084	140	113	91	114.6672137	19.17605519	175.4809755	0.0891246545
TATAAGTGAGGATAGC-1	177	1561	5653	530	158	33.67721519	26.73007811	124.3454288	7.04867673	138	115	85	113.1571771	22.0512805	106	81	57	81.50561798	19.46114772	135	114	93	113.6574927	16.57305191	112.3748723	0.1148562452
TATACACAGACGCCTT-1	513	3082	4185	141	226	17.99557522	14.78354077	122.5537245	7.441747879	136	107	69	103.9760131	27.9138833	96	69	39	68.19151622	22.55442847	144	113	77	110.9945714	27.14400889	207.2637896	0.09258698134
TATACACGCAAAGTAT-1	124	3507	4105	185	181	28.33149171	21.16915698	125.2981695	6.743506383	142	115	88	114.9472289	20.96820668	112	83	59	84.44817574	20.76784152	139	115	92	115.0349703	18.31162626	142.2895812	0.09895628176
TATACGCGTCATCACT-1	450	3850	3389	232	267	16.70411985	11.8019908	125.1642883	7.73588089	140	110	77	109.3317763	24.51484583	125	94	65	94.42734503	23.47289287	145	116	87	116.2533771	22.43439135	247.8698927	0.08029621026
TATACTCATGCGGCAA-1	189	1183	5339	1210	126	40.70634921	48.20427226	120.2573302	6.202830842	133	113	86	110.6840045	20.01487284	108	82	56	82.32432774	20.06099713	131	113	94	112.658124	14.86291438	58.18628703	0.1599964197
TATAGAGTCGCTTGAA-1	281	1540	6057	43	62	89.67741935	144.3836482	119.2790903	5.082009553	126	118	69	108.0497412	22.86448775	121	108	58	98.02423936	24.39645756	130	120	95	116.2071708	15.3287051	45.44688458	0.2585606131
TATAGATGGTCGCAGT-1	442	3400	3955	124	311	14.63987138	16.48010255	122.939779	8.345564342	135	110	76	108.0308042	23.46287089	96	69	45	70.65572529	20.30340549	138	108	83	109.6111602	22.04521405	208.4656537	0.1031490962
TATAGGGTACTCATGA-1	341	1605	4802	1173	130	34.33846154	28.8594882	120.2578467	6.103086321	132	110	72	106.0996086	22.81902809	99	77	51	75.9808105	18.27656172	131	114	92	112.5068804	15.7125657	77.37104188	0.1368672321
TATAGTTAGGTGTACT-1	846	2582	3739	754	59	50.66101695	71.15573995	117.3416191	7.041157418	126	95	48	90.96616589	30.03649031	109	52	25	59.42936498	30.86660773	126	108	76	104.3907335	19.79260503	48.05962717	0.1951656337
TATATAGGGCTTTACG-1	668	2558	4215	480	183	22.00546448	17.04013176	121.7600276	6.627752607	134	107	68	104.123343	25.37815125	110	83	54	82.73879561	21.83346018	136	112	86	111.3724277	19.33722339	151.6993105	0.1003701226
TATATATCGAGAAATG-1	334	2158	4461	968	148	27.87837838	23.56930706	120.7544555	6.871945387	134	108	72	105.1963136	23.64840975	113	87	60	87.08622649	20.80644082	136	114	89	113.1172832	18.24306024	105.2253575	0.1155107078
TATATCCCTGGGAGGA-1	524	4037	3298	62	287	16.03832753	15.26634366	123.5883495	6.986337505	137	111	75	108.4799899	24.4647875	101	74	48	74.67756596	20.97390333	141	109	82	110.4755713	23.19922858	215.8995148	0.09553152446
TATATTCGCGTCGATA-1	150	1061	6546	164	156	42.30769231	70.12430496	122.1405556	4.892052644	134	121	100	118.0710769	16.28951929	132	115	85	111.3646004	20.0658021	136	122	102	120.2440348	14.14424795	87.96220633	0.158292803
TATCACAGCACGGGCA-1	453	2720	4650	98	170	30.98235294	133.8963811	125.1199003	8.108591914	140	118	78	113.389471	27.86641326	135	84	49	89.86819846	34.6212548	139	117	80	113.0122459	25.11563413	176.340526	0.171576406
TATCACCCAACCGACC-1	184	2884	4786	67	257	21.73151751	24.42063893	122.3811511	6.724070098	134	115	90	113.0320667	18.54833916	101	76	55	77.29352355	19.19486764	136	111	89	111.827042	18.97375595	177.0220889	0.1115186336
TATCCAATTGGTTATC-1	421	3880	3378	242	280	15.28928571	11.1805903	126.2580995	8.32633483	142	108	76	108.484661	26.09043537	111	77	51	79.16752935	23.58555887	146	113	85	113.9429365	23.87873408	249.3885342	0.08373224767
TATCCATATCATGCGA-1	1405	4024	2251	241	109	15.89908257	13.90527915	119.6807226	9.017083081	122	82	52	84.49829567	26.29801679	90	59	41	62.57669486	19.11597459	133	107	83	107.0902664	19.05140409	104.1889683	0.1253842351
TATCCATCTCGGTTAG-1	378	1412	5049	1082	96	51.57291667	81.8978969	122.6421874	6.110772756	134	114	71	108.2923873	24.9392263	106	83	52	81.11576821	21.12246244	134	117	91	114.362328	17.4778021	73.3695097	0.1515539314
TATCCGCACCGTCGGG-1	623	3797	3244	257	200	18.705	15.64346429	123.1079252	7.60864925	138	104	70	103.9020326	26.40528322	117	85	56	85.72907461	23.99035227	142	113	86	113.6407019	21.56788749	190.7962206	0.09216857912
TATCCTGCATGGGAAT-1	688	3101	3767	365	197	19.12182741	12.57365632	124.7158679	8.444991045	138	105	61	102.3393511	29.91382612	104	70	39	71.40828178	24.97134734	143	111	79	110.8127762	24.85155358	213.3235444	0.08485114971
TATCGATCTATGCATA-1	313	4227	3239	142	306	13.19934641	8.88136035	125.1820431	8.101613823	139	107	75	107.085974	25.19452023	103	71	47	73.46875395	22.61724496	144	110	82	111.6000505	24.02874851	265.9674413	0.08200471282
TATCGATGATTAAACG-1	119	2810	4629	363	196	26.14285714	23.62871826	124.3993676	7.422436209	140	114	86	113.457013	21.45079958	108	81	57	81.98788032	20.44275986	137	114	90	113.8866305	18.42892629	146.1786261	0.1030886258
TATCTACAGAGGTAAT-1	616	3476	3612	217	124	27.84677419	24.14440574	121.54967	8.24413919	135	102	62	100.7034465	28.11791051	84	55	31	56.54740563	20.19836126	131	104	77	104.3495771	21.4195471	87.05375383	0.129776044
TATCTACCACAGCGGG-1	436	3220	3980	285	269	15.85501859	10.56390462	126.8218306	8.100989694	142	109	71	107.3769726	28.3943419	114	80	48	80.88006565	25.49096263	147	114	81	113.9332155	25.69569247	262.8000511	0.07852660475
TATCTTGCAATACAAC-1	84	1093	5623	1121	116	46.18965517	45.36687873	123.7190865	7.094580112	138	115	86	113.6797122	21.6284822	110	76	51	77.92046459	22.49305716	133	114	92	113.6749148	16.3624824	66.36912666	0.1531073794
TATGAAGACAGGTGCG-1	1204	3103	3319	295	113	22.32743363	19.58889087	119.463651	7.276352861	126	92	45	88.85267012	30.29152024	81	54	30	55.22055296	19.83262146	130	104	72	102.5926019	22.13796911	107.7617467	0.128656722
TATGATCTTCTCTTTA-1	425	4752	2649	95	310	14.43225806	10.16795685	127.3102356	8.733815188	142	110	80	110.4404747	25.56209207	113	81	54	82.33215503	23.94438992	149	113	84	114.5289736	25.14595094	283.40143	0.08289613784
TATGATTCTGCTTGGT-1	420	1805	4696	1000	159	25.9245283	23.46965046	122.3592244	7.061461377	135	108	66	104.2325464	26.90400496	85	61	36	61.33392248	18.87898516	133	110	83	108.6871607	20.25739179	131.2092697	0.1117244693
TATGCTCCCTACTTAC-1	103	3975	3709	134	261	20.68965517	15.74069841	126.3268875	8.582868571	143	116	92	116.4161091	20.89007458	104	76	56	78.45297311	19.89482741	141	112	89	113.7932079	20.57869164	185.5573289	0.09306106115
TATGGAGTTTCTCGTT-1	388	1474	5130	929	151	32.1192053	30.19032939	124.0218807	7.450633203	139	113	69	108.3769726	26.99735187	93	69	42	68.43075369	20.10674163	135	113	86	111.1546522	20.11999589	134.3816394	0.1105548335
TATGGATGTGCTACGC-1	284	2767	4504	366	205	20.56097561	16.1677921	123.1737261	8.559633583	136	108	75	106.5878046	24.34907727	101	71	47	72.85557379	21.2541827	136	109	86	109.810125	19.83709195	156.636619	0.09889240232
TATGGCCCGGCCTCGC-1	245	1647	4910	1119	166	29.65060241	22.24151861	124.3288444	7.631529772	139	113	79	110.830072	23.68762989	107	79	50	79.01868451	21.74440139	137	114	89	113.4358036	18.33476386	111.4510981	0.1160836212
TATGGGACCGAGCAGG-1	473	3649	3353	446	230	17.45217391	13.28368956	128.0582485	10.08732	147	107	70	107.4389597	29.35890069	109	69	41	72.53250852	25.75193608	147	112	83	113.1748517	24.67097161	251.1990552	0.08118814537
TATGGGTACGTATCGT-1	532	3008	4022	359	226	19.38053097	13.92318915	125.3619149	8.071850241	140	110	71	107.7726297	26.40566936	109	78	50	79.35841434	22.89240699	141	113	88	114.1470774	20.81584222	176.14262	0.0939861714
TATGGTCTGAGTAACA-1	420	3193	3722	586	207	19.26570048	14.62781192	127.4909555	8.88745874	145	107	69	106.514834	29.09314998	110	72	42	74.3085469	25.70978501	148	112	80	112.9751294	25.79068068	248.5702247	0.0780698189
TATGGTTAGTGGGAGA-1	80	2643	5131	67	332	17.96385542	17.31246907	122.3946921	6.03300113	134	116	95	114.9385179	16.44329357	116	96	76	95.91276354	16.87166378	137	116	94	115.6629213	17.48925401	162.4481614	0.1094013168
TATGTCAAGACCGACT-1	185	3075	4429	232	302	16.8013245	15.51948993	125.5764353	7.985919161	139	114	84	112.6044691	21.34752749	106	79	55	80.2761015	20.68558907	142	114	88	114.4741826	20.91487539	202.0866956	0.09727712554
TATGTCTCATTGTGCC-1	557	4159	3107	98	288	14.57986111	10.79675929	125.6251062	8.663690627	140	108	71	106.961116	27.01873184	106	74	44	74.8304507	24.42863379	147	112	78	112.2944073	26.85377143	311.2980082	0.07101413152
TATTAACCTGACCGCG-1	387	1741	4817	976	185	23.62702703	16.55151906	125.3135347	7.409055969	140	109	72	106.6054791	27.99690706	104	75	45	74.66645626	23.15421144	141	115	83	112.877162	23.8004356	171.5786517	0.09405781452
TATTACCATCCTGCTT-1	193	3115	4455	158	293	16.26962457	13.80207479	122.4152104	6.637770939	135	111	84	110.2560283	20.52941139	98	74	52	74.94394647	18.20634963	140	110	86	111.7297058	21.08059303	175.1289581	0.103324428
TATTATGTTTGCCTGC-1	351	874	5716	980	102	55.23529412	55.72484511	123.4471136	6.584059599	138	118	84	113.5889408	23.81734027	102	82	55	80.46029542	19.57166549	134	117	94	114.714935	17.65068165	65.58490807	0.1738730269
TATTCAATTCTAATCC-1	396	2126	5044	355	277	16.3032491	10.94629606	124.0409756	6.609204067	137	110	76	107.3267264	27.24950629	99	71	43	71.24340361	22.66323252	146	114	80	113.3999495	27.03753921	216.148621	0.08882297179
TATTCCACTCAGCTCG-1	421	1925	5160	415	224	18.28571429	13.87213843	121.8096724	7.123706522	135	107	72	104.315743	27.32838667	96	69	42	69.3274839	22.09249504	143	114	83	112.4676177	25.51303645	160.4914454	0.1018259462
TATTCCGAGCTGTTAT-1	248	3852	3554	267	329	15.6231003	12.78264216	128.3315004	8.499307109	146	115	84	114.877667	24.66542809	135	101	68	101.4649665	26.08664181	149	117	87	117.7379119	24.23943161	373.7649387	0.06869549765
TATTCCGGCAGTCCTA-1	601	2791	4160	369	207	20.1352657	14.80472123	125.4302451	8.425658599	139	108	65	105.3940159	29.51750464	91	61	34	62.55674789	22.21576131	141	109	78	109.3757101	24.65979578	199.8258427	0.09859627277
TATTCCTCCGCCCACT-1	184	2047	4841	849	189	22.89417989	23.12193164	121.8221765	6.859147038	135	109	78	107.7487691	22.22135047	109	83	59	83.59752556	19.82788239	135	112	89	111.8126499	17.8704747	119.2441267	0.1119932118
TATTCGTGCCAGAATA-1	206	1314	5701	700	255	20.25490196	16.51101016	124.9194613	6.79231055	140	115	85	112.5152127	24.00675434	111	83	56	83.04557505	22.25012053	143	116	87	115.5292261	22.5220886	172.9407559	0.1019098911
TATTTAGTCTAGATCG-1	121	2636	4698	466	231	22.94372294	17.08094663	127.0037236	8.107899921	144	115	89	115.6154526	22.19047551	118	88	62	89.19530362	22.13549553	143	116	92	116.6053529	19.94781202	182.636619	0.09064209216
TATTTATACCGAGTAG-1	372	3062	4129	358	289	14.21453287	10.68529031	125.831458	7.85583162	140	107	69	105.9550562	27.29882516	103	71	43	72.53566469	22.79574026	144	110	83	112.0935488	23.39332232	250.5775026	0.08504835257
TATTTGTTACCCTTTA-1	3164	3564	1115	78	75	12.04	11.61888119	118.0339298	7.558007648	109	65	44	71.04873122	25.08136284	81	52	36	55.65825022	18.32187036	125	98	79	100.125363	17.85627831	93.67581716	0.150593184
TCAAACAACCGCGTCG-1	104	3988	3578	251	261	19.11877395	15.59660514	127.393382	8.95649633	145	114	87	114.7788158	23.14750864	111	79	56	81.33657366	22.26049056	143	111	86	113.2644868	22.40043944	221.6399387	0.08888767736
TCAAACTTAGATTGTT-1	637	5294	1927	63	194	9.092783505	7.312018738	116.2889294	6.511270555	118	90	66	90.79030425	20.35516824	84	60	45	62.6590077	15.6268586	133	108	90	109.8204772	17.05785516	111.0999745	0.1277501311
TCAAAGTCACGGCGTC-1	797	1588	4539	997	121	34.76033058	28.84298468	122.9168008	6.977624541	136	109	51	102.0645121	30.9673318	103	76	40	74.08711021	23.89563507	137	116	77	111.484156	23.64988987	87.81115935	0.1366425506
TCAAATTTGAGACTCA-1	240	3381	3977	323	302	15.15231788	11.03951263	126.0427474	8.822887606	142	111	81	111.0775155	24.1709614	118	85	60	87.08786769	23.01095298	146	115	87	116.0011362	22.55646169	253.540858	0.08075403759
TCAACAAAGATAATTC-1	257	1409	4852	1403	156	28.38461538	20.94512413	121.6407388	6.61451138	135	110	77	107.5463957	23.11376386	99	73	48	73.66165888	19.2977299	132	111	87	109.9763919	17.39608383	106.5586057	0.1135621408
TCAACACATTGGGTAA-1	336	1852	4961	772	212	22.14150943	18.35752824	124.7568403	7.377317385	139	112	75	109.525565	25.87230613	103	76	47	75.74447671	21.87426287	139	115	87	114.0292892	20.87008771	154.738764	0.09917230009
TCAACATAGCGCCCTA-1	226	2717	4127	851	215	19.86976744	14.67419084	125.9723343	8.514033943	142	109	76	108.9736144	25.7923777	108	75	48	76.69385179	23.10171542	143	113	85	113.3648529	22.10254754	184.7372319	0.08801631162
TCAACATCGACCGAGA-1	230	1679	5244	768	117	32.88034188	37.82554701	118.6390503	6.144106291	128	106	72	103.2199217	22.05277351	85	63	38	62.11639944	17.41871913	124	106	85	104.8151749	15.50471181	63.64632278	0.1602464903
TCAACCATGTTCGGGC-1	2395	3192	2173	161	108	16.91666667	17.39419071	120.968485	8.143446258	123	73	41	78.68564575	31.01500396	95	55	31	59.8610024	24.33569348	130	102	76	102.838783	20.41814226	99.46386619	0.1420039362
TCAACGAGGAGACAAA-1	700	3913	3200	108	215	18.24651163	13.2148498	124.9976228	8.351302042	138	106	64	103.6542103	29.34414144	99	67	36	67.65345285	24.03920368	143	111	77	110.5432395	25.81764648	216.0291113	0.08574096769
TCAACGCAGGAAATAA-1	175	2829	4537	380	173	24.36416185	19.86254176	121.5173049	7.111379426	136	108	80	107.5976518	22.33491025	104	79	54	79.01300341	19.76930343	134	111	88	111.3652317	18.29635261	115.8222676	0.1120012165
TCAACGCGACCGGCAG-1	285	1644	4866	1126	149	29.82550336	27.30728239	122.3279339	7.340257266	136	111	78	107.9906577	23.81970878	96	71	46	71.06981442	19.02389673	133	111	87	109.943694	18.26434437	113.6956078	0.112755006
TCAACTAACGTATAAC-1	1300	3584	2726	311	80	22.5875	20.06968719	118.9270618	7.342814584	122	83	45	83.29541725	28.83044198	75	47	28	49.95114253	18.39754465	129	102	73	101.5734124	21.02731933	83.43884065	0.137207226
TCAAGGTTACTACACC-1	129	1957	5679	156	279	18.83870968	18.62165675	120.6352576	5.485351755	132	114	86	111.1583133	19.03638559	95	76	54	75.44072718	16.61494385	135	111	88	111.0070698	18.50226327	192.5803115	0.1015595855
TCAATACGCCGTCATG-1	256	2727	4550	388	289	15.69550173	12.23235317	124.4288375	7.093739648	139	111	79	109.3788663	24.24939859	118	89	60	88.90367378	22.84981541	144	115	88	115.6643101	22.03500675	232.8199694	0.08180270069
TCACAGCAAACTCGAA-1	658	3033	3582	648	183	19.80327869	13.0829464	126.6350199	8.669870345	142	103	61	102.388966	30.3126131	99	64	36	65.94912259	23.87154345	145	110	78	110.9829567	25.12663722	191.6200204	0.09001105648
TCACAGGAGAATAAGA-1	581	2245	4477	618	210	20.94761905	16.15644112	125.9734111	8.019718282	142	109	68	106.3805075	30.64488695	107	75	42	74.89205908	25.36098852	145	114	79	112.6704961	26.4023475	193.8558478	0.0941064431
TCACAGGGAATCGCAA-1	839	4039	2915	128	262	14.51145038	13.83565833	124.5609021	8.206680132	136	105	66	103.217523	27.07820926	112	81	51	81.83550057	23.62503945	144	111	82	112.2527459	24.05092859	259.7113126	0.08588333366
TCACAGGTTATTGGGC-1	670	2821	3779	651	189	21.17989418	15.40732383	127.162884	9.176925459	144	107	63	105.4063881	30.26835086	103	68	38	69.72755965	24.79066269	144	112	81	112.3120818	24.00841637	210.8190756	0.08538826866
TCACATCTTATCTGAT-1	1437	2921	3043	520	109	22.82568807	15.30535916	122.1667547	8.051836221	129	88	43	87.2798889	32.51664522	86	50	26	53.59386441	23.10526146	130	101	71	100.4068931	22.94492504	98.02898366	0.1315696208
TCACCCTCTTAAGATT-1	394	2926	4309	292	241	17.43153527	13.44531267	124.3484287	8.452913232	139	108	72	106.4306274	27.65334067	104	73	43	72.93990658	24.03363011	147	113	78	112.7764171	27.01909399	211.8576353	0.08337472083
TCACCGCTCGGCACTC-1	406	2945	4395	175	286	14.89160839	12.78461158	121.8574118	6.705293124	133	108	72	105.838278	23.21633774	95	71	44	70.56457518	19.35307469	140	111	85	111.6441106	20.99970767	185.9872319	0.1007267105
TCACGATGTCCGTGGA-1	209	2138	4602	972	143	31.6013986	21.43950339	122.9056709	6.943954834	137	110	80	108.9305643	22.51597312	102	76	51	76.64486807	19.74649339	133	111	89	111.0272693	17.06234478	106.4273493	0.1112211876
TCACGCATTGTAGATC-1	422	3617	3515	367	202	19.64851485	15.20227389	126.6326596	8.28653841	143	107	72	106.9500063	27.70097557	100	66	41	68.45070067	22.82830587	143	110	83	112.0074486	23.2707522	198.6200204	0.08633775196
TCACGGCCCAAGAGAG-1	343	1157	5172	1249	98	53.73469388	54.95927082	122.3796214	5.930595451	133	115	73	109.3895973	23.63750597	112	93	61	89.47481379	20.09309612	134	119	94	116.1651307	15.99317337	55.87985189	0.171322952
TCACGGTCATCGCACA-1	73	2114	5323	411	196	29.97959184	33.2872408	124.6325781	6.717583201	140	117	94	117.2580482	18.36629691	113	88	64	88.31915162	19.97462468	137	117	96	116.656609	16.29668273	123.5994637	0.1113730096
TCACGTGCCCGATTCA-1	625	3443	3542	311	196	18.59183673	16.50561855	125.235699	9.202946689	138	104	64	102.2726928	28.34202566	106	71	42	72.82199217	24.65899487	142	110	84	111.8640323	22.52050522	199.2989019	0.09651528308
TCACTCGTGCAACGGC-1	480	3188	4127	126	273	16.02197802	14.06524151	123.0058374	7.329259954	136	109	71	106.305517	25.33424745	99	73	46	72.82237091	20.89855345	141	111	85	111.5852796	21.98431871	215.8259704	0.09264182539
TCAGACGCTATAGAAG-1	687	3458	3618	158	239	16.21338912	15.93345434	124.0459395	7.734657548	135	106	63	102.8702184	27.24625409	113	82	52	82.72819088	23.82863906	142	112	84	112.7127888	22.55583092	203.4237743	0.09274507253
TCAGCAAATGCATCTC-1	50	2941	4658	272	287	17.71428571	14.97414397	126.7797463	8.65558481	144	114	89	114.7866431	22.03785128	102	73	52	75.25817447	19.94814333	143	111	86	113.04709	22.25439514	247.2591931	0.08109090602
TCAGCAGTAGGCCCTG-1	895	4049	2773	204	184	20.11956522	15.41021851	126.2070376	9.73995319	142	104	64	103.7278121	30.17134329	114	77	46	78.90455751	26.69340352	143	111	82	111.8841055	23.84061457	203.8970889	0.08954043464
TCAGGGTGTAACGTAA-1	59	1923	5675	264	242	25.18181818	24.367537	124.9480564	6.593262706	139	118	97	117.6832471	18.09274968	115	85	63	87.37204898	20.63652098	140	116	94	116.4149729	18.42324909	164.5948672	0.102375946
TCAGGTTCTTTGAGAA-1	527	2602	4176	616	178	22.23595506	18.1897134	123.3315402	8.197512771	138	106	66	104.0661533	27.44666089	95	64	37	65.30791567	21.78026634	137	109	82	109.1732105	21.14680877	138.1026558	0.1117203161
TCAGTACTGACCCGCG-1	463	1855	4947	656	164	27.31097561	26.23407069	121.3855199	6.595976232	135	110	69	106.3622017	24.86057534	106	79	51	78.54753188	20.79382912	136	113	90	113.038884	17.8771355	102.2927732	0.121886809
TCAGTAGGGACTATAA-1	387	2685	4262	587	195	21.04102564	16.39162885	125.4138291	8.259072948	141	108	71	106.4369398	27.81839757	102	70	42	70.72061608	22.97838443	144	112	80	111.989269	24.49541305	187.7262513	0.08693452201
TCAGTGTATACGTCAT-1	263	3088	4099	471	181	23.33701657	16.22705639	125.5478962	7.600768592	141	109	75	108.1451837	25.32388615	117	84	55	85.3028658	23.60944592	140	113	88	113.5904558	19.97132599	158.2627681	0.09890356157
TCATACTTACAGATCC-1	99	1334	6035	453	147	41.70748299	43.00153626	123.1116264	6.048381852	136	118	97	117.0089635	16.68961988	126	103	78	102.6475193	18.54719572	134	120	102	118.9495013	12.97797947	63.36287028	0.1480942713
TCATATGAGCTTTGTT-1	574	3966	3306	75	276	15.48188406	13.83742424	122.8914865	7.299329545	136	109	72	106.0768842	24.77469279	111	83	53	82.41181669	22.36832489	141	113	85	113.2695367	21.83986879	192.4593973	0.09678328733
TCATCACTCGAGCTCG-1	310	825	5262	1524	160	31.475	26.50305407	122.5990408	6.401493711	137	114	81	109.95291	25.03361567	104	79	52	78.09367504	21.20251958	137	116	88	113.5944956	20.73962984	106.5474974	0.1260891736
TCATCCCAGAGGGTGG-1	499	3466	3765	191	251	16.30278884	12.515964	124.0570341	7.449322157	137	107	69	105.6369145	25.90206119	98	69	43	70.47658124	21.402468	141	110	84	111.2194167	22.35332377	206.9969356	0.09039849147
TCATCGATGGTCCCAA-1	266	1682	5363	610	159	31.69811321	23.91014487	123.0532843	5.975279113	137	114	82	110.9568236	22.48785736	112	88	61	87.39477339	19.8858964	134	117	94	114.9424315	16.20389802	107.0499234	0.1175300033
TCATGCAGGTTCTCAT-1	306	4065	3252	298	291	15.52233677	11.85371965	126.3882989	8.539235588	143	110	79	110.6342634	25.39324714	105	73	47	75.32117157	22.83464252	146	109	84	112.647898	24.12611257	305.0362615	0.0756851019
TCATTTAAGTCTCCGA-1	338	4082	3420	81	297	15.88888889	15.01865656	123.4644361	8.474116774	135	111	80	109.0818079	22.27851327	98	74	51	74.66948618	19.78082377	139	109	85	111.0439338	21.56285666	232.0764811	0.1003575371
TCCAACTTTAAATTCT-1	280	2094	4600	947	196	23.16836735	15.72782596	125.4418701	7.248648401	141	111	77	109.4990531	25.39514819	108	79	52	79.14417372	21.63691196	139	114	90	114.1395026	19.13539836	157.122191	0.0969656199
TCCAATAAAGGCTACC-1	1364	3045	3081	431	197	14.05583756	10.76570645	123.4469603	8.465758103	134	94	47	92.39464714	31.7007022	110	73	40	73.94988007	26.10274413	143	109	76	109.522535	25.06202942	195.0997191	0.09116660882
TCCACAATGGTTTACG-1	764	2923	3754	480	158	24.05696203	17.97228657	125.2821253	8.059742461	139	105	60	102.5591466	29.67045048	99	68	38	68.35083954	23.00383927	138	112	79	110.2649918	22.58413769	147.1248723	0.1045978842
TCCACCTCTAGCCTTT-1	1088	3768	2847	218	210	15.16190476	10.86639539	124.0317631	8.32357184	135	99	57	97.96818584	29.31577593	116	81	48	81.69864916	25.65881743	142	112	81	111.8318394	23.38844409	188.7146323	0.09199879919
TCCACTTTATCTAGGT-1	195	2819	4578	329	316	15.03481013	10.07638816	125.8578411	8.25254048	142	112	82	111.5097841	24.26334575	114	82	55	83.57656862	23.40779754	148	114	84	115.3552582	24.89870478	305.0860572	0.07116639502
TCCAGAGCACCGGTTC-1	487	3594	3702	138	192	19.41666667	33.74140837	121.470789	8.318630446	129	104	67	101.2830451	24.99302115	116	80	51	82.16247948	24.77024303	137	115	87	113.484156	20.48318694	163.2483401	0.1302798284
TCCAGGCGAGTACGGT-1	460	3237	3896	328	189	21.78306878	20.17491053	124.9922111	8.470548333	139	108	69	106.1910112	27.01894205	94	65	39	65.97083702	21.37270122	140	109	81	110.2064133	22.53745921	183.0930797	0.09475615646
TCCAGGGTATATACGA-1	648	4531	2666	76	250	16.728	11.40762973	125.6103875	8.225357959	138	108	73	106.9914152	25.57335809	115	84	55	84.76442368	23.55076125	144	114	86	114.7477591	22.68751075	241.8930031	0.0871477246
TCCATCAATACTAATC-1	138	571	3726	3486	57	112.0877193	362.4777927	122.6752236	4.691402827	132	123	91	116.4441358	19.84358585	131	90	57	92.27850019	27.19054607	130	120	99	116.8421916	13.90566782	32.09244127	0.291023412
TCCATTAGTTGGATAG-1	472	1529	4820	1100	149	30.93959732	24.39392272	124.2952953	6.49722924	138	112	67	107.2315364	27.29487398	98	73	41	71.7122838	21.68537956	135	113	83	111.1835627	20.25411441	99.90538815	0.1214245223
TCCATTGTGACCTCGT-1	456	3387	3876	202	280	16.14642857	13.27067073	125.3216062	8.343459037	139	110	77	108.8541851	25.12388842	97	69	44	69.97677061	21.04829912	140	110	84	111.5272062	22.30021031	229.8587845	0.08579944191
TCCCAAAGACGAAGGA-1	51	3132	4448	290	233	23.26609442	21.66775082	124.7070399	8.011214189	141	115	92	115.7751547	19.69417917	99	73	54	75.15364222	18.36591014	139	110	89	112.4057568	20.1170351	164.9476507	0.1069010478
TCCCAGCTTTAGTCTG-1	550	3680	3412	279	208	20.34615385	13.81802699	126.4683518	8.707733372	144	108	73	108.3096831	27.02551864	101	67	40	69.17131675	23.05124715	143	110	83	111.4883222	22.79884971	188.8280133	0.09757875503
TCCCAGGCTTAGCTAA-1	373	2838	4065	645	189	22.97883598	18.20109819	125.7459746	8.348572634	143	110	72	108.6321172	26.92108099	100	68	42	69.68892817	22.10494052	141	111	85	112.302992	21.70918768	164.628192	0.0991700805
TCCCGCGTACTCCTGG-1	505	5275	2071	70	232	10.1637931	7.641136363	119.9812497	7.409750516	125	95	70	96.43870723	21.47964481	97	69	51	71.64587805	18.31403352	139	112	91	113.6980179	18.8052285	149.6210419	0.1185872663
TCCCGGGTGTGCTGCT-1	183	2113	4927	698	176	28.25568182	21.15815638	123.8238216	6.470449852	140	114	84	112.3196566	22.34209874	99	72	49	73.16626689	19.45394578	135	112	88	112.0840803	17.80526315	133.2293156	0.1102149668
TCCCGGTCAGGAATTT-1	276	1746	5212	687	185	25.11891892	20.51464655	122.9978079	6.619610266	137	111	74	108.1738417	24.74471507	98	73	47	72.57454867	20.10353277	136	113	87	112.3590456	19.58175503	136.8107763	0.107782927
TCCCGTCAGTCCCGCA-1	316	3360	3992	253	287	13.35888502	9.882239523	124.1174541	8.521130922	137	106	73	104.8076001	26.10564028	94	63	38	64.44527206	22.08918045	144	109	78	110.0352228	25.8646052	268.412666	0.08131618527
TCCCGTGTGCAATTTG-1	473	4982	2383	83	307	13.46254072	9.527658899	125.7448575	9.305677899	141	107	77	108.0075748	25.9057695	117	81	55	83.9277869	24.81960847	148	112	82	113.3584143	25.64255046	304.9650153	0.07824628183
TCCCTGGCGTATTAAC-1	75	535	6389	922	115	53.4173913	56.23490833	121.336057	5.271992601	134	117	97	115.6215124	16.03108682	111	93	75	92.85784623	15.25535677	131	116	101	115.7276859	12.47237381	48.00804392	0.1744136688
TCCCTGGCTCGCTGGA-1	286	1376	5553	706	154	34.03896104	30.23047467	121.9664187	6.226473277	135	114	85	111.2721879	21.3796729	110	88	63	86.96540841	18.53380416	132	116	95	114.2990784	15.20104085	81.80388151	0.1302946267
TCCCTTAGATTACTCG-1	423	4040	3281	177	281	15.09608541	11.79124558	126.1970566	8.746528598	142	108	75	108.2351976	26.701076	109	75	48	77.28241384	24.51113034	145	111	83	112.6759248	24.47497195	299.5748212	0.08128004957
TCCGAACTTGGCTTAC-1	224	1504	4504	1689	115	36.7826087	37.26072244	121.6739408	6.551060979	133	109	69	104.8445903	24.41236059	92	65	40	65.82805201	20.28192847	129	111	87	109.3093044	16.92666779	75.82903473	0.1382266996
TCCGACCGCTAATCAA-1	657	3548	3368	348	152	25.63157895	25.22417497	125.2208217	10.73512048	146	106	64	105.3286201	31.47181505	141	76	40	81.64638303	35.64920922	146	109	75	109.6433531	26.8369357	147.0829928	0.118862578
TCCGAGAAGGCTAAGC-1	803	2948	3897	273	188	21.56914894	19.55490104	123.8808341	8.180248993	137	107	61	103.6534528	28.55771709	102	72	42	72.37179649	22.50365752	139	113	82	111.8036864	21.7044154	158.7401685	0.09960369163
TCCGATAATTGCCATA-1	480	1529	5280	632	252	17.82142857	13.77842866	123.5664192	6.6147436	136	110	69	105.9649034	27.79981518	97	71	41	70.37747759	22.16510603	142	114	79	111.8656735	25.33069522	209.8443565	0.09399823929
TCCGATGACTGAGCTC-1	873	4599	2345	104	280	13.65	9.411941503	127.7246249	8.960637889	144	105	67	105.3242015	29.22136767	105	67	40	70.24883222	25.23017271	148	109	79	111.7007954	26.59810653	324.7917518	0.07104474016
TCCGATGGTGCGACAT-1	231	2067	5243	380	193	25.9119171	33.27258301	122.7838602	6.647660186	136	113	81	110.648908	21.66425183	114	89	62	88.57808358	20.22936886	137	116	94	115.3295039	16.92933692	125.3117978	0.1117310723
TCCGATTACATTGCCG-1	257	2029	4905	730	188	26.05319149	24.05285272	124.0691205	7.389577619	140	113	81	111.5783361	23.35636343	105	77	49	77.10402727	21.47127887	137	113	88	112.8885242	19.04473026	132.4408836	0.1084958671
TCCGCCTGTCTACAAG-1	635	3970	2989	327	275	14.67272727	8.519185931	127.2289872	8.625974578	143	107	73	107.5581366	26.60570592	120	83	55	85.26827421	24.84889041	148	112	86	114.943189	24.10007445	298.5720123	0.07903501844
TCCGCGGCAGCATCTG-1	530	3852	3288	251	264	14.1780303	10.5001141	126.4270411	7.820787325	140	105	68	104.4601692	28.19654287	107	72	43	73.99116273	25.03786649	148	108	77	110.8389092	26.9281201	328.767237	0.07319954715
TCCGCGGCCCAATGAA-1	643	4675	2574	29	294	13.98979592	15.30427993	122.3820968	7.419554627	133	108	71	104.5446282	24.32246772	99	73	45	72.94180028	21.02162866	139	109	83	109.9467239	21.97312609	200.6913943	0.105577694
TCCGCTGTCATCCCGG-1	590	4333	2876	122	303	13.41914191	9.417308862	125.1264468	7.529886487	138	107	73	106.4164878	25.58511841	116	86	57	86.63287464	23.42917404	144	113	85	113.9443252	23.28852324	262.0205567	0.08384734137
TCCGCTTATCCCATTA-1	909	3149	3564	299	213	16.53521127	13.72208834	123.3940202	7.881625304	135	103	57	99.24706476	29.53054283	107	74	44	74.98434541	24.06593135	143	111	79	110.8055801	24.71939375	217.0333248	0.09073946199
TCCGGCCTAGCGTACA-1	183	1914	5688	136	236	22.47457627	26.52859406	121.630116	5.703423019	131	114	84	110.772251	19.24831307	98	80	55	78.87173337	17.72503047	135	113	90	112.6823633	18.23080997	160.2895812	0.1116359539
TCCGGTTCGTCCGGTC-1	356	2052	5143	370	228	18.47807018	12.97313188	121.7153758	7.275905764	135	108	77	105.9142785	26.18495583	96	69	45	69.55902033	21.41340361	141	113	85	111.9035475	24.34511863	164.8403984	0.09617877572
TCCGTTAAGCTAATAT-1	348	5048	2490	35	328	15.96036585	14.49752762	123.7437186	7.268546561	136	114	86	112.3654842	20.62984664	106	83	59	83.33834112	19.16162673	141	112	88	113.7247822	21.05222231	225.1953524	0.0940692805
TCCGTTTAGCCTTGAA-1	393	3244	4181	103	303	15.58745875	13.18808247	124.6051578	7.184743994	137	112	75	108.9468501	24.67363701	98	72	46	72.12649918	20.31672968	139	109	84	110.8603712	21.44609061	234.9053882	0.08695489141
TCCTAAATTGGGAAGC-1	603	3455	3472	391	253	15.2687747	11.18117477	125.2551806	7.988261983	139	106	69	104.798384	26.71281387	113	80	51	81.20754955	23.74239136	144	112	86	113.6109077	22.5255058	221.657048	0.09155374185
TCCTAACCGTCGGGCA-1	478	3268	3869	306	168	23.35119048	22.55262098	121.8662831	6.972561889	131	106	73	103.9434415	23.20009148	112	88	62	87.79118798	20.17276919	132	113	92	112.5395783	16.35103588	120.0794178	0.1222945444
TCCTACATCCACGGCC-1	624	4250	2982	65	292	13.86643836	12.51325203	123.3978779	6.461931409	135	107	72	105.3974246	24.28495385	109	81	53	80.93712915	21.90159642	144	112	83	112.8062113	23.15685778	259.302094	0.08141825831
TCCTAGCAAAGAAGCT-1	379	3112	3949	481	210	21.57142857	18.23829417	126.8027892	8.007567033	143	111	76	110.3594243	26.48154123	110	77	49	78.81163994	23.63246695	143	114	86	114.4902159	21.6449687	185.35738	0.08732284261
TCCTCCTAAGACATTC-1	419	1691	4667	1144	127	34.09448819	32.39092735	121.4886011	7.145425357	136	109	66	105.4770862	26.4018074	92	68	42	67.44691327	19.32543744	132	110	83	108.5142028	19.3351188	83.21680286	0.1388591796
TCCTCGGGCTGGGCTT-1	744	4239	2827	111	270	14.43703704	11.4066955	127.069054	9.259523738	142	106	63	104.2700417	30.37003491	114	77	45	78.54727938	26.53213363	151	113	78	113.8366368	27.86126877	296.3128192	0.07576764191
TCCTCTACGAGATGGC-1	115	1181	6002	623	172	34.29069767	30.2158384	122.9874267	6.148059351	137	117	94	116.0055549	18.31117965	106	83	61	83.78702184	17.83175345	135	115	94	114.5182426	16.03800882	101.3876404	0.124384418
TCCTCTCCAGTTGTCC-1	917	2276	4200	528	59	53.15254237	211.9375359	118.5683788	6.609973041	124	96	45	90.85519505	30.5910817	96	57	28	59.60510037	24.49444066	124	108	76	103.8979927	19.4465189	62.25165986	0.1999139469
TCCTCTGGCCCATTAG-1	146	1364	6026	385	231	23.8008658	26.9531291	123.7692311	6.20914719	135	116	88	113.1503598	20.65417305	110	79	53	80.00138871	22.75273127	138	113	88	112.9583386	20.24043787	194.1544944	0.09722999986
TCCTGCCAACTGGAGA-1	283	3035	4440	163	264	17.42424242	16.87077499	123.6699406	7.758445364	135	111	75	107.9835879	23.3187403	111	75	45	76.88536801	25.46056982	139	111	86	112.2893574	20.88692056	198.9438202	0.09803636177
TCCTGCGTTGATACTC-1	287	1569	4902	1163	173	25.78612717	21.85304131	122.3999454	7.474050672	136	110	75	107.4211589	24.67163731	101	75	50	75.31877288	20.4491113	133	114	90	112.370029	17.63507556	111.4445863	0.120992395
TCCTTACGACGGTCCG-1	178	3242	4441	60	269	18.86245353	18.20657085	123.8237882	7.146820545	137	114	84	111.6415857	21.42056804	105	81	56	81.09405378	19.69063514	139	112	86	112.618735	21.05220598	205.054903	0.1004461369
TCCTTCAGTGGTCGAA-1	233	3233	4158	297	277	15.11191336	12.21047823	124.4048824	7.889045626	138	108	77	107.7655599	24.54861444	100	70	46	71.74169928	21.05109935	142	112	85	112.8851155	22.00369945	229.741573	0.083622977
TCCTTTAAATCCGCTT-1	294	3658	3713	256	331	13.59818731	10.25204407	126.3313205	8.90582846	141	111	79	110.1762404	24.8265234	115	83	55	84.14379498	23.58586539	147	114	85	115.170938	24.19302963	295.075715	0.08090230137
TCCTTTCTTACGCTTA-1	62	2144	5152	563	246	21.44715447	15.85539494	124.143173	7.154200206	139	115	90	114.4518369	19.57227864	111	86	63	86.52038884	18.90790228	141	116	93	116.2971847	18.67074438	150.5699694	0.1028857356
TCGAAATTTAGGACCA-1	642	2949	3847	483	181	21.55801105	15.38253312	124.8575416	8.540276514	139	106	64	103.7924504	28.00616013	104	70	42	71.32710516	23.17150198	139	111	84	111.2872112	20.84920276	142.0454545	0.1066382798
TCGAAGAACCGAGCAC-1	187	2879	4799	56	284	18.6443662	19.04378581	121.5573822	5.586384236	133	115	86	111.7126625	18.88194147	108	89	63	87.38467365	17.96591233	136	114	91	113.9882591	18.3310876	191.9541624	0.1020123615
TCGAATATCCCGCAGG-1	265	3128	4178	350	189	24.64550265	17.38199042	123.2943124	6.6079091	138	112	81	110.5588941	21.97060728	117	91	63	90.61217018	20.77535256	137	114	91	114.2040146	17.62132475	146.1141471	0.0974987444
TCGACAACTGAACCCG-1	114	759	4637	2411	78	70.24358974	212.0181527	120.7502632	7.203795405	134	118	86	113.5485419	21.2144579	131	64	35	75.13016033	35.85900936	130	110	84	108.8703447	18.80242272	42.03000511	0.2392423758
TCGACATAGCGTAGCG-1	891	2436	3516	1078	55	76.50909091	126.4296963	128.7109858	11.18563678	150	111	51	105.4892059	37.5889692	147	83	27	87.96490342	45.82241543	149	113	60	107.9877541	33.58291789	118.2538304	0.1885502197
TCGAGACCAACACCGT-1	387	3199	4160	175	228	17.82017544	13.36590766	122.1772754	7.893304276	136	107	73	104.8058326	26.4629126	92	66	40	66.3980558	20.9581012	142	112	82	111.7322308	24.22742647	177.6219356	0.1004522936
TCGAGCCAGGCAGGCC-1	634	3166	3643	478	164	23.51829268	19.51249523	123.5496429	9.031944351	139	106	68	105.0799142	26.89195844	117	84	54	84.90746118	23.66048081	140	114	86	113.6437319	20.49602858	154.7713228	0.1028431569
TCGATAGGCTAGTCGC-1	471	2698	4433	319	200	23.76	20.86126554	124.7112665	9.107794513	138	112	75	109.4873122	24.60234165	118	90	59	89.80027774	22.9383888	141	117	90	116.0305517	19.92462316	149.3970889	0.09930550661
TCGCAAAGATGCATTT-1	551	3524	3626	220	254	15.61811024	13.4726256	125.2039288	9.365221732	137	107	69	104.8586037	26.78649243	113	79	53	81.46181038	24.02485956	144	111	84	112.8651685	23.60268484	238.6391726	0.08253264336
TCGCACCAGGAGGCAG-1	454	3702	3531	234	281	14.31316726	10.32401086	124.7823715	8.352104006	139	107	73	106.1766191	25.62007657	113	81	54	82.08243909	22.89935927	145	112	85	113.7579851	23.05747488	257.3174157	0.08381828649
TCGCATCCCTAAGTGT-1	430	1562	5276	653	147	32.76190476	23.76882235	123.1863386	6.712983148	137	112	74	108.3105668	25.93494528	99	75	46	73.92122207	20.34321356	137	114	85	112.4910996	20.72347447	119.6673902	0.1131736225
TCGCATTCAATGACTT-1	202	2427	4742	550	195	25.07692308	23.65780038	123.553753	7.225728992	138	113	85	111.9190759	21.76694547	111	84	60	84.93940159	20.53928562	140	115	92	115.4269663	18.55140226	138.6186159	0.1065502351
TCGCCGAAGTTGCGTC-1	241	2804	4289	587	193	23.78756477	22.38757637	125.4742399	7.934219872	142	111	81	111.1241005	24.65684451	108	76	52	78.31347052	22.33219108	141	112	88	113.4892059	20.57294266	160.8207354	0.0955712973
TCGCCGGTCGATCCGT-1	279	4461	3026	155	248	20.84677419	17.2456373	126.58544	8.420162276	144	115	89	115.839288	22.03363743	118	88	63	89.43390986	21.97453982	143	116	91	116.4717839	20.43191601	208.3135853	0.09238942193
TCGCGTCCAGAAGGTC-1	247	2428	4425	821	159	23.99371069	21.50047443	122.7892679	7.77607004	137	105	69	103.8445903	26.45973111	89	60	36	61.75015781	20.33193355	133	108	83	107.7370282	19.82983801	123.5842697	0.1046343944
TCGCTAAACCGCTATC-1	475	3915	3373	158	274	16.51824818	15.24716185	126.4721428	8.997433386	141	111	75	109.1819215	26.51235643	112	80	49	80.50233556	24.81978018	145	112	83	113.2084333	24.1154874	294.9402451	0.08063239907
TCGCTACTGGCTTTGA-1	797	5043	2039	42	273	14.46153846	10.27886736	124.2205317	8.222257503	136	106	69	104.8767832	25.95525011	105	74	49	75.80166646	21.9532086	143	110	84	112.1002399	22.85893245	245.4247957	0.0847467751
TCGCTCGATATATTCC-1	201	2547	4873	300	233	22.77253219	17.84349513	123.2694817	6.672229561	137	115	87	113.2336826	20.03004451	104	81	59	81.20212094	17.50136036	137	113	91	113.4918571	18.07539976	140.5113636	0.1041121273
TCGCTGGGCGGATTGT-1	92	1933	5550	346	304	17.93092105	14.65564708	125.2737105	7.02332671	139	115	90	114.8011615	20.48969931	111	84	57	84.08168161	21.70581838	142	115	90	115.7798258	20.78887328	212.8372063	0.08757693521
TCGCTGTGCGTAAATC-1	80	2175	4938	728	200	24.585	17.22535268	124.4804933	7.952073006	142	113	88	113.6850145	21.69865436	103	73	53	75.91415225	19.20144055	138	111	90	112.9824517	18.60779512	132.8078396	0.1054342936
TCGCTTTAAACGTTTG-1	428	3963	3337	193	299	13.90635452	10.32278026	124.6347684	8.836536805	138	108	75	107.1107183	25.06774535	99	69	45	71.22610781	21.42460656	142	108	82	110.5942432	23.56001584	282.212334	0.08255207171
TCGGAATGACCATCAA-1	619	3048	4076	178	218	22.05963303	42.07803066	127.6722862	8.688454637	143	114	70	110.3834112	30.08486205	133	74	42	81.62757228	34.14922535	142	112	76	110.5748012	27.38003278	273.1505363	0.1278387332
TCGGAATGCGCTCTGA-1	403	2705	4271	542	151	27.94701987	24.90399794	123.093069	7.051084357	137	109	73	106.4881959	24.94974407	98	70	44	70.61759879	20.73666268	134	110	85	109.885368	18.8101966	102.7645557	0.1205223748
TCGGACGCCCAGCCCA-1	472	3920	3257	272	301	13.36212625	10.70000594	126.4510634	9.18645428	142	107	71	106.8886504	27.53476138	112	76	49	78.94470395	24.62951535	148	112	82	113.7764171	25.44888269	321.3488253	0.07657149785
TCGGAGAGTATCGGGA-1	396	2092	4627	806	153	26.4248366	21.06748969	120.8465471	6.349934753	134	107	69	104.1112233	25.04526646	98	72	46	71.93952784	19.80843758	133	111	87	110.3226865	18.08824479	89.49463739	0.1232906481
TCGGAGTACATGAGTA-1	189	2625	4602	505	308	16.58116883	11.75189551	128.6912365	7.711584104	145	115	85	114.6419644	24.47866368	119	86	58	87.38404242	23.84421027	148	114	85	115.7161974	23.8773166	270.2110572	0.07950341562
TCGGCGAACCCAAACC-1	114	1608	6085	114	239	25.93723849	30.15330832	123.9723407	6.759626784	136	118	95	116.229769	18.34401658	107	84	64	84.52745865	18.1656946	136	113	92	113.645878	18.23354117	198.3947906	0.1059757634
TCGGGAGACAGCGTAC-1	473	3660	3509	279	279	15.23297491	11.38442888	127.089501	8.140588015	142	109	72	108.1945461	27.19045223	122	87	57	88.68425704	25.4119781	147	113	85	114.7223835	23.86794172	276.2336568	0.0824851061
TCGGGCCGTCGTGGTA-1	631	4182	2930	178	293	11.75426621	9.451927439	125.0840617	9.196549584	137	102	65	102.1722005	27.50210449	105	71	44	72.93473046	23.84093666	147	109	80	111.4562555	25.71837977	308.3863636	0.07968785656
TCGGGTGAAACTGCTA-1	205	2263	5016	437	213	21.4084507	18.94090945	123.3518681	7.310429709	137	111	76	108.5405883	24.07279496	108	78	54	79.88827168	21.56848653	138	114	90	113.8616336	19.82629512	152.9499489	0.1059059275
TCGGTCCCGACAATAG-1	320	1410	5030	1161	131	36.4351145	29.80370878	122.4033799	6.384528684	137	112	75	108.6431006	25.01770625	99	74	47	73.87286959	20.403526	134	113	89	111.8093675	18.38321109	95.37806435	0.1246673008
TCGGTCCCTGACTCCA-1	45	1651	6161	64	131	54.35877863	117.6495682	124.7896335	5.609872586	134	124	106	121.7216261	12.64634163	130	118	81	111.6742836	19.941499	134	123	103	120.4277238	13.69822313	107.8905771	0.1843019774
TCGTAAGACGACATTG-1	400	2640	4750	131	301	14.1461794	8.271868852	122.1790081	6.042161808	134	109	76	105.5933594	25.61842403	93	67	42	67.10364853	20.78205814	144	112	80	111.5371796	26.11735651	265.810904	0.07772421261
TCGTATAGTGCAATTA-1	356	2493	4557	515	216	19.55092593	16.34657057	124.786409	7.967556105	140	109	72	106.7074864	27.31331313	100	70	44	70.9370029	22.41080897	141	112	84	111.8259058	22.9873387	170.6636874	0.09844199005
TCGTATTACCCATTGC-1	216	1854	4898	953	144	32.34027778	27.26494575	122.1714536	6.635293462	136	112	77	108.8342381	23.34773429	104	77	50	76.87387956	20.5811814	134	113	90	112.3834112	17.13424048	100.6156793	0.1176661857
TCGTCAAGTACGCGCA-1	578	2886	3796	661	164	22.3597561	14.76271143	123.9117185	7.788784179	137	104	66	102.5096579	27.62733203	107	75	46	75.95467744	23.36196552	138	110	84	110.4325211	20.70651529	142.1523238	0.1056763762
TCGTCACACTGTTAGC-1	437	1468	4891	1125	100	42.44	120.47243	119.7785474	5.952603762	128	109	66	102.8509027	24.26329222	92	69	41	67.8742583	19.0561558	125	109	84	106.3590456	16.16706302	57.00114913	0.1722799773
TCGTCCGCTGGCGTCT-1	77	2378	5093	373	169	34.21893491	27.92857537	123.887054	5.555507224	138	117	94	116.2730716	17.53016534	107	83	62	83.73046333	17.6256416	135	115	95	115.0133821	15.62265948	110.0915475	0.1172620883
TCGTCTTAGGCGTTAA-1	218	4610	2957	136	298	15.38590604	12.81025973	125.7113536	9.008068702	142	110	83	111.4414847	23.30495029	111	80	57	82.05832597	21.93885482	146	113	88	114.9607373	22.60377823	260.0907814	0.08161513378
TCGTTAGGAGTCCCTA-1	396	1861	5138	526	212	20.69339623	14.82715999	123.5974254	7.011639643	138	109	74	106.5196314	27.34090728	99	71	45	71.43353112	22.03143378	143	115	84	113.3259689	25.01382612	167.0183861	0.1043654111
TCGTTCGTTATTATGT-1	385	2730	4645	161	225	20.10222222	19.78940782	121.7394431	7.920942907	134	110	75	107.0244919	23.85079459	93	70	45	69.38505239	19.06957603	136	110	87	110.3574044	19.68729529	124.2493616	0.1091724582
TCGTTGCTATCCGGTC-1	696	3676	3054	495	162	18.91358025	13.32795959	125.6676821	10.56764699	140	97	57	97.98724908	30.84440902	92	55	31	59.12043934	23.81446586	142	106	76	107.839288	25.06287615	183.5923136	0.09679760569
TCGTTGGCTCGTCAAT-1	723	2210	4294	694	157	25.17834395	19.32441879	123.9682937	7.369371338	136	106	57	101.8099987	29.17070993	95	67	35	65.91667719	22.30013847	137	110	79	108.5635652	22.55288289	144.7249745	0.1070892546
TCTAATACTGCCTCAG-1	360	1841	4904	816	136	33.48529412	28.6815644	120.6624752	6.778789005	135	111	76	107.7202373	24.09332014	106	76	46	76.39553087	22.60075367	133	112	87	111.3446535	17.53409972	86.1325332	0.1284241212
TCTACCGTCCACAAGC-1	158	4919	2784	60	270	18.46296296	15.73638502	123.0455174	6.715043626	135	112	91	112.8207297	18.0460752	99	75	57	76.91352102	16.92201142	136	110	89	111.8164373	18.67377567	149.2371042	0.1067827989
TCTAGCAATCTCCGCC-1	117	1712	5277	815	217	21.97695853	17.43280514	121.347021	6.924574548	136	111	85	110.8543113	20.31847767	101	76	54	77.1122333	18.47818049	133	110	88	110.410933	17.46586265	113.5984423	0.1143588173
TCTAGCATCTTCGATG-1	437	2831	4415	238	181	24.1878453	19.69401475	121.520914	7.091042364	134	109	76	106.9390229	23.6990706	98	71	49	72.57341245	19.63169128	133	112	91	111.9202121	16.98425113	107.613381	0.1178446879
TCTAGCATGCCCAGAA-1	433	2753	4544	191	246	18.02845528	12.32137425	123.4562339	6.731986187	137	110	71	106.7543239	26.28706835	113	84	52	83.27180912	23.9365661	145	115	82	114.0621134	24.55291285	212.9194331	0.09067700434
TCTAGGTGGCGACGCT-1	156	2394	5302	69	221	24.29411765	30.81442648	121.360206	5.872812116	132	115	86	111.5662164	18.86203814	98	80	57	79.08168161	17.34493094	135	113	92	113.6307284	17.34319393	149.1475996	0.1155144389
TCTAGTGATATCGTGG-1	343	3136	4377	65	258	16.49612403	14.39833325	121.1302739	6.657666642	131	109	73	105.332155	22.92872513	92	69	44	68.71708118	19.16438625	135	108	83	108.5403358	21.1014687	181.8691267	0.1058647365
TCTAGTTATCAGAAGA-1	459	3626	3365	471	198	19.89393939	13.55772781	127.824674	8.792095387	145	106	70	106.9515213	28.58850356	104	67	41	70.63805075	24.09931711	145	110	83	112.6201237	23.89514387	221.3444842	0.08524080819
TCTATCATGCAGTTAC-1	131	2941	4460	389	193	27.07253886	22.32183165	125.7929342	8.09295842	142	115	88	115.0117409	21.13266572	113	84	61	85.89761394	20.60192549	140	116	93	116.0415352	18.09225797	141.3847038	0.09634980677
TCTATCGGTCGCAACA-1	1030	4416	2402	73	183	14.72677596	12.58030788	120.3690247	8.183636593	128	95	59	94.4991794	26.10753945	98	67	46	70.04166141	20.71430595	136	110	87	110.7593738	19.46193059	137.4011747	0.1138038102
TCTATTACGCTGGCGA-1	530	1618	5253	520	175	27.31428571	22.76886524	122.7652629	6.210478021	136	112	68	107.2835501	27.17861902	103	79	47	77.16677187	22.21538043	139	115	81	112.3467996	23.55923467	120.8836823	0.1146063261
TCTCATGAGATAGGGT-1	285	2861	4382	393	296	15.76351351	12.48017968	126.2655047	6.903149672	141	112	78	110.3820225	24.96850181	119	87	56	87.42822876	24.08073952	146	113	85	114.2514834	23.46869897	325.2768131	0.07732826115
TCTCCAACGTAGGTTA-1	417	3652	3543	309	295	15	10.76781142	127.4507254	8.367032614	144	110	74	109.4138366	27.24070916	114	79	50	80.50448176	24.40076453	148	112	85	114.8607499	24.33266222	293.7737487	0.07588944367
TCTCCCTGGGCAGCGT-1	577	4285	2913	146	283	15.34982332	10.20953055	127.8045808	8.612243572	143	109	74	109.0825653	26.84125506	115	80	51	81.5770736	24.39912204	149	112	81	114.105921	25.70271353	307.1663687	0.07529531568
TCTCGAACGAGGTCAC-1	92	2148	5534	147	257	23.72373541	32.3383971	122.4296889	6.10179369	134	118	95	116.3306401	16.86093882	128	94	68	96.43062745	23.76413826	138	116	93	115.6174725	18.38787626	155.1207865	0.1130068311
TCTCGGCTCCAGGACT-1	498	1933	4736	754	137	30.6350365	26.4602376	122.4964067	7.648009483	135	108	66	104.3611918	26.5382023	97	72	44	71.56104027	20.25352112	134	112	85	110.4346673	19.53430307	83.25357508	0.1362099423
TCTCTAATAGCTGGTA-1	148	3066	4325	382	207	24.95652174	17.46862041	125.2925982	8.380108091	143	114	88	114.4644616	22.73891446	108	78	55	80.28115137	21.4360435	140	112	90	114.3081682	19.59775642	170.028856	0.09921651969
TCTCTTACCGCGAACC-1	161	2388	4918	454	225	20.90666667	15.46997666	123.6097839	6.65959598	138	112	81	110.6370408	22.77356382	120	93	65	92.53389724	21.76598272	140	115	90	115.124353	19.52852469	154.552477	0.09976214986
TCTGAACCGGTCGGCT-1	93	1933	5229	666	168	32.42261905	27.29043462	122.9128782	6.679875786	139	115	91	114.8405504	19.04776955	101	77	57	78.22976897	17.12565907	134	112	93	113.0892564	15.87931021	111.0467314	0.1135364908
TCTGAACTCGTACCCG-1	324	2967	4563	67	249	19.12851406	17.86179513	122.5366886	7.103968788	134	112	76	108.3329125	22.41872107	105	80	52	79.46711274	20.44371349	137	112	87	111.742583	19.31887818	179.4724208	0.1033101928
TCTGAAGCACGTGGTC-1	208	3988	3450	275	317	14.27129338	9.650136687	127.7042818	9.447121386	146	110	80	111.4717839	26.31964839	123	84	58	87.37583638	25.7233103	150	112	84	114.6552203	25.82151894	365.1525792	0.07302882113
TCTGAATTCCGTACAA-1	296	4116	3440	69	295	16.21016949	16.6186509	124.4880541	7.403882255	138	112	81	110.4517106	22.94393517	104	78	53	78.66317384	20.7460686	143	112	86	113.2071708	22.79398697	225.5075332	0.09681674678
TCTGATGTATTCTGTC-1	253	3760	3696	212	308	14.72077922	10.85978926	126.4822687	8.256567678	142	111	80	110.8650423	24.34793021	122	90	63	91.28859992	23.23083708	146	115	87	115.8415604	23.04215838	295.101379	0.07771089015
TCTGCCAGAAACTGCA-1	652	3946	3069	254	286	13.55944056	9.153028753	127.1781799	9.511637658	142	106	69	105.4148466	28.44659982	118	80	48	81.54197702	26.78135152	149	111	78	112.6833733	27.02030149	330.0810776	0.07637866784
TCTGCGTCCGGTTTCT-1	735	2123	4325	738	138	29.7826087	26.80112996	122.4484985	7.19076607	138	108	56	102.4302487	30.14852288	99	71	39	70.18798132	22.45795942	136	111	80	109.2619619	21.56103783	109.6435138	0.1197409413
TCTGGGAACCTTTGAA-1	286	4129	3424	82	293	17.15358362	18.29919045	123.421592	7.50138811	136	113	85	111.743593	20.79913446	105	81	59	81.91478349	19.21749573	142	113	88	114.0760005	21.2164712	195.750383	0.100259348
TCTGGGTAGCGCTCAT-1	347	2177	4531	866	173	25.84971098	17.98427259	125.4219838	7.104169739	141	110	76	108.6997854	26.20235822	105	75	49	76.03598031	22.01432647	139	113	86	112.8390355	20.54859209	144.1232125	0.09976177192
TCTGTCATACAAGAGC-1	425	2935	4201	360	188	21.47340426	17.43054103	123.5158317	7.349501811	138	107	68	105.2489585	26.91533353	92	63	39	64.43365737	20.53661928	138	110	84	110.6896856	21.66571048	139.3447395	0.1050893074
TCTGTGACTGACCGTT-1	109	772	5271	1769	120	44.61666667	53.97564008	119.5679292	6.345476417	134	114	90	112.3258427	18.75872898	112	78	55	81.09253882	22.64185506	132	113	94	112.7295796	14.79508972	52.203524	0.1654170416
TCTGTGCCATCATAGT-1	312	3706	3709	194	302	15.42715232	11.586687	125.5122281	8.974581402	141	111	80	110.5591466	25.05349545	113	79	54	81.53377099	23.6397531	147	113	84	114.5224088	24.59277289	288.5011491	0.08128091812
TCTGTGGCTACATTTC-1	12	2312	4906	691	198	23.27272727	16.84619562	123.4524877	8.270742262	140	110	86	111.7350082	20.99167744	82	56	38	58.20237344	17.48835382	132	105	82	105.9375079	19.29891666	151.9375638	0.1010768104
TCTGTTACCCAGCATA-1	511	2701	4247	462	192	20.82291667	15.34973859	124.9407216	7.69146403	138	107	66	104.5799773	28.07629241	107	76	45	76.32420149	23.73262845	139	112	81	110.6572402	22.58065935	177.1178498	0.09550477087
TCTTACAGAGGTACCG-1	79	3110	4337	395	208	24.97115385	21.38585834	125.3776898	7.546199432	142	114	90	114.9882591	20.46676605	107	79	57	80.40058073	19.47410452	138	114	92	114.2372175	17.83906392	154.0195352	0.09947146285
TCTTACCGGAACTCGT-1	522	4041	3224	134	282	14.75886525	16.57366993	124.6022507	9.78580393	137	108	71	106.3956571	25.78663683	97	69	44	70.27067289	21.4161833	142	109	85	111.4505744	22.82084404	231.5182584	0.09053154354
TCTTACGGCATCCGAC-1	128	1590	5495	708	162	34.2345679	32.20182174	122.8204856	6.572678765	138	117	89	114.7954804	20.32898429	111	88	62	87.11576821	19.50642325	137	116	92	115.0424189	17.53390046	101.6034219	0.1216020844
TCTTACTTATGCCTCT-1	263	3030	4503	125	318	14.55345912	13.17141359	122.5414093	6.945796931	134	111	78	108.4859235	21.70877438	107	81	55	81.19883853	20.36592972	140	112	87	112.9535412	20.92255787	216.1712206	0.09052613437
TCTTAGAGTGAACTCT-1	427	4283	3159	52	302	16.60264901	16.42404935	122.5854174	7.266309112	134	113	83	110.3467996	20.6744026	100	79	56	78.69246307	17.67917756	138	112	90	113.1987123	19.42261253	172.904239	0.1019725713
TCTTCCCATGGGCACA-1	241	1908	5621	151	258	19.88372093	20.35960734	120.6944934	5.861068724	132	113	85	110.1219543	20.33753241	89	71	50	70.01451837	16.18804147	134	110	87	110.3545007	18.60702845	143.6650919	0.1132919641
TCTTCGAATAGACGTT-1	798	4791	2223	109	176	11.96590909	25.04380202	118.3201783	9.18331865	121	91	60	91.38921853	24.11615267	97	59	40	63.54071456	21.30156656	135	108	86	109.524555	20.1117804	151.9576098	0.1256417834
TCTTCGATACCAATAA-1	133	4454	3275	59	265	21.01132075	18.08939709	123.8585595	7.280444241	138	115	91	114.9803055	19.13478504	109	83	60	84.34263351	20.10870625	138	114	90	114.1382401	19.0668219	164.2856231	0.1058702702
TCTTCTATAACCCGCC-1	254	2229	5405	33	167	33.86826347	117.323829	118.3456969	6.636819531	128	118	84	111.8798132	19.72800011	130	94	53	94.53995708	29.54548084	129	119	93	114.6254261	16.17080603	132.0072778	0.1961901422
TCTTGATGCGTAGCGA-1	175	3264	4334	148	265	20.14716981	17.98608061	124.7404059	7.979764099	140	114	88	114.0121197	21.22335646	104	78	56	79.33821487	19.53738715	140	112	90	114.0921601	19.65729205	186.2358274	0.09799373492
TCTTGCTCCCGATACT-1	372	3152	4239	158	262	15.57251908	12.7710494	121.4222297	6.27435914	133	107	72	104.9274082	23.55354016	101	75	49	75.5029668	20.04357134	141	113	88	113.57114	20.69159671	179.3974719	0.0947750298
TCTTGGTAACACCAAA-1	120	3827	3770	204	279	18.94982079	16.0738994	127.4230715	8.009009945	144	116	89	116.0599672	21.2685337	119	90	65	91.07978791	21.33909787	145	116	91	117.1926524	20.61420231	232.7715781	0.08682936098
TCTTTAAGACTATGAA-1	212	3247	4405	57	291	17.94845361	18.08268778	123.4299347	6.347514342	135	114	86	111.9965913	20.69763234	99	77	53	76.63476834	19.18435398	137	111	87	111.7214998	20.07454115	199.4512257	0.09857405667
TCTTTCTCTTAAGGAG-1	227	2883	4538	273	289	14.94809689	11.34703008	123.8238864	8.168898701	138	108	81	108.5157177	24.14391135	94	62	39	64.5008206	22.45994132	137	103	79	106.1776291	22.96065993	245.9376915	0.08553464745
TGAAACTTATGCAAGC-1	530	2595	4520	276	226	19.3539823	17.56198648	123.2462057	6.986048806	137	110	67	105.912511	26.35471849	95	68	41	68.07448554	21.28330745	139	110	83	110.7072339	21.93194555	198.0297497	0.09139997946
TGAAAGGACCTGACTC-1	613	3875	3192	241	278	13.6294964	9.805819394	125.7800794	9.234514954	140	105	64	103.4971594	29.41715558	111	74	44	76.65484156	26.09110783	148	109	79	111.4695114	26.62068058	340.1035495	0.07299311614
TGAACAAGCAGGGACT-1	212	2174	4913	622	196	23.46938776	19.59107673	123.0476776	7.331990551	136	111	80	109.2617094	22.35540156	108	83	57	83.23115768	20.00772402	136	115	89	113.8356268	18.52919024	144.4436925	0.1036821277
TGAATGAGTGTTTCCC-1	216	1796	5405	504	189	27.37037037	45.63589938	123.5224295	7.128605614	137	115	84	112.8257796	22.74793283	129	88	54	88.34364348	27.10238738	136	115	89	114.1488448	18.91394579	110.6428754	0.1360468047
TGACATCGAGCGGACC-1	403	4117	3346	55	296	16.31756757	15.09677662	122.7009005	7.032579154	135	112	80	109.2072971	22.71817761	97	73	48	73.39515213	19.86917563	140	109	85	110.9688171	22.20271715	196.2399132	0.1011188996
TGACCAAATCTTAAAC-1	782	3517	3433	189	229	15.81659389	12.59657834	122.3258122	6.826403071	133	104	63	101.2879687	26.94104657	105	76	47	76.30741068	22.5157955	140	111	82	111.0244919	22.70210538	181.1750511	0.09313483211
TGACCCACGTTAGACA-1	219	2875	4311	516	209	23.09569378	17.14950948	126.9161557	7.676048964	144	113	82	113.0308042	24.65884506	109	78	51	79.28493877	22.57333822	143	115	89	115.5081429	21.04661362	193.1326609	0.0857332006
TGACGAATATTTCCCT-1	152	1558	5069	1142	147	30.66666667	22.4309472	121.502825	7.141312769	135	110	82	108.934478	21.18187333	96	71	48	71.54046206	18.37912837	131	110	88	109.3669991	16.63294118	82.87576609	0.1352556496
TGACGATGCACTAGAA-1	227	3793	3757	144	309	15.56957929	12.77256288	125.1364031	8.497005674	140	112	83	111.5538442	22.71723196	109	81	55	81.59512688	21.94437129	143	111	85	112.7545764	23.15916204	237.8912155	0.09459617904
TGACTATAATCCTTTC-1	463	3398	3966	94	307	15.7752443	12.73681113	123.8144357	6.789063816	137	112	79	109.7092539	24.38290117	123	96	65	94.84698902	23.30222915	144	116	89	115.9804318	21.70116434	221.8126915	0.08368593557
TGACTCCGAATCATAC-1	280	1261	5296	1084	123	40.36585366	38.40462123	122.3407191	7.030447178	137	113	76	109.8718596	24.32298797	100	73	46	73.34894584	22.32238884	133	113	88	111.4840298	18.34561458	72.26059755	0.155331884
TGAGAATGCTTTACCG-1	1022	3640	3074	185	156	20.37820513	23.09882419	122.8294201	8.324668344	134	98	59	97.5335185	27.74080018	101	68	46	71.1143795	21.34060882	136	109	88	110.5827547	18.53211983	129.7604699	0.1213621354
TGAGAGATTTACCACG-1	850	4359	2606	106	298	12.65100671	9.547427479	124.4163562	7.859019198	136	105	65	103.0324454	27.32491558	103	73	44	73.97992678	22.89305868	143	108	81	110.5851534	24.12949226	281.7365935	0.08777959427
TGAGATCAAATACTCA-1	198	1952	5519	252	246	21.69918699	17.45187807	123.1213081	6.912055415	135	114	87	112.2819088	20.67248252	116	88	54	86.95682363	24.23433038	138	116	91	115.2955435	18.99465082	140.1412155	0.1102989391
TGAGATTAGGCCCTAA-1	75	1910	5679	257	250	24.304	24.91448543	124.7492244	6.138071507	137	118	94	116.6831208	17.64756399	129	107	77	105.0152758	20.44264349	140	119	96	118.4835248	17.54511597	148.4041113	0.1177122909
TGAGCAGTCGTGAAGT-1	751	2251	4368	551	180	21.2	16.0303185	123.2194796	7.728080783	136	106	58	101.503093	29.3314476	97	69	37	68.30021462	22.56687264	138	111	79	109.9030425	23.24795274	167.3730848	0.09876070536
TGAGCCATACAGTCTC-1	279	2967	4270	405	186	25.1344086	16.98823752	125.2044441	8.140890518	142	112	79	110.9954551	25.45260996	113	82	53	82.68753945	23.32979243	142	115	88	114.943694	21.17897023	166.4138151	0.09666285484
TGAGCGGAAAGTGTTC-1	798	3817	3111	195	215	16.35348837	13.80143823	125.1330476	9.007924819	137	103	63	101.6121702	27.95432138	112	79	51	80.73071582	24.08246735	144	112	84	112.9598536	23.21175699	223.6437692	0.08901449967
TGAGCTTTAATGACGC-1	384	4273	3072	192	297	15.36700337	11.16798524	125.4035278	8.520635171	141	110	79	109.9544249	24.64622185	105	73	49	75.18078525	22.10623578	145	110	84	112.6028279	23.43572573	287.8309499	0.0820270982
TGAGGAGTGCCAGCTT-1	706	3611	3185	419	214	16.39252336	13.34849707	126.2156063	9.285029278	140	102	65	101.9599798	29.16410328	116	78	49	80.79308168	25.582214	143	111	83	112.2788789	23.33926936	232.8134576	0.08782890876
TGAGTAAATTAGCGTA-1	388	1923	5373	237	222	20.37837838	14.08440071	122.0125916	6.089277872	133	110	76	106.3278626	25.35152069	95	72	45	70.97740184	20.4494535	141	114	82	112.5708875	24.42779437	152.6945863	0.09826626572
TGAGTGCCTCTTAAAT-1	318	2508	4186	909	228	19.4122807	13.0446678	126.7704763	8.21338376	143	110	74	109.3518495	26.62540246	108	75	46	76.28329756	23.81711417	143	112	85	113.125363	22.06708538	181.1142748	0.09112092062
TGAGTGGTCCGTGACG-1	617	3585	3470	249	270	14.7037037	10.02114363	127.0816527	7.952599442	142	107	66	105.1550309	29.09995577	111	75	45	76.59260194	25.46861724	148	110	79	112.2218154	26.35602836	316.8410368	0.07232964724
TGATACATTTAGCCGT-1	672	3244	3550	455	172	21.65697674	16.51122973	126.1430611	8.507644905	140	104	61	102.133569	30.17763486	101	68	39	69.25514455	24.12007938	140	110	81	110.5383159	23.12939462	201.8130746	0.08825751963
TGATCAGGGAACTGCT-1	358	2252	4568	743	142	29.18309859	21.88337195	121.3485659	6.970444717	134	108	75	105.8309557	23.0368555	107	81	56	80.971342	19.3724174	132	112	92	111.9170559	15.90695592	91.61044433	0.1265859172
TGATCGGTTTGACCCT-1	382	3278	4031	230	217	20.20737327	21.61281283	121.9322548	7.49270374	136	110	75	107.8281783	23.07659792	106	78	52	78.88107562	21.06532116	138	114	92	115.0146446	17.96699235	136.2070991	0.1045325808
TGATCTCCGGCGCCAG-1	438	2288	4635	560	189	22.24338624	17.51594953	124.7806636	8.678432303	139	109	63	105.0511299	28.61205519	95	66	35	65.88006565	22.54624801	141	110	77	109.7670749	24.85482467	129.0930797	0.1177694973
TGATTCCCGGTTACCT-1	295	2838	4250	538	234	18.84188034	14.42889278	125.2676	7.935854144	141	110	78	109.2819088	24.78067789	118	87	60	88.16980179	22.75835032	143	116	89	116.0938013	21.15066191	194.4373085	0.08392915202
TGATTCGTCTATCACT-1	422	2453	4447	599	180	24.28888889	19.75896109	124.6865715	7.87119364	140	110	70	107.3647267	27.29529012	99	69	41	69.89294281	22.40062631	139	112	83	111.4638303	21.62726064	143.8959397	0.1023864701
TGATTCTGTCGCCGGT-1	666	2777	3968	510	182	21.82967033	15.86615026	127.1533754	8.331342423	142	107	61	104.3168792	30.57680694	106	72	39	72.93649792	25.32698685	145	113	78	112.3826537	26.05933422	192.7146323	0.08517168302
TGATTTATTAGCTGTG-1	177	2299	5010	435	171	30.5497076	21.96093388	125.5917147	6.661173252	142	115	85	113.8155536	22.98979515	109	82	56	82.77540715	20.89361855	138	116	92	115.5881833	18.20036977	147.6062308	0.0984200979
TGATTTCCTCCTGACG-1	179	1527	5416	799	179	28.99441341	28.3074693	123.8375981	6.754285711	141	115	86	113.0674157	22.88918762	107	80	56	80.56634263	20.07472276	138	114	91	113.7935867	18.50097332	124.9542901	0.1093788055
TGCAACCCATCTGCGG-1	985	4049	2777	110	291	12.67353952	9.7607085	123.8288189	8.674236613	136	104	56	101.1344527	29.60663669	102	70	38	71.06792072	24.43910229	145	110	78	110.992299	25.22350672	256.1778601	0.09212331512
TGCAAGAATGACGTAA-1	300	4527	2949	145	177	13.1299435	11.95849964	119.2147017	7.320251603	124	92	65	93.28077263	22.87025469	88	62	46	64.97803308	16.98591089	135	110	89	111.1527585	18.61461445	127.4180286	0.1223719998
TGCACGAGTCGGCAGC-1	505	2613	4667	136	198	23.09090909	26.89958541	122.8721915	7.519147321	134	111	66	105.6346421	26.36139599	122	88	44	85.38214872	30.01379188	139	116	86	114.1668981	20.96280352	161.5091931	0.1101446432
TGCAGAACTATATCGT-1	217	1395	5553	756	157	32.84076433	30.9847938	119.7207229	6.153639389	133	113	84	110.5725287	19.75279168	112	91	64	89.53200353	18.57564756	131	115	97	114.7716197	13.7247909	67.37959653	0.1495923396
TGCAGAGTACCGAGCA-1	736	4326	2690	169	176	20.25568182	14.93613189	124.9873764	9.23376103	140	103	66	103.0332029	28.56223151	100	66	42	68.78904179	23.00753374	142	111	84	111.9265244	22.63400315	165.6818182	0.1034659821
TGCAGATCGTCCTAGG-1	405	1497	4857	1162	108	42.13888889	42.68650978	122.7869274	6.813444327	136	111	72	107.210832	25.00564741	105	76	48	76.05807348	21.53928565	134	114	87	111.8438328	18.35201192	75.40819714	0.1400505176
TGCAGCTACGTACTTC-1	128	1720	4794	1279	110	31.23636364	30.84799309	119.0742752	6.069189927	129	103	70	101.1118546	22.76558359	72	50	29	50.47986365	16.48512981	120	99	78	98.80595884	16.39501326	66.87538304	0.152079659
TGCAGGATCGGCAAAG-1	436	3323	4066	96	271	15.34686347	12.87828271	122.9312958	7.051625379	135	108	73	105.1574296	25.8796821	91	65	39	65.1979548	20.76126497	143	111	80	111.1201868	25.2696294	237.0593718	0.0892014431
TGCAGTGGTAGGGAAC-1	469	1408	5217	827	130	40.46923077	44.47526339	122.886073	7.552587544	137	115	75	110.5760636	24.81029761	117	94	63	92.05592728	21.65414359	138	120	92	117.0748643	18.34090139	72.60737998	0.1515341531
TGCAGTTTCCTCCCAT-1	493	4431	2843	154	319	12.81818182	10.00962774	126.1429645	8.429675677	141	108	74	107.1873501	26.37946692	114	79	53	81.49829567	24.39082901	147	110	82	112.8202247	25.03897227	344.9826353	0.07533728131
TGCATATGTCTGTCAC-1	317	3833	3493	278	288	14.18402778	11.1634396	126.1085309	8.602967047	142	107	75	107.4519631	26.36145182	108	74	47	76.05125615	23.97674143	148	110	79	112.3731852	26.34954087	349.7838355	0.07258539852
TGCATGGATCGGATCT-1	850	2423	4372	276	237	16.97468354	12.67307989	124.1426964	8.90900048	136	107	52	101.581366	31.12053246	98	68	33	67.18785507	24.32686889	144	112	72	110.2959222	27.13401576	219.290858	0.09045948916
TGCATGTGGTAATCTA-1	147	3085	4515	174	317	13.66246057	8.924655404	122.6144705	7.28990295	135	109	82	108.410428	21.81501893	94	68	45	68.7752809	19.3298206	145	111	81	111.9301856	24.35013291	280.441522	0.07790738208
TGCCAAAGTCAGACTT-1	160	1159	4918	1684	132	39.96212121	38.01961322	121.7970774	5.808476832	135	114	85	112.0114884	19.83147644	98	76	54	75.7942179	16.82442576	130	112	93	111.8277995	14.53115759	66.92045455	0.1423452944
TGCCAATGGGTACTCT-1	573	2103	4490	755	221	19.78733032	15.09322531	126.1520538	8.094419706	142	109	65	106.5134453	30.31742355	105	73	40	73.14228002	25.13913976	146	114	78	113.1797753	26.57515016	199.110189	0.09189170066
TGCCACCTGGCGAAAC-1	805	3701	3108	307	276	13.14855072	9.46138403	125.3048515	8.399552874	140	104	62	102.3960359	28.92523444	103	68	41	70.17813407	23.76799354	146	110	80	111.5739174	25.08422618	272.8993871	0.08112753051
TGCCAGTACGTGGAGA-1	615	3812	3297	197	255	15.51764706	10.6626838	126.9872317	8.950336957	140	106	67	105.1960611	28.09219433	107	73	46	75.15099104	23.93401751	145	109	81	111.2018685	24.65715991	238.4071757	0.08664580728
TGCCATTACTAAAGAA-1	397	4267	3075	182	309	13.55987055	9.31368871	126.397796	8.768044898	141	108	75	108.3716702	25.792819	106	72	46	75.0343391	24.39422017	145	110	84	112.4221689	24.46512083	271.936287	0.08004604882
TGCCCGTACCGTTAAA-1	640	4210	2958	113	268	13.8880597	9.777495061	123.3709224	8.380685219	136	105	67	103.2179018	26.30765868	106	76	50	77.29895215	22.57747139	142	111	85	112.3414973	22.59888635	216.7138662	0.08958158927
TGCCGGATGTACGAGC-1	681	2670	4065	505	171	23.87134503	18.56569962	123.1648515	7.098843493	136	107	67	104.3706603	26.20020841	108	81	52	80.44703952	21.69987882	138	113	87	112.6967555	19.91970882	142.2030133	0.1036749931
TGCCGTGGATCGTCCT-1	650	3926	3134	211	226	16.31415929	11.16146474	126.2890085	9.237966429	140	104	65	103.3175104	28.8033318	115	79	50	80.90632496	25.42854884	145	112	82	112.674536	24.43345932	263.2261236	0.07809769035
TGCCTGACATCGGTCA-1	361	1271	4722	1567	129	36.55813953	30.02115713	122.4918656	6.59728839	136	112	74	107.6032067	24.9636521	94	71	45	70.23292514	18.54080775	130	112	88	110.3442747	17.47547622	73.14925945	0.1423521146
TGCCTGATCAAACGAT-1	356	2552	4610	403	262	15.73664122	10.06293711	124.7598439	7.660689497	138	108	69	105.5043555	26.7429612	97	67	38	67.36194925	22.29496429	144	111	79	111.0079535	25.04019871	237.1100613	0.08700180629
TGCCTTGGCCAGGCAA-1	435	3972	3330	184	277	16.02888087	12.34254901	127.1890558	8.291455634	143	110	75	109.3937634	26.61506013	119	85	56	86.51521273	24.52096902	149	114	85	115.350587	24.41475931	273.8553371	0.08517111908
TGCGACACCCTAGTGC-1	180	3188	3991	562	196	22.10204082	17.30134464	126.0017121	8.140405703	145	109	77	110.1304128	26.05857145	107	72	46	74.08168161	23.38170702	147	112	82	113.3186466	24.91265321	187.7895812	0.08896945907
TGCGACGGCCGAACGT-1	182	1746	4951	1042	188	25.67021277	22.5418704	121.6179439	6.27544041	136	112	83	110.5145815	21.13260794	121	95	68	95.00391365	20.73987746	136	115	93	114.7021841	16.76834618	123.3854699	0.111205897
TGCGAGAATATTACCC-1	586	3273	3660	402	179	22.69273743	18.27568225	125.4115464	8.185443563	142	107	69	106.056811	28.25477546	109	75	46	76.70231031	24.2255322	143	114	84	113.5832597	22.86855934	171.7658325	0.09947758793
TGCGCAAAGCATTTGG-1	526	4669	2620	106	242	11.8677686	9.58428651	119.5282362	6.636592489	127	99	72	99.18154273	21.3748237	100	72	52	74.59537937	18.61279345	139	113	91	114.3103144	18.59850021	145.9253064	0.1131617571
TGCGCGATTAACGGAG-1	193	1839	5455	434	189	28.19047619	24.72912971	122.6956742	6.445905858	136	114	87	112.9521525	20.35959045	97	75	53	74.69599798	17.74381782	133	112	91	112.3279889	16.69337714	109.945097	0.1203485364
TGCGGAGTAAAGGTGC-1	1559	3297	2974	91	225	15.49333333	11.73186354	125.2845076	8.530298675	136	101	45	95.20540336	34.37775697	100	66	28	64.9239995	27.299894	142	108	72	107.6442368	26.92634086	225.8571246	0.09646568335
TGCGGCATAGTTCAAC-1	326	2633	4433	529	217	21.24884793	17.54343684	125.8254477	7.614727508	143	112	76	110.0955687	26.40388394	110	79	50	79.36409544	23.22320502	144	114	85	114.161217	22.95821865	187.2002043	0.09281125373
TGCGGTGAAATTTCAT-1	326	3800	3718	77	236	18.70762712	15.59726539	122.671311	6.400632701	136	109	76	107.5845222	23.57966205	95	69	45	69.85279636	20.11021381	137	109	82	109.4712789	22.55803081	178.7995403	0.1016635667
TGCGTAAGAACCTGAT-1	488	4039	3102	292	200	20.49	15.23580979	126.7862384	9.236431624	144	108	74	108.3445272	26.85030953	111	75	48	77.43517233	24.1563286	144	113	86	114.1492236	22.49791646	201.8793412	0.08681717716
TGCGTCATGACTGAGC-1	295	1083	4638	1905	120	40.675	35.29404164	122.6098764	6.326315188	136	113	78	109.5841434	23.47280071	105	81	56	80.81896225	18.73210089	134	115	91	113.4479232	16.93647491	76.99770174	0.1457815462
TGCGTGATTGGGTGTC-1	25	366	3833	3697	73	90.30136986	406.0462112	119.2380924	5.401176502	133	124	100	119.6687287	14.15371251	131	83	57	92.9715945	30.70806992	130	119	96	115.8272945	13.79529925	25.41930541	0.3034271116
TGCGTTTGTTGACACT-1	466	3725	3489	241	285	15.01403509	10.25806381	128.3432166	7.931031095	145	109	72	108.8313344	28.16729708	128	89	55	90.56028279	27.99578274	150	113	82	114.8516601	26.02266767	334.5500511	0.07437120364
TGCTAAGTGTCTATTT-1	410	4035	3323	153	305	14.96721311	10.85155759	127.7366147	9.026244572	144	111	78	110.3865674	26.72557904	116	83	54	83.86744098	24.54716716	149	112	82	113.6298447	26.12607867	325.2475741	0.08172521741
TGCTATACAAACGGAC-1	181	720	6724	296	142	47.03521127	78.50867109	123.8083215	5.878840388	135	121	100	118.1929049	18.20413793	133	117	84	112.4724151	21.66434393	136	122	104	120.2974372	14.39220688	84.54839122	0.1721187493
TGCTATGGCAAAGGGA-1	257	1037	4925	1702	144	35.25694444	31.32041989	123.1178458	6.36367742	138	114	80	110.8875142	23.94951866	101	77	52	76.61810377	19.38797096	136	116	91	114.0429239	18.54228579	92.30158325	0.1253683805
TGCTCCACAGTTCTTA-1	227	2848	4714	132	238	19.22689076	21.97379531	120.5778241	6.482314191	131	110	80	107.6732736	19.94948308	105	83	58	82.37987628	18.30077355	136	114	91	113.5626815	17.92391982	151.0603933	0.1063983793
TGCTCGGCGAAACCCA-1	449	3116	3857	499	227	17.56387665	13.29632187	125.8177122	8.248451363	142	107	70	105.9828305	27.77725727	117	81	52	82.7068552	24.79701031	145	113	86	113.9787906	22.82664517	235.6652196	0.08449824113
TGCTCGGTGGGTCACC-1	123	2932	4530	336	277	17.5631769	16.80941635	125.7784918	7.853925139	141	113	84	112.5157177	22.73087386	114	82	56	84.06981442	23.49396663	142	113	86	113.360813	21.95592099	244.2655771	0.08189543204
TGCTCTTGAGAGTTTG-1	712	4048	3012	149	267	15.70037453	12.16522181	125.473186	8.101794636	139	108	71	106.9311956	26.2877013	113	81	52	82.01653832	23.89010006	146	113	84	114.1073097	23.88996782	247.6870531	0.08522603388
TGCTGGTTGGACAATT-1	174	1700	5515	532	161	32.22360248	30.04695604	123.890684	7.829427426	139	114	84	112.3128393	22.59877332	110	76	50	78.34894584	24.60907976	136	112	89	111.9453352	19.33559112	114.0409857	0.1231744786
TGCTGTTGAAGAACTC-1	372	2411	5024	114	259	17.94980695	13.5402086	121.871021	6.665302984	134	110	79	107.5758111	24.58870799	94	71	46	70.52354501	19.59191629	141	114	84	112.7281909	23.43314874	163.5526047	0.1014682711
TGCTTAGAGAGAATGC-1	221	1804	4818	1078	133	35.09774436	29.52299083	122.5252385	5.630013685	135	112	74	108.2293902	23.57662754	119	94	62	91.99608635	22.27019262	136	118	94	116.19139	16.89249466	87.71284474	0.134266323
TGCTTCCCAAGCAGTA-1	413	3134	4020	354	271	16.13653137	11.81810924	125.5315975	7.420932045	140	110	74	108.447797	25.41115175	122	90	60	90.3220553	24.23800327	146	116	87	116.1545259	23.25073113	256.6227017	0.08346048531
TGCTTGAAACCATGCA-1	199	690	4049	2983	87	67.18390805	191.3628394	119.8659554	5.568270653	133	118	85	113.2263603	21.41766128	131	78	48	83.69486176	30.60989581	131	114	87	111.9161722	17.7830859	55.09129213	0.2243482716
TGGAAGAAGGGAACGT-1	473	2373	4505	570	179	25.50837989	19.63930864	124.3350298	7.47923682	140	111	73	109.0013887	26.73783607	105	76	48	76.16702437	22.07542941	137	112	86	112.2322939	20.12413371	155.8091164	0.1005218706
TGGAAGACGAACACCA-1	456	2516	4626	323	196	22	17.80162799	123.468238	7.437811264	136	109	72	106.1824265	26.62612079	97	71	43	70.46585027	21.35001475	140	113	82	112.0792829	22.83990878	129.5391982	0.1072395633
TGGAAGGATAAAGATG-1	828	2579	4288	226	225	18.15111111	14.77307795	123.9412078	6.791969087	136	107	53	101.2546396	31.46071708	103	73	37	71.68034339	25.22906704	144	113	75	110.849514	26.73754719	241.0776302	0.084725734
TGGAATTAGACGCTTT-1	356	1441	4818	1306	72	69.69444444	235.5496904	117.9665472	5.30591011	129	114	74	107.3524807	21.39426124	123	91	58	90.27193536	23.63317552	130	116	91	113.2832976	15.18750492	46.23123085	0.2173333372
TGGACCAATCTAAGAT-1	408	4319	3020	174	318	14.08176101	10.65730833	126.2817074	8.391305242	141	110	78	109.7009216	24.96907438	123	91	62	92.1484661	24.04083606	147	115	86	115.8645373	23.68877672	327.2955822	0.07433072571
TGGACCACGGCGTTGA-1	208	1390	5216	1107	147	34.14285714	34.50781239	121.1778124	6.006699042	135	113	80	110.0802929	21.68605964	97	75	51	74.33745739	17.76909002	131	113	92	111.9481126	15.17656747	71.92517875	0.1444780105
TGGACGCAATCCAGCC-1	318	996	4717	1890	121	42.6446281	53.93428194	121.1645943	5.856609173	133	114	78	109.0751168	22.58548911	110	91	63	88.42797627	19.24081491	132	116	95	114.5365484	15.54841703	58.72331461	0.1650486303
TGGACTGTTCGCTCAA-1	137	2110	5279	395	178	24.97191011	39.19935074	121.526523	7.531724824	131	111	76	106.6427219	22.44120065	115	84	51	84.01009973	25.3485417	137	118	90	115.7701048	19.24704461	113.9166241	0.1491732704
TGGAGCTAAAGTTCCC-1	479	4366	3017	59	248	19.26612903	16.06795492	125.1989046	8.317132042	138	112	75	109.2782477	24.96208144	125	91	56	90.6287085	26.50899482	142	115	89	115.7265497	21.03150409	202.0531154	0.09274062861
TGGAGTGATGCGATGA-1	323	3154	4097	347	185	24.70810811	22.0493596	125.4984156	8.172497791	142	111	78	110.3890923	24.85300001	107	76	49	77.18293145	22.64532507	141	113	87	114.0594622	20.44205631	161.1311287	0.094789458
TGGCAAACTAAATTAC-1	460	4280	3043	138	292	14.0239726	10.78507851	125.163675	8.178034442	140	108	75	107.2628456	25.92510738	115	82	55	83.78070951	23.72536255	146	113	85	113.9823255	23.75394512	292.1593463	0.07807063131
TGGCAACTCGCGCGCC-1	292	3543	3807	279	310	14.43870968	11.59342632	125.5308263	8.044627643	140	109	77	109.3255902	24.72963336	112	79	54	81.08218659	22.75159519	145	112	84	113.5006944	23.68246215	291.3988764	0.0753745313
TGGCAAGCACAAGTCG-1	340	3170	4053	358	229	17.64628821	13.39496571	123.175176	7.996492217	137	107	75	106.0672895	24.73195053	109	81	54	81.295291	21.78124104	139	113	87	113.2776165	20.86644978	167.2625128	0.0914704447
TGGCAGATTACGATCA-1	863	3436	3326	296	216	16.75462963	13.2112458	127.8145335	9.825194508	141	103	56	101.3373311	31.55648063	104	68	35	69.11703068	26.11767847	148	110	75	111.113117	27.69123554	249.6391726	0.08417117136
TGGCAGCAGTAATAGT-1	750	3839	3099	233	226	16.66814159	11.85235696	127.2651029	9.969508629	141	105	63	103.534781	30.42794687	104	68	39	70.53831587	25.25347982	146	109	77	110.7279384	26.7640702	271.7442543	0.07768720681
TGGCCAAACTGAAGTA-1	1004	3895	2984	38	249	14.37349398	10.54275386	122.9880629	7.033450329	134	103	54	98.61570509	30.48986124	109	80	42	77.93599293	25.79870351	143	113	77	111.8055801	25.66982383	250.0482635	0.08378043165
TGGCCGTATATTGACC-1	98	2718	4864	241	187	29.89839572	31.26846573	122.723409	6.307865015	137	115	92	114.8213609	17.90000922	104	81	62	82.05390733	17.05844451	135	115	95	115.0165383	15.98084177	106.6361083	0.1209551528
TGGCGACTGCTCCAAA-1	303	2338	4675	605	208	21.96634615	14.98280496	125.7920055	7.91046153	142	110	78	109.2999621	26.71177003	105	75	47	75.73614443	23.08424312	143	114	85	113.9137735	23.26270413	193.3107763	0.08614901876
TGGCGATCAAGTTATG-1	263	2000	5282	376	221	20.91402715	15.88923289	123.6868056	7.819404862	136	111	80	108.6173463	24.91142034	100	74	48	74.03181416	21.0863465	142	115	87	114.1102134	23.2873044	171.9267109	0.09745502292
TGGCGGTGTGCGATTG-1	278	2381	4810	452	179	26.37430168	20.99613183	124.0925894	7.258084174	140	112	81	110.6364095	24.32392202	111	80	55	82.09039263	23.09059918	139	115	90	114.8828431	19.39205172	151.3658069	0.1013394598
TGGCTATGTGACATAC-1	586	4517	2660	158	286	14.64335664	10.78908124	128.2712456	8.658281292	144	108	74	108.7850019	27.68699119	114	78	49	80.37053402	25.64984092	149	111	82	113.610024	26.47536834	314.6308733	0.07708641643
TGGCTTTGGGTAGACA-1	159	3351	4058	353	217	25.34562212	24.27179797	125.4933733	7.758990474	143	116	90	116.2955435	21.19530957	122	92	67	93.66746623	21.70164759	142	116	95	117.5730337	18.43163136	173.4526302	0.09943230812
TGGGAAATGCCTTTCC-1	671	2570	4024	656	128	26.390625	34.07166949	119.293924	7.537674997	129	101	61	97.89635147	25.68852868	107	79	52	79.23343012	21.11436981	134	115	87	112.6124227	18.05718356	88.27259959	0.1342754203
TGGGCACAAACAGAAC-1	401	3274	4058	188	218	21.31651376	17.4725421	125.0348072	7.593237424	140	112	77	109.8775407	25.48762226	109	80	54	80.94180028	22.33341075	140	114	89	114.3600555	20.27452395	171.1270429	0.09317522274
TGGGCACGTTCTATGG-1	643	3283	3682	313	275	14.52	9.951635772	125.3756979	8.298866762	138	107	67	104.5859109	27.19990055	97	66	41	68.02752178	21.86415809	141	110	82	110.8984977	22.72773037	224.7414454	0.09423134484
TGGGCCACAAGAGCGC-1	504	3441	3659	317	255	16.39215686	10.39999704	126.4786346	7.929900583	141	109	71	107.3690191	26.9780975	109	76	49	78.0743593	23.60835713	146	113	83	113.7661911	23.97958403	267.2911134	0.08577556606
TGGGCCCATACTAATT-1	532	3842	3435	112	301	15.12624585	11.55072629	124.5515568	7.519162848	139	111	75	108.9858604	24.97332099	113	83	56	84.17838657	22.62019877	143	111	83	112.5926019	23.22065632	271.6963739	0.08251517827
TGGGCGATACAATAAG-1	110	3525	4234	52	218	26.47706422	27.76163161	125.3200133	7.846815262	138	117	92	116.2386062	19.81945728	108	85	63	85.74876909	19.63335836	137	116	92	115.1574296	18.44537545	175.5501788	0.1003896542
TGGGTAAGGTTCCCGC-1	373	2402	4877	269	270	18.59259259	15.86997925	124.6203987	7.263197607	138	114	79	110.8002777	23.82767013	115	81	52	82.30980937	24.32771804	139	114	90	114.1694231	19.94992037	202.6220633	0.09491480311
TGGGTTTCGGGCGTAC-1	1077	2976	3603	265	123	28.29268293	24.49148905	122.915047	8.455054343	135	102	48	97.71581871	31.99533111	100	68	35	68.87084964	26.0452077	139	112	73	109.2365863	25.60845634	105.3130746	0.1224850479
TGGTAGAATATATGGG-1	305	3865	3681	70	245	19.04897959	20.71885784	122.7396107	7.917973143	133	111	78	108.5174852	21.67650114	112	88	57	86.61785128	21.55749158	138	112	90	113.6186088	19.40347231	186.610189	0.1140585505
TGGTATCGCATCCCAA-1	453	2892	4364	212	238	19.22268908	22.53318724	124.662518	8.208095964	138	111	72	108.0160333	25.68300185	112	78	43	77.90518874	26.93949932	141	114	85	113.6158313	22.1180909	208.5181307	0.09782353088
TGGTATCGGTCTGTAT-1	338	2398	4635	550	241	18.8879668	16.86927713	124.1770059	8.303668121	140	111	77	109.0305517	25.02689528	119	84	55	85.65484156	25.14674602	142	115	90	115.5304886	20.4357186	187.7571502	0.09573398586
TGGTCCCACGCTACGG-1	409	4618	2800	94	252	15.11904762	11.23140943	124.7552108	8.214989988	137	105	72	104.934478	25.77187412	101	70	46	72.24542356	21.83987849	143	111	85	112.5465219	22.78000901	212.3797242	0.0929869592
TGGTCTGTTGGGCGTA-1	661	2436	4378	446	144	28.83333333	22.00252511	123.4152862	7.266243369	137	108	63	104.0570635	28.75735572	97	69	40	69.07701048	21.9539608	136	112	82	110.3638429	20.73452168	120.3812564	0.1115839265
TGGTTCAACGGGTAAT-1	538	4009	3164	210	248	17.16935484	13.41894531	126.9978002	8.462550366	142	109	74	108.2513572	26.51407467	123	89	60	90.62984472	24.66579724	147	114	86	115.4918571	23.7967282	277.7215271	0.08230983368
TGGTTCGTAGCAAAGG-1	104	2861	4648	308	213	24.96244131	20.30861649	124.964424	8.307635541	142	114	89	114.8070951	20.91808722	105	78	56	79.25097841	19.59911656	138	112	90	112.9638934	18.97957252	155.9103677	0.1049715118
TGGTTGGAGGATCCTG-1	79	2185	5460	197	299	18.30434783	17.09870072	122.6398022	6.251789895	135	114	92	113.5540967	17.52869154	97	71	50	72.39856079	18.41606537	135	110	88	110.886378	18.53832391	172.7521706	0.09860333263
TGTACCTACACGAGGG-1	691	4060	3074	96	299	12.58528428	11.11336766	122.7099396	8.2447819	135	105	65	102.6058578	26.94865877	95	67	40	67.58035602	21.80014207	142	110	81	110.7716197	23.71692106	226.0661389	0.09478543048
TGTACGAACAAATCCG-1	731	2846	3754	590	215	17.33023256	12.18377753	127.0201366	8.685279953	141	104	56	101.7355132	31.97054513	101	66	35	67.15679838	25.32651878	144	110	76	109.438076	25.78734149	238.4080695	0.08546158537
TGTACTGTGCCAAAGT-1	399	2406	4677	439	176	28.26704545	25.02208671	123.0062381	6.751109907	137	113	82	111.0743593	22.13395082	119	93	67	93.05314985	20.65339891	139	118	95	116.9931827	17.39408453	120.8882789	0.1160392434
TGTAGGAGAAATTTCC-1	377	3610	3613	321	324	12.87345679	7.925153682	127.1318711	8.683876816	143	108	75	108.4014645	27.11013914	105	72	45	74.21676556	23.78220629	148	110	80	112.3873248	26.39848291	343.5918029	0.07120943209
TGTAGTGATCTATAAT-1	271	2281	4837	532	164	29.59146341	24.61355318	124.566347	7.696074968	140	113	81	111.6563565	24.05465152	103	76	51	76.64032319	20.64792633	137	113	89	113.038884	18.67913921	151.0471144	0.1019423339
TGTATAACAGATCCTG-1	425	4310	3169	17	305	13.78688525	10.27955914	121.016023	6.666208347	132	108	77	105.2269915	24.4643251	93	68	43	68.25628077	20.36984061	143	113	81	112.4823886	25.39376999	250.6219356	0.08237368445
TGTATCCTTATTCCAT-1	264	2407	4800	450	215	21.81395349	20.33699323	123.941655	7.141426425	137	112	80	109.8301982	22.9623961	101	74	51	75.0819341	19.68055654	138	113	88	113.3462947	19.59350544	132.5146834	0.1068701736
TGTATGGCGCAGACAG-1	346	4530	2993	52	330	13.28181818	11.21670709	124.1056746	7.94377103	136	109	79	108.0603459	22.81967745	108	81	55	81.33392248	21.36126093	143	112	86	113.6059841	22.88081699	240.0998468	0.08699532297
TGTCCCGACATAGCAC-1	413	2544	4425	539	223	19.0044843	15.93329643	124.1695477	8.581328695	138	109	70	105.9763919	26.2194438	95	67	41	67.73021083	20.80244898	138	111	84	110.7390481	21.04820281	157.5693309	0.1011899179
TGTCCGTGGCGCCTTT-1	1229	3041	2790	861	64	26.125	34.44583611	116.4584596	6.134333649	121	78	37	78.52493372	30.84248854	67	37	20	40.71644994	19.11971054	120	95	66	94.4515844	20.33240272	62.46731359	0.1605105179
TGTCCTAAGTCACCGC-1	205	1747	5418	551	165	31.39393939	25.87609098	123.9273466	6.350144016	138	115	83	112.1103396	22.54645379	105	80	54	79.70571897	19.89744261	135	115	92	114.2788789	17.28070512	109.0001277	0.115213984
TGTCGGCATGGTGGAA-1	457	2092	4927	445	147	30.99319728	21.68434546	124.9765022	7.161146321	138	111	69	107.237975	27.83278387	92	66	39	65.87589951	20.68227433	136	112	84	110.7040778	21.50233135	116.3516343	0.1147937681
TGTCGTTATCACATAT-1	219	873	6028	801	91	63.18681319	174.5411512	120.2925382	6.66080733	133	118	88	113.5830072	20.0883281	127	82	54	85.1449312	25.62590952	130	117	95	114.342886	14.73754193	41.47395301	0.2327588467
TGTCTACAGTTTCTGT-1	554	2926	4109	332	192	22.02604167	17.06892733	125.1948613	6.898379481	139	109	68	105.9856079	26.95680629	101	72	46	72.82944073	21.21663878	140	112	86	112.5741699	20.91630503	159.264811	0.1001400495
TGTGACTACGCCAGTC-1	390	3806	3515	210	291	13.75945017	10.38455791	125.1644014	9.805944316	139	107	75	106.353617	26.45441258	100	67	42	69.85229138	23.53797476	144	110	80	111.3893448	25.38476357	267.3100102	0.07829608752
TGTGAGACTAGCCCAA-1	678	3452	3571	220	258	15.2248062	10.46755068	124.5972055	7.753161628	137	106	66	104.1830577	26.99790882	111	80	50	80.68147961	23.44075894	142	112	84	112.9747507	22.53295347	209.2280388	0.08945598977
TGTGCCGGTGCCGGAA-1	473	4350	3037	61	289	11.22491349	10.49903285	120.372514	6.889556927	129	102	70	100.1472036	22.93866486	102	75	51	75.97613938	19.90236391	138	110	85	111.2208055	20.75768669	155.5330695	0.1146886311
TGTGCTTTACGTAAGA-1	530	2455	4177	759	86	36.37209302	29.44014286	119.9134472	7.236923931	131	100	59	97.52430249	26.69675115	79	54	32	54.98825906	18.01352403	127	105	79	104.0162858	17.98456639	77.22740041	0.1402437573
TGTGGCAAAGCGTATG-1	236	2948	4468	269	313	13.68051118	9.835394634	123.7521216	7.198017062	136	109	77	107.4772125	23.43998543	96	69	45	69.92993309	19.56603454	141	110	85	111.5453857	21.93807473	237.9645046	0.08879814417
TGTGGCGGGCTTCTGG-1	310	3596	3872	143	253	17.54545455	14.45952881	124.2515543	6.946807494	139	110	80	109.102891	23.8565579	114	85	58	85.87867693	22.29799105	143	114	87	114.3908597	21.92330314	206.8443565	0.08814903624
TGTGGTTGCTAAAGCT-1	297	3728	3739	157	240	21.22916667	16.78670057	124.8687404	6.769087288	141	114	87	113.5665951	21.88678424	122	95	69	95.33139755	21.15625339	142	117	93	117.3182679	18.90387463	168.595761	0.0901857099
TGTGTCGCGAGTTGCA-1	1558	2164	3508	691	108	28.4537037	35.5403746	120.3005445	6.130327255	129	95	42	88.96843833	33.10796536	101	63	31	64.97083702	26.73068956	130	107	77	105.2774902	20.00681009	82.62078652	0.1431864322
TGTGTTCGTATCCAAG-1	426	1478	4312	1705	123	34.5203252	30.90066687	120.9243568	6.401478995	133	109	66	104.0030299	25.68464106	95	70	45	70.34692589	18.82861342	130	111	87	109.246181	17.26364163	79.79136874	0.1368492605
TGTTATTGTATGTGGC-1	485	4039	3189	208	324	12.83950617	9.389982566	124.2240982	7.611138656	137	107	76	107.1963136	24.16772634	111	80	52	81.36144426	22.80301074	144	111	84	113.0171695	23.45152881	297.4657814	0.08212871381
TGTTCCGCTTCCATGA-1	237	2635	4470	579	204	23.0245098	18.38462666	124.7364137	7.595424196	141	111	79	110.71241	24.10015941	108	78	51	79.22812776	22.31802585	140	113	90	114.160207	19.19860025	169.1061032	0.09125835323
TGTTCGTATTGCGGTG-1	534	4030	3310	47	257	16.10505837	11.40894649	121.6560709	7.628531335	134	108	72	104.2981947	26.93417484	96	69	42	68.97639187	22.00638195	142	113	79	111.3763414	25.68395586	210.441522	0.08805066896
TGTTCTTCCATTGACT-1	448	2393	4600	480	185	24.14054054	17.67917479	124.1969634	7.417182074	139	110	73	107.302992	26.86613615	101	72	43	71.71152632	22.20381607	139	113	85	111.9418003	21.13080253	152.9278601	0.1051213624
TGTTGTCAAGAAGTCT-1	244	4296	3194	187	296	15.16216216	10.73706265	126.6183839	8.484755947	144	110	82	111.2344401	24.72980781	101	69	46	71.48314607	22.25260404	144	109	82	111.3159955	24.04052796	308.0855465	0.07554590557
TGTTTAATACTTCATC-1	728	4016	3043	134	287	14.43205575	13.79875583	124.3965	8.482354943	138	108	68	105.6210074	26.83585557	101	71	43	71.92311577	23.04258579	145	111	83	112.4673652	23.68767396	247.3273749	0.08523465433
TGTTTCGGTACTTCTC-1	276	4126	3348	171	219	25.48858447	23.39444588	125.7411388	7.637566031	142	117	92	116.8827168	20.25677872	123	94	70	95.58742583	21.21941484	141	117	94	117.6467618	18.19700868	165.7694076	0.1058412026
TTAAACAGAGTCCCGC-1	377	1789	4961	794	165	27.72121212	19.23178804	124.0315434	7.334791154	139	111	72	107.638177	26.86475974	95	70	41	68.57959854	21.38175991	136	113	85	110.962631	21.26751991	134.7522983	0.1064994408
TTAAACCGGTAGCGAC-1	425	2958	4264	274	231	19	14.44200224	123.9957412	7.402915674	139	109	75	107.7193536	24.81219733	109	78	51	79.65395783	22.84619896	140	113	87	112.8909229	20.60015994	163.5071502	0.09541402072
TTAAACTCGAATTCAT-1	397	3073	4360	91	253	20.00790514	21.16526203	123.1134401	7.016069221	135	113	80	110.229264	22.72447857	105	81	56	81.13609393	20.216488	138	113	88	113.0886252	20.07427121	181.688713	0.1050931593
TTAACACCTCGAACAT-1	281	1334	5262	1044	130	38.56923077	40.85809184	120.0751041	6.045694583	133	113	80	109.1751042	21.76447747	106	83	56	81.80532761	19.70667945	132	115	92	113.1828052	16.13475829	63.69790603	0.1546426385
TTAACCAACCCTCCCT-1	798	3334	3441	348	185	18.45945946	13.04916813	122.6919527	7.809474738	134	102	62	100.1614695	26.79951819	105	73	49	75.51319278	21.82675261	137	111	89	112.3062745	18.5091855	131.1483657	0.1164159701
TTAACGTCGCAAGACC-1	788	2655	4171	307	205	19.52195122	19.126173	122.7018095	7.342252963	136	107	60	102.4659765	28.74630132	105	75	41	74.48516601	24.12865955	141	114	82	112.6009342	23.13739216	163.0944842	0.1043927761
TTAACTTCAGGTAGGA-1	263	2456	4623	579	172	24.11627907	17.65392018	121.7938996	7.196676579	135	108	77	106.9608635	22.66458932	100	74	50	74.37419518	18.99037586	133	111	89	110.789673	17.44281184	100.4641216	0.1202561064
TTAAGATAGGATTGAC-1	465	4050	3352	54	276	17.72101449	15.21816208	123.2959292	6.673425669	135	112	78	109.5985355	22.07738894	103	80	53	79.48516601	20.14575881	140	111	87	112.8471153	21.01368686	223.3364402	0.1069781398
TTAAGCCGACAACTTC-1	289	2223	5022	387	255	19.64705882	18.34508379	125.108168	7.345137052	139	114	81	111.3666204	24.02833968	110	81	55	81.75596516	22.00660768	142	115	89	114.7735134	20.97686212	212.3488253	0.09172873118
TTAAGCGCCTGACCCA-1	311	3008	4203	399	199	22.46231156	17.34797098	124.5362513	8.104747626	141	111	76	109.3490721	25.62179603	107	76	49	76.84484282	22.80587877	141	114	87	113.790178	20.97607247	137.4111338	0.109014731
TTAAGGATACGGAGGT-1	448	2205	4860	408	175	25.48571429	20.1045431	123.573021	6.591449313	137	110	72	107.2354501	26.31934126	99	72	45	72.0592097	21.14607706	137	112	87	111.8481252	20.23608387	147.1316394	0.1071018401
TTAAGGCCCGTACTTT-1	296	1862	4801	962	138	32.52898551	28.76823732	122.8408386	5.859664417	135	111	74	107.1769979	24.67197717	109	82	53	81.36447418	21.51844323	134	114	88	112.5780836	18.28237308	87.03255873	0.1360529721
TTAATCAGTACGTCAG-1	299	3601	3666	355	302	14.52317881	10.52517288	126.2687494	8.794858452	143	109	77	109.6125489	25.73492897	109	74	47	76.58931953	23.8526678	146	112	84	113.9603585	23.91411312	293.2748979	0.07949688405
TTAATGTAGACCAGGT-1	706	5131	1995	89	183	11.36612022	11.63950076	118.5588802	7.340014401	123	90	65	92.38202247	22.44225571	88	58	43	62.30172958	17.85532506	134	108	90	109.9550562	17.62997614	128.1818182	0.1279614646
TTAATTGCTTTGGGTG-1	195	4791	2814	121	284	14.79225352	9.331670849	126.8713714	8.423158256	142	108	80	109.7013003	24.52975303	108	75	51	77.78841055	23.07198622	147	112	85	114.0088373	24.4397633	280.7563841	0.07924308135
TTAATTTCAGACGCGG-1	568	3892	3178	283	268	14.65671642	10.80188242	126.1122846	8.852005595	141	106	71	106.1261204	27.39043548	108	73	47	75.38025502	23.876245	145	112	83	113.0232294	24.14779987	288.3675945	0.07520321472
TTACAACTACGCATCC-1	105	4042	3682	92	208	27.65865385	23.79951967	124.5930345	6.755858434	139	117	93	116.9685646	18.74509968	110	86	65	87.02790052	18.55912063	137	116	93	115.5771998	17.57564509	137.8327375	0.1119877763
TTACAGACCTAAATGA-1	177	2585	5066	93	266	19.37969925	21.80282888	122.3178122	6.520672678	133	114	84	110.9107436	19.40497874	103	82	59	81.71859614	17.8681142	136	113	91	113.4666078	17.93824155	149.3652962	0.1131999437
TTACATCGTGGCCTGG-1	251	2160	4929	581	158	31.17088608	25.89613945	123.7345608	6.997554567	139	113	82	111.3431385	23.33567303	105	79	54	79.37975003	20.26526433	137	114	90	113.5765686	18.57375017	130.508427	0.1073632476
TTACATGCCACAACTA-1	79	4511	3284	47	288	20.00347222	20.2397948	123.8987557	7.518862684	135	116	93	115.0599672	17.87958755	108	81	60	82.98548163	20.07393646	138	112	89	112.6422169	20.26907758	230.0540092	0.1084923693
TTACCATTGATTACCC-1	507	1688	4574	1152	142	31.94366197	24.47383617	123.3303148	6.999336619	138	111	67	106.8291882	27.11812101	98	71	41	70.87728822	21.16981772	134	113	85	110.8281783	19.30319142	99.99463739	0.1206282425
TTACCCATTGCCGGGT-1	256	3908	3512	245	312	15.17307692	9.730775565	127.3759683	8.356931104	144	112	82	112.5421033	24.75739171	113	79	54	81.65168539	23.67058147	148	112	85	114.7844969	24.31545601	290.1382789	0.07500363412
TTACCCTAACAGTCCT-1	639	2810	3769	703	117	23.8974359	25.22696448	117.5252979	6.827752008	126	96	58	94.20325716	25.59206445	104	78	51	77.98384042	20.34749231	133	111	86	110.2500947	18.02446668	78.96424923	0.135630546
TTACCCTAGGGATTGG-1	386	3312	3819	404	255	16.56078431	12.42401341	126.9884567	8.07251785	143	109	73	108.4419896	26.70915227	125	90	60	91.60459538	25.34402504	146	115	87	115.6899381	22.74479395	236.7153984	0.08412745241
TTACCGCCTTAGGGAA-1	336	1071	5507	1007	138	36.60144928	34.89249325	121.8327588	6.606552195	136	114	79	109.6153263	24.40050276	91	70	46	69.06577452	17.98491678	131	112	88	110.2560283	18.81864751	70.22127171	0.1493305218
TTACGGATGGTTCGAG-1	231	3378	4141	171	336	13.68452381	11.60851488	124.2559062	8.029556998	138	111	81	110.0501199	22.83459874	105	76	53	77.35462694	20.76193765	143	111	86	113.0659008	22.47853161	243.4347549	0.08813578681
TTACGGTGTCACCGAG-1	864	2606	3999	452	161	23.79503106	22.22167204	123.0744089	8.768108849	137	105	56	100.7188486	30.40778459	96	67	36	66.48352481	22.53391474	140	112	79	110.8376468	23.28535383	146.796093	0.1062634132
TTACTAAAGGACTTTA-1	648	3661	3381	231	251	16.25498008	13.44098526	125.0351704	7.861101138	138	108	70	105.8603712	26.2105658	120	90	58	89.71140008	24.03739843	144	114	84	113.9827042	23.32741392	243.2448927	0.08531891037
TTACTATCGGCTTCTC-1	219	1199	5634	869	102	49.58823529	60.31475496	119.2048837	5.954214103	131	113	82	109.4489332	20.60859657	87	65	41	64.52468123	18.44220193	123	108	87	105.9464714	14.159895	43.10533708	0.1954299147
TTACTCCGGCCGGGAA-1	527	3157	4050	187	277	15.90252708	11.46811122	124.0028919	7.025810266	138	110	72	106.7526827	27.48837425	102	73	44	73.0265118	23.08022279	146	113	79	112.897109	26.12923014	260.522855	0.0791968124
TTACTCTGGTACGTAC-1	333	2157	4755	676	168	26.48809524	21.94554627	122.7680023	6.999175139	137	110	77	107.9867441	24.30353859	105	79	54	79.14240626	20.46728868	136	113	89	112.5197576	18.98900724	134.6976507	0.1053729257
TTACTGGGATATTTCA-1	540	2681	4177	523	228	16.89473684	11.93282986	124.716311	8.184969021	138	105	65	103.1844464	28.46926179	102	69	39	69.8131549	23.81070795	142	110	78	109.8735008	24.52541393	210.9533963	0.09040767488
TTAGAAGAACATGACT-1	829	3729	3214	149	229	15.66375546	13.90000301	123.5123149	7.740770995	135	103	63	101.0518874	27.40170869	112	80	50	80.6362833	23.77822546	143	112	82	112.3620755	23.34692377	224.6441522	0.08915834271
TTAGAATAAGGGTCGG-1	255	3572	3806	288	228	19.75877193	15.71033469	125.9164837	8.344340649	142	111	80	110.455498	24.67996023	119	87	58	88.05075117	23.71815528	142	115	89	114.9768969	20.66535222	202.2187181	0.08090004773
TTAGACACGATCGTTG-1	315	2961	4293	352	271	15.70110701	11.6058882	125.0577523	7.106603924	139	109	75	107.4996844	25.60657209	97	68	44	69.36952405	20.96541721	142	110	84	111.6109077	23.08849286	254.0370276	0.08446146103
TTAGACGAGTCACCTC-1	438	3325	3926	232	266	16.65413534	13.05312748	125.6147858	7.191285179	139	110	74	108.1958086	25.3398845	111	82	54	82.47695998	22.5480901	145	113	84	113.8974877	23.69183856	245.6367467	0.08277149148
TTAGAGTTTAGAAGGA-1	325	3981	3511	104	305	14.47213115	11.51193438	122.9765642	7.411854619	135	109	78	108.1738417	22.4884872	108	82	57	82.63577831	20.15068917	142	113	88	114.23747	21.19520589	255.8770429	0.08291962681
TTAGATAGGTCGATAC-1	119	977	5334	1491	133	38.28571429	30.40715473	121.6128454	6.417399485	136	113	87	111.7571014	20.33986157	98	76	54	75.8628961	17.01470548	131	113	93	112.3974246	15.44869419	63.2930286	0.1422390934
TTAGCAACATGGATGT-1	107	2296	5178	340	147	39.44217687	35.89120546	123.6042667	6.56395609	138	117	93	116.4249463	17.75907168	114	92	70	92.13697765	17.45415977	135	117	97	116.8281783	14.78534348	83.13227783	0.133029428
TTAGCTAATACGATCT-1	486	4034	3334	67	300	16.04	15.87277753	122.4723647	6.964378128	134	112	78	109.2311577	21.79544686	105	77	52	78.19782856	20.88878276	139	112	89	113.4664815	20.23565669	177.7930286	0.109713729
TTAGCTGATTTGCCGT-1	401	3839	3576	105	310	14.36774194	12.44109701	123.9691608	7.209608284	136	110	76	107.9958339	23.54302581	103	77	51	77.32521146	20.83647278	142	112	85	112.9891428	22.20447911	218.7270174	0.09371246456
TTAGGTCATAACCGAC-1	540	2781	3964	636	189	20.24867725	13.56608598	124.8294481	8.087844907	139	105	65	103.6159576	28.03975694	108	75	46	76.61419013	23.42064411	139	112	83	111.6256786	21.32180239	165.7469356	0.09607230498
TTAGTAGGGCGGCGGG-1	389	1805	4557	1170	144	29.84027778	28.24045148	122.638703	8.071136358	136	109	68	105.1896225	26.14344585	94	68	43	68.6457518	19.34172975	131	110	88	109.2543871	17.53930932	100.5250255	0.1207172798
TTAGTTATTCGTGGCA-1	268	3750	3733	170	277	14.62093863	12.38684503	122.9722493	7.56940547	135	107	77	106.6539578	22.4607964	104	76	53	77.27913142	19.97891149	141	110	85	111.4402222	21.39949496	225.7433606	0.08509792722
TTATAGATGCACATTA-1	557	3609	3568	187	198	19.95959596	17.6886194	123.1744864	8.629436749	138	106	67	104.6282035	27.74768196	91	62	38	63.63085469	21.13196887	138	109	84	109.8028027	21.66290963	157.3739785	0.1060862622
TTATAGGTAATTGTCT-1	321	3655	3632	313	280	14.08214286	10.11030428	127.7174271	8.283740031	143	106	70	106.3788663	28.02141322	122	84	53	85.8591087	26.41236499	150	113	83	114.7587426	25.51373913	317.625	0.07427290381
TTATATACGCTGTCAC-1	653	5199	1994	75	174	12.63218391	11.04756169	119.1162005	8.844777072	125	93	62	93.61671506	24.17441867	90	60	40	62.44666078	19.93751036	138	109	86	110.6627951	20.27517528	148.6150409	0.1183004567
TTATATTTGGCAATCC-1	55	1841	5627	398	262	20.24427481	15.94221033	122.7442233	6.171184469	137	114	90	113.6035854	18.80378372	101	78	57	78.78020452	17.35263793	135	111	89	111.7655599	18.14730105	148.9929775	0.1035120003
TTATCCAATCGAACTC-1	221	1576	5089	1035	175	26.66857143	19.12646292	123.2075726	6.847631027	138	111	79	109.4860497	23.70003787	102	75	49	75.5886883	20.56640811	139	114	86	112.9476076	20.66369196	137.2065884	0.1030841725
TTATCCGGGATCTATA-1	470	3819	3436	196	299	13.92307692	11.17887861	125.2860717	8.199028157	140	108	71	106.8700922	26.71849473	118	85	55	86.37470016	24.66725894	146	112	84	113.7885368	24.28685097	296.4572268	0.0797875472
TTATCCTCAAGGAATA-1	140	1112	5176	1493	117	44.08547009	38.89819556	122.5056732	6.765189617	136	114	86	111.9720995	20.73780151	105	82	58	81.82426461	18.53977315	132	115	93	114.0241131	15.81405649	65.52017365	0.1545601252
TTATCGCCTGCGAAGC-1	59	897	4616	2349	77	74.06493506	237.0472219	118.2330478	5.222533963	127	119	86	112.2160081	17.33919176	111	90	56	86.18204772	20.33929309	125	116	92	112.3396036	13.32843101	34.88419305	0.2706036323
TTATCTGTATCATAAC-1	232	2769	4491	429	235	20.93617021	17.86164827	125.5986701	8.241891711	141	113	85	112.6255523	23.02123364	118	89	63	89.58982452	22.31764562	141	114	92	115.1001136	19.10489589	194.7050562	0.09488101219
TTATGAATGAAAGGGA-1	654	4063	3098	106	239	15.46025105	11.94712416	123.2189555	8.706612869	135	104	65	102.5928544	27.18457988	102	71	44	72.59752556	23.12829281	144	111	80	111.4623154	25.04963637	226.2544688	0.08480613685
TTATGACAAACTGGAT-1	66	906	6474	475	159	40.04402516	35.38349576	123.0797301	5.788069534	135	119	99	117.7850019	15.78053331	119	100	77	98.48226234	17.40866025	134	119	100	117.8267895	14.05985885	89.2718335	0.1370586692
TTATGATCTTAACGAA-1	590	4063	3082	186	286	14.05244755	10.30109867	123.8912159	8.591459962	139	107	70	105.3680091	27.02325504	102	68	43	70.71329378	23.19614929	147	109	80	111.8098725	25.66802146	265.875383	0.08380999804
TTATGCGTCCCGGTCC-1	647	2649	4378	247	177	24.27118644	19.15753647	124.4868941	7.05478777	138	109	64	105.2518621	28.98894812	104	76	44	74.92728191	23.3911971	139	114	85	112.9468501	21.93674735	153.9544178	0.1047215765
TTATGTTTGCGATAGA-1	26	960	6136	799	139	40.68345324	42.47013948	119.3660164	5.470983264	133	115	94	113.9414215	15.18680889	106	85	64	84.99570761	16.72984226	129	113	95	112.3637167	13.52843112	50.23595506	0.1717465748
TTATTAGAGCGTGTTC-1	433	2979	4385	124	218	21.18348624	32.66782081	121.7126316	7.006617574	131	111	76	107.0227244	21.67740992	125	104	70	100.760005	21.8754343	136	118	95	116.4695114	16.65080168	130.8211185	0.1268914348
TTATTAGGGAAGCATC-1	397	2486	4435	603	212	21.19811321	15.19646174	126.8046071	7.917850612	142	111	74	108.8426966	27.62333443	108	76	47	76.81454362	24.21385741	145	114	84	114.1383664	24.3097836	202.624617	0.08730045137
TTCAAAGTCTCTAGCC-1	281	2891	4359	390	272	14.62867647	10.067693	124.0906422	7.053487636	137	107	72	105.3276102	25.18313895	107	77	50	77.66645626	22.08638621	143	112	85	113.2177755	22.61741471	217.1625383	0.08655115129
TTCAACGACCCGACCG-1	134	3237	4305	245	233	22.98283262	19.07652663	126.5593387	7.54106752	144	116	87	115.5821235	22.58958188	122	91	65	92.68690822	22.53577311	142	116	93	117.0123722	19.11688968	197.0390705	0.0849962368
TTCAAGCCGAGCTGAG-1	319	1689	5642	271	222	25.6981982	38.46542728	124.483848	6.645289679	137	118	84	113.7488953	22.09461227	130	108	72	104.800404	22.86141492	139	120	95	118.456508	17.68700386	176.1447906	0.1136740848
TTCAATACTCTGAATC-1	793	3816	3044	268	290	12.66551724	9.483298417	126.1414472	8.874744535	142	104	60	102.2283803	30.73998752	107	69	39	71.31132433	26.09717953	150	109	75	110.7875268	28.5151747	369.520429	0.07227221049
TTCAATTAGCCATAAT-1	182	4512	3090	137	313	16.45686901	12.47638891	126.8231477	8.833856303	143	114	87	114.5484156	22.41521974	117	83	57	85.55447545	23.74115226	145	114	87	115.0641333	22.79887256	279.6186159	0.08626243347
TTCACGAAAGGATCAC-1	386	2557	4551	427	211	20.53554502	16.46488197	124.8963893	9.05306923	140	109	74	107.3522283	27.32189524	103	72	46	73.17598788	23.24811874	143	113	83	112.9612423	23.91923746	189.2856231	0.09167948203
TTCACGGTCGTCACGT-1	498	3052	3994	377	132	32.15909091	40.53951113	123.1462359	8.387173979	140	109	70	106.6927156	28.38352605	116	79	48	81.34376973	28.25761367	141	113	86	113.1954299	22.71135765	99.49412666	0.1259106262
TTCACTCGAGCACCTA-1	551	3336	3623	411	253	16.98814229	13.16975881	126.0327934	8.632647393	141	109	73	108.2139881	26.34858123	126	92	60	92.58666835	25.70922728	146	115	87	115.9852291	22.76610035	244.6230848	0.09009289134
TTCAGAGTAACCTGAC-1	131	1427	5271	1092	138	33.97101449	23.72974103	122.0984651	6.652466457	135	111	77	108.3264739	22.84794851	96	72	48	72.31309178	18.72815491	132	113	90	111.6122964	17.31665316	85.81562819	0.1339500145
TTCAGCCCTGGTCCAC-1	727	4239	2860	95	271	15.25461255	14.82560761	123.4107507	7.997641022	135	108	70	105.0477212	25.93033494	103	76	48	75.98017927	21.75201354	143	111	84	112.4799899	23.15660576	250.054903	0.08181108721
TTCAGCTGGCGTGCCC-1	555	4178	3049	139	270	12.28518519	9.543475712	122.0473738	7.372602471	132	101	67	100.3581618	24.89691636	102	73	47	73.89622522	21.76504176	141	110	85	111.8611286	22.12786419	172.4256895	0.1089216406
TTCAGGCGTCAAAGCC-1	70	1213	5126	1512	110	34.04545455	34.39645499	117.7492947	6.039395636	128	106	75	103.7127888	20.46968252	74	53	34	53.96035854	15.71834034	119	103	83	101.66734	14.34696588	53.74616956	0.159437072
TTCATGGCGCAACAGG-1	302	3788	3526	305	286	15.21678322	10.15553166	125.5353091	8.68853405	142	108	78	109.2738291	25.25290101	101	69	45	71.19505113	21.97223014	145	109	83	111.8415604	23.75862333	285.1442799	0.07713381969
TTCCAATCAGAGCTAG-1	200	3456	4231	34	253	18.82213439	18.5903409	120.5449089	6.402817374	132	111	83	108.8447166	19.83505713	87	68	48	68.14480495	16.01097539	134	110	87	110.4729201	18.68870849	121.0071502	0.1257453709
TTCCAATCTGGCTATC-1	364	2901	4099	557	216	19.5462963	13.14687983	127.0335593	9.028427653	141	109	72	107.4649665	26.95206209	108	76	48	76.85456382	23.33557324	143	114	86	114.4541093	22.32751239	182.935904	0.09298136435
TTCCACACAGATTTGA-1	359	3465	3804	293	186	22.66129032	15.90456438	126.7558572	8.468065108	143	109	73	107.9404116	27.30838691	110	76	49	77.94306274	23.75070234	144	114	86	113.9465977	22.56122814	169.067288	0.09908197417
TTCCGCAGAGAAATAT-1	217	957	6582	165	122	54.8852459	223.6297143	124.3273243	6.368352911	136	128	96	121.1651307	20.18617428	137	129	73	112.827547	28.08961445	137	127	94	120.7433405	20.34897291	154.003192	0.2551257189
TTCCGCGTGAGGCGAT-1	530	2848	4428	115	254	15.2992126	12.18351472	119.8921187	7.568915968	129	106	68	102.0343391	26.05534072	95	71	42	69.81782603	21.71672686	141	112	78	110.5395783	26.04159376	214.2079928	0.09699123828
TTCCGGCCTTGAGGCT-1	728	3067	3677	449	179	21.84916201	15.25224178	125.6754119	9.152012462	142	106	63	103.827547	29.96801398	107	72	42	73.2858225	24.88703654	142	111	81	111.7597526	23.02603273	192.8083504	0.09027304079
TTCCGGTTACCCACTT-1	214	3974	3567	166	320	15.85625	12.94862294	126.6319474	7.872469474	142	114	86	113.8233809	22.08080417	119	90	63	90.76189875	21.87240472	146	115	87	115.5831334	23.36594458	306.0955056	0.07750027456
TTCCTCGAGGGTGTCT-1	308	3893	3533	187	201	24.51741294	20.06087614	124.2588612	8.709688274	142	112	84	112.3056432	23.78023737	103	74	51	75.59121323	20.88250642	139	111	90	112.7831082	19.4716131	165.35738	0.1028157064
TTCCTCGGACTAACCA-1	324	4235	3169	193	324	14.03703704	10.7421455	127.6040816	8.721090486	144	111	80	111.3421285	25.13241497	122	87	59	89.05933594	24.37719134	148	112	83	114.2357026	24.91680626	380.2456588	0.0687725046
TTCCTTTCTGTGTTGC-1	599	2314	4641	367	162	29.5308642	24.01675671	125.0622715	7.325532662	139	113	70	108.5833859	27.48443035	109	81	50	80.66557253	23.24298217	138	116	86	113.7358919	20.2226325	106.4662921	0.121429526
TTCGACAGAGCCCGTG-1	701	3178	3697	345	242	15.79338843	12.36892758	125.45161	8.431332185	139	105	62	103.2234566	29.0833586	113	77	44	78.32609519	26.43803439	145	111	81	112.0308042	24.45988831	248.0075332	0.08352457845
TTCGACGGGAAGGGCG-1	2212	3673	1860	176	92	15.66304348	12.95752021	119.6465753	7.940774497	120	71	42	76.54046206	29.04607453	91	54	33	58.29680596	22.56131991	128	101	78	102.150486	19.24553677	92.30656282	0.130341562
TTCGCACTCGCGTGCT-1	323	2532	4619	447	179	25.30167598	25.33261522	123.2794955	7.816973989	136	110	75	108.1800278	23.82043481	106	77	52	78.33190254	21.55380823	136	113	90	113.1494761	18.08943757	128.9890194	0.112959573
TTCGCACTGTACGACA-1	608	3959	3142	212	269	15.17843866	10.47380073	126.2970934	7.814364721	142	108	72	106.9146572	27.42892551	117	82	53	83.85393258	25.00640998	145	113	86	114.1163994	22.93742738	240.7058223	0.08367096949
TTCGCATCCGGAAGCA-1	1016	2008	3889	1008	98	38.65306122	32.40719939	123.9816735	6.755905479	136	105	48	98.31246055	32.48408788	90	63	31	62.25186214	21.84785894	133	110	72	106.4897109	23.21208925	104.0283453	0.1306286157
TTCGCGCGCCATACGA-1	567	2937	3762	655	196	19.95408163	14.24468872	126.583756	8.519934142	142	106	65	104.3543744	29.4812411	116	80	47	80.95833859	26.22881132	144	112	83	113.0424189	23.2267595	227.0275792	0.08058294578
TTCGCTATCTGACGTG-1	367	2114	5259	181	204	25.09803922	50.01607777	124.1679407	7.319105659	136	116	74	110.4796112	26.44473376	133	79	43	84.32950385	33.9027326	138	113	76	110.7111476	25.3765708	217.4565884	0.1395761008
TTCGGCAACCCGCTGA-1	455	3397	3847	222	300	15.29666667	14.18738837	125.6461073	8.785087708	139	111	76	109.3474309	25.43112388	120	86	55	86.84888272	25.84320496	144	114	87	114.7005429	22.7876462	257.1465781	0.08556687218
TTCGGCTAGAGATGGT-1	310	1309	4963	1339	134	36.08208955	30.97689281	124.705371	7.553959981	139	113	78	110.0834491	25.54814511	105	78	50	77.55258174	21.80136756	137	115	88	113.1147582	20.11383048	99.07635342	0.1194568205
TTCGGGACTAATCGCG-1	312	2202	5131	276	267	16.90636704	13.65035006	123.7186792	7.103540142	137	111	76	107.4243151	26.25213724	102	74	47	73.9864916	22.26577806	145	115	82	113.3485671	25.98243268	197.6294688	0.08956946657
TTCGGGCGCTAGTCTT-1	789	3235	3597	300	187	20.83957219	15.69447383	123.8177747	7.361114882	137	106	66	103.5213988	27.27468466	106	76	48	76.8380255	22.40567538	138	112	86	111.751294	20.15128381	146.8813841	0.09835609755
TTCGGTACTGTAGAGG-1	140	2558	4826	397	219	21.89497717	18.35029325	123.4509596	7.150788191	139	111	84	111.306022	22.01335572	93	67	46	68.39982325	18.753993	137	109	84	109.5727812	20.86459763	174.3158836	0.09395544608
TTCGTAATCCCAGCGG-1	395	3536	3898	92	258	19.51162791	17.31138277	124.4537714	6.62717582	139	114	78	111.0117409	24.19545957	113	85	53	83.93409923	23.48053208	143	115	87	115.2437824	22.10145849	235.6261491	0.08863422406
TTCGTACTCCAGAACG-1	582	3137	4002	200	164	23.56097561	20.95820321	122.3792889	7.814182068	135	106	64	102.6829946	26.85901179	89	61	35	61.72819088	20.68328998	131	107	81	106.5470269	20.09243484	108.5368999	0.1149660142
TTCTAACCGAAGCTTA-1	426	4176	3167	152	350	12.11428571	8.142907268	127.002502	8.042765251	142	109	77	108.8223709	25.93149637	109	76	51	78.29011488	23.22257813	146	110	82	112.5505618	24.70123461	344.8337589	0.06851507283
TTCTACCTCAATCGGT-1	376	1561	4915	1069	128	38.78125	34.53913937	124.6761023	7.35162349	141	115	76	110.7757859	26.43366735	110	83	51	81.52013635	22.91105474	140	117	88	115.0488575	21.02760311	80.77093973	0.1374940421
TTCTACTTGCGAGGGC-1	55	2485	4896	485	162	34.20987654	25.86442146	124.3997733	6.406195169	140	116	94	116.3835374	18.34025506	113	86	64	87.5389471	19.08489143	136	114	94	114.8806969	16.76534117	110.9196885	0.1171949944
TTCTAGAAAGTCTTAT-1	667	3818	3127	309	194	19.68041237	13.68650957	125.7437459	8.957631606	142	105	67	104.6991541	28.19516023	117	79	49	81.51609645	25.90551281	143	112	86	113.1929049	21.79915796	207.1071246	0.08586267987
TTCTAGGCCAATTGTG-1	208	3077	4422	214	182	27.10989011	20.03839751	122.9366355	7.41683217	138	113	86	111.7680848	21.39173282	93	68	48	69.9085974	17.64313235	133	110	90	110.7164499	17.46093859	122.4231359	0.1208064604
TTCTATTAAACGCAGC-1	808	3161	3536	416	142	27.83098592	38.39820489	124.9016718	10.79856995	143	106	59	104.5211463	32.44723744	137	73	35	79.78841055	37.6280801	143	108	76	109.2307789	26.44427349	151.7238253	0.1207004216
TTCTCAATTGCTACAA-1	780	3247	3655	239	77	44.79220779	56.05547754	121.9568198	9.354611265	137	102	55	99.43706603	31.80879404	131	49	23	59.666835	35.11464402	135	100	64	99.87463704	27.21502448	62.24604188	0.1888931977
TTCTGACCGGGCTCAA-1	211	3143	4237	330	326	15.3404908	11.95815884	127.125561	8.04487674	143	114	85	113.5418508	23.50971127	120	89	63	90.41042798	22.81819347	146	115	88	116.0376215	22.94415804	309.0190245	0.06967676272
TTCTGCCGCGCCTAGA-1	391	3434	3904	192	259	17.97683398	14.18627606	125.3791693	7.581631748	139	111	78	109.7451079	24.3905033	120	90	61	90.53604343	23.43528255	144	115	87	115.7260447	22.1192083	207.7110572	0.09303309067
TTCTGCGAGCGCCCTT-1	434	2195	4516	776	103	31.31067961	29.95564006	119.6084426	7.48456968	130	101	58	97.6665825	26.40565248	64	44	23	43.82085595	15.44617655	120	98	76	97.77654337	17.29262209	59.13291624	0.1616576206
TTCTGCGGGTTAGCGG-1	506	4105	3057	253	290	13.34137931	10.03428664	125.6986201	9.175546215	140	106	72	105.321929	27.02989008	109	73	46	75.5830072	24.48210617	146	109	79	111.3279889	25.35409599	298.1066139	0.07751130735
TTCTTAGTGAACGGTG-1	1144	2954	3325	498	124	23.08870968	21.39905488	121.2762062	7.6642338	131	94	50	91.7084964	30.531524	100	66	39	68.10857215	23.16704795	134	108	80	107.6614064	20.56416113	111.4886364	0.1182504292
TTCTTAGTGGCTCAGA-1	1115	3000	3638	168	217	17.53456221	14.55325368	126.6935526	8.594691669	138	105	46	99.68337331	33.93257292	107	74	33	72.50435551	27.4451769	146	112	70	110.3687666	28.54847202	242.3990041	0.08741701823
TTCTTATCCGCTGGGT-1	312	2919	4586	104	247	18.3562753	20.79635671	121.6168163	6.584387283	131	110	73	106.2672642	22.61322757	101	79	51	77.54399697	19.83007258	138	112	88	112.7982578	19.93573698	185.3105209	0.1177095608
TTCTTGAGCCGCGCTA-1	248	2699	4449	525	199	22.55276382	17.81496124	126.1285997	7.171531501	142	111	76	109.6645626	25.78534854	112	80	52	80.95354122	23.29544604	143	115	86	114.5498043	21.71211197	167.5343463	0.08866793397
TTCTTGGACGATCTGC-1	477	2417	4026	1001	168	23.5952381	17.47489291	124.0152136	7.291558999	138	107	67	104.4082818	27.32998568	104	73	44	73.56545891	22.90830293	139	111	82	110.5014518	21.78272456	150.6527068	0.09884826034
TTCTTGGAGTAATGAG-1	694	4002	3031	194	270	14.8962963	11.09639519	126.8789528	8.008272907	141	107	68	105.8269158	27.94796439	109	74	46	76.34604217	24.48700151	146	111	81	112.8531751	24.99698313	298.756001	0.07900828508
TTCTTGTAACCTAATG-1	71	1497	5515	838	181	28.03867403	23.19419928	123.4797952	6.3647014	137	113	86	112.4331524	20.34339356	105	79	55	79.62391112	19.60205227	134	113	91	113.0657745	16.8657514	117.0663943	0.1140138343
TTGAACGAATCCTTTG-1	405	1556	5163	797	132	38.28030303	33.03013188	122.3641125	6.308473194	137	113	79	110.0323192	23.84152039	113	88	60	87.22358288	21.17769499	135	115	92	114.4663553	17.48897712	90.00868233	0.1346869768
TTGAACGACGTGCTGA-1	873	4797	2165	86	296	11.94594595	8.770946961	125.124744	9.431666832	138	103	64	102.4076505	28.08910717	109	75	47	76.77553339	24.64888623	147	110	81	112.2196692	25.49726581	304.8209908	0.08414534542
TTGAAGAATTCCCAGG-1	227	3575	3782	337	202	20.39108911	17.61582659	124.7096391	9.261564789	141	108	77	108.1281404	25.18252756	93	63	40	64.9123848	20.63412464	140	108	81	109.8703447	22.70775076	160.3060521	0.09749415798
TTGAATATGGACTTTC-1	303	2766	4679	173	267	17.15355805	23.15237784	123.5650547	7.632621096	137	110	76	108.0746118	24.82323547	116	84	54	84.56747885	24.16393999	145	116	89	116.2856963	22.1811768	205.7589377	0.09386804989
TTGAATTCACGTGAGG-1	201	3712	3888	120	296	17.07094595	15.5777811	124.5682296	6.922861929	136	114	86	112.4466608	19.980396	116	92	67	91.83070319	19.56080699	141	115	91	115.792198	20.01933782	205.4957865	0.1079289315
TTGACAGGAGCTCCCG-1	245	4912	2745	19	254	19.93700787	20.02763761	121.9196296	6.688394846	134	113	86	111.2955435	19.78039111	99	76	53	75.85140765	18.47853877	138	111	89	112.4811261	20.1657174	205.2254852	0.1001882308
TTGACATGAACGTGGA-1	262	2471	4657	531	198	22.07575758	17.81921895	123.176896	7.115307136	137	109	77	107.9276606	23.52969836	108	81	55	81.21297816	20.66719993	138	113	90	113.6578715	18.42398178	160.4491828	0.09434036669
TTGACCAGGAACAACT-1	89	2856	4781	195	292	19.05821918	23.84352604	126.7015421	7.738971999	144	117	90	116.52405	21.85619314	131	97	67	98.10932963	25.10447635	146	117	90	117.6465093	22.18289491	277.9846782	0.08966870525
TTGACCATGTTCTCCG-1	593	4543	2633	152	268	13.38432836	9.384691842	126.4020208	9.331327501	142	103	67	103.7674536	28.31812812	101	64	38	67.20350966	24.69034574	148	107	78	110.3449059	26.90207644	352.7582993	0.07238147499
TTGACCGTGTTAATGA-1	517	2475	4367	562	172	22.95930233	17.0489574	123.2295213	8.18054867	136	106	63	102.9362454	27.98514134	100	71	41	71.20679207	22.6576684	136	109	80	108.437571	21.86456048	157.0265577	0.1022423766
TTGACGATTCAGCACG-1	346	3049	4214	312	203	22.84729064	17.7245295	125.0282944	7.571342345	141	111	77	110.1118546	24.77149936	115	83	56	84.48579725	23.36733081	143	114	89	115.2825401	21.01699037	174.6820735	0.09726368365
TTGACGCTCCATGAGC-1	220	3376	4171	154	325	15.20615385	13.86475195	123.7726019	7.939127632	136	112	83	111.0008837	20.94449833	105	81	57	81.21449312	19.53043836	141	112	88	113.3946471	20.91767408	206.226762	0.1021528332
TTGACTACCATATGGT-1	163	3666	3842	250	192	24.09375	18.28425901	125.2101661	8.432793735	140	111	82	111.3586668	22.61985577	102	74	51	75.62555233	20.4615947	139	112	88	113.0208307	19.73483979	158.8626149	0.09700308659
TTGACTATTGTCCGGC-1	94	2364	5410	53	249	22.59036145	24.23580749	120.8004496	5.468315201	131	115	90	112.6313597	17.14353277	89	71	51	70.54828936	15.52062366	131	109	88	109.6250473	17.54675753	180.6899898	0.1098334003
TTGAGAAGTTTAGCAT-1	466	4642	2631	182	301	15.48172757	10.70801691	127.7555699	8.280617947	144	111	82	112.3993183	24.83792167	121	87	60	88.77553339	24.03895467	148	113	85	115.0261331	24.76864185	347.2191011	0.07050162094
TTGAGAGTACTGCTAA-1	243	2856	4338	484	199	21.57788945	15.91285039	125.5945044	9.320714526	142	109	76	108.7332408	25.80136249	108	75	50	76.93927534	22.65339578	140	113	89	113.4784749	20.5085409	158.1700715	0.09988909726
TTGATCTAACTTTGTC-1	336	3319	4005	261	216	20.97222222	16.22838068	124.8777924	7.764829041	140	111	77	109.6821108	24.73970427	96	68	44	69.21613433	20.14149537	138	112	87	112.085974	20.00134591	155.0334525	0.09751656904
TTGATGCCGCTCGTCG-1	362	1614	5008	937	193	22.32642487	16.59428006	121.446656	6.768234841	134	109	74	105.9335942	24.79390385	107	81	53	80.50814291	21.46936034	137	115	89	113.5085217	19.67542997	137.0090654	0.1008099503
TTGATGTGTAGTCCCG-1	508	3627	3603	183	323	13.77708978	9.203907917	125.9566415	7.821081071	139	110	74	108.5328873	25.77395763	105	76	49	76.81353364	22.26836919	145	112	84	113.0498674	23.67887706	280.313713	0.08262576486
TTGATTAGCTGTTTCT-1	203	2990	4460	268	186	24.07526882	17.64904978	123.6032574	7.258773906	138	110	78	108.9614948	23.3290662	106	78	53	78.91112233	20.76311294	138	113	87	112.6323697	19.92239539	134.1779877	0.1021865741
TTGATTATGCAGATGA-1	138	921	6177	685	167	33.83832335	37.0164743	121.9397625	5.873176723	135	116	93	113.9614948	18.94828894	99	78	57	77.82110845	16.9040734	133	113	93	112.5891933	16.05419128	95.41087845	0.1240587549
TTGCACAATTCAGAAA-1	349	2371	4640	561	231	19.37229437	13.57996721	126.1754923	7.721238097	142	111	73	108.7276859	27.41181501	112	80	50	80.12662543	24.0550383	145	115	84	114.5393258	23.6635669	237.0732891	0.08218660416
TTGCACGGAGCAGCAC-1	300	3742	3583	296	230	21.14347826	23.57063992	126.3170223	8.56529463	142	113	84	112.9216008	23.15205637	116	84	59	86.05782098	22.81730495	142	114	90	114.8952153	20.31233528	181.5449438	0.09792052516
TTGCATGCTGATCACG-1	415	3243	4050	213	174	26.79885057	17.83963683	124.2960498	6.660446984	140	112	79	110.1964398	24.36554183	107	78	52	78.76846358	21.12275089	139	114	89	113.5783361	19.4744795	140.139811	0.1021656723
TTGCCATAGCCCGCTC-1	350	2009	5032	530	132	35.14393939	26.46785717	123.1609215	6.29713123	137	112	74	108.3388461	24.80978905	105	80	52	78.88435804	20.38498322	134	114	90	112.6082565	17.72058454	87.96220633	0.1319424561
TTGCCCTGATCACGGG-1	348	2132	4855	586	181	25.8839779	21.81774881	123.4390671	7.433951744	139	112	79	109.4929933	24.71461109	96	69	45	69.96073728	19.83278408	134	110	85	109.8606237	18.93359491	126.5531154	0.1116737595
TTGCCGCAGACCTACA-1	388	1831	4913	789	110	44.48181818	46.19597224	122.825851	7.850011347	138	113	71	108.8887767	25.89763338	108	81	49	79.93851786	23.15276727	138	116	89	114.5381896	19.01542141	76.04456078	0.1464939091
TTGCCGCTTTCTAGTA-1	177	4385	3194	165	309	13.54045307	8.123788301	126.5537687	8.453298325	142	108	80	109.4138366	24.66766212	111	76	52	79.24542356	23.51043223	146	110	85	113.0232294	24.36878356	297.1015066	0.07729346885
TTGCCTAATCCAAAGT-1	408	1166	5474	873	124	42.53225806	38.05650203	122.8966634	6.639435029	136	115	77	110.5722762	25.35392915	111	89	57	86.36977654	21.95268674	137	118	90	115.0065648	20.28475378	71.05694586	0.1543538867
TTGCGGCATCAGAAAG-1	492	2770	3989	670	186	21.57526882	15.65856223	125.3604274	8.727911248	142	107	66	105.3291251	29.12976546	104	70	42	71.7447292	23.5677414	142	111	83	112.2652443	22.27786933	181.5499234	0.09425383844
TTGCGTAGTTTGAGGA-1	57	1159	5697	1008	125	45.688	37.26476427	120.1836781	5.241280581	133	115	93	114.142785	16.56947785	109	90	69	89.3066532	15.72362674	131	116	99	115.4234314	12.96034083	46.55183861	0.1754346593
TTGCGTCGGCCAACCG-1	526	3102	3910	383	193	22.24352332	14.77632093	125.8677399	9.51015735	141	109	72	107.7315995	26.99668554	108	76	47	77.01754829	23.3286368	141	113	85	113.2891049	21.74173257	173.9924668	0.09356300634
TTGCTCCCATACCGGA-1	436	3393	3977	115	279	15.16129032	10.02501208	122.9696798	6.665509553	136	108	73	106.1113496	26.00740814	94	66	41	67.35879308	21.16914259	143	112	81	111.9809368	24.58302207	234.0289837	0.08484049003
TTGCTGAAGGAACCAC-1	761	3691	3114	355	175	16.05142857	14.6350923	121.1922249	8.245530409	130	96	61	95.99747507	26.04988259	98	69	47	70.82969322	19.75166253	136	110	88	110.9383916	18.8728392	129.7194842	0.1138411987
TTGCTGATCATGTTCG-1	218	3283	4113	307	228	21.14473684	16.1734328	126.0959752	8.417921324	142	113	81	112.1305391	24.31528437	105	75	50	76.72781214	21.84973289	142	113	87	113.8375205	21.7752284	196.151047	0.09082540478
TTGCTGCACCTATCCA-1	250	993	5412	1266	145	30.44137931	29.57279175	119.8964949	6.111866303	130	109	77	105.6735261	22.16166667	87	66	43	65.7106426	17.07032171	127	109	86	107.3223078	16.54634739	65.76749234	0.1543699857
TTGCTGGCCGGGCTTC-1	182	3779	3791	169	305	14.96721311	11.40515732	124.9806531	8.372170213	140	110	84	110.8780457	23.38190691	91	63	43	65.59765181	19.92374909	141	107	83	109.5655852	22.86049473	248.229571	0.08355141654
TTGGAAGAATACAGTC-1	294	1040	4801	1786	145	32.2	30.03437112	121.4169826	6.267486746	135	111	77	108.2514834	23.40656575	105	82	55	80.87110213	19.57899068	132	113	90	111.5567479	16.84702009	77.45646067	0.137713633
TTGGACATGTGGCTTA-1	201	2487	4780	453	154	28.77922078	25.4875184	121.7260867	6.507766499	135	110	79	108.0467113	22.21237975	100	75	52	75.50258806	18.88615384	133	112	90	111.5771998	16.83201212	113.5837589	0.1106350506
TTGGACCATCTGGCAA-1	243	662	6951	65	51	137.8627451	467.968954	127.8856312	9.086545702	134	129	100	123.7529352	20.26957415	135	131	70	121.2396162	27.93166949	133	127	96	121.4634516	20.83767064	137.9974464	0.4003328183
TTGGACCTATAACAGT-1	177	4255	3254	235	327	14.33639144	8.932810178	128.6686086	8.667586876	146	112	83	113.302992	24.61345868	121	85	59	87.45562429	24.41686697	151	113	84	115.1455624	25.79136369	368.9134321	0.07224554976
TTGGAGTCTCCCTTCT-1	808	3514	3454	145	199	20.77889447	16.31047254	124.6695288	8.028082825	138	108	62	104.3937634	28.62345128	96	66	38	67.2171443	22.2001674	140	113	83	111.9684383	22.2366906	155.9634831	0.09918609518
TTGGATATCGTCTACG-1	204	2516	4829	372	231	19.72727273	14.16596405	124.6033305	7.500762169	139	111	79	109.4722889	24.13981642	102	74	48	74.42368388	21.09282997	141	114	88	114.1116021	21.12721504	166.8398876	0.09657763273
TTGGATCGACTTCTGG-1	499	2396	4620	406	231	19.42857143	15.14126431	123.1708511	7.203897335	137	110	72	107.3622017	25.46003907	104	77	49	77.00883727	21.41915326	140	113	84	113.0852165	21.59811709	180.4153473	0.09513216024
TTGGATTGGGTACCAC-1	86	3198	4188	449	230	23.14782609	19.65738869	127.4662323	8.480331873	146	116	90	116.8381517	21.43845108	118	86	61	87.63451584	21.95375924	144	116	91	116.3849261	20.28464082	184.3368233	0.09264943496
TTGGCCATCTTGCGCT-1	471	2286	4867	297	136	33.06617647	25.72112951	121.4636136	6.546150197	135	110	71	105.9729832	25.5816819	99	74	46	73.56419644	20.16649423	133	112	87	110.5193789	18.81192598	83.27438713	0.1356319927
TTGGCCTAGAATTTCG-1	556	3745	3392	228	277	15.62454874	10.78489267	126.7185472	8.616576553	142	109	72	108.1549047	26.76273106	113	76	46	78.27193536	25.7247829	145	112	85	113.4640828	23.12844325	256.5072778	0.08784802661
TTGGCTCGCATGAGAC-1	107	1213	5983	618	159	38.50314465	45.55981268	122.6726844	5.170875853	135	118	96	116.6980179	16.90450711	115	95	71	93.84029794	17.78126356	134	118	99	117.0888777	14.00817403	82.98480592	0.1354055141
TTGGGAAGACGAGCCG-1	154	2732	4723	312	198	23.25757576	22.76913821	122.3118434	7.513166211	137	111	83	110.1792703	22.06770016	89	59	39	63.40979674	24.79306045	132	104	78	104.2927661	21.08078999	150.1857763	0.1077544943
TTGGGACACTGCCCGC-1	350	4918	2562	91	204	11.1127451	9.360536389	117.7254858	6.168472778	121	94	70	95.33404873	20.04940277	89	66	50	67.89647772	15.7600967	135	111	93	113.020452	16.94240705	116.8652962	0.1208934179
TTGGGCGGCGGTTGCC-1	1177	3327	3263	154	217	16.32258065	15.25564326	124.925659	8.503444067	138	102	51	97.79522788	32.72102619	111	73	37	73.71405126	28.04708948	145	109	61	106.4594117	31.2092263	237.3096272	0.09044200471
TTGGTCACACTCGTAA-1	622	3185	3836	278	193	22.02072539	15.78645007	126.848778	8.378907364	142	109	67	106.8486302	28.84573527	111	78	46	78.32710516	24.63044231	144	114	83	113.8610024	23.4441264	190.6492594	0.08941721744
TTGGTTGCGGTGCGCG-1	453	2510	4605	353	139	33.10791367	27.27944667	123.4705322	8.674962506	137	111	74	108.1339477	24.75487422	103	78	53	77.77767959	19.53060939	134	113	92	112.5880571	17.31412489	89.87678754	0.1278972543
TTGTAAGGACCTAAGT-1	285	2937	4235	464	190	24.06842105	21.50913032	123.417498	6.79655905	136	111	81	109.6717586	21.67420848	105	79	55	79.87905567	19.58406059	136	112	89	112.1653832	18.19768756	129.8586568	0.1076781295
TTGTAAGGCCAGTTGG-1	496	4217	3006	202	285	13.93684211	8.282906338	126.1825655	8.292618609	142	107	72	106.5494256	27.18918858	102	68	42	70.87021841	24.01336418	146	108	78	110.7367757	26.70836428	356.0768641	0.0728943172
TTGTAATCCGTACTCG-1	447	2966	3805	703	195	20.54358974	15.67790859	127.7088423	8.533078786	144	107	68	106.2194167	29.18571423	111	74	46	76.82375963	24.85114368	146	112	84	113.9594748	23.56085736	218.8848315	0.08593179203
TTGTATCACACAGAAT-1	306	2135	5043	437	258	19.74806202	17.28899637	124.2533905	6.057428698	137	114	81	111.3231915	22.57658383	103	78	53	78.34275975	19.36879994	139	115	90	114.6814796	19.03362619	178.3975996	0.09590990085
TTGTCGTTCAGTTACC-1	200	3700	3734	287	229	21.90393013	19.27437905	126.2930255	7.848026597	143	114	86	114.1797753	22.70030007	118	87	61	88.52973109	22.43936196	140	113	89	114.3671254	20.25280322	202.1479826	0.08863073233
TTGTGAACCTAATCCG-1	185	4664	2947	125	347	14.2074928	12.1003323	126.0355632	7.985238295	142	113	87	113.7820982	22.106278	118	87	63	89.00959475	22.03762741	146	113	87	115.0651433	23.02448263	286.1048264	0.07783323049
TTGTGCAGCCACGTCA-1	565	4270	2874	212	299	14.43478261	10.01762298	127.506229	8.401937225	143	109	77	109.5956319	26.27697587	119	85	57	87.0210832	24.47094921	147	114	85	115.3199091	24.34439013	276.2925179	0.07930645651
TTGTGGCCCTGACAGT-1	173	2906	4425	417	237	21.00843882	15.7988387	126.2820878	8.108968385	144	114	84	113.6067416	23.89716216	113	81	55	82.85039768	22.68805523	142	113	88	114.1628582	20.75740419	210.6550051	0.08327828541
TTGTGGTAGGAGGGAT-1	312	2546	4478	585	140	32.67142857	29.11760461	123.328525	6.762161596	138	111	78	109.4153516	23.42857886	105	79	53	79.08887767	20.00873257	136	112	88	112.0420401	18.1168931	104.0566905	0.1241408741
TTGTGTATGCCACCAA-1	588	4938	2332	63	231	20.37229437	15.70203928	126.075132	8.476323519	142	112	80	111.2580482	25.06914702	126	93	63	93.88120187	25.09897391	145	116	89	116.8767832	21.80057245	214.7319969	0.09147475562
TTGTGTTTCCCGAAAG-1	517	2439	4605	360	233	16.76824034	13.39647718	123.1146163	7.753302028	136	106	69	103.5657114	28.09557256	97	68	39	68.21878551	22.71560516	144	112	78	111.5965156	26.17088739	198.8066905	0.091956821
TTGTTCAGTGTGCTAC-1	263	4034	3523	101	261	20.63218391	20.83070693	125.5860784	7.262760481	141	115	88	114.9729832	21.31640495	114	87	62	87.95190001	20.7983649	142	115	91	115.8675672	20.29958079	174.3924923	0.09916914502
TTGTTGTGTGTCAAGA-1	1311	2346	4110	154	248	16.24596774	13.40588399	123.8567463	7.007866069	135	107	45	98.50536548	33.2554129	104	74	33	71.12296427	26.02465068	143	111	74	109.601818	26.37328333	215.1104443	0.09645010696
TTGTTTCACATCCAGG-1	649	2826	3976	470	189	20.98412698	16.37473735	124.4019651	8.095601492	139	107	64	104.2599419	28.09941811	112	81	49	80.87968691	24.02589906	140	113	84	112.5946219	21.76319318	160.4033453	0.09689538342
TTGTTTCATTAGTCTA-1	309	1797	4940	875	163	28.06748466	22.26392963	122.2558131	6.519662644	135	111	73	107.5792198	24.47102933	107	81	54	80.4553718	20.78493305	134	114	89	112.4613054	18.15838935	114.9313075	0.1133183374
TTGTTTCCATACAACT-1	236	1854	5065	766	156	28.57692308	22.70576524	122.4809953	6.116733436	136	110	77	107.7204898	23.50283343	99	73	49	73.40992299	19.28632614	133	112	88	110.8882717	18.04201258	115.3332482	0.1146084553
TTGTTTGTGTAAATTC-1	359	2855	4568	139	192	26.55729167	23.28842812	124.9641551	6.798297698	139	115	81	111.9169297	24.15702466	122	93	62	92.59007701	24.09092521	140	118	92	117.0677945	19.35268124	148.6705822	0.1032918352
