rank	source	target	cluster_1	cluster_2	mean	pvalue	interaction_key
1	APOE	LRP1	Lateral_ventricle	Pyramidal_layer	3.2671270980721427		APOE|LRP1|Lateral_ventricle->Pyramidal_layer
2	APOE	LRP1	Lateral_ventricle	Lateral_ventricle	3.230836770080385		APOE|LRP1|Lateral_ventricle->Lateral_ventricle
3	APOE	LRP1	Lateral_ventricle	Cortex_4	3.2153071973745417		APOE|LRP1|Lateral_ventricle->Cortex_4
4	APOE	LRP1	Lateral_ventricle	Thalamus_2	3.2074399014624455		APOE|LRP1|Lateral_ventricle->Thalamus_2
5	APOE	LRP1	Lateral_ventricle	Striatum	3.191329591024935		APOE|LRP1|Lateral_ventricle->Striatum
6	APOE	LRP1	Lateral_ventricle	Cortex_2	3.185503661052726		APOE|LRP1|Lateral_ventricle->Cortex_2
7	APOE	LRP1	Lateral_ventricle	Cortex_1	3.1848730113304837		APOE|LRP1|Lateral_ventricle->Cortex_1
8	APOE	LRP1	Lateral_ventricle	Hypothalamus_1	3.1822457651679334		APOE|LRP1|Lateral_ventricle->Hypothalamus_1
9	APOE	LRP1	Lateral_ventricle	Cortex_3	3.17665324140279		APOE|LRP1|Lateral_ventricle->Cortex_3
10	APOE	LRP1	Lateral_ventricle	Cortex_5	3.15408233247062		APOE|LRP1|Lateral_ventricle->Cortex_5
11	APOE	LRP1	Lateral_ventricle	Hypothalamus_2	3.1507893334654042		APOE|LRP1|Lateral_ventricle->Hypothalamus_2
12	APOE	LRP1	Lateral_ventricle	Thalamus_1	3.1435017329979673		APOE|LRP1|Lateral_ventricle->Thalamus_1
13	APOE	LRP1	Lateral_ventricle	Pyramidal_layer_dentate_gyrus	3.1116567319806885		APOE|LRP1|Lateral_ventricle->Pyramidal_layer_dentate_gyrus
14	APOE	LRP1	Cortex_5	Pyramidal_layer	3.1067467346077873		APOE|LRP1|Cortex_5->Pyramidal_layer
15	APOE	LRP1	Fiber_tract	Pyramidal_layer	3.083672346103759		APOE|LRP1|Fiber_tract->Pyramidal_layer
16	APOE	LRP1	Cortex_5	Lateral_ventricle	3.0704564066160294		APOE|LRP1|Cortex_5->Lateral_ventricle
17	APOE	LRP1	Lateral_ventricle	Hippocampus	3.061058733243126		APOE|LRP1|Lateral_ventricle->Hippocampus
18	APOE	LRP1	Cortex_5	Cortex_4	3.0549268339101863		APOE|LRP1|Cortex_5->Cortex_4
19	APOE	LRP1	Fiber_tract	Lateral_ventricle	3.047382018112001		APOE|LRP1|Fiber_tract->Lateral_ventricle
20	APOE	LRP1	Cortex_5	Thalamus_2	3.04705953799809		APOE|LRP1|Cortex_5->Thalamus_2
21	APOE	LRP1	Hippocampus	Pyramidal_layer	3.0445457115059806		APOE|LRP1|Hippocampus->Pyramidal_layer
22	APOE	LRP1	Fiber_tract	Cortex_4	3.031852445406158		APOE|LRP1|Fiber_tract->Cortex_4
23	APOE	LRP1	Cortex_5	Striatum	3.0309492275605794		APOE|LRP1|Cortex_5->Striatum
24	APOE	LRP1	Cortex_5	Cortex_2	3.0251232975883706		APOE|LRP1|Cortex_5->Cortex_2
25	APOE	LRP1	Cortex_5	Cortex_1	3.0244926478661283		APOE|LRP1|Cortex_5->Cortex_1
26	APOE	LRP1	Fiber_tract	Thalamus_2	3.0239851494940617		APOE|LRP1|Fiber_tract->Thalamus_2
27	APOE	LRP1	Cortex_5	Hypothalamus_1	3.021865401703578		APOE|LRP1|Cortex_5->Hypothalamus_1
28	APOE	LRP1	Cortex_5	Cortex_3	3.0162728779384347		APOE|LRP1|Cortex_5->Cortex_3
29	APOE	LRP1	Hippocampus	Lateral_ventricle	3.0082553835142227		APOE|LRP1|Hippocampus->Lateral_ventricle
30	APOE	LRP1	Fiber_tract	Striatum	3.007874839056551		APOE|LRP1|Fiber_tract->Striatum
31	APOE	LRP1	Fiber_tract	Cortex_2	3.0020489090843423		APOE|LRP1|Fiber_tract->Cortex_2
32	APOE	LRP1	Fiber_tract	Cortex_1	3.0014182593621		APOE|LRP1|Fiber_tract->Cortex_1
33	APOE	LRP1	Hypothalamus_1	Pyramidal_layer	3.0000086440926506		APOE|LRP1|Hypothalamus_1->Pyramidal_layer
34	APOE	LRP1	Fiber_tract	Hypothalamus_1	2.9987910131995497		APOE|LRP1|Fiber_tract->Hypothalamus_1
35	APOE	LRP1	Thalamus_2	Pyramidal_layer	2.998312295902343		APOE|LRP1|Thalamus_2->Pyramidal_layer
36	APOE	LRP1	Cortex_5	Cortex_5	2.9937019690062647		APOE|LRP1|Cortex_5->Cortex_5
37	APOE	LRP1	Hypothalamus_2	Pyramidal_layer	2.993553937900634		APOE|LRP1|Hypothalamus_2->Pyramidal_layer
38	APOE	LRP1	Lateral_ventricle	Fiber_tract	2.993223951189919		APOE|LRP1|Lateral_ventricle->Fiber_tract
39	APOE	LRP1	Fiber_tract	Cortex_3	2.9931984894344064		APOE|LRP1|Fiber_tract->Cortex_3
40	APOE	LRP1	Hippocampus	Cortex_4	2.9927258108083796		APOE|LRP1|Hippocampus->Cortex_4
41	APOE	LRP1	Cortex_5	Hypothalamus_2	2.9904089700010488		APOE|LRP1|Cortex_5->Hypothalamus_2
42	APOE	LRP1	Hippocampus	Thalamus_2	2.9848585148962834		APOE|LRP1|Hippocampus->Thalamus_2
43	APOE	LRP1	Cortex_5	Thalamus_1	2.983121369533612		APOE|LRP1|Cortex_5->Thalamus_1
44	APOE	LRP1	Fiber_tract	Cortex_5	2.9706275805022364		APOE|LRP1|Fiber_tract->Cortex_5
45	APOE	LRP1	Hippocampus	Striatum	2.9687482044587727		APOE|LRP1|Hippocampus->Striatum
46	APOE	LRP1	Fiber_tract	Hypothalamus_2	2.9673345814970205		APOE|LRP1|Fiber_tract->Hypothalamus_2
47	APOE	LRP1	Hypothalamus_1	Lateral_ventricle	2.9637183161008926		APOE|LRP1|Hypothalamus_1->Lateral_ventricle
48	APOE	LRP1	Hippocampus	Cortex_2	2.962922274486564		APOE|LRP1|Hippocampus->Cortex_2
49	APOE	LRP1	Hippocampus	Cortex_1	2.9622916247643216		APOE|LRP1|Hippocampus->Cortex_1
50	APOE	LRP1	Thalamus_2	Lateral_ventricle	2.962021967910585		APOE|LRP1|Thalamus_2->Lateral_ventricle
51	APOE	LRP1	Fiber_tract	Thalamus_1	2.9600469810295835		APOE|LRP1|Fiber_tract->Thalamus_1
52	APOE	LRP1	Hippocampus	Hypothalamus_1	2.9596643786017713		APOE|LRP1|Hippocampus->Hypothalamus_1
53	APOE	LRP1	Hypothalamus_2	Lateral_ventricle	2.957263609908876		APOE|LRP1|Hypothalamus_2->Lateral_ventricle
54	APOE	LRP1	Hippocampus	Cortex_3	2.954071854836628		APOE|LRP1|Hippocampus->Cortex_3
55	APOE	LRP1	Cortex_5	Pyramidal_layer_dentate_gyrus	2.951276368516333		APOE|LRP1|Cortex_5->Pyramidal_layer_dentate_gyrus
56	APOE	LRP1	Hypothalamus_1	Cortex_4	2.9481887433950495		APOE|LRP1|Hypothalamus_1->Cortex_4
57	APOE	LRP1	Thalamus_2	Cortex_4	2.946492395204742		APOE|LRP1|Thalamus_2->Cortex_4
58	APOE	LRP1	Hypothalamus_2	Cortex_4	2.941734037203033		APOE|LRP1|Hypothalamus_2->Cortex_4
59	APOE	LRP1	Hypothalamus_1	Thalamus_2	2.9403214474829533		APOE|LRP1|Hypothalamus_1->Thalamus_2
60	APOE	LRP1	Thalamus_2	Thalamus_2	2.9386250992926457		APOE|LRP1|Thalamus_2->Thalamus_2
61	APOE	LRP1	Hypothalamus_2	Thalamus_2	2.9338667412909367		APOE|LRP1|Hypothalamus_2->Thalamus_2
62	APOE	LRP1	Thalamus_1	Pyramidal_layer	2.9338651313668205		APOE|LRP1|Thalamus_1->Pyramidal_layer
63	APOE	LRP1	Hippocampus	Cortex_5	2.931500945904458		APOE|LRP1|Hippocampus->Cortex_5
64	APOE	LRP1	Hippocampus	Hypothalamus_2	2.928207946899242		APOE|LRP1|Hippocampus->Hypothalamus_2
65	APOE	LRP1	Fiber_tract	Pyramidal_layer_dentate_gyrus	2.9282019800123047		APOE|LRP1|Fiber_tract->Pyramidal_layer_dentate_gyrus
66	APOE	LRP1	Hypothalamus_1	Striatum	2.9242111370454427		APOE|LRP1|Hypothalamus_1->Striatum
67	APOE	LRP1	Thalamus_2	Striatum	2.922514788855135		APOE|LRP1|Thalamus_2->Striatum
68	APOE	LRP1	Hippocampus	Thalamus_1	2.920920346431805		APOE|LRP1|Hippocampus->Thalamus_1
69	APOE	LRP1	Hypothalamus_1	Cortex_2	2.918385207073234		APOE|LRP1|Hypothalamus_1->Cortex_2
70	APOE	LRP1	Hypothalamus_2	Striatum	2.917756430853426		APOE|LRP1|Hypothalamus_2->Striatum
71	APOE	LRP1	Hypothalamus_1	Cortex_1	2.9177545573509915		APOE|LRP1|Hypothalamus_1->Cortex_1
72	APOE	LRP1	Thalamus_2	Cortex_2	2.9166888588829263		APOE|LRP1|Thalamus_2->Cortex_2
73	APOE	LRP1	Thalamus_2	Cortex_1	2.916058209160684		APOE|LRP1|Thalamus_2->Cortex_1
74	APOE	LRP1	Hypothalamus_1	Hypothalamus_1	2.9151273111884413		APOE|LRP1|Hypothalamus_1->Hypothalamus_1
75	APOE	LRP1	Thalamus_2	Hypothalamus_1	2.9134309629981336		APOE|LRP1|Thalamus_2->Hypothalamus_1
76	APOE	LRP1	Hypothalamus_2	Cortex_2	2.9119305008812173		APOE|LRP1|Hypothalamus_2->Cortex_2
77	APOE	LRP1	Hypothalamus_2	Cortex_1	2.911299851158975		APOE|LRP1|Hypothalamus_2->Cortex_1
78	APOE	LRP1	Striatum	Pyramidal_layer	2.909898103702636		APOE|LRP1|Striatum->Pyramidal_layer
79	APOE	LRP1	Hypothalamus_1	Cortex_3	2.909534787423298		APOE|LRP1|Hypothalamus_1->Cortex_3
80	APOE	LRP1	Hypothalamus_2	Hypothalamus_1	2.9086726049964247		APOE|LRP1|Hypothalamus_2->Hypothalamus_1
81	APOE	LRP1	Thalamus_2	Cortex_3	2.9078384392329903		APOE|LRP1|Thalamus_2->Cortex_3
82	APOE	LRP1	Hypothalamus_2	Cortex_3	2.9030800812312814		APOE|LRP1|Hypothalamus_2->Cortex_3
83	APOE	LRP1	Cortex_5	Hippocampus	2.9006783697787704		APOE|LRP1|Cortex_5->Hippocampus
84	APOE	LRP1	Thalamus_1	Lateral_ventricle	2.8975748033750626		APOE|LRP1|Thalamus_1->Lateral_ventricle
85	APOE	LRP1	Hippocampus	Pyramidal_layer_dentate_gyrus	2.8890753454145264		APOE|LRP1|Hippocampus->Pyramidal_layer_dentate_gyrus
86	APOE	LRP1	Hypothalamus_1	Cortex_5	2.886963878491128		APOE|LRP1|Hypothalamus_1->Cortex_5
87	APOE	LRP1	Thalamus_2	Cortex_5	2.8852675303008204		APOE|LRP1|Thalamus_2->Cortex_5
88	APOE	LRP1	Hypothalamus_1	Hypothalamus_2	2.883670879485912		APOE|LRP1|Hypothalamus_1->Hypothalamus_2
89	APOE	LRP1	Thalamus_1	Cortex_4	2.8820452306692195		APOE|LRP1|Thalamus_1->Cortex_4
90	APOE	LRP1	Thalamus_2	Hypothalamus_2	2.8819745312956044		APOE|LRP1|Thalamus_2->Hypothalamus_2
91	APOE	LRP1	Hypothalamus_2	Cortex_5	2.8805091722991114		APOE|LRP1|Hypothalamus_2->Cortex_5
92	APOE	LRP1	Fiber_tract	Hippocampus	2.877603981274742		APOE|LRP1|Fiber_tract->Hippocampus
93	APOE	LRP1	Hypothalamus_2	Hypothalamus_2	2.8772161732938955		APOE|LRP1|Hypothalamus_2->Hypothalamus_2
94	APOE	LRP1	Hypothalamus_1	Thalamus_1	2.876383279018475		APOE|LRP1|Hypothalamus_1->Thalamus_1
95	APOE	LRP1	Thalamus_2	Thalamus_1	2.8746869308281675		APOE|LRP1|Thalamus_2->Thalamus_1
96	APOE	LRP1	Thalamus_1	Thalamus_2	2.8741779347571232		APOE|LRP1|Thalamus_1->Thalamus_2
97	APOE	LRP1	Striatum	Lateral_ventricle	2.873607775710878		APOE|LRP1|Striatum->Lateral_ventricle
98	APOE	LRP1	Hypothalamus_2	Thalamus_1	2.8699285728264585		APOE|LRP1|Hypothalamus_2->Thalamus_1
99	APOE	LRP1	Striatum	Cortex_4	2.858078203005035		APOE|LRP1|Striatum->Cortex_4
100	APOE	LRP1	Thalamus_1	Striatum	2.8580676243196126		APOE|LRP1|Thalamus_1->Striatum
101	APOE	LRP1	Thalamus_1	Cortex_2	2.852241694347404		APOE|LRP1|Thalamus_1->Cortex_2
102	APOE	LRP1	Thalamus_1	Cortex_1	2.8516110446251615		APOE|LRP1|Thalamus_1->Cortex_1
103	APOE	LRP1	Striatum	Thalamus_2	2.8502109070929387		APOE|LRP1|Striatum->Thalamus_2
104	APOE	LRP1	Thalamus_1	Hypothalamus_1	2.848983798462611		APOE|LRP1|Thalamus_1->Hypothalamus_1
105	APOE	LRP1	Hypothalamus_1	Pyramidal_layer_dentate_gyrus	2.8445382780011963		APOE|LRP1|Hypothalamus_1->Pyramidal_layer_dentate_gyrus
106	APOE	LRP1	Thalamus_1	Cortex_3	2.843391274697468		APOE|LRP1|Thalamus_1->Cortex_3
107	APOE	LRP1	Thalamus_2	Pyramidal_layer_dentate_gyrus	2.8428419298108887		APOE|LRP1|Thalamus_2->Pyramidal_layer_dentate_gyrus
108	APOE	LRP1	Cortex_2	Pyramidal_layer	2.8401979818230583		APOE|LRP1|Cortex_2->Pyramidal_layer
109	APOE	LRP1	Hippocampus	Hippocampus	2.8384773466769637		APOE|LRP1|Hippocampus->Hippocampus
110	APOE	LRP1	Hypothalamus_2	Pyramidal_layer_dentate_gyrus	2.8380835718091797		APOE|LRP1|Hypothalamus_2->Pyramidal_layer_dentate_gyrus
111	APOE	LRP1	Striatum	Striatum	2.834100596655428		APOE|LRP1|Striatum->Striatum
112	APOE	LRP1	Cortex_5	Fiber_tract	2.8328435877255633		APOE|LRP1|Cortex_5->Fiber_tract
113	APOE	LRP1	Striatum	Cortex_2	2.8282746666832193		APOE|LRP1|Striatum->Cortex_2
114	APOE	LRP1	Striatum	Cortex_1	2.827644016960977		APOE|LRP1|Striatum->Cortex_1
115	APOE	LRP1	Striatum	Hypothalamus_1	2.8250167707984266		APOE|LRP1|Striatum->Hypothalamus_1
116	APOE	LRP1	Thalamus_1	Cortex_5	2.820820365765298		APOE|LRP1|Thalamus_1->Cortex_5
117	APOE	LRP1	Striatum	Cortex_3	2.8194242470332833		APOE|LRP1|Striatum->Cortex_3
118	APOE	LRP1	Thalamus_1	Hypothalamus_2	2.817527366760082		APOE|LRP1|Thalamus_1->Hypothalamus_2
119	APOE	LRP1	Thalamus_1	Thalamus_1	2.810239766292645		APOE|LRP1|Thalamus_1->Thalamus_1
120	APOE	LRP1	Fiber_tract	Fiber_tract	2.809769199221535		APOE|LRP1|Fiber_tract->Fiber_tract
121	APOE	LRP1	Cortex_2	Lateral_ventricle	2.8039076538313004		APOE|LRP1|Cortex_2->Lateral_ventricle
122	APOE	LRP1	Striatum	Cortex_5	2.7968533381011134		APOE|LRP1|Striatum->Cortex_5
123	APOE	LRP1	Hypothalamus_1	Hippocampus	2.7939402792636336		APOE|LRP1|Hypothalamus_1->Hippocampus
124	APOE	LRP1	Striatum	Hypothalamus_2	2.7935603390958974		APOE|LRP1|Striatum->Hypothalamus_2
125	APOE	LRP1	Thalamus_2	Hippocampus	2.792243931073326		APOE|LRP1|Thalamus_2->Hippocampus
126	APOE	LRP1	Cortex_2	Cortex_4	2.7883780811254573		APOE|LRP1|Cortex_2->Cortex_4
127	APOE	LRP1	Hypothalamus_2	Hippocampus	2.787485573071617		APOE|LRP1|Hypothalamus_2->Hippocampus
128	APOE	LRP1	Striatum	Thalamus_1	2.7862727386284605		APOE|LRP1|Striatum->Thalamus_1
129	APOE	LRP1	Cortex_2	Thalamus_2	2.780510785213361		APOE|LRP1|Cortex_2->Thalamus_2
130	APOE	LRP1	Thalamus_1	Pyramidal_layer_dentate_gyrus	2.778394765275366		APOE|LRP1|Thalamus_1->Pyramidal_layer_dentate_gyrus
131	APOE	LRP1	Cortex_4	Pyramidal_layer	2.7725479020958854		APOE|LRP1|Cortex_4->Pyramidal_layer
132	APOE	LRP1	Hippocampus	Fiber_tract	2.7706425646237567		APOE|LRP1|Hippocampus->Fiber_tract
133	APOE	LRP1	Cortex_2	Striatum	2.7644004747758504		APOE|LRP1|Cortex_2->Striatum
134	APOE	LRP1	Cortex_2	Cortex_2	2.7585745448036416		APOE|LRP1|Cortex_2->Cortex_2
135	APOE	LRP1	Cortex_2	Cortex_1	2.7579438950813993		APOE|LRP1|Cortex_2->Cortex_1
136	APOE	LRP1	Cortex_2	Hypothalamus_1	2.755316648918849		APOE|LRP1|Cortex_2->Hypothalamus_1
137	APOE	LRP1	Striatum	Pyramidal_layer_dentate_gyrus	2.7544277376111816		APOE|LRP1|Striatum->Pyramidal_layer_dentate_gyrus
138	APOE	LRP1	Cortex_2	Cortex_3	2.7497241251537057		APOE|LRP1|Cortex_2->Cortex_3
139	APOE	LRP1	Cortex_1	Pyramidal_layer	2.7491403236275627		APOE|LRP1|Cortex_1->Pyramidal_layer
140	APOE	LRP1	Cortex_4	Lateral_ventricle	2.7362575741041275		APOE|LRP1|Cortex_4->Lateral_ventricle
141	APOE	LRP1	Thalamus_1	Hippocampus	2.7277967665378036		APOE|LRP1|Thalamus_1->Hippocampus
142	APOE	LRP1	Cortex_2	Cortex_5	2.7271532162215357		APOE|LRP1|Cortex_2->Cortex_5
143	APOE	LRP1	Hypothalamus_1	Fiber_tract	2.7261054972104266		APOE|LRP1|Hypothalamus_1->Fiber_tract
144	APOE	LRP1	Thalamus_2	Fiber_tract	2.724409149020119		APOE|LRP1|Thalamus_2->Fiber_tract
145	APOE	LRP1	Cortex_2	Hypothalamus_2	2.7238602172163198		APOE|LRP1|Cortex_2->Hypothalamus_2
146	APOE	LRP1	Cortex_4	Cortex_4	2.7207280013982844		APOE|LRP1|Cortex_4->Cortex_4
147	APOE	LRP1	Hypothalamus_2	Fiber_tract	2.71965079101841		APOE|LRP1|Hypothalamus_2->Fiber_tract
148	APOE	LRP1	Cortex_2	Thalamus_1	2.716572616748883		APOE|LRP1|Cortex_2->Thalamus_1
149	APOE	LRP1	Cortex_4	Thalamus_2	2.712860705486188		APOE|LRP1|Cortex_4->Thalamus_2
150	APOE	LRP1	Cortex_1	Lateral_ventricle	2.7128499956358048		APOE|LRP1|Cortex_1->Lateral_ventricle
151	APOE	LRP1	Striatum	Hippocampus	2.703829738873619		APOE|LRP1|Striatum->Hippocampus
152	APOE	LRP1	Cortex_1	Cortex_4	2.6973204229299617		APOE|LRP1|Cortex_1->Cortex_4
153	APOE	LRP1	Cortex_4	Striatum	2.6967503950486775		APOE|LRP1|Cortex_4->Striatum
154	APOE	LRP1	Cortex_4	Cortex_2	2.6909244650764688		APOE|LRP1|Cortex_4->Cortex_2
155	APOE	LRP1	Cortex_4	Cortex_1	2.6902938153542264		APOE|LRP1|Cortex_4->Cortex_1
156	APOE	LRP1	Cortex_1	Thalamus_2	2.6894531270178654		APOE|LRP1|Cortex_1->Thalamus_2
157	APOE	LRP1	Cortex_4	Hypothalamus_1	2.687666569191676		APOE|LRP1|Cortex_4->Hypothalamus_1
158	APOE	LRP1	Cortex_2	Pyramidal_layer_dentate_gyrus	2.684727615731604		APOE|LRP1|Cortex_2->Pyramidal_layer_dentate_gyrus
159	APOE	LRP1	Cortex_4	Cortex_3	2.682074045426533		APOE|LRP1|Cortex_4->Cortex_3
160	APOE	LRP1	Cortex_3	Pyramidal_layer	2.681703866947265		APOE|LRP1|Cortex_3->Pyramidal_layer
161	APOE	LRP1	Cortex_1	Striatum	2.6733428165803548		APOE|LRP1|Cortex_1->Striatum
162	APOE	LRP1	Cortex_1	Cortex_2	2.667516886608146		APOE|LRP1|Cortex_1->Cortex_2
163	APOE	LRP1	Cortex_1	Cortex_1	2.6668862368859036		APOE|LRP1|Cortex_1->Cortex_1
164	APOE	LRP1	Cortex_1	Hypothalamus_1	2.6642589907233534		APOE|LRP1|Cortex_1->Hypothalamus_1
165	APOE	LRP1	Thalamus_1	Fiber_tract	2.6599619844845965		APOE|LRP1|Thalamus_1->Fiber_tract
166	APOE	LRP1	Cortex_4	Cortex_5	2.659503136494363		APOE|LRP1|Cortex_4->Cortex_5
167	APOE	LRP1	Cortex_1	Cortex_3	2.65866646695821		APOE|LRP1|Cortex_1->Cortex_3
168	APOE	LRP1	Pyramidal_layer_dentate_gyrus	Pyramidal_layer	2.6564083709603263	0.99	APOE|LRP1|Pyramidal_layer_dentate_gyrus->Pyramidal_layer
169	APOE	LRP1	Cortex_4	Hypothalamus_2	2.656210137489147		APOE|LRP1|Cortex_4->Hypothalamus_2
170	APOE	LRP1	Cortex_4	Thalamus_1	2.64892253702171		APOE|LRP1|Cortex_4->Thalamus_1
171	APOE	LRP1	Cortex_3	Lateral_ventricle	2.645413538955507		APOE|LRP1|Cortex_3->Lateral_ventricle
172	APOE	LRP1	Cortex_1	Cortex_5	2.63609555802604		APOE|LRP1|Cortex_1->Cortex_5
173	APOE	LRP1	Striatum	Fiber_tract	2.635994956820412		APOE|LRP1|Striatum->Fiber_tract
174	APOE	LRP1	Cortex_2	Hippocampus	2.6341296169940414		APOE|LRP1|Cortex_2->Hippocampus
175	APOE	LRP1	Cortex_1	Hypothalamus_2	2.632802559020824		APOE|LRP1|Cortex_1->Hypothalamus_2
176	APOE	LRP1	Cortex_3	Cortex_4	2.629883966249664		APOE|LRP1|Cortex_3->Cortex_4
177	APOE	LRP1	Cortex_1	Thalamus_1	2.6255149585533872		APOE|LRP1|Cortex_1->Thalamus_1
178	APOE	LRP1	Cortex_3	Thalamus_2	2.6220166703375676		APOE|LRP1|Cortex_3->Thalamus_2
179	APOE	LRP1	Pyramidal_layer_dentate_gyrus	Lateral_ventricle	2.6201180429685684		APOE|LRP1|Pyramidal_layer_dentate_gyrus->Lateral_ventricle
180	APOE	LRP1	Cortex_4	Pyramidal_layer_dentate_gyrus	2.617077536004431		APOE|LRP1|Cortex_4->Pyramidal_layer_dentate_gyrus
181	APOE	LRP1	Cortex_3	Striatum	2.605906359900057		APOE|LRP1|Cortex_3->Striatum
182	APOE	LRP1	Pyramidal_layer_dentate_gyrus	Cortex_4	2.6045884702627253		APOE|LRP1|Pyramidal_layer_dentate_gyrus->Cortex_4
183	APOE	LRP1	Cortex_3	Cortex_2	2.600080429927848		APOE|LRP1|Cortex_3->Cortex_2
184	APOE	LRP1	Cortex_3	Cortex_1	2.599449780205606		APOE|LRP1|Cortex_3->Cortex_1
185	APOE	LRP1	Cortex_3	Hypothalamus_1	2.5968225340430555		APOE|LRP1|Cortex_3->Hypothalamus_1
186	APOE	LRP1	Pyramidal_layer_dentate_gyrus	Thalamus_2	2.596721174350629		APOE|LRP1|Pyramidal_layer_dentate_gyrus->Thalamus_2
187	APOE	LRP1	Cortex_1	Pyramidal_layer_dentate_gyrus	2.5936699575361084		APOE|LRP1|Cortex_1->Pyramidal_layer_dentate_gyrus
188	APOE	LRP1	Cortex_3	Cortex_3	2.591230010277912		APOE|LRP1|Cortex_3->Cortex_3
189	APOE	LRP1	Pyramidal_layer_dentate_gyrus	Striatum	2.5806108639131184		APOE|LRP1|Pyramidal_layer_dentate_gyrus->Striatum
190	APOE	LRP1	Pyramidal_layer_dentate_gyrus	Cortex_2	2.5747849339409097		APOE|LRP1|Pyramidal_layer_dentate_gyrus->Cortex_2
191	APOE	LRP1	Pyramidal_layer_dentate_gyrus	Cortex_1	2.5741542842186673		APOE|LRP1|Pyramidal_layer_dentate_gyrus->Cortex_1
192	APOE	LRP1	Pyramidal_layer_dentate_gyrus	Hypothalamus_1	2.571527038056117		APOE|LRP1|Pyramidal_layer_dentate_gyrus->Hypothalamus_1
193	APOE	LRP1	Cortex_3	Cortex_5	2.5686591013457423		APOE|LRP1|Cortex_3->Cortex_5
194	APOE	LRP1	Cortex_4	Hippocampus	2.5664795372668685		APOE|LRP1|Cortex_4->Hippocampus
195	APOE	LRP1	Cortex_2	Fiber_tract	2.5662948349408343		APOE|LRP1|Cortex_2->Fiber_tract
196	APOE	LRP1	Pyramidal_layer_dentate_gyrus	Cortex_3	2.5659345142909737		APOE|LRP1|Pyramidal_layer_dentate_gyrus->Cortex_3
197	APOE	LRP1	Cortex_3	Hypothalamus_2	2.5653661023405263		APOE|LRP1|Cortex_3->Hypothalamus_2
198	APOE	LRP1	Pyramidal_layer	Pyramidal_layer	2.560420574176879	1.0	APOE|LRP1|Pyramidal_layer->Pyramidal_layer
199	APOE	LRP1	Cortex_3	Thalamus_1	2.5580785018730894		APOE|LRP1|Cortex_3->Thalamus_1
200	APOE	LRP1	Pyramidal_layer_dentate_gyrus	Cortex_5	2.543363605358804		APOE|LRP1|Pyramidal_layer_dentate_gyrus->Cortex_5
201	APOE	LRP1	Cortex_1	Hippocampus	2.5430719587985458		APOE|LRP1|Cortex_1->Hippocampus
202	APOE	LRP1	Pyramidal_layer_dentate_gyrus	Hypothalamus_2	2.540070606353588		APOE|LRP1|Pyramidal_layer_dentate_gyrus->Hypothalamus_2
203	APOE	LRP1	Pyramidal_layer_dentate_gyrus	Thalamus_1	2.532783005886151		APOE|LRP1|Pyramidal_layer_dentate_gyrus->Thalamus_1
204	APOE	LRP1	Cortex_3	Pyramidal_layer_dentate_gyrus	2.5262335008558106		APOE|LRP1|Cortex_3->Pyramidal_layer_dentate_gyrus
205	APOE	LRP1	Pyramidal_layer	Lateral_ventricle	2.524130246185121		APOE|LRP1|Pyramidal_layer->Lateral_ventricle
206	APOE	LRP1	Pyramidal_layer	Cortex_4	2.508600673479278		APOE|LRP1|Pyramidal_layer->Cortex_4
207	APOE	LRP1	Pyramidal_layer_dentate_gyrus	Pyramidal_layer_dentate_gyrus	2.500938004868872	1.0	APOE|LRP1|Pyramidal_layer_dentate_gyrus->Pyramidal_layer_dentate_gyrus
208	APOE	LRP1	Pyramidal_layer	Thalamus_2	2.500733377567182		APOE|LRP1|Pyramidal_layer->Thalamus_2
209	APOE	LRP1	Cortex_4	Fiber_tract	2.4986447552136615		APOE|LRP1|Cortex_4->Fiber_tract
210	APOE	LRP1	Pyramidal_layer	Striatum	2.484623067129671		APOE|LRP1|Pyramidal_layer->Striatum
211	APOE	LRP1	Pyramidal_layer	Cortex_2	2.4787971371574624		APOE|LRP1|Pyramidal_layer->Cortex_2
212	APOE	LRP1	Pyramidal_layer	Cortex_1	2.47816648743522		APOE|LRP1|Pyramidal_layer->Cortex_1
213	APOE	LRP1	Cortex_3	Hippocampus	2.475635502118248		APOE|LRP1|Cortex_3->Hippocampus
214	APOE	LRP1	Pyramidal_layer	Hypothalamus_1	2.4755392412726698		APOE|LRP1|Pyramidal_layer->Hypothalamus_1
215	APOE	LRP1	Cortex_1	Fiber_tract	2.4752371767453387		APOE|LRP1|Cortex_1->Fiber_tract
216	APOE	LRP1	Pyramidal_layer	Cortex_3	2.4699467175075265		APOE|LRP1|Pyramidal_layer->Cortex_3
217	APOE	LRP1	Pyramidal_layer_dentate_gyrus	Hippocampus	2.4503400061313094		APOE|LRP1|Pyramidal_layer_dentate_gyrus->Hippocampus
218	APOE	LRP1	Pyramidal_layer	Cortex_5	2.4473758085753565		APOE|LRP1|Pyramidal_layer->Cortex_5
219	APOE	LRP1	Pyramidal_layer	Hypothalamus_2	2.4440828095701406		APOE|LRP1|Pyramidal_layer->Hypothalamus_2
220	APOE	LRP1	Pyramidal_layer	Thalamus_1	2.4367952091027036		APOE|LRP1|Pyramidal_layer->Thalamus_1
221	APOE	LRP1	Cortex_3	Fiber_tract	2.407800720065041		APOE|LRP1|Cortex_3->Fiber_tract
222	APOE	LRP1	Pyramidal_layer	Pyramidal_layer_dentate_gyrus	2.404950208085425	1.0	APOE|LRP1|Pyramidal_layer->Pyramidal_layer_dentate_gyrus
223	APOE	LRP1	Pyramidal_layer_dentate_gyrus	Fiber_tract	2.3825052240781024		APOE|LRP1|Pyramidal_layer_dentate_gyrus->Fiber_tract
224	APOE	LRP1	Pyramidal_layer	Hippocampus	2.354352209347862		APOE|LRP1|Pyramidal_layer->Hippocampus
225	APOE	LRP1	Pyramidal_layer	Fiber_tract	2.286517427294655		APOE|LRP1|Pyramidal_layer->Fiber_tract
226	TTR	LRP2	Lateral_ventricle	Lateral_ventricle	2.153795793226787		TTR|LRP2|Lateral_ventricle->Lateral_ventricle
227	TTR	LRP2	Lateral_ventricle	Hypothalamus_1	2.147712139916971		TTR|LRP2|Lateral_ventricle->Hypothalamus_1
228	TTR	LRP2	Lateral_ventricle	Cortex_5	2.1449565094504774		TTR|LRP2|Lateral_ventricle->Cortex_5
229	TTR	LRP2	Lateral_ventricle	Cortex_1	2.1436872094339927		TTR|LRP2|Lateral_ventricle->Cortex_1
230	TTR	LRP2	Lateral_ventricle	Pyramidal_layer_dentate_gyrus	2.142494207292962		TTR|LRP2|Lateral_ventricle->Pyramidal_layer_dentate_gyrus
231	TTR	LRP2	Lateral_ventricle	Thalamus_1	2.141920468875079		TTR|LRP2|Lateral_ventricle->Thalamus_1
232	TTR	LRP2	Lateral_ventricle	Cortex_2	2.141202014887887		TTR|LRP2|Lateral_ventricle->Cortex_2
233	TTR	LRP2	Hippocampus	Lateral_ventricle	1.6383996823272804		TTR|LRP2|Hippocampus->Lateral_ventricle
234	TTR	LRP2	Hippocampus	Hypothalamus_1	1.6323160290174645		TTR|LRP2|Hippocampus->Hypothalamus_1
235	TTR	LRP2	Hippocampus	Cortex_5	1.6295603985509708		TTR|LRP2|Hippocampus->Cortex_5
236	TTR	LRP2	Hippocampus	Cortex_1	1.628291098534486		TTR|LRP2|Hippocampus->Cortex_1
237	TTR	LRP2	Hippocampus	Pyramidal_layer_dentate_gyrus	1.6270980963934556		TTR|LRP2|Hippocampus->Pyramidal_layer_dentate_gyrus
238	TTR	LRP2	Hippocampus	Thalamus_1	1.6265243579755724		TTR|LRP2|Hippocampus->Thalamus_1
239	TTR	LRP2	Hippocampus	Cortex_2	1.6258059039883808		TTR|LRP2|Hippocampus->Cortex_2
240	TTR	LRP2	Striatum	Lateral_ventricle	1.5847537940762846		TTR|LRP2|Striatum->Lateral_ventricle
241	TTR	LRP2	Striatum	Hypothalamus_1	1.5786701407664687		TTR|LRP2|Striatum->Hypothalamus_1
242	TTR	LRP2	Striatum	Cortex_5	1.575914510299975		TTR|LRP2|Striatum->Cortex_5
243	TTR	LRP2	Striatum	Cortex_1	1.5746452102834902		TTR|LRP2|Striatum->Cortex_1
244	TTR	LRP2	Striatum	Pyramidal_layer_dentate_gyrus	1.5734522081424598		TTR|LRP2|Striatum->Pyramidal_layer_dentate_gyrus
245	TTR	LRP2	Striatum	Thalamus_1	1.5728784697245766		TTR|LRP2|Striatum->Thalamus_1
246	TTR	LRP2	Striatum	Cortex_2	1.572160015737385		TTR|LRP2|Striatum->Cortex_2
247	TTR	LRP2	Cortex_2	Lateral_ventricle	1.3468023149276278		TTR|LRP2|Cortex_2->Lateral_ventricle
248	TTR	LRP2	Cortex_2	Hypothalamus_1	1.340718661617812		TTR|LRP2|Cortex_2->Hypothalamus_1
249	TTR	LRP2	Cortex_2	Cortex_5	1.3379630311513182		TTR|LRP2|Cortex_2->Cortex_5
250	TTR	LRP2	Cortex_2	Cortex_1	1.3366937311348335		TTR|LRP2|Cortex_2->Cortex_1
251	TTR	LRP2	Cortex_2	Pyramidal_layer_dentate_gyrus	1.335500728993803		TTR|LRP2|Cortex_2->Pyramidal_layer_dentate_gyrus
252	TTR	LRP2	Cortex_2	Thalamus_1	1.3349269905759198		TTR|LRP2|Cortex_2->Thalamus_1
253	TTR	LRP2	Cortex_2	Cortex_2	1.3342085365887282		TTR|LRP2|Cortex_2->Cortex_2
254	EFNB2	EPHA4	Cortex_2	Pyramidal_layer	1.324700953285297		EFNB2|EPHA4|Cortex_2->Pyramidal_layer
255	EFNB2	EPHA4	Cortex_2	Pyramidal_layer_dentate_gyrus	1.2946550971714357		EFNB2|EPHA4|Cortex_2->Pyramidal_layer_dentate_gyrus
256	EFNB2	EPHA4	Cortex_3	Pyramidal_layer	1.282754712248807		EFNB2|EPHA4|Cortex_3->Pyramidal_layer
257	EFNB2	EPHA4	Cortex_1	Pyramidal_layer	1.2814003119506265		EFNB2|EPHA4|Cortex_1->Pyramidal_layer
258	EFNB2	EPHA4	Cortex_4	Pyramidal_layer	1.2704311946924		EFNB2|EPHA4|Cortex_4->Pyramidal_layer
259	EFNB2	EPHA4	Striatum	Pyramidal_layer	1.2569591240917377		EFNB2|EPHA4|Striatum->Pyramidal_layer
260	TTR	LRP2	Fiber_tract	Lateral_ventricle	1.254277837213664		TTR|LRP2|Fiber_tract->Lateral_ventricle
261	EFNB2	EPHA4	Cortex_3	Pyramidal_layer_dentate_gyrus	1.2527088561349458		EFNB2|EPHA4|Cortex_3->Pyramidal_layer_dentate_gyrus
262	EFNB2	EPHA4	Cortex_1	Pyramidal_layer_dentate_gyrus	1.2513544558367653		EFNB2|EPHA4|Cortex_1->Pyramidal_layer_dentate_gyrus
263	TTR	LRP2	Fiber_tract	Hypothalamus_1	1.2481941839038482		TTR|LRP2|Fiber_tract->Hypothalamus_1
264	TTR	LRP2	Fiber_tract	Cortex_5	1.2454385534373544		TTR|LRP2|Fiber_tract->Cortex_5
265	TTR	LRP2	Pyramidal_layer	Lateral_ventricle	1.245072615856216		TTR|LRP2|Pyramidal_layer->Lateral_ventricle
266	TTR	LRP2	Fiber_tract	Cortex_1	1.2441692534208697		TTR|LRP2|Fiber_tract->Cortex_1
267	TTR	LRP2	Fiber_tract	Pyramidal_layer_dentate_gyrus	1.2429762512798392		TTR|LRP2|Fiber_tract->Pyramidal_layer_dentate_gyrus
268	TTR	LRP2	Pyramidal_layer_dentate_gyrus	Lateral_ventricle	1.2429024303994594		TTR|LRP2|Pyramidal_layer_dentate_gyrus->Lateral_ventricle
269	TTR	LRP2	Fiber_tract	Thalamus_1	1.242402512861956		TTR|LRP2|Fiber_tract->Thalamus_1
270	TTR	LRP2	Fiber_tract	Cortex_2	1.2416840588747644		TTR|LRP2|Fiber_tract->Cortex_2
271	EFNB2	EPHA4	Cortex_4	Pyramidal_layer_dentate_gyrus	1.2403853385785388		EFNB2|EPHA4|Cortex_4->Pyramidal_layer_dentate_gyrus
272	TTR	LRP2	Pyramidal_layer	Hypothalamus_1	1.2389889625464001		TTR|LRP2|Pyramidal_layer->Hypothalamus_1
273	EFNB2	EPHA4	Cortex_5	Pyramidal_layer	1.237069197205346		EFNB2|EPHA4|Cortex_5->Pyramidal_layer
274	TTR	LRP2	Pyramidal_layer_dentate_gyrus	Hypothalamus_1	1.2368187770896435		TTR|LRP2|Pyramidal_layer_dentate_gyrus->Hypothalamus_1
275	TTR	LRP2	Pyramidal_layer	Cortex_5	1.2362333320799064		TTR|LRP2|Pyramidal_layer->Cortex_5
276	TTR	LRP2	Pyramidal_layer	Cortex_1	1.2349640320634216		TTR|LRP2|Pyramidal_layer->Cortex_1
277	TTR	LRP2	Pyramidal_layer_dentate_gyrus	Cortex_5	1.2340631466231498		TTR|LRP2|Pyramidal_layer_dentate_gyrus->Cortex_5
278	TTR	LRP2	Pyramidal_layer	Pyramidal_layer_dentate_gyrus	1.2337710299223912	0.11	TTR|LRP2|Pyramidal_layer->Pyramidal_layer_dentate_gyrus
279	TTR	LRP2	Pyramidal_layer	Thalamus_1	1.233197291504508		TTR|LRP2|Pyramidal_layer->Thalamus_1
280	TTR	LRP2	Pyramidal_layer_dentate_gyrus	Cortex_1	1.232793846606665		TTR|LRP2|Pyramidal_layer_dentate_gyrus->Cortex_1
281	TTR	LRP2	Pyramidal_layer	Cortex_2	1.2324788375173164		TTR|LRP2|Pyramidal_layer->Cortex_2
282	TTR	LRP2	Pyramidal_layer_dentate_gyrus	Pyramidal_layer_dentate_gyrus	1.2316008444656346	0.1	TTR|LRP2|Pyramidal_layer_dentate_gyrus->Pyramidal_layer_dentate_gyrus
283	TTR	LRP2	Pyramidal_layer_dentate_gyrus	Thalamus_1	1.2310271060477513		TTR|LRP2|Pyramidal_layer_dentate_gyrus->Thalamus_1
284	TTR	LRP2	Pyramidal_layer_dentate_gyrus	Cortex_2	1.2303086520605597		TTR|LRP2|Pyramidal_layer_dentate_gyrus->Cortex_2
285	EFNB2	EPHA4	Striatum	Pyramidal_layer_dentate_gyrus	1.2269132679778765		EFNB2|EPHA4|Striatum->Pyramidal_layer_dentate_gyrus
286	EFNB2	EPHA4	Pyramidal_layer	Pyramidal_layer	1.2263936499754586	0.0	EFNB2|EPHA4|Pyramidal_layer->Pyramidal_layer
287	EFNB2	EPHA4	Cortex_5	Pyramidal_layer_dentate_gyrus	1.2070233410914848		EFNB2|EPHA4|Cortex_5->Pyramidal_layer_dentate_gyrus
288	EFNB2	EPHA4	Pyramidal_layer	Pyramidal_layer_dentate_gyrus	1.1963477938615974	0.0	EFNB2|EPHA4|Pyramidal_layer->Pyramidal_layer_dentate_gyrus
289	EFNB2	EPHA4	Lateral_ventricle	Pyramidal_layer	1.1874330828587214		EFNB2|EPHA4|Lateral_ventricle->Pyramidal_layer
290	EFNB2	EPHA4	Hypothalamus_1	Pyramidal_layer	1.167070970212147		EFNB2|EPHA4|Hypothalamus_1->Pyramidal_layer
291	EFNB2	EPHA4	Lateral_ventricle	Pyramidal_layer_dentate_gyrus	1.1573872267448602		EFNB2|EPHA4|Lateral_ventricle->Pyramidal_layer_dentate_gyrus
292	TTR	LRP2	Cortex_3	Lateral_ventricle	1.1440528933921426		TTR|LRP2|Cortex_3->Lateral_ventricle
293	TTR	LRP2	Cortex_3	Hypothalamus_1	1.1379692400823267		TTR|LRP2|Cortex_3->Hypothalamus_1
294	EFNB2	EPHA4	Hypothalamus_1	Pyramidal_layer_dentate_gyrus	1.1370251140982857		EFNB2|EPHA4|Hypothalamus_1->Pyramidal_layer_dentate_gyrus
295	EFNB2	EPHA4	Hippocampus	Pyramidal_layer	1.1355170914411852		EFNB2|EPHA4|Hippocampus->Pyramidal_layer
296	TTR	LRP2	Cortex_3	Cortex_5	1.135213609615833		TTR|LRP2|Cortex_3->Cortex_5
297	TTR	LRP2	Cortex_3	Cortex_1	1.1339443095993482		TTR|LRP2|Cortex_3->Cortex_1
298	TTR	LRP2	Cortex_3	Pyramidal_layer_dentate_gyrus	1.1327513074583178		TTR|LRP2|Cortex_3->Pyramidal_layer_dentate_gyrus
299	TTR	LRP2	Cortex_3	Thalamus_1	1.1321775690404345		TTR|LRP2|Cortex_3->Thalamus_1
300	TTR	LRP2	Cortex_3	Cortex_2	1.131459115053243		TTR|LRP2|Cortex_3->Cortex_2
301	EFNB2	EPHA4	Thalamus_2	Pyramidal_layer	1.1139967334678484		EFNB2|EPHA4|Thalamus_2->Pyramidal_layer
302	EFNB2	EPHA4	Pyramidal_layer_dentate_gyrus	Pyramidal_layer	1.1108477147353462	0.0	EFNB2|EPHA4|Pyramidal_layer_dentate_gyrus->Pyramidal_layer
303	TTR	LRP2	Cortex_5	Lateral_ventricle	1.1077785900594916		TTR|LRP2|Cortex_5->Lateral_ventricle
304	EFNB2	EPHA4	Hippocampus	Pyramidal_layer_dentate_gyrus	1.105471235327324		EFNB2|EPHA4|Hippocampus->Pyramidal_layer_dentate_gyrus
305	TTR	LRP2	Cortex_5	Hypothalamus_1	1.1016949367496758		TTR|LRP2|Cortex_5->Hypothalamus_1
306	TTR	LRP2	Cortex_5	Cortex_5	1.098939306283182		TTR|LRP2|Cortex_5->Cortex_5
307	EFNB2	EPHA4	Fiber_tract	Pyramidal_layer	1.0979429307714375		EFNB2|EPHA4|Fiber_tract->Pyramidal_layer
308	TTR	LRP2	Cortex_5	Cortex_1	1.0976700062666973		TTR|LRP2|Cortex_5->Cortex_1
309	TTR	LRP2	Cortex_5	Pyramidal_layer_dentate_gyrus	1.0964770041256668		TTR|LRP2|Cortex_5->Pyramidal_layer_dentate_gyrus
310	TTR	LRP2	Cortex_5	Thalamus_1	1.0959032657077836		TTR|LRP2|Cortex_5->Thalamus_1
311	TTR	LRP2	Cortex_5	Cortex_2	1.095184811720592		TTR|LRP2|Cortex_5->Cortex_2
312	EFNB2	EPHA4	Hypothalamus_2	Pyramidal_layer	1.0948847389609593		EFNB2|EPHA4|Hypothalamus_2->Pyramidal_layer
313	EFNB2	EPHA4	Thalamus_2	Pyramidal_layer_dentate_gyrus	1.0839508773539872		EFNB2|EPHA4|Thalamus_2->Pyramidal_layer_dentate_gyrus
314	EFNB2	EPHA4	Pyramidal_layer_dentate_gyrus	Pyramidal_layer_dentate_gyrus	1.080801858621485	0.0	EFNB2|EPHA4|Pyramidal_layer_dentate_gyrus->Pyramidal_layer_dentate_gyrus
315	EFNB2	EPHA4	Thalamus_1	Pyramidal_layer	1.080149494131928		EFNB2|EPHA4|Thalamus_1->Pyramidal_layer
316	EFNB2	EPHA4	Fiber_tract	Pyramidal_layer_dentate_gyrus	1.0678970746575762		EFNB2|EPHA4|Fiber_tract->Pyramidal_layer_dentate_gyrus
317	EFNB2	EPHA4	Hypothalamus_2	Pyramidal_layer_dentate_gyrus	1.064838882847098		EFNB2|EPHA4|Hypothalamus_2->Pyramidal_layer_dentate_gyrus
318	EFNB2	EPHA4	Thalamus_1	Pyramidal_layer_dentate_gyrus	1.0501036380180668		EFNB2|EPHA4|Thalamus_1->Pyramidal_layer_dentate_gyrus
319	EFNB2	EPHA4	Cortex_2	Thalamus_1	1.0329444734459763		EFNB2|EPHA4|Cortex_2->Thalamus_1
320	EFNB2	EPHA4	Cortex_2	Cortex_1	0.9980801470118768		EFNB2|EPHA4|Cortex_2->Cortex_1
321	EFNB2	EPHA4	Cortex_3	Thalamus_1	0.9909982324094861		EFNB2|EPHA4|Cortex_3->Thalamus_1
322	EFNB2	EPHA4	Cortex_1	Thalamus_1	0.9896438321113059		EFNB2|EPHA4|Cortex_1->Thalamus_1
323	EFNB2	EPHA4	Cortex_4	Thalamus_1	0.9786747148530793		EFNB2|EPHA4|Cortex_4->Thalamus_1
324	EFNB2	EPHA4	Striatum	Thalamus_1	0.9652026442524171		EFNB2|EPHA4|Striatum->Thalamus_1
325	EFNB2	EPHA4	Cortex_3	Cortex_1	0.9561339059753868		EFNB2|EPHA4|Cortex_3->Cortex_1
326	EFNB2	EPHA4	Cortex_1	Cortex_1	0.9547795056772064		EFNB2|EPHA4|Cortex_1->Cortex_1
327	EFNB2	EPHA4	Cortex_5	Thalamus_1	0.9453127173660252		EFNB2|EPHA4|Cortex_5->Thalamus_1
328	EFNB2	EPHA4	Cortex_4	Cortex_1	0.9438103884189799		EFNB2|EPHA4|Cortex_4->Cortex_1
329	EFNB2	EPHA4	Pyramidal_layer	Thalamus_1	0.934637170136138		EFNB2|EPHA4|Pyramidal_layer->Thalamus_1
330	EFNB2	EPHA4	Cortex_2	Cortex_4	0.9312222139492505		EFNB2|EPHA4|Cortex_2->Cortex_4
331	EFNB2	EPHA4	Striatum	Cortex_1	0.9303383178183176		EFNB2|EPHA4|Striatum->Cortex_1
332	EFNB2	EPHA4	Cortex_5	Cortex_1	0.9104483909319258		EFNB2|EPHA4|Cortex_5->Cortex_1
333	KITL	KIT	Thalamus_1	Pyramidal_layer	0.9087694411313332		KITL|KIT|Thalamus_1->Pyramidal_layer
334	DLK1	NOTCH1	Hypothalamus_1	Lateral_ventricle	0.9027644003956363		DLK1|NOTCH1|Hypothalamus_1->Lateral_ventricle
335	EFNB2	EPHA4	Pyramidal_layer	Cortex_1	0.8997728437020385		EFNB2|EPHA4|Pyramidal_layer->Cortex_1
336	EFNB2	EPHA4	Lateral_ventricle	Thalamus_1	0.8956766030194006		EFNB2|EPHA4|Lateral_ventricle->Thalamus_1
337	TTR	LRP2	Thalamus_1	Lateral_ventricle	0.8916641743540699		TTR|LRP2|Thalamus_1->Lateral_ventricle
338	TTR	LRP2	Hypothalamus_2	Lateral_ventricle	0.8898745461215352		TTR|LRP2|Hypothalamus_2->Lateral_ventricle
339	EFNB2	EPHA4	Cortex_3	Cortex_4	0.8892759729127606		EFNB2|EPHA4|Cortex_3->Cortex_4
340	DLK1	NOTCH1	Hypothalamus_1	Fiber_tract	0.8892461990929983		DLK1|NOTCH1|Hypothalamus_1->Fiber_tract
341	EFNB2	EPHA4	Cortex_1	Cortex_4	0.8879215726145802		EFNB2|EPHA4|Cortex_1->Cortex_4
342	TTR	LRP2	Thalamus_1	Hypothalamus_1	0.8855805210442541		TTR|LRP2|Thalamus_1->Hypothalamus_1
343	TTR	LRP2	Cortex_1	Lateral_ventricle	0.8841020619835253		TTR|LRP2|Cortex_1->Lateral_ventricle
344	TTR	LRP2	Hypothalamus_2	Hypothalamus_1	0.8837908928117194		TTR|LRP2|Hypothalamus_2->Hypothalamus_1
345	TTR	LRP2	Thalamus_1	Cortex_5	0.8828248905777601		TTR|LRP2|Thalamus_1->Cortex_5
346	TTR	LRP2	Thalamus_1	Cortex_1	0.8815555905612756		TTR|LRP2|Thalamus_1->Cortex_1
347	TTR	LRP2	Hypothalamus_2	Cortex_5	0.8810352623452254		TTR|LRP2|Hypothalamus_2->Cortex_5
348	TTR	LRP2	Thalamus_1	Pyramidal_layer_dentate_gyrus	0.880362588420245		TTR|LRP2|Thalamus_1->Pyramidal_layer_dentate_gyrus
349	TTR	LRP2	Thalamus_1	Thalamus_1	0.8797888500023618		TTR|LRP2|Thalamus_1->Thalamus_1
350	TTR	LRP2	Hypothalamus_2	Cortex_1	0.8797659623287409		TTR|LRP2|Hypothalamus_2->Cortex_1
351	TTR	LRP2	Thalamus_1	Cortex_2	0.8790703960151701		TTR|LRP2|Thalamus_1->Cortex_2
352	TTR	LRP2	Hypothalamus_2	Pyramidal_layer_dentate_gyrus	0.8785729601877103		TTR|LRP2|Hypothalamus_2->Pyramidal_layer_dentate_gyrus
353	TTR	LRP2	Cortex_1	Hypothalamus_1	0.8780184086737095		TTR|LRP2|Cortex_1->Hypothalamus_1
354	TTR	LRP2	Hypothalamus_2	Thalamus_1	0.8779992217698271		TTR|LRP2|Hypothalamus_2->Thalamus_1
355	TTR	LRP2	Hypothalamus_2	Cortex_2	0.8772807677826354		TTR|LRP2|Hypothalamus_2->Cortex_2
356	EFNB2	EPHA4	Cortex_4	Cortex_4	0.8769524553563537		EFNB2|EPHA4|Cortex_4->Cortex_4
357	EFNB2	EPHA4	Hypothalamus_1	Thalamus_1	0.875314490372826		EFNB2|EPHA4|Hypothalamus_1->Thalamus_1
358	TTR	LRP2	Cortex_1	Cortex_5	0.8752627782072155		TTR|LRP2|Cortex_1->Cortex_5
359	TTR	LRP2	Cortex_1	Cortex_1	0.873993478190731		TTR|LRP2|Cortex_1->Cortex_1
360	TTR	LRP2	Cortex_1	Pyramidal_layer_dentate_gyrus	0.8728004760497003		TTR|LRP2|Cortex_1->Pyramidal_layer_dentate_gyrus
361	TTR	LRP2	Cortex_1	Thalamus_1	0.8722267376318172		TTR|LRP2|Cortex_1->Thalamus_1
362	FGF10	FGFR2	Pyramidal_layer	Fiber_tract	0.8715837475617275		FGF10|FGFR2|Pyramidal_layer->Fiber_tract
363	TTR	LRP2	Cortex_1	Cortex_2	0.8715082836446255		TTR|LRP2|Cortex_1->Cortex_2
364	FGF10	FGFR2	Pyramidal_layer_dentate_gyrus	Fiber_tract	0.8687842324684447		FGF10|FGFR2|Pyramidal_layer_dentate_gyrus->Fiber_tract
365	EFNB2	EPHA4	Striatum	Cortex_4	0.8634803847556913		EFNB2|EPHA4|Striatum->Cortex_4
366	KITL	KIT	Thalamus_1	Pyramidal_layer_dentate_gyrus	0.8629356483851827		KITL|KIT|Thalamus_1->Pyramidal_layer_dentate_gyrus
367	EFNB2	EPHA4	Lateral_ventricle	Cortex_1	0.8608122765853011		EFNB2|EPHA4|Lateral_ventricle->Cortex_1
368	DLK1	NOTCH1	Hypothalamus_1	Cortex_5	0.8561590062965265		DLK1|NOTCH1|Hypothalamus_1->Cortex_5
369	TTR	LRP2	Cortex_4	Lateral_ventricle	0.8550269220694986		TTR|LRP2|Cortex_4->Lateral_ventricle
370	TTR	LRP2	Cortex_4	Hypothalamus_1	0.8489432687596828		TTR|LRP2|Cortex_4->Hypothalamus_1
371	FGF10	FGFR2	Cortex_3	Fiber_tract	0.8467719245069167		FGF10|FGFR2|Cortex_3->Fiber_tract
372	TTR	LRP2	Cortex_4	Cortex_5	0.8461876382931889		TTR|LRP2|Cortex_4->Cortex_5
373	TTR	LRP2	Cortex_4	Cortex_1	0.8449183382767044		TTR|LRP2|Cortex_4->Cortex_1
374	PDGFA	PDGFRA	Fiber_tract	Lateral_ventricle	0.8449026528964101		PDGFA|PDGFRA|Fiber_tract->Lateral_ventricle
375	EFNB2	EPHA4	Hippocampus	Thalamus_1	0.8437606116018643		EFNB2|EPHA4|Hippocampus->Thalamus_1
376	TTR	LRP2	Cortex_4	Pyramidal_layer_dentate_gyrus	0.8437253361356737		TTR|LRP2|Cortex_4->Pyramidal_layer_dentate_gyrus
377	EFNB2	EPHA4	Cortex_5	Cortex_4	0.8435904578692995		EFNB2|EPHA4|Cortex_5->Cortex_4
378	TTR	LRP2	Cortex_4	Thalamus_1	0.8431515977177906		TTR|LRP2|Cortex_4->Thalamus_1
379	TTR	LRP2	Cortex_4	Cortex_2	0.8424331437305989		TTR|LRP2|Cortex_4->Cortex_2
380	EFNB2	EPHA4	Hypothalamus_1	Cortex_1	0.8404501639387266		EFNB2|EPHA4|Hypothalamus_1->Cortex_1
381	EFNB2	EPHA4	Pyramidal_layer	Cortex_4	0.8329149106394123		EFNB2|EPHA4|Pyramidal_layer->Cortex_4
382	DLK1	NOTCH1	Hypothalamus_1	Hypothalamus_2	0.830434396553261		DLK1|NOTCH1|Hypothalamus_1->Hypothalamus_2
383	DLK1	NOTCH1	Hypothalamus_1	Thalamus_1	0.8281980599720011		DLK1|NOTCH1|Hypothalamus_1->Thalamus_1
384	KITL	KIT	Thalamus_1	Cortex_5	0.8278660817302654		KITL|KIT|Thalamus_1->Cortex_5
385	FGF10	FGFR2	Cortex_4	Fiber_tract	0.823166030698118		FGF10|FGFR2|Cortex_4->Fiber_tract
386	EFNB2	EPHA4	Thalamus_2	Thalamus_1	0.8222402536285277		EFNB2|EPHA4|Thalamus_2->Thalamus_1
387	EFNB2	EPHA4	Pyramidal_layer_dentate_gyrus	Thalamus_1	0.8190912348960255		EFNB2|EPHA4|Pyramidal_layer_dentate_gyrus->Thalamus_1
388	DLK1	NOTCH1	Hypothalamus_1	Striatum	0.8190592857201332		DLK1|NOTCH1|Hypothalamus_1->Striatum
389	DLK1	NOTCH1	Hypothalamus_1	Hippocampus	0.8150215712876129		DLK1|NOTCH1|Hypothalamus_1->Hippocampus
390	FGF10	FGFR2	Hippocampus	Fiber_tract	0.8116877154983004		FGF10|FGFR2|Hippocampus->Fiber_tract
391	EFNB2	EPHA4	Cortex_2	Thalamus_2	0.811304899920974		EFNB2|EPHA4|Cortex_2->Thalamus_2
392	DLK1	NOTCH1	Hypothalamus_1	Cortex_2	0.8101500970345192		DLK1|NOTCH1|Hypothalamus_1->Cortex_2
393	FGF10	FGFR2	Cortex_1	Fiber_tract	0.8092662917584029		FGF10|FGFR2|Cortex_1->Fiber_tract
394	EFNB2	EPHA4	Hippocampus	Cortex_1	0.8088962851677649		EFNB2|EPHA4|Hippocampus->Cortex_1
395	FGF10	FGFR2	Cortex_2	Fiber_tract	0.8088850102599571		FGF10|FGFR2|Cortex_2->Fiber_tract
396	FGF10	FGFR2	Hypothalamus_1	Fiber_tract	0.8070185517846595		FGF10|FGFR2|Hypothalamus_1->Fiber_tract
397	EFNB2	EPHA4	Fiber_tract	Thalamus_1	0.8061864509321166		EFNB2|EPHA4|Fiber_tract->Thalamus_1
398	EFNB2	EPHA4	Cortex_2	Hippocampus	0.8060642828758146		EFNB2|EPHA4|Cortex_2->Hippocampus
399	FGF10	FGFR2	Striatum	Fiber_tract	0.8034738533190646		FGF10|FGFR2|Striatum->Fiber_tract
400	EFNB2	EPHA4	Hypothalamus_2	Thalamus_1	0.8031282591216384		EFNB2|EPHA4|Hypothalamus_2->Thalamus_1
401	FGF10	FGFR2	Lateral_ventricle	Fiber_tract	0.7999964511638145		FGF10|FGFR2|Lateral_ventricle->Fiber_tract
402	KITL	KIT	Thalamus_1	Cortex_4	0.7995536652869788		KITL|KIT|Thalamus_1->Cortex_4
403	FGF10	FGFR2	Cortex_5	Fiber_tract	0.7982361139087526		FGF10|FGFR2|Cortex_5->Fiber_tract
404	DLK1	NOTCH1	Hypothalamus_1	Thalamus_2	0.7970237626443402		DLK1|NOTCH1|Hypothalamus_1->Thalamus_2
405	FGF10	FGFR2	Hypothalamus_2	Fiber_tract	0.7949786380124716		FGF10|FGFR2|Hypothalamus_2->Fiber_tract
406	EFNB2	EPHA4	Lateral_ventricle	Cortex_4	0.7939543435226749		EFNB2|EPHA4|Lateral_ventricle->Cortex_4
407	FGF10	FGFR2	Thalamus_2	Fiber_tract	0.7919009289145196		FGF10|FGFR2|Thalamus_2->Fiber_tract
408	DLK1	NOTCH1	Hypothalamus_1	Hypothalamus_1	0.7906741753507118		DLK1|NOTCH1|Hypothalamus_1->Hypothalamus_1
409	FGF10	FGFR2	Thalamus_1	Fiber_tract	0.7904565682084564		FGF10|FGFR2|Thalamus_1->Fiber_tract
410	DLK1	NOTCH1	Hypothalamus_1	Pyramidal_layer_dentate_gyrus	0.7885044102443222		DLK1|NOTCH1|Hypothalamus_1->Pyramidal_layer_dentate_gyrus
411	EFNB2	EPHA4	Thalamus_1	Thalamus_1	0.7883930142926073		EFNB2|EPHA4|Thalamus_1->Thalamus_1
412	DLK1	NOTCH1	Hypothalamus_1	Cortex_1	0.7878447716050697		DLK1|NOTCH1|Hypothalamus_1->Cortex_1
413	EFNB2	EPHA4	Thalamus_2	Cortex_1	0.7873759271944283		EFNB2|EPHA4|Thalamus_2->Cortex_1
414	EFNB2	EPHA4	Pyramidal_layer_dentate_gyrus	Cortex_1	0.7842269084619261		EFNB2|EPHA4|Pyramidal_layer_dentate_gyrus->Cortex_1
415	FGF10	FGFR2	Fiber_tract	Fiber_tract	0.7826880289126287		FGF10|FGFR2|Fiber_tract->Fiber_tract
416	PDGFA	PDGFRA	Fiber_tract	Fiber_tract	0.7813485281921065		PDGFA|PDGFRA|Fiber_tract->Fiber_tract
417	TTR	LRP2	Thalamus_2	Lateral_ventricle	0.7792282554764478		TTR|LRP2|Thalamus_2->Lateral_ventricle
418	DLK1	NOTCH1	Hypothalamus_1	Cortex_4	0.7784760493250462		DLK1|NOTCH1|Hypothalamus_1->Cortex_4
419	KITL	KIT	Thalamus_1	Cortex_3	0.7777535924895644		KITL|KIT|Thalamus_1->Cortex_3
420	EFNB2	EPHA4	Cortex_2	Cortex_2	0.7758153565662844		EFNB2|EPHA4|Cortex_2->Cortex_2
421	DLK1	NOTCH1	Hypothalamus_1	Cortex_3	0.7739328232289657		DLK1|NOTCH1|Hypothalamus_1->Cortex_3
422	EFNB2	EPHA4	Hypothalamus_1	Cortex_4	0.7735922308761004		EFNB2|EPHA4|Hypothalamus_1->Cortex_4
423	TTR	LRP2	Thalamus_2	Hypothalamus_1	0.7731446021666321		TTR|LRP2|Thalamus_2->Hypothalamus_1
424	EFNB2	EPHA4	Fiber_tract	Cortex_1	0.7713221244980172		EFNB2|EPHA4|Fiber_tract->Cortex_1
425	TTR	LRP2	Thalamus_2	Cortex_5	0.7703889717001381		TTR|LRP2|Thalamus_2->Cortex_5
426	EFNB2	EPHA4	Cortex_3	Thalamus_2	0.7693586588844841		EFNB2|EPHA4|Cortex_3->Thalamus_2
427	TTR	LRP2	Thalamus_2	Cortex_1	0.7691196716836536		TTR|LRP2|Thalamus_2->Cortex_1
428	EFNB2	EPHA4	Hypothalamus_2	Cortex_1	0.768263932687539		EFNB2|EPHA4|Hypothalamus_2->Cortex_1
429	EFNB2	EPHA4	Cortex_1	Thalamus_2	0.7680042585863036		EFNB2|EPHA4|Cortex_1->Thalamus_2
430	TTR	LRP2	Thalamus_2	Pyramidal_layer_dentate_gyrus	0.7679266695426229		TTR|LRP2|Thalamus_2->Pyramidal_layer_dentate_gyrus
431	TTR	LRP2	Thalamus_2	Thalamus_1	0.7673529311247398		TTR|LRP2|Thalamus_2->Thalamus_1
432	TTR	LRP2	Thalamus_2	Cortex_2	0.7666344771375481		TTR|LRP2|Thalamus_2->Cortex_2
433	EFNB2	EPHA4	Cortex_3	Hippocampus	0.7641180418393245		EFNB2|EPHA4|Cortex_3->Hippocampus
434	EFNB2	EPHA4	Cortex_1	Hippocampus	0.7627636415411443		EFNB2|EPHA4|Cortex_1->Hippocampus
435	DLK1	NOTCH1	Hypothalamus_1	Pyramidal_layer	0.7622895899088882		DLK1|NOTCH1|Hypothalamus_1->Pyramidal_layer
436	EFNB2	EPHA4	Cortex_4	Thalamus_2	0.7570351413280771		EFNB2|EPHA4|Cortex_4->Thalamus_2
437	KITL	KIT	Thalamus_1	Lateral_ventricle	0.7558834199231377		KITL|KIT|Thalamus_1->Lateral_ventricle
438	EFNB2	EPHA4	Thalamus_1	Cortex_1	0.7535286878585079		EFNB2|EPHA4|Thalamus_1->Cortex_1
439	EFNB2	EPHA4	Cortex_4	Hippocampus	0.7517945242829177		EFNB2|EPHA4|Cortex_4->Hippocampus
440	KITL	KIT	Thalamus_1	Cortex_2	0.7515841936689958		KITL|KIT|Thalamus_1->Cortex_2
441	PDGFA	PDGFRA	Fiber_tract	Hypothalamus_2	0.7515500410890553		PDGFA|PDGFRA|Fiber_tract->Hypothalamus_2
442	KITL	KIT	Thalamus_1	Hippocampus	0.7501234901831537		KITL|KIT|Thalamus_1->Hippocampus
443	PDGFA	PDGFRA	Fiber_tract	Hypothalamus_1	0.7459820037386891		PDGFA|PDGFRA|Fiber_tract->Hypothalamus_1
444	EFNB2	EPHA4	Striatum	Thalamus_2	0.7435630707274148		EFNB2|EPHA4|Striatum->Thalamus_2
445	EFNB2	EPHA4	Hippocampus	Cortex_4	0.7420383521051387		EFNB2|EPHA4|Hippocampus->Cortex_4
446	KITL	KIT	Thalamus_1	Cortex_1	0.7409047489256787		KITL|KIT|Thalamus_1->Cortex_1
447	EFNB2	EPHA4	Striatum	Hippocampus	0.7383224536822555		EFNB2|EPHA4|Striatum->Hippocampus
448	KITL	KIT	Thalamus_1	Striatum	0.7360707876621562		KITL|KIT|Thalamus_1->Striatum
449	EFNB2	EPHA4	Cortex_3	Cortex_2	0.7338691155297945		EFNB2|EPHA4|Cortex_3->Cortex_2
450	PDGFA	PDGFRA	Fiber_tract	Cortex_2	0.7329981051056244		PDGFA|PDGFRA|Fiber_tract->Cortex_2
451	EFNB2	EPHA4	Cortex_1	Cortex_2	0.732514715231614		EFNB2|EPHA4|Cortex_1->Cortex_2
452	PDGFA	PDGFRA	Fiber_tract	Cortex_5	0.7290707817884468		PDGFA|PDGFRA|Fiber_tract->Cortex_5
453	PDGFA	PDGFRA	Fiber_tract	Striatum	0.7264174493802718		PDGFA|PDGFRA|Fiber_tract->Striatum
454	EFNB2	EPHA4	Cortex_5	Thalamus_2	0.723673143841023		EFNB2|EPHA4|Cortex_5->Thalamus_2
455	EFNB2	EPHA4	Cortex_4	Cortex_2	0.7215455979733876		EFNB2|EPHA4|Cortex_4->Cortex_2
456	EFNB2	EPHA4	Thalamus_2	Cortex_4	0.7205179941318021		EFNB2|EPHA4|Thalamus_2->Cortex_4
457	EFNB2	EPHA4	Cortex_5	Hippocampus	0.7184325267958636		EFNB2|EPHA4|Cortex_5->Hippocampus
458	EFNB2	EPHA4	Pyramidal_layer_dentate_gyrus	Cortex_4	0.7173689753992999		EFNB2|EPHA4|Pyramidal_layer_dentate_gyrus->Cortex_4
459	KITL	KIT	Thalamus_1	Hypothalamus_1	0.7161272589752443		KITL|KIT|Thalamus_1->Hypothalamus_1
460	EFNB2	EPHA4	Pyramidal_layer	Thalamus_2	0.7129975966111357		EFNB2|EPHA4|Pyramidal_layer->Thalamus_2
461	PDGFA	PDGFRA	Hypothalamus_2	Lateral_ventricle	0.7102212721094452		PDGFA|PDGFRA|Hypothalamus_2->Lateral_ventricle
462	EFNB2	EPHA4	Striatum	Cortex_2	0.7080735273727252		EFNB2|EPHA4|Striatum->Cortex_2
463	EFNB2	EPHA4	Pyramidal_layer	Hippocampus	0.7077569795659764		EFNB2|EPHA4|Pyramidal_layer->Hippocampus
464	EFNB2	EPHA4	Cortex_2	Cortex_3	0.7058811572943482		EFNB2|EPHA4|Cortex_2->Cortex_3
465	KITL	KIT	Thalamus_2	Pyramidal_layer	0.7050482142228811		KITL|KIT|Thalamus_2->Pyramidal_layer
466	EFNB2	EPHA4	Fiber_tract	Cortex_4	0.704464191435391		EFNB2|EPHA4|Fiber_tract->Cortex_4
467	EFNB2	EPHA4	Hypothalamus_2	Cortex_4	0.7014059996249128		EFNB2|EPHA4|Hypothalamus_2->Cortex_4
468	PDGFA	PDGFRA	Cortex_3	Lateral_ventricle	0.7002889030298203		PDGFA|PDGFRA|Cortex_3->Lateral_ventricle
469	KITL	KIT	Thalamus_1	Fiber_tract	0.6948801807886674		KITL|KIT|Thalamus_1->Fiber_tract
470	KITL	KIT	Thalamus_1	Hypothalamus_2	0.6948564350441889		KITL|KIT|Thalamus_1->Hypothalamus_2
471	PDGFA	PDGFRA	Hypothalamus_1	Lateral_ventricle	0.6922092542591276		PDGFA|PDGFRA|Hypothalamus_1->Lateral_ventricle
472	PDGFA	PDGFRA	Fiber_tract	Thalamus_1	0.688689703833607		PDGFA|PDGFRA|Fiber_tract->Thalamus_1
473	PDGFA	PDGFRA	Fiber_tract	Thalamus_2	0.6886553905058135		PDGFA|PDGFRA|Fiber_tract->Thalamus_2
474	EFNB2	EPHA4	Cortex_5	Cortex_2	0.6881836004863334		EFNB2|EPHA4|Cortex_5->Cortex_2
475	PDGFA	PDGFRA	Fiber_tract	Hippocampus	0.6873047714559197		PDGFA|PDGFRA|Fiber_tract->Hippocampus
476	PDGFA	PDGFRA	Cortex_2	Lateral_ventricle	0.6867509671697268		PDGFA|PDGFRA|Cortex_2->Lateral_ventricle
477	EFNB2	EPHA4	Thalamus_1	Cortex_4	0.6866707547958817		EFNB2|EPHA4|Thalamus_1->Cortex_4
478	EFNB2	EPHA4	Cortex_2	Cortex_5	0.678677092285781		EFNB2|EPHA4|Cortex_2->Cortex_5
479	EFNB2	EPHA4	Pyramidal_layer	Cortex_2	0.6775080532564461		EFNB2|EPHA4|Pyramidal_layer->Cortex_2
480	PDGFA	PDGFRA	Fiber_tract	Pyramidal_layer_dentate_gyrus	0.6772664700756464		PDGFA|PDGFRA|Fiber_tract->Pyramidal_layer_dentate_gyrus
481	PDGFA	PDGFRA	Fiber_tract	Cortex_1	0.6752879054694308		PDGFA|PDGFRA|Fiber_tract->Cortex_1
482	EFNB2	EPHA4	Lateral_ventricle	Thalamus_2	0.6740370294943984		EFNB2|EPHA4|Lateral_ventricle->Thalamus_2
483	KITL	KIT	Thalamus_1	Thalamus_1	0.6721105382017706		KITL|KIT|Thalamus_1->Thalamus_1
484	TTR	LRP2	Hypothalamus_1	Lateral_ventricle	0.6710034527184763		TTR|LRP2|Hypothalamus_1->Lateral_ventricle
485	PDGFA	PDGFRA	Fiber_tract	Cortex_4	0.6703279128375756		PDGFA|PDGFRA|Fiber_tract->Cortex_4
486	EFNB2	EPHA4	Lateral_ventricle	Hippocampus	0.6687964124492389		EFNB2|EPHA4|Lateral_ventricle->Hippocampus
487	KITL	KIT	Thalamus_1	Thalamus_2	0.6682450180111446		KITL|KIT|Thalamus_1->Thalamus_2
488	TTR	LRP2	Hypothalamus_1	Hypothalamus_1	0.6649197994086605		TTR|LRP2|Hypothalamus_1->Hypothalamus_1
489	EFNB2	EPHA4	Cortex_3	Cortex_3	0.6639349162578583		EFNB2|EPHA4|Cortex_3->Cortex_3
490	PDGFA	PDGFRA	Fiber_tract	Cortex_3	0.6636317854318332		PDGFA|PDGFRA|Fiber_tract->Cortex_3
491	EFNB2	EPHA4	Cortex_1	Cortex_3	0.6625805159596779		EFNB2|EPHA4|Cortex_1->Cortex_3
492	TTR	LRP2	Hypothalamus_1	Cortex_5	0.6621641689421666		TTR|LRP2|Hypothalamus_1->Cortex_5
493	TTR	LRP2	Hypothalamus_1	Cortex_1	0.660894868925682		TTR|LRP2|Hypothalamus_1->Cortex_1
494	TTR	LRP2	Hypothalamus_1	Pyramidal_layer_dentate_gyrus	0.6597018667846514		TTR|LRP2|Hypothalamus_1->Pyramidal_layer_dentate_gyrus
495	KITL	KIT	Thalamus_2	Pyramidal_layer_dentate_gyrus	0.6592144214767306		KITL|KIT|Thalamus_2->Pyramidal_layer_dentate_gyrus
496	TTR	LRP2	Hypothalamus_1	Thalamus_1	0.6591281283667683		TTR|LRP2|Hypothalamus_1->Thalamus_1
497	PDGFA	PDGFRA	Striatum	Lateral_ventricle	0.6591032081708854		PDGFA|PDGFRA|Striatum->Lateral_ventricle
498	TTR	LRP2	Hypothalamus_1	Cortex_2	0.6584096743795765		TTR|LRP2|Hypothalamus_1->Cortex_2
499	EFNB2	EPHA4	Cortex_2	Hypothalamus_2	0.6564499658063333		EFNB2|EPHA4|Cortex_2->Hypothalamus_2
500	KITL	KIT	Cortex_4	Pyramidal_layer	0.653814629468803		KITL|KIT|Cortex_4->Pyramidal_layer
501	EFNB2	EPHA4	Hypothalamus_1	Thalamus_2	0.6536749168478239		EFNB2|EPHA4|Hypothalamus_1->Thalamus_2
502	EFNB2	EPHA4	Cortex_4	Cortex_3	0.6516113987014513		EFNB2|EPHA4|Cortex_4->Cortex_3
503	EFNB2	EPHA4	Hypothalamus_1	Hippocampus	0.6484342998026644		EFNB2|EPHA4|Hypothalamus_1->Hippocampus
504	PDGFA	PDGFRA	Thalamus_1	Lateral_ventricle	0.6476847709546536		PDGFA|PDGFRA|Thalamus_1->Lateral_ventricle
505	PDGFA	PDGFRA	Thalamus_2	Lateral_ventricle	0.6472100220598458		PDGFA|PDGFRA|Thalamus_2->Lateral_ventricle
506	PDGFA	PDGFRA	Hypothalamus_2	Fiber_tract	0.6466671474051418		PDGFA|PDGFRA|Hypothalamus_2->Fiber_tract
507	PDGFA	PDGFRA	Lateral_ventricle	Lateral_ventricle	0.6447685617776144		PDGFA|PDGFRA|Lateral_ventricle->Lateral_ventricle
508	EFNB2	EPHA4	Lateral_ventricle	Cortex_2	0.6385474861397088		EFNB2|EPHA4|Lateral_ventricle->Cortex_2
509	EFNB2	EPHA4	Striatum	Cortex_3	0.6381393281007891		EFNB2|EPHA4|Striatum->Cortex_3
510	PDGFA	PDGFRA	Cortex_1	Lateral_ventricle	0.6376886275957327		PDGFA|PDGFRA|Cortex_1->Lateral_ventricle
511	PDGFA	PDGFRA	Cortex_3	Fiber_tract	0.6367347783255167		PDGFA|PDGFRA|Cortex_3->Fiber_tract
512	EFNB2	EPHA4	Cortex_3	Cortex_5	0.636730851249291		EFNB2|EPHA4|Cortex_3->Cortex_5
513	EFNB2	EPHA4	Cortex_1	Cortex_5	0.6353764509511106		EFNB2|EPHA4|Cortex_1->Cortex_5
514	EFNB2	EPHA4	Cortex_2	Striatum	0.6305688507588718		EFNB2|EPHA4|Cortex_2->Striatum
515	PDGFA	PDGFRA	Hypothalamus_1	Fiber_tract	0.6286551295548242		PDGFA|PDGFRA|Hypothalamus_1->Fiber_tract
516	EFNB2	EPHA4	Cortex_4	Cortex_5	0.624407333692884		EFNB2|EPHA4|Cortex_4->Cortex_5
517	KITL	KIT	Thalamus_2	Cortex_5	0.6241448548218134		KITL|KIT|Thalamus_2->Cortex_5
518	PDGFA	PDGFRA	Cortex_2	Fiber_tract	0.6231968424654233		PDGFA|PDGFRA|Cortex_2->Fiber_tract
519	EFNB2	EPHA4	Hippocampus	Thalamus_2	0.6221210380768621		EFNB2|EPHA4|Hippocampus->Thalamus_2
520	PDGFA	PDGFRA	Cortex_4	Lateral_ventricle	0.6219791984507916		PDGFA|PDGFRA|Cortex_4->Lateral_ventricle
521	EFNB2	EPHA4	Cortex_5	Cortex_3	0.6182494012143973		EFNB2|EPHA4|Cortex_5->Cortex_3
522	EFNB2	EPHA4	Hypothalamus_1	Cortex_2	0.6181853734931343		EFNB2|EPHA4|Hypothalamus_1->Cortex_2
523	EFNB2	EPHA4	Hippocampus	Hippocampus	0.6168804210317027		EFNB2|EPHA4|Hippocampus->Hippocampus
524	PDGFA	PDGFRA	Hypothalamus_2	Hypothalamus_2	0.6168686603020905		PDGFA|PDGFRA|Hypothalamus_2->Hypothalamus_2
525	EFNB2	EPHA4	Cortex_3	Hypothalamus_2	0.6145037247698433		EFNB2|EPHA4|Cortex_3->Hypothalamus_2
526	EFNB2	EPHA4	Cortex_1	Hypothalamus_2	0.613149324471663		EFNB2|EPHA4|Cortex_1->Hypothalamus_2
527	PDGFA	PDGFRA	Hypothalamus_2	Hypothalamus_1	0.6113006229517242		PDGFA|PDGFRA|Hypothalamus_2->Hypothalamus_1
528	EFNB2	EPHA4	Striatum	Cortex_5	0.6109352630922218		EFNB2|EPHA4|Striatum->Cortex_5
529	PDGFA	PDGFRA	Cortex_5	Lateral_ventricle	0.6096978663210061		PDGFA|PDGFRA|Cortex_5->Lateral_ventricle
530	KITL	KIT	Cortex_4	Pyramidal_layer_dentate_gyrus	0.6079808367226525		KITL|KIT|Cortex_4->Pyramidal_layer_dentate_gyrus
531	EFNB2	EPHA4	Pyramidal_layer	Cortex_3	0.60757385398451		EFNB2|EPHA4|Pyramidal_layer->Cortex_3
532	PDGFA	PDGFRA	Cortex_3	Hypothalamus_2	0.6069362912224655		PDGFA|PDGFRA|Cortex_3->Hypothalamus_2
533	PDGFA	PDGFRA	Fiber_tract	Pyramidal_layer	0.6060123347496363		PDGFA|PDGFRA|Fiber_tract->Pyramidal_layer
534	EFNB2	EPHA4	Cortex_4	Hypothalamus_2	0.6021802072134365		EFNB2|EPHA4|Cortex_4->Hypothalamus_2
535	PDGFA	PDGFRA	Cortex_3	Hypothalamus_1	0.6013682538720992		PDGFA|PDGFRA|Cortex_3->Hypothalamus_1
536	EFNB2	EPHA4	Thalamus_2	Thalamus_2	0.6006006801035255		EFNB2|EPHA4|Thalamus_2->Thalamus_2
537	PDGFA	PDGFRA	Hypothalamus_1	Hypothalamus_2	0.598856642451773		PDGFA|PDGFRA|Hypothalamus_1->Hypothalamus_2
538	PDGFA	PDGFRA	Hypothalamus_2	Cortex_2	0.5983167243186596		PDGFA|PDGFRA|Hypothalamus_2->Cortex_2
539	EFNB2	EPHA4	Pyramidal_layer_dentate_gyrus	Thalamus_2	0.5974516613710233		EFNB2|EPHA4|Pyramidal_layer_dentate_gyrus->Thalamus_2
540	KITL	KIT	Thalamus_2	Cortex_4	0.5958324383785267		KITL|KIT|Thalamus_2->Cortex_4
541	PDGFA	PDGFRA	Striatum	Fiber_tract	0.595549083466582		PDGFA|PDGFRA|Striatum->Fiber_tract
542	EFNB2	EPHA4	Thalamus_2	Hippocampus	0.5953600630583661		EFNB2|EPHA4|Thalamus_2->Hippocampus
543	PDGFA	PDGFRA	Pyramidal_layer_dentate_gyrus	Lateral_ventricle	0.5952260178719916		PDGFA|PDGFRA|Pyramidal_layer_dentate_gyrus->Lateral_ventricle
544	PDGFA	PDGFRA	Hypothalamus_2	Cortex_5	0.594389401001482		PDGFA|PDGFRA|Hypothalamus_2->Cortex_5
545	KITL	KIT	Cortex_2	Pyramidal_layer	0.5938924811028078		KITL|KIT|Cortex_2->Pyramidal_layer
546	PDGFA	PDGFRA	Cortex_2	Hypothalamus_2	0.5933983553623721		PDGFA|PDGFRA|Cortex_2->Hypothalamus_2
547	PDGFA	PDGFRA	Hypothalamus_1	Hypothalamus_1	0.5932886051014066		PDGFA|PDGFRA|Hypothalamus_1->Hypothalamus_1
548	EFNB2	EPHA4	Pyramidal_layer_dentate_gyrus	Hippocampus	0.5922110443258639		EFNB2|EPHA4|Pyramidal_layer_dentate_gyrus->Hippocampus
549	PDGFA	PDGFRA	Hypothalamus_2	Striatum	0.591736068593307		PDGFA|PDGFRA|Hypothalamus_2->Striatum
550	EFNB2	EPHA4	Cortex_5	Cortex_5	0.59104533620583		EFNB2|EPHA4|Cortex_5->Cortex_5
551	EFNB2	EPHA4	Striatum	Hypothalamus_2	0.5887081366127742		EFNB2|EPHA4|Striatum->Hypothalamus_2
552	EFNB2	EPHA4	Cortex_3	Striatum	0.5886226097223819		EFNB2|EPHA4|Cortex_3->Striatum
553	PDGFA	PDGFRA	Cortex_3	Cortex_2	0.5883843552390345		PDGFA|PDGFRA|Cortex_3->Cortex_2
554	PDGFA	PDGFRA	Cortex_2	Hypothalamus_1	0.5878303180120058		PDGFA|PDGFRA|Cortex_2->Hypothalamus_1
555	EFNB2	EPHA4	Cortex_1	Striatum	0.5872682094242014		EFNB2|EPHA4|Cortex_1->Striatum
556	EFNB2	EPHA4	Hippocampus	Cortex_2	0.5866314947221726		EFNB2|EPHA4|Hippocampus->Cortex_2
557	EFNB2	EPHA4	Fiber_tract	Thalamus_2	0.5845468774071144		EFNB2|EPHA4|Fiber_tract->Thalamus_2
558	PDGFA	PDGFRA	Cortex_3	Cortex_5	0.5844570319218569		PDGFA|PDGFRA|Cortex_3->Cortex_5
559	PDGFA	PDGFRA	Thalamus_1	Fiber_tract	0.58413064625035		PDGFA|PDGFRA|Thalamus_1->Fiber_tract
560	PDGFA	PDGFRA	Thalamus_2	Fiber_tract	0.5836558973555424		PDGFA|PDGFRA|Thalamus_2->Fiber_tract
561	PDGFA	PDGFRA	Cortex_3	Striatum	0.5818036995136819		PDGFA|PDGFRA|Cortex_3->Striatum
562	EFNB2	EPHA4	Hypothalamus_2	Thalamus_2	0.5814886855966362		EFNB2|EPHA4|Hypothalamus_2->Thalamus_2
563	PDGFA	PDGFRA	Lateral_ventricle	Fiber_tract	0.5812144370733109		PDGFA|PDGFRA|Lateral_ventricle->Fiber_tract
564	EFNB2	EPHA4	Pyramidal_layer	Cortex_5	0.5803697889759427		EFNB2|EPHA4|Pyramidal_layer->Cortex_5
565	PDGFA	PDGFRA	Hypothalamus_1	Cortex_2	0.580304706468342		PDGFA|PDGFRA|Hypothalamus_1->Cortex_2
566	EFNB2	EPHA4	Fiber_tract	Hippocampus	0.579306260361955		EFNB2|EPHA4|Fiber_tract->Hippocampus
567	PDGFA	PDGFRA	Hypothalamus_1	Cortex_5	0.5763773831511644		PDGFA|PDGFRA|Hypothalamus_1->Cortex_5
568	EFNB2	EPHA4	Cortex_4	Striatum	0.576299092165975		EFNB2|EPHA4|Cortex_4->Striatum
569	EFNB2	EPHA4	Hypothalamus_2	Hippocampus	0.5762480685514768		EFNB2|EPHA4|Hypothalamus_2->Hippocampus
570	PDGFA	PDGFRA	Cortex_2	Cortex_2	0.5748464193789411		PDGFA|PDGFRA|Cortex_2->Cortex_2
571	PDGFA	PDGFRA	Cortex_1	Fiber_tract	0.5741345028914293		PDGFA|PDGFRA|Cortex_1->Fiber_tract
572	KITL	KIT	Thalamus_2	Cortex_3	0.5740323655811124		KITL|KIT|Thalamus_2->Cortex_3
573	PDGFA	PDGFRA	Hypothalamus_1	Striatum	0.5737240507429894		PDGFA|PDGFRA|Hypothalamus_1->Striatum
574	KITL	KIT	Cortex_4	Cortex_5	0.5729112700677352		KITL|KIT|Cortex_4->Cortex_5
575	PDGFA	PDGFRA	Cortex_2	Cortex_5	0.5709190960617636		PDGFA|PDGFRA|Cortex_2->Cortex_5
576	EFNB2	EPHA4	Cortex_5	Hypothalamus_2	0.5688182097263823		EFNB2|EPHA4|Cortex_5->Hypothalamus_2
577	EFNB2	EPHA4	Lateral_ventricle	Cortex_3	0.5686132868677727		EFNB2|EPHA4|Lateral_ventricle->Cortex_3
578	PDGFA	PDGFRA	Cortex_2	Striatum	0.5682657636535886		PDGFA|PDGFRA|Cortex_2->Striatum
579	EFNB2	EPHA4	Thalamus_1	Thalamus_2	0.5667534407676051		EFNB2|EPHA4|Thalamus_1->Thalamus_2
580	PDGFA	PDGFRA	Striatum	Hypothalamus_2	0.5657505963635308		PDGFA|PDGFRA|Striatum->Hypothalamus_2
581	EFNB2	EPHA4	Thalamus_2	Cortex_2	0.565111136748836		EFNB2|EPHA4|Thalamus_2->Cortex_2
582	EFNB2	EPHA4	Striatum	Striatum	0.5628270215653126		EFNB2|EPHA4|Striatum->Striatum
583	EFNB2	EPHA4	Cortex_2	Fiber_tract	0.562651024613555		EFNB2|EPHA4|Cortex_2->Fiber_tract
584	EFNB2	EPHA4	Pyramidal_layer_dentate_gyrus	Cortex_2	0.5619621180163338		EFNB2|EPHA4|Pyramidal_layer_dentate_gyrus->Cortex_2
585	EFNB2	EPHA4	Thalamus_1	Hippocampus	0.5615128237224457		EFNB2|EPHA4|Thalamus_1->Hippocampus
586	PDGFA	PDGFRA	Striatum	Hypothalamus_1	0.5601825590131644		PDGFA|PDGFRA|Striatum->Hypothalamus_1
587	PDGFA	PDGFRA	Cortex_4	Fiber_tract	0.5584250737464881		PDGFA|PDGFRA|Cortex_4->Fiber_tract
588	EFNB2	EPHA4	Pyramidal_layer	Hypothalamus_2	0.5581426624964951		EFNB2|EPHA4|Pyramidal_layer->Hypothalamus_2
589	PDGFA	PDGFRA	Hippocampus	Lateral_ventricle	0.5547827514365526		PDGFA|PDGFRA|Hippocampus->Lateral_ventricle
590	PDGFA	PDGFRA	Thalamus_1	Hypothalamus_2	0.5543321591472988		PDGFA|PDGFRA|Thalamus_1->Hypothalamus_2
591	PDGFA	PDGFRA	Hypothalamus_2	Thalamus_1	0.5540083230466422		PDGFA|PDGFRA|Hypothalamus_2->Thalamus_1
592	PDGFA	PDGFRA	Hypothalamus_2	Thalamus_2	0.5539740097188487		PDGFA|PDGFRA|Hypothalamus_2->Thalamus_2
593	PDGFA	PDGFRA	Thalamus_2	Hypothalamus_2	0.5538574102524911		PDGFA|PDGFRA|Thalamus_2->Hypothalamus_2
594	PDGFA	PDGFRA	Hypothalamus_2	Hippocampus	0.5526233906689548		PDGFA|PDGFRA|Hypothalamus_2->Hippocampus
595	KITL	KIT	Thalamus_2	Lateral_ventricle	0.5521621930146856		KITL|KIT|Thalamus_2->Lateral_ventricle
596	PDGFA	PDGFRA	Lateral_ventricle	Hypothalamus_2	0.5514159499702597		PDGFA|PDGFRA|Lateral_ventricle->Hypothalamus_2
597	EFNB2	EPHA4	Fiber_tract	Cortex_2	0.5490573340524249		EFNB2|EPHA4|Fiber_tract->Cortex_2
598	PDGFA	PDGFRA	Thalamus_1	Hypothalamus_1	0.5487641217969326		PDGFA|PDGFRA|Thalamus_1->Hypothalamus_1
599	PDGFA	PDGFRA	Thalamus_2	Hypothalamus_1	0.5482893729021248		PDGFA|PDGFRA|Thalamus_2->Hypothalamus_1
600	EFNB2	EPHA4	Hypothalamus_1	Cortex_3	0.5482511742211982		EFNB2|EPHA4|Hypothalamus_1->Cortex_3
601	KITL	KIT	Cortex_2	Pyramidal_layer_dentate_gyrus	0.5480586883566573		KITL|KIT|Cortex_2->Pyramidal_layer_dentate_gyrus
602	KITL	KIT	Thalamus_2	Cortex_2	0.5478629667605437		KITL|KIT|Thalamus_2->Cortex_2
603	PDGFA	PDGFRA	Striatum	Cortex_2	0.5471986603800998		PDGFA|PDGFRA|Striatum->Cortex_2
604	KITL	KIT	Thalamus_2	Hippocampus	0.5464022632747016		KITL|KIT|Thalamus_2->Hippocampus
605	PDGFA	PDGFRA	Cortex_5	Fiber_tract	0.5461437416167025		PDGFA|PDGFRA|Cortex_5->Fiber_tract
606	EFNB2	EPHA4	Hypothalamus_2	Cortex_2	0.5459991422419467		EFNB2|EPHA4|Hypothalamus_2->Cortex_2
607	PDGFA	PDGFRA	Lateral_ventricle	Hypothalamus_1	0.5458479126198934		PDGFA|PDGFRA|Lateral_ventricle->Hypothalamus_1
608	KITL	KIT	Cortex_4	Cortex_4	0.5445988536244486		KITL|KIT|Cortex_4->Cortex_4
609	PDGFA	PDGFRA	Cortex_1	Hypothalamus_2	0.5443360157883781		PDGFA|PDGFRA|Cortex_1->Hypothalamus_2
610	PDGFA	PDGFRA	Cortex_3	Thalamus_1	0.5440759539670171		PDGFA|PDGFRA|Cortex_3->Thalamus_1
611	PDGFA	PDGFRA	Cortex_3	Thalamus_2	0.5440416406392237		PDGFA|PDGFRA|Cortex_3->Thalamus_2
612	PDGFA	PDGFRA	Striatum	Cortex_5	0.5432713370629223		PDGFA|PDGFRA|Striatum->Cortex_5
613	EFNB2	EPHA4	Cortex_5	Striatum	0.5429370946789208		EFNB2|EPHA4|Cortex_5->Striatum
614	PDGFA	PDGFRA	Cortex_3	Hippocampus	0.5426910215893299		PDGFA|PDGFRA|Cortex_3->Hippocampus
615	PDGFA	PDGFRA	Hypothalamus_2	Pyramidal_layer_dentate_gyrus	0.5425850892886817		PDGFA|PDGFRA|Hypothalamus_2->Pyramidal_layer_dentate_gyrus
616	EFNB2	EPHA4	Lateral_ventricle	Cortex_5	0.5414092218592054		EFNB2|EPHA4|Lateral_ventricle->Cortex_5
617	PDGFA	PDGFRA	Striatum	Striatum	0.5406180046547472		PDGFA|PDGFRA|Striatum->Striatum
618	PDGFA	PDGFRA	Hypothalamus_2	Cortex_1	0.5406065246824661		PDGFA|PDGFRA|Hypothalamus_2->Cortex_1
619	PDGFA	PDGFRA	Cortex_1	Hypothalamus_1	0.5387679784380117		PDGFA|PDGFRA|Cortex_1->Hypothalamus_1
620	PDGFA	PDGFRA	Pyramidal_layer	Lateral_ventricle	0.5381072829167048		PDGFA|PDGFRA|Pyramidal_layer->Lateral_ventricle
621	KITL	KIT	Thalamus_2	Cortex_1	0.5371835220172266		KITL|KIT|Thalamus_2->Cortex_1
622	PDGFA	PDGFRA	Hypothalamus_1	Thalamus_1	0.5359963051963246		PDGFA|PDGFRA|Hypothalamus_1->Thalamus_1
623	PDGFA	PDGFRA	Hypothalamus_1	Thalamus_2	0.5359619918685311		PDGFA|PDGFRA|Hypothalamus_1->Thalamus_2
624	PDGFA	PDGFRA	Thalamus_1	Cortex_2	0.5357802231638679		PDGFA|PDGFRA|Thalamus_1->Cortex_2
625	EFNB2	EPHA4	Cortex_2	Hypothalamus_1	0.5357229221788946		EFNB2|EPHA4|Cortex_2->Hypothalamus_1
626	PDGFA	PDGFRA	Hypothalamus_2	Cortex_4	0.5356465320506107		PDGFA|PDGFRA|Hypothalamus_2->Cortex_4
627	FGF10	FGFR2	Pyramidal_layer	Hypothalamus_2	0.5353206265951159		FGF10|FGFR2|Pyramidal_layer->Hypothalamus_2
628	PDGFA	PDGFRA	Thalamus_2	Cortex_2	0.5353054742690602		PDGFA|PDGFRA|Thalamus_2->Cortex_2
629	PDGFA	PDGFRA	Hypothalamus_1	Hippocampus	0.5346113728186372		PDGFA|PDGFRA|Hypothalamus_1->Hippocampus
630	PDGFA	PDGFRA	Lateral_ventricle	Cortex_2	0.5328640139868287		PDGFA|PDGFRA|Lateral_ventricle->Cortex_2
631	PDGFA	PDGFRA	Cortex_3	Pyramidal_layer_dentate_gyrus	0.5326527202090566		PDGFA|PDGFRA|Cortex_3->Pyramidal_layer_dentate_gyrus
632	FGF10	FGFR2	Pyramidal_layer_dentate_gyrus	Hypothalamus_2	0.5325211115018331		FGF10|FGFR2|Pyramidal_layer_dentate_gyrus->Hypothalamus_2
633	KITL	KIT	Thalamus_2	Striatum	0.5323495607537041		KITL|KIT|Thalamus_2->Striatum
634	EFNB2	EPHA4	Pyramidal_layer	Striatum	0.5322615474490335		EFNB2|EPHA4|Pyramidal_layer->Striatum
635	PDGFA	PDGFRA	Thalamus_1	Cortex_5	0.5318528998466903		PDGFA|PDGFRA|Thalamus_1->Cortex_5
636	PDGFA	PDGFRA	Pyramidal_layer_dentate_gyrus	Fiber_tract	0.531671893167688		PDGFA|PDGFRA|Pyramidal_layer_dentate_gyrus->Fiber_tract
637	PDGFA	PDGFRA	Thalamus_2	Cortex_5	0.5313781509518826		PDGFA|PDGFRA|Thalamus_2->Cortex_5
638	EFNB2	EPHA4	Thalamus_1	Cortex_2	0.5312638974129156		EFNB2|EPHA4|Thalamus_1->Cortex_2
639	PDGFA	PDGFRA	Cortex_3	Cortex_1	0.530674155602841		PDGFA|PDGFRA|Cortex_3->Cortex_1
640	PDGFA	PDGFRA	Cortex_2	Thalamus_1	0.5305380181069237		PDGFA|PDGFRA|Cortex_2->Thalamus_1
641	PDGFA	PDGFRA	Cortex_2	Thalamus_2	0.5305037047791303		PDGFA|PDGFRA|Cortex_2->Thalamus_2
642	PDGFA	PDGFRA	Thalamus_1	Striatum	0.5291995674385153		PDGFA|PDGFRA|Thalamus_1->Striatum
643	PDGFA	PDGFRA	Cortex_2	Hippocampus	0.5291530857292365		PDGFA|PDGFRA|Cortex_2->Hippocampus
644	PDGFA	PDGFRA	Hypothalamus_2	Cortex_3	0.5289504046448684		PDGFA|PDGFRA|Hypothalamus_2->Cortex_3
645	PDGFA	PDGFRA	Lateral_ventricle	Cortex_5	0.5289366906696511		PDGFA|PDGFRA|Lateral_ventricle->Cortex_5
646	PDGFA	PDGFRA	Thalamus_2	Striatum	0.5287248185437076		PDGFA|PDGFRA|Thalamus_2->Striatum
647	PDGFA	PDGFRA	Cortex_4	Hypothalamus_2	0.5286265866434369		PDGFA|PDGFRA|Cortex_4->Hypothalamus_2
648	PDGFA	PDGFRA	Lateral_ventricle	Striatum	0.5262833582614761		PDGFA|PDGFRA|Lateral_ventricle->Striatum
649	PDGFA	PDGFRA	Cortex_1	Cortex_2	0.5257840798049471		PDGFA|PDGFRA|Cortex_1->Cortex_2
650	PDGFA	PDGFRA	Cortex_3	Cortex_4	0.5257141629709858		PDGFA|PDGFRA|Cortex_3->Cortex_4
651	PDGFA	PDGFRA	Hypothalamus_1	Pyramidal_layer_dentate_gyrus	0.5245730714383641		PDGFA|PDGFRA|Hypothalamus_1->Pyramidal_layer_dentate_gyrus
652	PDGFA	PDGFRA	Cortex_4	Hypothalamus_1	0.5230585492930706		PDGFA|PDGFRA|Cortex_4->Hypothalamus_1
653	KITL	KIT	Cortex_4	Cortex_3	0.5227987808270342		KITL|KIT|Cortex_4->Cortex_3
654	PDGFA	PDGFRA	Hypothalamus_1	Cortex_1	0.5225945068321485		PDGFA|PDGFRA|Hypothalamus_1->Cortex_1
655	PDGFA	PDGFRA	Cortex_1	Cortex_5	0.5218567564877696		PDGFA|PDGFRA|Cortex_1->Cortex_5
656	EFNB2	EPHA4	Hypothalamus_1	Cortex_5	0.5210471092126309		EFNB2|EPHA4|Hypothalamus_1->Cortex_5
657	EFNB2	EPHA4	Cortex_3	Fiber_tract	0.5207047835770651		EFNB2|EPHA4|Cortex_3->Fiber_tract
658	EFNB2	EPHA4	Cortex_1	Fiber_tract	0.5193503832788846		EFNB2|EPHA4|Cortex_1->Fiber_tract
659	PDGFA	PDGFRA	Cortex_1	Striatum	0.5192034240795945		PDGFA|PDGFRA|Cortex_1->Striatum
660	EFNB2	EPHA4	Lateral_ventricle	Hypothalamus_2	0.5191820953797577		EFNB2|EPHA4|Lateral_ventricle->Hypothalamus_2
661	PDGFA	PDGFRA	Cortex_2	Pyramidal_layer_dentate_gyrus	0.5191147843489633		PDGFA|PDGFRA|Cortex_2->Pyramidal_layer_dentate_gyrus
662	PDGFA	PDGFRA	Cortex_3	Cortex_3	0.5190180355652434		PDGFA|PDGFRA|Cortex_3->Cortex_3
663	EFNB2	EPHA4	Cortex_2	Lateral_ventricle	0.5179210176131274		EFNB2|EPHA4|Cortex_2->Lateral_ventricle
664	PDGFA	PDGFRA	Hypothalamus_1	Cortex_4	0.5176345142002932		PDGFA|PDGFRA|Hypothalamus_1->Cortex_4
665	PDGFA	PDGFRA	Cortex_2	Cortex_1	0.5171362197427477		PDGFA|PDGFRA|Cortex_2->Cortex_1
666	KITL	KIT	Cortex_1	Pyramidal_layer	0.5169615797013905		KITL|KIT|Cortex_1->Pyramidal_layer
667	EFNB2	EPHA4	Hippocampus	Cortex_3	0.5166972954502365		EFNB2|EPHA4|Hippocampus->Cortex_3
668	PDGFA	PDGFRA	Cortex_5	Hypothalamus_2	0.5163452545136513		PDGFA|PDGFRA|Cortex_5->Hypothalamus_2
669	BMP4	BMPR1A	Lateral_ventricle	Lateral_ventricle	0.5145402774924324		BMP4|BMPR1A|Lateral_ventricle->Lateral_ventricle
670	KITL	KIT	Cortex_2	Cortex_5	0.5129891217017402		KITL|KIT|Cortex_2->Cortex_5
671	KITL	KIT	Thalamus_2	Hypothalamus_1	0.5124060320667922		KITL|KIT|Thalamus_2->Hypothalamus_1
672	PDGFA	PDGFRA	Cortex_2	Cortex_4	0.5121762271108925		PDGFA|PDGFRA|Cortex_2->Cortex_4
673	PDGFA	PDGFRA	Hypothalamus_1	Cortex_3	0.5109383867945508		PDGFA|PDGFRA|Hypothalamus_1->Cortex_3
674	PDGFA	PDGFRA	Cortex_5	Hypothalamus_1	0.5107772171632851		PDGFA|PDGFRA|Cortex_5->Hypothalamus_1
675	FGF10	FGFR2	Cortex_3	Hypothalamus_2	0.5105088035403051		FGF10|FGFR2|Cortex_3->Hypothalamus_2
676	PDGFA	PDGFRA	Cortex_4	Cortex_2	0.5100746506600059		PDGFA|PDGFRA|Cortex_4->Cortex_2
677	EFNB2	EPHA4	Cortex_4	Fiber_tract	0.5083812660206581		EFNB2|EPHA4|Cortex_4->Fiber_tract
678	PDGFA	PDGFRA	Cortex_4	Cortex_5	0.5061473273428283		PDGFA|PDGFRA|Cortex_4->Cortex_5
679	PDGFA	PDGFRA	Cortex_2	Cortex_3	0.5054800997051501		PDGFA|PDGFRA|Cortex_2->Cortex_3
680	PDGFA	PDGFRA	Cortex_4	Striatum	0.5034939949346533		PDGFA|PDGFRA|Cortex_4->Striatum
681	PDGFA	PDGFRA	Striatum	Thalamus_1	0.5028902591080824		PDGFA|PDGFRA|Striatum->Thalamus_1
682	PDGFA	PDGFRA	Striatum	Thalamus_2	0.5028559457802889		PDGFA|PDGFRA|Striatum->Thalamus_2
683	PDGFA	PDGFRA	Pyramidal_layer_dentate_gyrus	Hypothalamus_2	0.5018734060646368		PDGFA|PDGFRA|Pyramidal_layer_dentate_gyrus->Hypothalamus_2
684	PDGFA	PDGFRA	Striatum	Hippocampus	0.501505326730395		PDGFA|PDGFRA|Striatum->Hippocampus
685	KITL	KIT	Cortex_4	Lateral_ventricle	0.5009286082606075		KITL|KIT|Cortex_4->Lateral_ventricle
686	EFNB2	EPHA4	Hypothalamus_1	Hypothalamus_2	0.49881998273318323		EFNB2|EPHA4|Hypothalamus_1->Hypothalamus_2
687	PDGFA	PDGFRA	Cortex_5	Cortex_2	0.4977933185302204		PDGFA|PDGFRA|Cortex_5->Cortex_2
688	KITL	KIT	Cortex_4	Cortex_2	0.4966293820064655		KITL|KIT|Cortex_4->Cortex_2
689	PDGFA	PDGFRA	Pyramidal_layer_dentate_gyrus	Hypothalamus_1	0.49630536871427056		PDGFA|PDGFRA|Pyramidal_layer_dentate_gyrus->Hypothalamus_1
690	EFNB2	EPHA4	Thalamus_2	Cortex_3	0.4951769374768998		EFNB2|EPHA4|Thalamus_2->Cortex_3
691	KITL	KIT	Cortex_4	Hippocampus	0.49516867852062346		KITL|KIT|Cortex_4->Hippocampus
692	EFNB2	EPHA4	Striatum	Fiber_tract	0.49490919541999584		EFNB2|EPHA4|Striatum->Fiber_tract
693	PDGFA	PDGFRA	Cortex_5	Cortex_5	0.49386599521304286		PDGFA|PDGFRA|Cortex_5->Cortex_5
694	EFNB2	EPHA4	Cortex_3	Hypothalamus_1	0.49377668114240464		EFNB2|EPHA4|Cortex_3->Hypothalamus_1
695	EFNB2	EPHA4	Lateral_ventricle	Striatum	0.49330098033229625		EFNB2|EPHA4|Lateral_ventricle->Striatum
696	EFNB2	EPHA4	Cortex_1	Hypothalamus_1	0.4924222808442243		EFNB2|EPHA4|Cortex_1->Hypothalamus_1
697	EFNB2	EPHA4	Pyramidal_layer_dentate_gyrus	Cortex_3	0.4920279187443976		EFNB2|EPHA4|Pyramidal_layer_dentate_gyrus->Cortex_3
698	PDGFA	PDGFRA	Thalamus_1	Thalamus_1	0.49147182189185046		PDGFA|PDGFRA|Thalamus_1->Thalamus_1
699	PDGFA	PDGFRA	Striatum	Pyramidal_layer_dentate_gyrus	0.4914670253501219		PDGFA|PDGFRA|Striatum->Pyramidal_layer_dentate_gyrus
700	PDGFA	PDGFRA	Thalamus_1	Thalamus_2	0.491437508564057		PDGFA|PDGFRA|Thalamus_1->Thalamus_2
701	PDGFA	PDGFRA	Hippocampus	Fiber_tract	0.49122862673224915		PDGFA|PDGFRA|Hippocampus->Fiber_tract
702	PDGFA	PDGFRA	Cortex_5	Striatum	0.49121266280486786		PDGFA|PDGFRA|Cortex_5->Striatum
703	KITL	KIT	Thalamus_2	Fiber_tract	0.49115895388021535		KITL|KIT|Thalamus_2->Fiber_tract
704	KITL	KIT	Thalamus_2	Hypothalamus_2	0.49113520813573686		KITL|KIT|Thalamus_2->Hypothalamus_2
705	PDGFA	PDGFRA	Thalamus_2	Thalamus_1	0.4909970729970427		PDGFA|PDGFRA|Thalamus_2->Thalamus_1
706	PDGFA	PDGFRA	Thalamus_2	Thalamus_2	0.4909627596692493		PDGFA|PDGFRA|Thalamus_2->Thalamus_2
707	PDGFA	PDGFRA	Thalamus_1	Hippocampus	0.4900868895141632		PDGFA|PDGFRA|Thalamus_1->Hippocampus
708	PDGFA	PDGFRA	Thalamus_2	Hippocampus	0.48961214061935543		PDGFA|PDGFRA|Thalamus_2->Hippocampus
709	EFNB2	EPHA4	Hippocampus	Cortex_5	0.4894932304416691		EFNB2|EPHA4|Hippocampus->Cortex_5
710	PDGFA	PDGFRA	Striatum	Cortex_1	0.4894884607439063		PDGFA|PDGFRA|Striatum->Cortex_1
711	PDGFA	PDGFRA	Lateral_ventricle	Thalamus_1	0.4885556127148113		PDGFA|PDGFRA|Lateral_ventricle->Thalamus_1
712	PDGFA	PDGFRA	Lateral_ventricle	Thalamus_2	0.4885212993870178		PDGFA|PDGFRA|Lateral_ventricle->Thalamus_2
713	PDGFA	PDGFRA	Lateral_ventricle	Hippocampus	0.487170680337124		PDGFA|PDGFRA|Lateral_ventricle->Hippocampus
714	FGF10	FGFR2	Cortex_4	Hypothalamus_2	0.4869029097315064		FGF10|FGFR2|Cortex_4->Hypothalamus_2
715	KITL	KIT	Cortex_4	Cortex_1	0.48594993726314856		KITL|KIT|Cortex_4->Cortex_1
716	KITL	KIT	Cortex_2	Cortex_4	0.4846767052584534		KITL|KIT|Cortex_2->Cortex_4
717	PDGFA	PDGFRA	Striatum	Cortex_4	0.4845284681120511		PDGFA|PDGFRA|Striatum->Cortex_4
718	PDGFA	PDGFRA	Pyramidal_layer_dentate_gyrus	Cortex_2	0.4833214700812059		PDGFA|PDGFRA|Pyramidal_layer_dentate_gyrus->Cortex_2
719	PDGFA	PDGFRA	Cortex_1	Thalamus_1	0.4814756785329297		PDGFA|PDGFRA|Cortex_1->Thalamus_1
720	EFNB2	EPHA4	Cortex_4	Hypothalamus_1	0.48145316358599777		EFNB2|EPHA4|Cortex_4->Hypothalamus_1
721	PDGFA	PDGFRA	Cortex_1	Thalamus_2	0.48144136520513625		PDGFA|PDGFRA|Cortex_1->Thalamus_2
722	KITL	KIT	Cortex_4	Striatum	0.48111597599962597		KITL|KIT|Cortex_4->Striatum
723	PDGFA	PDGFRA	Cortex_1	Hippocampus	0.48009074615524244		PDGFA|PDGFRA|Cortex_1->Hippocampus
724	PDGFA	PDGFRA	Thalamus_1	Pyramidal_layer_dentate_gyrus	0.48004858813388995		PDGFA|PDGFRA|Thalamus_1->Pyramidal_layer_dentate_gyrus
725	PDGFA	PDGFRA	Thalamus_2	Pyramidal_layer_dentate_gyrus	0.47957383923908226		PDGFA|PDGFRA|Thalamus_2->Pyramidal_layer_dentate_gyrus
726	PDGFA	PDGFRA	Pyramidal_layer_dentate_gyrus	Cortex_5	0.47939414676402836		PDGFA|PDGFRA|Pyramidal_layer_dentate_gyrus->Cortex_5
727	EFNB2	EPHA4	Fiber_tract	Cortex_3	0.47912313478048874		EFNB2|EPHA4|Fiber_tract->Cortex_3
728	PDGFA	PDGFRA	Thalamus_1	Cortex_1	0.47807002352767436		PDGFA|PDGFRA|Thalamus_1->Cortex_1
729	PDGFA	PDGFRA	Striatum	Cortex_3	0.47783234070630864		PDGFA|PDGFRA|Striatum->Cortex_3
730	PDGFA	PDGFRA	Thalamus_2	Cortex_1	0.47759527463286666		PDGFA|PDGFRA|Thalamus_2->Cortex_1
731	PDGFA	PDGFRA	Lateral_ventricle	Pyramidal_layer_dentate_gyrus	0.4771323789568508		PDGFA|PDGFRA|Lateral_ventricle->Pyramidal_layer_dentate_gyrus
732	PDGFA	PDGFRA	Pyramidal_layer_dentate_gyrus	Striatum	0.47674081435585336		PDGFA|PDGFRA|Pyramidal_layer_dentate_gyrus->Striatum
733	EFNB2	EPHA4	Hypothalamus_2	Cortex_3	0.4760649429700105		EFNB2|EPHA4|Hypothalamus_2->Cortex_3
734	EFNB2	EPHA4	Cortex_3	Lateral_ventricle	0.4759747765766374		EFNB2|EPHA4|Cortex_3->Lateral_ventricle
735	FGF10	FGFR2	Hippocampus	Hypothalamus_2	0.4754245945316888		FGF10|FGFR2|Hippocampus->Hypothalamus_2
736	PDGFA	PDGFRA	Lateral_ventricle	Cortex_1	0.4751538143506352		PDGFA|PDGFRA|Lateral_ventricle->Cortex_1
737	EFNB2	EPHA4	Cortex_5	Fiber_tract	0.475019268533604		EFNB2|EPHA4|Cortex_5->Fiber_tract
738	EFNB2	EPHA4	Cortex_1	Lateral_ventricle	0.47462037627845705		EFNB2|EPHA4|Cortex_1->Lateral_ventricle
739	PDGFA	PDGFRA	Pyramidal_layer	Fiber_tract	0.4745531582124013		PDGFA|PDGFRA|Pyramidal_layer->Fiber_tract
740	PDGFA	PDGFRA	Thalamus_1	Cortex_4	0.47311003089581916		PDGFA|PDGFRA|Thalamus_1->Cortex_4
741	FGF10	FGFR2	Pyramidal_layer	Lateral_ventricle	0.47308750131300514		FGF10|FGFR2|Pyramidal_layer->Lateral_ventricle
742	FGF10	FGFR2	Cortex_1	Hypothalamus_2	0.4730031707917913		FGF10|FGFR2|Cortex_1->Hypothalamus_2
743	EFNB2	EPHA4	Hypothalamus_1	Striatum	0.47293886768572174		EFNB2|EPHA4|Hypothalamus_1->Striatum
744	PDGFA	PDGFRA	Thalamus_2	Cortex_4	0.4726352820010114		PDGFA|PDGFRA|Thalamus_2->Cortex_4
745	FGF10	FGFR2	Cortex_2	Hypothalamus_2	0.47262188929334553		FGF10|FGFR2|Cortex_2->Hypothalamus_2
746	PDGFA	PDGFRA	Hypothalamus_2	Pyramidal_layer	0.47133095396267144		PDGFA|PDGFRA|Hypothalamus_2->Pyramidal_layer
747	KITL	KIT	Cortex_1	Pyramidal_layer_dentate_gyrus	0.4711277869552399		KITL|KIT|Cortex_1->Pyramidal_layer_dentate_gyrus
748	FGF10	FGFR2	Hypothalamus_1	Hypothalamus_2	0.47075543081804794		FGF10|FGFR2|Hypothalamus_1->Hypothalamus_2
749	FGF10	FGFR2	Pyramidal_layer_dentate_gyrus	Lateral_ventricle	0.47028798621972234		FGF10|FGFR2|Pyramidal_layer_dentate_gyrus->Lateral_ventricle
750	PDGFA	PDGFRA	Lateral_ventricle	Cortex_4	0.47019382171878		PDGFA|PDGFRA|Lateral_ventricle->Cortex_4
751	PDGFA	PDGFRA	Cortex_1	Pyramidal_layer_dentate_gyrus	0.4700524447749692		PDGFA|PDGFRA|Cortex_1->Pyramidal_layer_dentate_gyrus
752	KITL	KIT	Thalamus_2	Thalamus_1	0.46838931129331846		KITL|KIT|Thalamus_2->Thalamus_1
753	PDGFA	PDGFRA	Cortex_1	Cortex_1	0.4680738801687536		PDGFA|PDGFRA|Cortex_1->Cortex_1
754	EFNB2	EPHA4	Striatum	Hypothalamus_1	0.46798109298533547		EFNB2|EPHA4|Striatum->Hypothalamus_1
755	EFNB2	EPHA4	Thalamus_2	Cortex_5	0.46797287246833247		EFNB2|EPHA4|Thalamus_2->Cortex_5
756	EFNB2	EPHA4	Hippocampus	Hypothalamus_2	0.46726610396222146		EFNB2|EPHA4|Hippocampus->Hypothalamus_2
757	FGF10	FGFR2	Striatum	Hypothalamus_2	0.46721073235245303		FGF10|FGFR2|Striatum->Hypothalamus_2
758	PDGFA	PDGFRA	Thalamus_1	Cortex_3	0.4664139034900767		PDGFA|PDGFRA|Thalamus_1->Cortex_3
759	PDGFA	PDGFRA	Thalamus_2	Cortex_3	0.46593915459526897		PDGFA|PDGFRA|Thalamus_2->Cortex_3
760	PDGFA	PDGFRA	Cortex_4	Thalamus_1	0.4657662493879885		PDGFA|PDGFRA|Cortex_4->Thalamus_1
761	PDGFA	PDGFRA	Cortex_4	Thalamus_2	0.46573193606019503		PDGFA|PDGFRA|Cortex_4->Thalamus_2
762	EFNB2	EPHA4	Pyramidal_layer_dentate_gyrus	Cortex_5	0.4648238537358303		EFNB2|EPHA4|Pyramidal_layer_dentate_gyrus->Cortex_5
763	KITL	KIT	Thalamus_2	Thalamus_2	0.4645237911026925		KITL|KIT|Thalamus_2->Thalamus_2
764	PDGFA	PDGFRA	Cortex_4	Hippocampus	0.4643813170103012		PDGFA|PDGFRA|Cortex_4->Hippocampus
765	EFNB2	EPHA4	Pyramidal_layer	Fiber_tract	0.46434372130371676		EFNB2|EPHA4|Pyramidal_layer->Fiber_tract
766	FGF10	FGFR2	Lateral_ventricle	Hypothalamus_2	0.4637333301972028		FGF10|FGFR2|Lateral_ventricle->Hypothalamus_2
767	EFNB2	EPHA4	Cortex_4	Lateral_ventricle	0.4636512590202305		EFNB2|EPHA4|Cortex_4->Lateral_ventricle
768	PDGFA	PDGFRA	Lateral_ventricle	Cortex_3	0.46349769431303756		PDGFA|PDGFRA|Lateral_ventricle->Cortex_3
769	PDGFA	PDGFRA	Cortex_1	Cortex_4	0.4631138875368984		PDGFA|PDGFRA|Cortex_1->Cortex_4
770	KITL	KIT	Cortex_2	Cortex_3	0.46287663246103905		KITL|KIT|Cortex_2->Cortex_3
771	KITL	KIT	Cortex_5	Pyramidal_layer	0.46202646670316405		KITL|KIT|Cortex_5->Pyramidal_layer
772	FGF10	FGFR2	Cortex_5	Hypothalamus_2	0.46197299294214106		FGF10|FGFR2|Cortex_5->Hypothalamus_2
773	PDGFA	PDGFRA	Hippocampus	Hypothalamus_2	0.46143013962919793		PDGFA|PDGFRA|Hippocampus->Hypothalamus_2
774	PDGFA	PDGFRA	Cortex_3	Pyramidal_layer	0.46139858488304647		PDGFA|PDGFRA|Cortex_3->Pyramidal_layer
775	EFNB2	EPHA4	Thalamus_1	Cortex_3	0.4613296981409794		EFNB2|EPHA4|Thalamus_1->Cortex_3
776	KITL	KIT	Cortex_4	Hypothalamus_1	0.4611724473127141		KITL|KIT|Cortex_4->Hypothalamus_1
777	FGF10	FGFR2	Hypothalamus_2	Hypothalamus_2	0.45871551704586		FGF10|FGFR2|Hypothalamus_2->Hypothalamus_2
778	DLK1	NOTCH1	Hypothalamus_2	Lateral_ventricle	0.45769428243314414		DLK1|NOTCH1|Hypothalamus_2->Lateral_ventricle
779	PDGFA	PDGFRA	Cortex_1	Cortex_3	0.456417760131156		PDGFA|PDGFRA|Cortex_1->Cortex_3
780	PDGFA	PDGFRA	Hippocampus	Hypothalamus_1	0.4558621022788316		PDGFA|PDGFRA|Hippocampus->Hypothalamus_1
781	FGF10	FGFR2	Thalamus_2	Hypothalamus_2	0.4556378079479079		FGF10|FGFR2|Thalamus_2->Hypothalamus_2
782	PDGFA	PDGFRA	Cortex_4	Pyramidal_layer_dentate_gyrus	0.454343015630028		PDGFA|PDGFRA|Cortex_4->Pyramidal_layer_dentate_gyrus
783	FGF10	FGFR2	Thalamus_1	Hypothalamus_2	0.4541934472418448		FGF10|FGFR2|Thalamus_1->Hypothalamus_2
784	PDGFA	PDGFRA	Cortex_5	Thalamus_1	0.453484917258203		PDGFA|PDGFRA|Cortex_5->Thalamus_1
785	PDGFA	PDGFRA	Cortex_5	Thalamus_2	0.4534506039304096		PDGFA|PDGFRA|Cortex_5->Thalamus_2
786	PDGFA	PDGFRA	Hypothalamus_1	Pyramidal_layer	0.45331893611235385		PDGFA|PDGFRA|Hypothalamus_1->Pyramidal_layer
787	PDGFA	PDGFRA	Cortex_4	Cortex_1	0.4523644510238124		PDGFA|PDGFRA|Cortex_4->Cortex_1
788	PDGFA	PDGFRA	Cortex_5	Hippocampus	0.4520999848805157		PDGFA|PDGFRA|Cortex_5->Hippocampus
789	EFNB2	EPHA4	Fiber_tract	Cortex_5	0.4519190697719214		EFNB2|EPHA4|Fiber_tract->Cortex_5
790	EFNB2	EPHA4	Striatum	Lateral_ventricle	0.4501791884195682		EFNB2|EPHA4|Striatum->Lateral_ventricle
791	EFNB2	EPHA4	Hypothalamus_2	Cortex_5	0.4488608779614432		EFNB2|EPHA4|Hypothalamus_2->Cortex_5
792	FGF10	FGFR2	Cortex_3	Lateral_ventricle	0.44827567825819437		FGF10|FGFR2|Cortex_3->Lateral_ventricle
793	EFNB2	EPHA4	Cortex_5	Hypothalamus_1	0.4480911660989436		EFNB2|EPHA4|Cortex_5->Hypothalamus_1
794	PDGFA	PDGFRA	Cortex_2	Pyramidal_layer	0.4478606490229531		PDGFA|PDGFRA|Cortex_2->Pyramidal_layer
795	PDGFA	PDGFRA	Cortex_4	Cortex_4	0.4474044583919572		PDGFA|PDGFRA|Cortex_4->Cortex_4
796	FGF10	FGFR2	Fiber_tract	Hypothalamus_2	0.4464249079460171		FGF10|FGFR2|Fiber_tract->Hypothalamus_2
797	EFNB2	EPHA4	Thalamus_2	Hypothalamus_2	0.44574574598888483		EFNB2|EPHA4|Thalamus_2->Hypothalamus_2
798	CXCL12	CXCR4	Lateral_ventricle	Lateral_ventricle	0.44561957688558673		CXCL12|CXCR4|Lateral_ventricle->Lateral_ventricle
799	CXCL12	CXCR4	Cortex_5	Lateral_ventricle	0.4452131111063435		CXCL12|CXCR4|Cortex_5->Lateral_ventricle
800	BMP4	BMPR1A	Fiber_tract	Lateral_ventricle	0.44477557592812944		BMP4|BMPR1A|Fiber_tract->Lateral_ventricle
801	PDGFA	PDGFRA	Pyramidal_layer	Hypothalamus_2	0.4447546711093501		PDGFA|PDGFRA|Pyramidal_layer->Hypothalamus_2
802	KITL	KIT	Cortex_3	Pyramidal_layer	0.44430214016873515		KITL|KIT|Cortex_3->Pyramidal_layer
803	DLK1	NOTCH1	Hypothalamus_2	Fiber_tract	0.44417608113050605		DLK1|NOTCH1|Hypothalamus_2->Fiber_tract
804	PDGFA	PDGFRA	Hippocampus	Cortex_2	0.44287820364576697		PDGFA|PDGFRA|Hippocampus->Cortex_2
805	EFNB2	EPHA4	Pyramidal_layer_dentate_gyrus	Hypothalamus_2	0.44259672725638266		EFNB2|EPHA4|Pyramidal_layer_dentate_gyrus->Hypothalamus_2
806	PDGFA	PDGFRA	Cortex_5	Pyramidal_layer_dentate_gyrus	0.44206168350024255		PDGFA|PDGFRA|Cortex_5->Pyramidal_layer_dentate_gyrus
807	EFNB2	EPHA4	Hippocampus	Striatum	0.44138498891475997		EFNB2|EPHA4|Hippocampus->Striatum
808	KITL	KIT	Cortex_2	Lateral_ventricle	0.44100645989461235		KITL|KIT|Cortex_2->Lateral_ventricle
809	PDGFA	PDGFRA	Cortex_4	Cortex_3	0.44070833098621476		PDGFA|PDGFRA|Cortex_4->Cortex_3
810	PDGFA	PDGFRA	Cortex_5	Cortex_1	0.44008311889402696		PDGFA|PDGFRA|Cortex_5->Cortex_1
811	KITL	KIT	Cortex_4	Fiber_tract	0.4399253691261372		KITL|KIT|Cortex_4->Fiber_tract
812	KITL	KIT	Cortex_4	Hypothalamus_2	0.4399016233816587		KITL|KIT|Cortex_4->Hypothalamus_2
813	PDGFA	PDGFRA	Pyramidal_layer	Hypothalamus_1	0.4391866337589838		PDGFA|PDGFRA|Pyramidal_layer->Hypothalamus_1
814	PDGFA	PDGFRA	Pyramidal_layer_dentate_gyrus	Thalamus_1	0.4390130688091885		PDGFA|PDGFRA|Pyramidal_layer_dentate_gyrus->Thalamus_1
815	PDGFA	PDGFRA	Pyramidal_layer_dentate_gyrus	Thalamus_2	0.4389787554813951		PDGFA|PDGFRA|Pyramidal_layer_dentate_gyrus->Thalamus_2
816	PDGFA	PDGFRA	Hippocampus	Cortex_5	0.4389508803285894		PDGFA|PDGFRA|Hippocampus->Cortex_5
817	PDGFA	PDGFRA	Pyramidal_layer_dentate_gyrus	Hippocampus	0.4376281364315012		PDGFA|PDGFRA|Pyramidal_layer_dentate_gyrus->Hippocampus
818	EFNB2	EPHA4	Pyramidal_layer	Hypothalamus_1	0.4374156188690564		EFNB2|EPHA4|Pyramidal_layer->Hypothalamus_1
819	KITL	KIT	Cortex_2	Cortex_2	0.43670723364047037		KITL|KIT|Cortex_2->Cortex_2
820	PDGFA	PDGFRA	Hippocampus	Striatum	0.4362975479204144		PDGFA|PDGFRA|Hippocampus->Striatum
821	KITL	KIT	Cortex_1	Cortex_5	0.43605822030032276		KITL|KIT|Cortex_1->Cortex_5
822	KITL	KIT	Cortex_2	Hippocampus	0.43524653015462833		KITL|KIT|Cortex_2->Hippocampus
823	PDGFA	PDGFRA	Cortex_5	Cortex_4	0.4351231262621717		PDGFA|PDGFRA|Cortex_5->Cortex_4
824	EFNB2	EPHA4	Thalamus_1	Cortex_5	0.4341256331324121		EFNB2|EPHA4|Thalamus_1->Cortex_5
825	VEGFA	KDR	Hypothalamus_2	Lateral_ventricle	0.4337022337175551		VEGFA|KDR|Hypothalamus_2->Lateral_ventricle
826	BMP4	BMPR1A	Cortex_5	Lateral_ventricle	0.4303301271806128		BMP4|BMPR1A|Cortex_5->Lateral_ventricle
827	EFNB2	EPHA4	Cortex_5	Lateral_ventricle	0.43028926153317637		EFNB2|EPHA4|Cortex_5->Lateral_ventricle
828	EFNB2	EPHA4	Fiber_tract	Hypothalamus_2	0.4296919432924738		EFNB2|EPHA4|Fiber_tract->Hypothalamus_2
829	CXCL12	CXCR4	Lateral_ventricle	Pyramidal_layer_dentate_gyrus	0.4293140303541799		CXCL12|CXCR4|Lateral_ventricle->Pyramidal_layer_dentate_gyrus
830	CXCL12	CXCR4	Cortex_5	Pyramidal_layer_dentate_gyrus	0.4289075645749367		CXCL12|CXCR4|Cortex_5->Pyramidal_layer_dentate_gyrus
831	PDGFA	PDGFRA	Cortex_5	Cortex_3	0.42842699885642926		PDGFA|PDGFRA|Cortex_5->Cortex_3
832	VEGFA	KDR	Hypothalamus_2	Cortex_5	0.4282915829655076		VEGFA|KDR|Hypothalamus_2->Cortex_5
833	KITL	KIT	Hypothalamus_2	Pyramidal_layer	0.42794666846369145		KITL|KIT|Hypothalamus_2->Pyramidal_layer
834	PDGFA	PDGFRA	Pyramidal_layer_dentate_gyrus	Pyramidal_layer_dentate_gyrus	0.42758983505122805	1.0	PDGFA|PDGFRA|Pyramidal_layer_dentate_gyrus->Pyramidal_layer_dentate_gyrus
835	EFNB2	EPHA4	Hypothalamus_2	Hypothalamus_2	0.42663375148199556		EFNB2|EPHA4|Hypothalamus_2->Hypothalamus_2
836	PDGFA	PDGFRA	Pyramidal_layer	Cortex_2	0.4262027351259191		PDGFA|PDGFRA|Pyramidal_layer->Cortex_2
837	KITL	KIT	Cortex_2	Cortex_1	0.4260277888971534		KITL|KIT|Cortex_2->Cortex_1
838	PDGFA	PDGFRA	Pyramidal_layer_dentate_gyrus	Cortex_1	0.42561127044501246		PDGFA|PDGFRA|Pyramidal_layer_dentate_gyrus->Cortex_1
839	EFNB2	EPHA4	Lateral_ventricle	Fiber_tract	0.4253831541869794		EFNB2|EPHA4|Lateral_ventricle->Fiber_tract
840	VEGFA	KDR	Cortex_1	Lateral_ventricle	0.42480943828301493		VEGFA|KDR|Cortex_1->Lateral_ventricle
841	FGF10	FGFR2	Cortex_4	Lateral_ventricle	0.4246697844493957		FGF10|FGFR2|Cortex_4->Lateral_ventricle
842	DLK1	NOTCH1	Striatum	Lateral_ventricle	0.4245791205393723		DLK1|NOTCH1|Striatum->Lateral_ventricle
843	KITL	KIT	Pyramidal_layer_dentate_gyrus	Pyramidal_layer	0.42331385249872	0.08	KITL|KIT|Pyramidal_layer_dentate_gyrus->Pyramidal_layer
844	CXCL12	CXCR4	Lateral_ventricle	Hippocampus	0.4225015349254645		CXCL12|CXCR4|Lateral_ventricle->Hippocampus
845	PDGFA	PDGFRA	Pyramidal_layer	Cortex_5	0.4222754118087416		PDGFA|PDGFRA|Pyramidal_layer->Cortex_5
846	CXCL12	CXCR4	Cortex_5	Hippocampus	0.42209506914622125		CXCL12|CXCR4|Cortex_5->Hippocampus
847	SHH	PTCH1	Thalamus_1	Hypothalamus_1	0.42177052352349076		SHH|PTCH1|Thalamus_1->Hypothalamus_1
848	KITL	KIT	Cortex_2	Striatum	0.42119382763363084		KITL|KIT|Cortex_2->Striatum
849	PDGFA	PDGFRA	Pyramidal_layer_dentate_gyrus	Cortex_4	0.4206512778131572		PDGFA|PDGFRA|Pyramidal_layer_dentate_gyrus->Cortex_4
850	PDGFA	PDGFRA	Striatum	Pyramidal_layer	0.4202128900241117		PDGFA|PDGFRA|Striatum->Pyramidal_layer
851	EFNB2	EPHA4	Thalamus_2	Striatum	0.41986463094142334		EFNB2|EPHA4|Thalamus_2->Striatum
852	PDGFA	PDGFRA	Pyramidal_layer	Striatum	0.41962207940056656		PDGFA|PDGFRA|Pyramidal_layer->Striatum
853	EFNB2	EPHA4	Pyramidal_layer	Lateral_ventricle	0.41961371430328914		EFNB2|EPHA4|Pyramidal_layer->Lateral_ventricle
854	VEGFA	KDR	Cortex_1	Cortex_5	0.4193987875309674		VEGFA|KDR|Cortex_1->Cortex_5
855	CXCL12	CXCR4	Lateral_ventricle	Hypothalamus_1	0.41835753389876407		CXCL12|CXCR4|Lateral_ventricle->Hypothalamus_1
856	CXCL12	CXCR4	Cortex_5	Hypothalamus_1	0.4179510681195208		CXCL12|CXCR4|Cortex_5->Hypothalamus_1
857	KITL	KIT	Striatum	Pyramidal_layer	0.41791999687194603		KITL|KIT|Striatum->Pyramidal_layer
858	KITL	KIT	Cortex_4	Thalamus_1	0.4171557265392403		KITL|KIT|Cortex_4->Thalamus_1
859	CXCL12	CXCR4	Lateral_ventricle	Fiber_tract	0.4170899726522657		CXCL12|CXCR4|Lateral_ventricle->Fiber_tract
860	EFNB2	EPHA4	Pyramidal_layer_dentate_gyrus	Striatum	0.41671561220892117		EFNB2|EPHA4|Pyramidal_layer_dentate_gyrus->Striatum
861	CXCL12	CXCR4	Cortex_5	Fiber_tract	0.41668350687302247		CXCL12|CXCR4|Cortex_5->Fiber_tract
862	SHH	PTCH1	Striatum	Hypothalamus_1	0.41656235518433105		SHH|PTCH1|Striatum->Hypothalamus_1
863	KITL	KIT	Cortex_5	Pyramidal_layer_dentate_gyrus	0.41619267395701354		KITL|KIT|Cortex_5->Pyramidal_layer_dentate_gyrus
864	CXCL12	CXCR4	Lateral_ventricle	Thalamus_2	0.4154149687627242		CXCL12|CXCR4|Lateral_ventricle->Thalamus_2
865	CXCL12	CXCR4	Cortex_5	Thalamus_2	0.41500850298348096		CXCL12|CXCR4|Cortex_5->Thalamus_2
866	CXCL12	CXCR4	Lateral_ventricle	Cortex_5	0.4149793009788359		CXCL12|CXCR4|Lateral_ventricle->Cortex_5
867	CXCL12	CXCR4	Cortex_5	Cortex_5	0.41457283519959265		CXCL12|CXCR4|Cortex_5->Cortex_5
868	PDGFA	PDGFRA	Pyramidal_layer_dentate_gyrus	Cortex_3	0.41395515040741476		PDGFA|PDGFRA|Pyramidal_layer_dentate_gyrus->Cortex_3
869	SHH	PTCH1	Hypothalamus_1	Hypothalamus_1	0.4138402810606819		SHH|PTCH1|Hypothalamus_1->Hypothalamus_1
870	VEGFA	KDR	Hypothalamus_2	Thalamus_1	0.4135616314202368		VEGFA|KDR|Hypothalamus_2->Thalamus_1
871	KITL	KIT	Cortex_4	Thalamus_2	0.41329020634861435		KITL|KIT|Cortex_4->Thalamus_2
872	FGF10	FGFR2	Hippocampus	Lateral_ventricle	0.41319146924957806		FGF10|FGFR2|Hippocampus->Lateral_ventricle
873	CXCL12	CXCR4	Lateral_ventricle	Cortex_4	0.41298608629511074		CXCL12|CXCR4|Lateral_ventricle->Cortex_4
874	CXCL12	CXCR4	Lateral_ventricle	Hypothalamus_2	0.4128645815422063		CXCL12|CXCR4|Lateral_ventricle->Hypothalamus_2
875	CXCL12	CXCR4	Cortex_5	Cortex_4	0.4125796205158675		CXCL12|CXCR4|Cortex_5->Cortex_4
876	CXCL12	CXCR4	Cortex_5	Hypothalamus_2	0.41245811576296304		CXCL12|CXCR4|Cortex_5->Hypothalamus_2
877	CXCL12	CXCR4	Lateral_ventricle	Cortex_3	0.4120655130836342		CXCL12|CXCR4|Lateral_ventricle->Cortex_3
878	CXCL12	CXCR4	Lateral_ventricle	Striatum	0.4119674926517613		CXCL12|CXCR4|Lateral_ventricle->Striatum
879	EFNB2	EPHA4	Thalamus_1	Hypothalamus_2	0.41189850665296446		EFNB2|EPHA4|Thalamus_1->Hypothalamus_2
880	CXCL12	CXCR4	Cortex_5	Cortex_3	0.41165904730439096		CXCL12|CXCR4|Cortex_5->Cortex_3
881	CXCL12	CXCR4	Cortex_5	Striatum	0.41156102687251805		CXCL12|CXCR4|Cortex_5->Striatum
882	CXCL12	CXCR4	Lateral_ventricle	Cortex_2	0.41128396064799566		CXCL12|CXCR4|Lateral_ventricle->Cortex_2
883	DLK1	NOTCH1	Hypothalamus_2	Cortex_5	0.4110888883340343		DLK1|NOTCH1|Hypothalamus_2->Cortex_5
884	BMP4	BMPR1A	Cortex_3	Lateral_ventricle	0.4110858872282747		BMP4|BMPR1A|Cortex_3->Lateral_ventricle
885	DLK1	NOTCH1	Striatum	Fiber_tract	0.41106091923673416		DLK1|NOTCH1|Striatum->Fiber_tract
886	CXCL12	CXCR4	Cortex_5	Cortex_2	0.4108774948687524		CXCL12|CXCR4|Cortex_5->Cortex_2
887	CXCL12	CXCR4	Lateral_ventricle	Pyramidal_layer	0.4107956970021838		CXCL12|CXCR4|Lateral_ventricle->Pyramidal_layer
888	FGF10	FGFR2	Cortex_1	Lateral_ventricle	0.41077004550968055		FGF10|FGFR2|Cortex_1->Lateral_ventricle
889	CXCL12	CXCR4	Lateral_ventricle	Cortex_1	0.41071425707927095		CXCL12|CXCR4|Lateral_ventricle->Cortex_1
890	CXCL12	CXCR4	Cortex_5	Pyramidal_layer	0.4103892312229406		CXCL12|CXCR4|Cortex_5->Pyramidal_layer
891	FGF10	FGFR2	Cortex_2	Lateral_ventricle	0.4103887640112348		FGF10|FGFR2|Cortex_2->Lateral_ventricle
892	CXCL12	CXCR4	Lateral_ventricle	Thalamus_1	0.41032083720441853		CXCL12|CXCR4|Lateral_ventricle->Thalamus_1
893	CXCL12	CXCR4	Cortex_5	Cortex_1	0.4103077913000277		CXCL12|CXCR4|Cortex_5->Cortex_1
894	CXCL12	CXCR4	Cortex_5	Thalamus_1	0.4099143714251753		CXCL12|CXCR4|Cortex_5->Thalamus_1
895	SHH	PTCH1	Hypothalamus_2	Hypothalamus_1	0.4097278138650651		SHH|PTCH1|Hypothalamus_2->Hypothalamus_1
896	SHH	PTCH1	Cortex_3	Hypothalamus_1	0.40935583194320807		SHH|PTCH1|Cortex_3->Hypothalamus_1
897	PDGFA	PDGFRA	Thalamus_1	Pyramidal_layer	0.4087944528078798		PDGFA|PDGFRA|Thalamus_1->Pyramidal_layer
898	SHH	PTCH1	Cortex_1	Hypothalamus_1	0.40856746325767795		SHH|PTCH1|Cortex_1->Hypothalamus_1
899	FGF10	FGFR2	Hypothalamus_1	Lateral_ventricle	0.40852230553593716		FGF10|FGFR2|Hypothalamus_1->Lateral_ventricle
900	PDGFA	PDGFRA	Thalamus_2	Pyramidal_layer	0.40831970391307204		PDGFA|PDGFRA|Thalamus_2->Pyramidal_layer
901	KITL	KIT	Cortex_1	Cortex_4	0.407745803857036		KITL|KIT|Cortex_1->Cortex_4
902	BMP4	BMPR1A	Striatum	Lateral_ventricle	0.4071940379260746		BMP4|BMPR1A|Striatum->Lateral_ventricle
903	PDGFA	PDGFRA	Lateral_ventricle	Pyramidal_layer	0.40587824363084063		PDGFA|PDGFRA|Lateral_ventricle->Pyramidal_layer
904	BMP4	BMPR1A	Pyramidal_layer	Lateral_ventricle	0.4057910412195183		BMP4|BMPR1A|Pyramidal_layer->Lateral_ventricle
905	VEGFA	KDR	Thalamus_2	Lateral_ventricle	0.40567596066477046		VEGFA|KDR|Thalamus_2->Lateral_ventricle
906	SHH	PTCH1	Thalamus_2	Hypothalamus_1	0.405591150202478		SHH|PTCH1|Thalamus_2->Hypothalamus_1
907	EFNB2	EPHA4	Hypothalamus_1	Fiber_tract	0.4050210415404049		EFNB2|EPHA4|Hypothalamus_1->Fiber_tract
908	FGF10	FGFR2	Striatum	Lateral_ventricle	0.4049776070703423		FGF10|FGFR2|Striatum->Lateral_ventricle
909	BMP4	BMPR1A	Lateral_ventricle	Pyramidal_layer	0.4047885497056303		BMP4|BMPR1A|Lateral_ventricle->Pyramidal_layer
910	VEGFA	KDR	Cortex_1	Thalamus_1	0.4046688359856966		VEGFA|KDR|Cortex_1->Thalamus_1
911	BMP4	BMPR1A	Cortex_2	Lateral_ventricle	0.40447919890464007		BMP4|BMPR1A|Cortex_2->Lateral_ventricle
912	BMP4	BMPR1A	Hypothalamus_2	Lateral_ventricle	0.40398248014294713		BMP4|BMPR1A|Hypothalamus_2->Lateral_ventricle
913	EFNB2	EPHA4	Fiber_tract	Striatum	0.4038108282450123		EFNB2|EPHA4|Fiber_tract->Striatum
914	BMP4	BMPR1A	Lateral_ventricle	Cortex_5	0.40298744905430617		BMP4|BMPR1A|Lateral_ventricle->Cortex_5
915	VEGFA	KDR	Lateral_ventricle	Lateral_ventricle	0.4028187658105578		VEGFA|KDR|Lateral_ventricle->Lateral_ventricle
916	KITL	KIT	Lateral_ventricle	Pyramidal_layer	0.4027422521085966		KITL|KIT|Lateral_ventricle->Pyramidal_layer
917	SHH	PTCH1	Cortex_4	Hypothalamus_1	0.4017584994662462		SHH|PTCH1|Cortex_4->Hypothalamus_1
918	FGF10	FGFR2	Lateral_ventricle	Lateral_ventricle	0.4015002049150921		FGF10|FGFR2|Lateral_ventricle->Lateral_ventricle
919	KITL	KIT	Cortex_2	Hypothalamus_1	0.401250298946719		KITL|KIT|Cortex_2->Hypothalamus_1
920	BMP4	BMPR1A	Thalamus_1	Lateral_ventricle	0.40081823804402		BMP4|BMPR1A|Thalamus_1->Lateral_ventricle
921	EFNB2	EPHA4	Hypothalamus_2	Striatum	0.40075263643453407		EFNB2|EPHA4|Hypothalamus_2->Striatum
922	VEGFA	KDR	Thalamus_2	Cortex_5	0.4002653099127229		VEGFA|KDR|Thalamus_2->Cortex_5
923	BMP4	BMPR1A	Hippocampus	Lateral_ventricle	0.3999810816008152		BMP4|BMPR1A|Hippocampus->Lateral_ventricle
924	FGF10	FGFR2	Cortex_5	Lateral_ventricle	0.39973986766003033		FGF10|FGFR2|Cortex_5->Lateral_ventricle
925	BMP4	BMPR1A	Lateral_ventricle	Hypothalamus_1	0.39933131541647426		BMP4|BMPR1A|Lateral_ventricle->Hypothalamus_1
926	BMP4	BMPR1A	Lateral_ventricle	Thalamus_2	0.3991120478980953		BMP4|BMPR1A|Lateral_ventricle->Thalamus_2
927	PDGFA	PDGFRA	Cortex_1	Pyramidal_layer	0.39879830944895905		PDGFA|PDGFRA|Cortex_1->Pyramidal_layer
928	BMP4	BMPR1A	Lateral_ventricle	Striatum	0.39864069821119974		BMP4|BMPR1A|Lateral_ventricle->Striatum
929	PDGFA	PDGFRA	Hippocampus	Thalamus_1	0.39856980237374956		PDGFA|PDGFRA|Hippocampus->Thalamus_1
930	PDGFA	PDGFRA	Hippocampus	Thalamus_2	0.39853548904595615		PDGFA|PDGFRA|Hippocampus->Thalamus_2
931	KITL	KIT	Cortex_3	Pyramidal_layer_dentate_gyrus	0.39846834742258463		KITL|KIT|Cortex_3->Pyramidal_layer_dentate_gyrus
932	EFNB2	EPHA4	Lateral_ventricle	Hypothalamus_1	0.39845505175231904		EFNB2|EPHA4|Lateral_ventricle->Hypothalamus_1
933	VEGFA	KDR	Lateral_ventricle	Cortex_5	0.39740811505851026		VEGFA|KDR|Lateral_ventricle->Cortex_5
934	PDGFA	PDGFRA	Hippocampus	Hippocampus	0.3971848699960623		PDGFA|PDGFRA|Hippocampus->Hippocampus
935	FGF10	FGFR2	Hypothalamus_2	Lateral_ventricle	0.3964823917637493		FGF10|FGFR2|Hypothalamus_2->Lateral_ventricle
936	SHH	PTCH1	Cortex_2	Hypothalamus_1	0.39536070458750433		SHH|PTCH1|Cortex_2->Hypothalamus_1
937	VEGFA	KDR	Thalamus_1	Lateral_ventricle	0.3948360938140455		VEGFA|KDR|Thalamus_1->Lateral_ventricle
938	BMP4	BMPR1A	Pyramidal_layer_dentate_gyrus	Lateral_ventricle	0.39403377306394555		BMP4|BMPR1A|Pyramidal_layer_dentate_gyrus->Lateral_ventricle
939	FGF10	FGFR2	Thalamus_2	Lateral_ventricle	0.3934046826657972		FGF10|FGFR2|Thalamus_2->Lateral_ventricle
940	VEGFA	KDR	Cortex_5	Lateral_ventricle	0.3933127652635078		VEGFA|KDR|Cortex_5->Lateral_ventricle
941	SHH	PTCH1	Fiber_tract	Hypothalamus_1	0.39278429233164125		SHH|PTCH1|Fiber_tract->Hypothalamus_1
942	SHH	PTCH1	Cortex_5	Hypothalamus_1	0.39215075311994596		SHH|PTCH1|Cortex_5->Hypothalamus_1
943	FGF10	FGFR2	Thalamus_1	Lateral_ventricle	0.39196032195973407		FGF10|FGFR2|Thalamus_1->Lateral_ventricle
944	BMP4	BMPR1A	Cortex_4	Lateral_ventricle	0.3917497300243267		BMP4|BMPR1A|Cortex_4->Lateral_ventricle
945	SHH	PTCH1	Thalamus_1	Thalamus_2	0.3913765134329112		SHH|PTCH1|Thalamus_1->Thalamus_2
946	SHH	PTCH1	Pyramidal_layer	Hypothalamus_1	0.3910515729249233		SHH|PTCH1|Pyramidal_layer->Hypothalamus_1
947	CXCL12	CXCR4	Pyramidal_layer_dentate_gyrus	Lateral_ventricle	0.3901734168946493		CXCL12|CXCR4|Pyramidal_layer_dentate_gyrus->Lateral_ventricle
948	BMP4	BMPR1A	Hypothalamus_1	Lateral_ventricle	0.3899142523688493		BMP4|BMPR1A|Hypothalamus_1->Lateral_ventricle
949	KITL	KIT	Hippocampus	Pyramidal_layer	0.3896674438160359		KITL|KIT|Hippocampus->Pyramidal_layer
950	BMP4	BMPR1A	Cortex_1	Lateral_ventricle	0.38964335469492806		BMP4|BMPR1A|Cortex_1->Lateral_ventricle
951	VEGFA	KDR	Thalamus_1	Cortex_5	0.38942544306199794		VEGFA|KDR|Thalamus_1->Cortex_5
952	SHH	PTCH1	Hippocampus	Hypothalamus_1	0.3880410093629548		SHH|PTCH1|Hippocampus->Hypothalamus_1
953	VEGFA	KDR	Cortex_5	Cortex_5	0.3879021145114603		VEGFA|KDR|Cortex_5->Cortex_5
954	PDGFA	PDGFRA	Hippocampus	Pyramidal_layer_dentate_gyrus	0.3871465686157891		PDGFA|PDGFRA|Hippocampus->Pyramidal_layer_dentate_gyrus
955	VEGFA	KDR	Hypothalamus_2	Cortex_2	0.3869631713284195		VEGFA|KDR|Hypothalamus_2->Cortex_2
956	SHH	PTCH1	Lateral_ventricle	Hypothalamus_1	0.38688443467198386		SHH|PTCH1|Lateral_ventricle->Hypothalamus_1
957	BMP4	BMPR1A	Thalamus_2	Lateral_ventricle	0.38677501642987844		BMP4|BMPR1A|Thalamus_2->Lateral_ventricle
958	BMP4	BMPR1A	Lateral_ventricle	Pyramidal_layer_dentate_gyrus	0.386612808867162		BMP4|BMPR1A|Lateral_ventricle->Pyramidal_layer_dentate_gyrus
959	SHH	PTCH1	Striatum	Thalamus_2	0.3861683450937515		SHH|PTCH1|Striatum->Thalamus_2
960	FGF10	FGFR2	Pyramidal_layer	Thalamus_1	0.3860319326884053		FGF10|FGFR2|Pyramidal_layer->Thalamus_1
961	EFNB2	EPHA4	Thalamus_1	Striatum	0.38601739160550297		EFNB2|EPHA4|Thalamus_1->Striatum
962	KITL	KIT	Cortex_1	Cortex_3	0.38594573105962166		KITL|KIT|Cortex_1->Cortex_3
963	BMP4	BMPR1A	Lateral_ventricle	Hypothalamus_2	0.3857342075136371		BMP4|BMPR1A|Lateral_ventricle->Hypothalamus_2
964	VEGFA	KDR	Thalamus_2	Thalamus_1	0.3855353583674521		VEGFA|KDR|Thalamus_2->Thalamus_1
965	DLK1	NOTCH1	Hypothalamus_2	Hypothalamus_2	0.3853642785907688		DLK1|NOTCH1|Hypothalamus_2->Hypothalamus_2
966	PDGFA	PDGFRA	Hippocampus	Cortex_1	0.3851680040095735		PDGFA|PDGFRA|Hippocampus->Cortex_1
967	FGF10	FGFR2	Fiber_tract	Lateral_ventricle	0.38419178266390636		FGF10|FGFR2|Fiber_tract->Lateral_ventricle
968	SHH	PTCH1	Hypothalamus_1	Thalamus_2	0.3834462709701023		SHH|PTCH1|Hypothalamus_1->Thalamus_2
969	FGF10	FGFR2	Pyramidal_layer_dentate_gyrus	Thalamus_1	0.3832324175951225		FGF10|FGFR2|Pyramidal_layer_dentate_gyrus->Thalamus_1
970	DLK1	NOTCH1	Hypothalamus_2	Thalamus_1	0.383127942009509		DLK1|NOTCH1|Hypothalamus_2->Thalamus_1
971	PDGFA	PDGFRA	Cortex_4	Pyramidal_layer	0.38308888030401783		PDGFA|PDGFRA|Cortex_4->Pyramidal_layer
972	VEGFA	KDR	Lateral_ventricle	Thalamus_1	0.38267816351323947		VEGFA|KDR|Lateral_ventricle->Thalamus_1
973	VEGFA	KDR	Hypothalamus_2	Hippocampus	0.3824828177345305		VEGFA|KDR|Hypothalamus_2->Hippocampus
974	VEGFA	KDR	Cortex_2	Lateral_ventricle	0.3824140144234921		VEGFA|KDR|Cortex_2->Lateral_ventricle
975	KITL	KIT	Hypothalamus_2	Pyramidal_layer_dentate_gyrus	0.38211287571754093		KITL|KIT|Hypothalamus_2->Pyramidal_layer_dentate_gyrus
976	PDGFA	PDGFRA	Pyramidal_layer	Thalamus_1	0.3818943338539017		PDGFA|PDGFRA|Pyramidal_layer->Thalamus_1
977	PDGFA	PDGFRA	Pyramidal_layer	Thalamus_2	0.3818600205261083		PDGFA|PDGFRA|Pyramidal_layer->Thalamus_2
978	KITL	KIT	Cortex_5	Cortex_5	0.3811231073020964		KITL|KIT|Cortex_5->Cortex_5
979	EFNB2	EPHA4	Lateral_ventricle	Lateral_ventricle	0.3806531471865518		EFNB2|EPHA4|Lateral_ventricle->Lateral_ventricle
980	PDGFA	PDGFRA	Pyramidal_layer	Hippocampus	0.3805094014762145		PDGFA|PDGFRA|Pyramidal_layer->Hippocampus
981	PDGFA	PDGFRA	Hippocampus	Cortex_4	0.38020801137771826		PDGFA|PDGFRA|Hippocampus->Cortex_4
982	KITL	KIT	Cortex_2	Fiber_tract	0.3800032207601421		KITL|KIT|Cortex_2->Fiber_tract
983	KITL	KIT	Cortex_2	Hypothalamus_2	0.3799794750156636		KITL|KIT|Cortex_2->Hypothalamus_2
984	SHH	PTCH1	Hypothalamus_2	Thalamus_2	0.37933380377448556		SHH|PTCH1|Hypothalamus_2->Thalamus_2
985	VEGFA	KDR	Hypothalamus_1	Lateral_ventricle	0.37925329154473303		VEGFA|KDR|Hypothalamus_1->Lateral_ventricle
986	SHH	PTCH1	Cortex_3	Thalamus_2	0.3789618218526285		SHH|PTCH1|Cortex_3->Thalamus_2
987	VEGFA	KDR	Hypothalamus_2	Hypothalamus_2	0.37884551802075894		VEGFA|KDR|Hypothalamus_2->Hypothalamus_2
988	SHH	PTCH1	Cortex_1	Thalamus_2	0.3781734531670984		SHH|PTCH1|Cortex_1->Thalamus_2
989	EFNB2	EPHA4	Hypothalamus_1	Hypothalamus_1	0.37809293910574454		EFNB2|EPHA4|Hypothalamus_1->Hypothalamus_1
990	VEGFA	KDR	Cortex_1	Cortex_2	0.3780703758938793		VEGFA|KDR|Cortex_1->Cortex_2
991	VEGFA	KDR	Cortex_4	Lateral_ventricle	0.3780093062534911		VEGFA|KDR|Cortex_4->Lateral_ventricle
992	DLK1	NOTCH1	Striatum	Cortex_5	0.3779737264402624		DLK1|NOTCH1|Striatum->Cortex_5
993	KITL	KIT	Pyramidal_layer_dentate_gyrus	Pyramidal_layer_dentate_gyrus	0.3774800597525695	0.31	KITL|KIT|Pyramidal_layer_dentate_gyrus->Pyramidal_layer_dentate_gyrus
994	VEGFA	KDR	Cortex_2	Cortex_5	0.3770033636714446		VEGFA|KDR|Cortex_2->Cortex_5
995	VEGFA	KDR	Hypothalamus_2	Cortex_1	0.37657866419351077		VEGFA|KDR|Hypothalamus_2->Cortex_1
996	VEGFA	KDR	Hypothalamus_2	Pyramidal_layer_dentate_gyrus	0.37639370380642534		VEGFA|KDR|Hypothalamus_2->Pyramidal_layer_dentate_gyrus
997	DLK1	NOTCH1	Lateral_ventricle	Lateral_ventricle	0.3758315575974328		DLK1|NOTCH1|Lateral_ventricle->Lateral_ventricle
998	SHH	PTCH1	Thalamus_2	Thalamus_2	0.3751971401118984		SHH|PTCH1|Thalamus_2->Thalamus_2
999	CXCL12	CXCR4	Cortex_3	Lateral_ventricle	0.3749351916411582		CXCL12|CXCR4|Cortex_3->Lateral_ventricle
1000	VEGFA	KDR	Thalamus_1	Thalamus_1	0.3746954915167271		VEGFA|KDR|Thalamus_1->Thalamus_1
1001	DLK1	NOTCH1	Hypothalamus_2	Striatum	0.373989167757641		DLK1|NOTCH1|Hypothalamus_2->Striatum
1002	CXCL12	CXCR4	Pyramidal_layer_dentate_gyrus	Pyramidal_layer_dentate_gyrus	0.3738678703632425	0.01	CXCL12|CXCR4|Pyramidal_layer_dentate_gyrus->Pyramidal_layer_dentate_gyrus
1003	VEGFA	KDR	Hypothalamus_1	Cortex_5	0.3738426407926855		VEGFA|KDR|Hypothalamus_1->Cortex_5
1004	VEGFA	KDR	Cortex_1	Hippocampus	0.3735900222999904		VEGFA|KDR|Cortex_1->Hippocampus
1005	PDGFA	PDGFRA	Hippocampus	Cortex_3	0.3735118839719758		PDGFA|PDGFRA|Hippocampus->Cortex_3
1006	EFNB2	EPHA4	Hippocampus	Fiber_tract	0.37346716276944314		EFNB2|EPHA4|Hippocampus->Fiber_tract
1007	VEGFA	KDR	Cortex_5	Thalamus_1	0.3731721629661895		VEGFA|KDR|Cortex_5->Thalamus_1
1008	VEGFA	KDR	Cortex_4	Cortex_5	0.37259865550144355		VEGFA|KDR|Cortex_4->Cortex_5
1009	CXCL12	CXCR4	Cortex_4	Lateral_ventricle	0.37243468532734636		CXCL12|CXCR4|Cortex_4->Lateral_ventricle
1010	VEGFA	KDR	Cortex_3	Lateral_ventricle	0.37219702576423047		VEGFA|KDR|Cortex_3->Lateral_ventricle
1011	KITL	KIT	Striatum	Pyramidal_layer_dentate_gyrus	0.3720862041257955		KITL|KIT|Striatum->Pyramidal_layer_dentate_gyrus
1012	SHH	PTCH1	Cortex_4	Thalamus_2	0.37136448937566663		SHH|PTCH1|Cortex_4->Thalamus_2
1013	PDGFA	PDGFRA	Cortex_5	Pyramidal_layer	0.37080754817423234		PDGFA|PDGFRA|Cortex_5->Pyramidal_layer
1014	PDGFA	PDGFRA	Pyramidal_layer	Pyramidal_layer_dentate_gyrus	0.37047110009594125	1.0	PDGFA|PDGFRA|Pyramidal_layer->Pyramidal_layer_dentate_gyrus
1015	VEGFA	KDR	Cortex_1	Hypothalamus_2	0.3699527225862188		VEGFA|KDR|Cortex_1->Hypothalamus_2
1016	DLK1	NOTCH1	Hypothalamus_2	Hippocampus	0.3699514533251207		DLK1|NOTCH1|Hypothalamus_2->Hippocampus
1017	KITL	KIT	Fiber_tract	Pyramidal_layer	0.36938419569169123		KITL|KIT|Fiber_tract->Pyramidal_layer
1018	PDGFA	PDGFRA	Pyramidal_layer	Cortex_1	0.36849253548972566		PDGFA|PDGFRA|Pyramidal_layer->Cortex_1
1019	VEGFA	KDR	Cortex_1	Cortex_1	0.3676858687589706		VEGFA|KDR|Cortex_1->Cortex_1
1020	VEGFA	KDR	Cortex_1	Pyramidal_layer_dentate_gyrus	0.36750090837188515		VEGFA|KDR|Cortex_1->Pyramidal_layer_dentate_gyrus
1021	SPP1	CD44	Lateral_ventricle	Thalamus_2	0.36727238153107467		SPP1|CD44|Lateral_ventricle->Thalamus_2
1022	CXCL12	CXCR4	Pyramidal_layer_dentate_gyrus	Hippocampus	0.36705537493452706		CXCL12|CXCR4|Pyramidal_layer_dentate_gyrus->Hippocampus
1023	VEGFA	KDR	Cortex_3	Cortex_5	0.3667863750121829		VEGFA|KDR|Cortex_3->Cortex_5
1024	VEGFA	KDR	Hypothalamus_2	Thalamus_2	0.3658645314918388		VEGFA|KDR|Hypothalamus_2->Thalamus_2
1025	DLK1	NOTCH1	Hypothalamus_2	Cortex_2	0.365079979072027		DLK1|NOTCH1|Hypothalamus_2->Cortex_2
1026	SHH	PTCH1	Cortex_2	Thalamus_2	0.36496669449692476		SHH|PTCH1|Cortex_2->Thalamus_2
1027	KITL	KIT	Cortex_1	Lateral_ventricle	0.36407555849319495		KITL|KIT|Cortex_1->Lateral_ventricle
1028	PDGFA	PDGFRA	Pyramidal_layer	Cortex_4	0.3635325428578704		PDGFA|PDGFRA|Pyramidal_layer->Cortex_4
1029	KITL	KIT	Cortex_3	Cortex_5	0.3633987807676675		KITL|KIT|Cortex_3->Cortex_5
1030	SHH	PTCH1	Thalamus_1	Thalamus_1	0.3630910331376211		SHH|PTCH1|Thalamus_1->Thalamus_1
1031	VEGFA	KDR	Hypothalamus_2	Cortex_4	0.3630398784988018		VEGFA|KDR|Hypothalamus_2->Cortex_4
1032	CXCL12	CXCR4	Pyramidal_layer_dentate_gyrus	Hypothalamus_1	0.36291137390782663		CXCL12|CXCR4|Pyramidal_layer_dentate_gyrus->Hypothalamus_1
1033	SHH	PTCH1	Fiber_tract	Thalamus_2	0.3623902822410617		SHH|PTCH1|Fiber_tract->Thalamus_2
1034	DLK1	NOTCH1	Lateral_ventricle	Fiber_tract	0.3623133562947947		DLK1|NOTCH1|Lateral_ventricle->Fiber_tract
1035	VEGFA	KDR	Cortex_2	Thalamus_1	0.3622734121261738		VEGFA|KDR|Cortex_2->Thalamus_1
1036	KITL	KIT	Hypothalamus_1	Pyramidal_layer	0.3622432773516619		KITL|KIT|Hypothalamus_1->Pyramidal_layer
1037	SHH	PTCH1	Cortex_5	Thalamus_2	0.36175674302936645		SHH|PTCH1|Cortex_5->Thalamus_2
1038	CXCL12	CXCR4	Pyramidal_layer_dentate_gyrus	Fiber_tract	0.3616438126613283		CXCL12|CXCR4|Pyramidal_layer_dentate_gyrus->Fiber_tract
1039	FGF10	FGFR2	Cortex_3	Thalamus_1	0.3612201096335945		FGF10|FGFR2|Cortex_3->Thalamus_1
1040	SHH	PTCH1	Pyramidal_layer	Thalamus_2	0.36065756283434375		SHH|PTCH1|Pyramidal_layer->Thalamus_2
1041	EFNB2	EPHA4	Hypothalamus_1	Lateral_ventricle	0.3602910345399773		EFNB2|EPHA4|Hypothalamus_1->Lateral_ventricle
1042	CXCL12	CXCR4	Pyramidal_layer_dentate_gyrus	Thalamus_2	0.3599688087717868		CXCL12|CXCR4|Pyramidal_layer_dentate_gyrus->Thalamus_2
1043	KITL	KIT	Cortex_1	Cortex_2	0.359776332239053		KITL|KIT|Cortex_1->Cortex_2
1044	CXCL12	CXCR4	Pyramidal_layer_dentate_gyrus	Cortex_5	0.35953314098789846		CXCL12|CXCR4|Pyramidal_layer_dentate_gyrus->Cortex_5
1045	VEGFA	KDR	Hypothalamus_2	Hypothalamus_1	0.3594483363002048		VEGFA|KDR|Hypothalamus_2->Hypothalamus_1
1046	VEGFA	KDR	Hypothalamus_1	Thalamus_1	0.3591126892474147		VEGFA|KDR|Hypothalamus_1->Thalamus_1
1047	VEGFA	KDR	Thalamus_2	Cortex_2	0.35893689827563485		VEGFA|KDR|Thalamus_2->Cortex_2
1048	CXCL12	CXCR4	Cortex_3	Pyramidal_layer_dentate_gyrus	0.35862964510975137		CXCL12|CXCR4|Cortex_3->Pyramidal_layer_dentate_gyrus
1049	KITL	KIT	Cortex_1	Hippocampus	0.35831562875321094		KITL|KIT|Cortex_1->Hippocampus
1050	SHH	PTCH1	Striatum	Thalamus_1	0.3578828647984614		SHH|PTCH1|Striatum->Thalamus_1
1051	VEGFA	KDR	Cortex_4	Thalamus_1	0.35786870395617276		VEGFA|KDR|Cortex_4->Thalamus_1
1052	VEGFA	KDR	Striatum	Lateral_ventricle	0.35779844958519513		VEGFA|KDR|Striatum->Lateral_ventricle
1053	SHH	PTCH1	Hippocampus	Thalamus_2	0.35764699927237525		SHH|PTCH1|Hippocampus->Thalamus_2
1054	CXCL12	CXCR4	Pyramidal_layer_dentate_gyrus	Cortex_4	0.3575399263041733		CXCL12|CXCR4|Pyramidal_layer_dentate_gyrus->Cortex_4
1055	CXCL12	CXCR4	Pyramidal_layer_dentate_gyrus	Hypothalamus_2	0.35741842155126885		CXCL12|CXCR4|Pyramidal_layer_dentate_gyrus->Hypothalamus_2
1056	KITL	KIT	Cortex_2	Thalamus_1	0.3572335781732452		KITL|KIT|Cortex_2->Thalamus_1
1057	VEGFA	KDR	Cortex_1	Thalamus_2	0.3569717360572986		VEGFA|KDR|Cortex_1->Thalamus_2
1058	KITL	KIT	Lateral_ventricle	Pyramidal_layer_dentate_gyrus	0.3569084593624461		KITL|KIT|Lateral_ventricle->Pyramidal_layer_dentate_gyrus
1059	CXCL12	CXCR4	Hippocampus	Lateral_ventricle	0.3568432220007309		CXCL12|CXCR4|Hippocampus->Lateral_ventricle
1060	PDGFA	PDGFRA	Pyramidal_layer	Cortex_3	0.356836415452128		PDGFA|PDGFRA|Pyramidal_layer->Cortex_3
1061	CXCL12	CXCR4	Pyramidal_layer_dentate_gyrus	Cortex_3	0.35661935309269677		CXCL12|CXCR4|Pyramidal_layer_dentate_gyrus->Cortex_3
1062	CXCL12	CXCR4	Pyramidal_layer_dentate_gyrus	Striatum	0.35652133266082386		CXCL12|CXCR4|Pyramidal_layer_dentate_gyrus->Striatum
1063	SHH	PTCH1	Lateral_ventricle	Thalamus_2	0.3564904245814043		SHH|PTCH1|Lateral_ventricle->Thalamus_2
1064	PDGFA	PDGFRA	Pyramidal_layer_dentate_gyrus	Pyramidal_layer	0.35633569972521784	1.0	PDGFA|PDGFRA|Pyramidal_layer_dentate_gyrus->Pyramidal_layer
1065	CXCL12	CXCR4	Cortex_4	Pyramidal_layer_dentate_gyrus	0.35612913879593955		CXCL12|CXCR4|Cortex_4->Pyramidal_layer_dentate_gyrus
1066	VEGFA	KDR	Lateral_ventricle	Cortex_2	0.3560797034214222		VEGFA|KDR|Lateral_ventricle->Cortex_2
1067	CXCL12	CXCR4	Pyramidal_layer_dentate_gyrus	Cortex_2	0.3558378006570582		CXCL12|CXCR4|Pyramidal_layer_dentate_gyrus->Cortex_2
1068	CXCL12	CXCR4	Pyramidal_layer_dentate_gyrus	Pyramidal_layer	0.3553495370112464	0.04	CXCL12|CXCR4|Pyramidal_layer_dentate_gyrus->Pyramidal_layer
1069	CXCL12	CXCR4	Pyramidal_layer_dentate_gyrus	Cortex_1	0.3552680970883335		CXCL12|CXCR4|Pyramidal_layer_dentate_gyrus->Cortex_1
1070	SHH	PTCH1	Hypothalamus_1	Thalamus_1	0.3551607906748122		SHH|PTCH1|Hypothalamus_1->Thalamus_1
1071	CXCL12	CXCR4	Pyramidal_layer_dentate_gyrus	Thalamus_1	0.3548746772134811		CXCL12|CXCR4|Pyramidal_layer_dentate_gyrus->Thalamus_1
1072	VEGFA	KDR	Thalamus_2	Hippocampus	0.3544565446817459		VEGFA|KDR|Thalamus_2->Hippocampus
1073	VEGFA	KDR	Cortex_1	Cortex_4	0.3541470830642616		VEGFA|KDR|Cortex_1->Cortex_4
1074	WNT5A	FZD7	Lateral_ventricle	Lateral_ventricle	0.35347470683710913		WNT5A|FZD7|Lateral_ventricle->Lateral_ventricle
1075	KITL	KIT	Cortex_2	Thalamus_2	0.3533680579826192		KITL|KIT|Cortex_2->Thalamus_2
1076	KITL	KIT	Cortex_5	Cortex_4	0.3528106908588097		KITL|KIT|Cortex_5->Cortex_4
1077	VEGFA	KDR	Hypothalamus_2	Cortex_3	0.3525628315707978		VEGFA|KDR|Hypothalamus_2->Cortex_3
1078	VEGFA	KDR	Striatum	Cortex_5	0.35238779883314764		VEGFA|KDR|Striatum->Cortex_5
1079	BMP4	BMPR1A	Lateral_ventricle	Fiber_tract	0.352275365779433		BMP4|BMPR1A|Lateral_ventricle->Fiber_tract
1080	DLK1	NOTCH1	Striatum	Hypothalamus_2	0.35224911669699693		DLK1|NOTCH1|Striatum->Hypothalamus_2
1081	VEGFA	KDR	Cortex_3	Thalamus_1	0.3520564234669121		VEGFA|KDR|Cortex_3->Thalamus_1
1082	DLK1	NOTCH1	Hypothalamus_2	Thalamus_2	0.351953644681848		DLK1|NOTCH1|Hypothalamus_2->Thalamus_2
1083	EFNB2	EPHA4	Thalamus_2	Fiber_tract	0.3519468047961065		EFNB2|EPHA4|Thalamus_2->Fiber_tract
1084	BMP4	BMPR1A	Lateral_ventricle	Cortex_2	0.351824747990939		BMP4|BMPR1A|Lateral_ventricle->Cortex_2
1085	CXCL12	CXCR4	Cortex_3	Hippocampus	0.35181714968103595		CXCL12|CXCR4|Cortex_3->Hippocampus
1086	VEGFA	KDR	Lateral_ventricle	Hippocampus	0.35159934982753327		VEGFA|KDR|Lateral_ventricle->Hippocampus
1087	SHH	PTCH1	Hypothalamus_2	Thalamus_1	0.35104832347919546		SHH|PTCH1|Hypothalamus_2->Thalamus_1
1088	VEGFA	KDR	Thalamus_2	Hypothalamus_2	0.35081924496797434		VEGFA|KDR|Thalamus_2->Hypothalamus_2
1089	SHH	PTCH1	Cortex_3	Thalamus_1	0.3506763415573384		SHH|PTCH1|Cortex_3->Thalamus_1
1090	VEGFA	KDR	Cortex_1	Hypothalamus_1	0.35055554086566454		VEGFA|KDR|Cortex_1->Hypothalamus_1
1091	VEGFA	KDR	Hypothalamus_2	Pyramidal_layer	0.3503684805972236		VEGFA|KDR|Hypothalamus_2->Pyramidal_layer
1092	DLK1	NOTCH1	Striatum	Thalamus_1	0.3500127801157371		DLK1|NOTCH1|Striatum->Thalamus_1
1093	SHH	PTCH1	Cortex_1	Thalamus_1	0.3498879728718083		SHH|PTCH1|Cortex_1->Thalamus_1
1094	VEGFA	KDR	Hypothalamus_2	Fiber_tract	0.34974662588459504		VEGFA|KDR|Hypothalamus_2->Fiber_tract
1095	CXCL12	CXCR4	Cortex_4	Hippocampus	0.3493166433672241		CXCL12|CXCR4|Cortex_4->Hippocampus
1096	KITL	KIT	Cortex_1	Cortex_1	0.34909688749573603		KITL|KIT|Cortex_1->Cortex_1
1097	EFNB2	EPHA4	Pyramidal_layer_dentate_gyrus	Fiber_tract	0.34879778606360434		EFNB2|EPHA4|Pyramidal_layer_dentate_gyrus->Fiber_tract
1098	VEGFA	KDR	Thalamus_2	Cortex_1	0.3485523911407261		VEGFA|KDR|Thalamus_2->Cortex_1
1099	VEGFA	KDR	Thalamus_2	Pyramidal_layer_dentate_gyrus	0.3483674307536407		VEGFA|KDR|Thalamus_2->Pyramidal_layer_dentate_gyrus
1100	VEGFA	KDR	Thalamus_1	Cortex_2	0.3480970314249099		VEGFA|KDR|Thalamus_1->Cortex_2
1101	VEGFA	KDR	Lateral_ventricle	Hypothalamus_2	0.3479620501137617		VEGFA|KDR|Lateral_ventricle->Hypothalamus_2
1102	BMP4	BMPR1A	Lateral_ventricle	Thalamus_1	0.347745526194181		BMP4|BMPR1A|Lateral_ventricle->Thalamus_1
1103	CXCL12	CXCR4	Cortex_3	Hypothalamus_1	0.3476731486543355		CXCL12|CXCR4|Cortex_3->Hypothalamus_1
1104	KITL	KIT	Hypothalamus_2	Cortex_5	0.3470433090626238		KITL|KIT|Hypothalamus_2->Cortex_5
1105	SHH	PTCH1	Thalamus_2	Thalamus_1	0.3469116598166083		SHH|PTCH1|Thalamus_2->Thalamus_1
1106	VEGFA	KDR	Cortex_5	Cortex_2	0.3465737028743722		VEGFA|KDR|Cortex_5->Cortex_2
1107	EFNB2	EPHA4	Hippocampus	Hypothalamus_1	0.34653906033478277		EFNB2|EPHA4|Hippocampus->Hypothalamus_1
1108	CXCL12	CXCR4	Cortex_3	Fiber_tract	0.34640558740783717		CXCL12|CXCR4|Cortex_3->Fiber_tract
1109	VEGFA	KDR	Hypothalamus_2	Striatum	0.34640028460575645		VEGFA|KDR|Hypothalamus_2->Striatum
1110	VEGFA	KDR	Lateral_ventricle	Cortex_1	0.34569519628651346		VEGFA|KDR|Lateral_ventricle->Cortex_1
1111	DLK1	NOTCH1	Hypothalamus_2	Hypothalamus_1	0.34560405738821964		DLK1|NOTCH1|Hypothalamus_2->Hypothalamus_1
1112	VEGFA	KDR	Lateral_ventricle	Pyramidal_layer_dentate_gyrus	0.34551023589942803		VEGFA|KDR|Lateral_ventricle->Pyramidal_layer_dentate_gyrus
1113	CXCL12	CXCR4	Cortex_4	Hypothalamus_1	0.3451726423405237		CXCL12|CXCR4|Cortex_4->Hypothalamus_1
1114	KITL	KIT	Pyramidal_layer	Pyramidal_layer	0.3451471516773814	0.57	KITL|KIT|Pyramidal_layer->Pyramidal_layer
1115	CXCL12	CXCR4	Cortex_3	Thalamus_2	0.34473058351829566		CXCL12|CXCR4|Cortex_3->Thalamus_2
1116	CXCL12	CXCR4	Cortex_3	Cortex_5	0.34429491573440735		CXCL12|CXCR4|Cortex_3->Cortex_5
1117	KITL	KIT	Cortex_1	Striatum	0.34426292623221344		KITL|KIT|Cortex_1->Striatum
1118	CXCL12	CXCR4	Cortex_4	Fiber_tract	0.34390508109402534		CXCL12|CXCR4|Cortex_4->Fiber_tract
1119	KITL	KIT	Hippocampus	Pyramidal_layer_dentate_gyrus	0.3438336510698854		KITL|KIT|Hippocampus->Pyramidal_layer_dentate_gyrus
1120	VEGFA	KDR	Cortex_1	Cortex_3	0.3436700361362577		VEGFA|KDR|Cortex_1->Cortex_3
1121	VEGFA	KDR	Thalamus_1	Hippocampus	0.3436166778310209		VEGFA|KDR|Thalamus_1->Hippocampus
1122	DLK1	NOTCH1	Hypothalamus_2	Pyramidal_layer_dentate_gyrus	0.34343429228183		DLK1|NOTCH1|Hypothalamus_2->Pyramidal_layer_dentate_gyrus
1123	SHH	PTCH1	Cortex_4	Thalamus_1	0.34307900908037653		SHH|PTCH1|Cortex_4->Thalamus_1
1124	DLK1	NOTCH1	Hypothalamus_2	Cortex_1	0.34277465364257753		DLK1|NOTCH1|Hypothalamus_2->Cortex_1
1125	KITL	KIT	Pyramidal_layer_dentate_gyrus	Cortex_5	0.34241049309765237		KITL|KIT|Pyramidal_layer_dentate_gyrus->Cortex_5
1126	CXCL12	CXCR4	Cortex_3	Cortex_4	0.3423017010506822		CXCL12|CXCR4|Cortex_3->Cortex_4
1127	VEGFA	KDR	Pyramidal_layer_dentate_gyrus	Lateral_ventricle	0.3422696412068789		VEGFA|KDR|Pyramidal_layer_dentate_gyrus->Lateral_ventricle
1128	CXCL12	CXCR4	Cortex_4	Thalamus_2	0.34223007720448384		CXCL12|CXCR4|Cortex_4->Thalamus_2
1129	CXCL12	CXCR4	Cortex_3	Hypothalamus_2	0.34218019629777774		CXCL12|CXCR4|Cortex_3->Hypothalamus_2
1130	VEGFA	KDR	Cortex_5	Hippocampus	0.34209334928048324		VEGFA|KDR|Cortex_5->Hippocampus
1131	CXCL12	CXCR4	Cortex_4	Cortex_5	0.3417944094205955		CXCL12|CXCR4|Cortex_4->Cortex_5
1132	VEGFA	KDR	Cortex_1	Pyramidal_layer	0.3414756851626834		VEGFA|KDR|Cortex_1->Pyramidal_layer
1133	CXCL12	CXCR4	Cortex_3	Cortex_3	0.34138112783920566		CXCL12|CXCR4|Cortex_3->Cortex_3
1134	CXCL12	CXCR4	Cortex_3	Striatum	0.34128310740733275		CXCL12|CXCR4|Cortex_3->Striatum
1135	DLK1	NOTCH1	Striatum	Striatum	0.3408740058638691		DLK1|NOTCH1|Striatum->Striatum
1136	VEGFA	KDR	Cortex_1	Fiber_tract	0.34085383045005485		VEGFA|KDR|Cortex_1->Fiber_tract
1137	SPP1	CD44	Lateral_ventricle	Lateral_ventricle	0.3406128927355721		SPP1|CD44|Lateral_ventricle->Lateral_ventricle
1138	CXCL12	CXCR4	Cortex_3	Cortex_2	0.3405995754035671		CXCL12|CXCR4|Cortex_3->Cortex_2
1139	CXCL12	CXCR4	Hippocampus	Pyramidal_layer_dentate_gyrus	0.34053767546932406		CXCL12|CXCR4|Hippocampus->Pyramidal_layer_dentate_gyrus
1140	CXCL12	CXCR4	Cortex_3	Pyramidal_layer	0.3401113117577553		CXCL12|CXCR4|Cortex_3->Pyramidal_layer
1141	CXCL12	CXCR4	Cortex_3	Cortex_1	0.3400298718348424		CXCL12|CXCR4|Cortex_3->Cortex_1
1142	VEGFA	KDR	Thalamus_1	Hypothalamus_2	0.3399793781172493		VEGFA|KDR|Thalamus_1->Hypothalamus_2
1143	CXCL12	CXCR4	Cortex_1	Lateral_ventricle	0.33985491549105235		CXCL12|CXCR4|Cortex_1->Lateral_ventricle
1144	CXCL12	CXCR4	Cortex_4	Cortex_4	0.33980119473687037		CXCL12|CXCR4|Cortex_4->Cortex_4
1145	CXCL12	CXCR4	Cortex_4	Hypothalamus_2	0.3396796899839659		CXCL12|CXCR4|Cortex_4->Hypothalamus_2
1146	CXCL12	CXCR4	Cortex_3	Thalamus_1	0.33963645195999		CXCL12|CXCR4|Cortex_3->Thalamus_1
1147	CXCL12	CXCR4	Cortex_4	Cortex_3	0.33888062152539383		CXCL12|CXCR4|Cortex_4->Cortex_3
1148	CXCL12	CXCR4	Cortex_4	Striatum	0.33878260109352093		CXCL12|CXCR4|Cortex_4->Striatum
1149	VEGFA	KDR	Cortex_5	Hypothalamus_2	0.33845604956671166		VEGFA|KDR|Cortex_5->Hypothalamus_2
1150	CXCL12	CXCR4	Cortex_4	Cortex_2	0.3380990690897553		CXCL12|CXCR4|Cortex_4->Cortex_2
1151	VEGFA	KDR	Thalamus_2	Thalamus_2	0.33783825843905413		VEGFA|KDR|Thalamus_2->Thalamus_2
1152	VEGFA	KDR	Thalamus_1	Cortex_1	0.33771252429000115		VEGFA|KDR|Thalamus_1->Cortex_1
1153	VEGFA	KDR	Striatum	Thalamus_1	0.3376578472878768		VEGFA|KDR|Striatum->Thalamus_1
1154	FGF10	FGFR2	Cortex_4	Thalamus_1	0.33761421582479584		FGF10|FGFR2|Cortex_4->Thalamus_1
1155	CXCL12	CXCR4	Cortex_4	Pyramidal_layer	0.33761080544394345		CXCL12|CXCR4|Cortex_4->Pyramidal_layer
1156	CXCL12	CXCR4	Cortex_4	Cortex_1	0.3375293655210306		CXCL12|CXCR4|Cortex_4->Cortex_1
1157	VEGFA	KDR	Thalamus_1	Pyramidal_layer_dentate_gyrus	0.3375275639029157		VEGFA|KDR|Thalamus_1->Pyramidal_layer_dentate_gyrus
1158	VEGFA	KDR	Cortex_1	Striatum	0.33750748917121626		VEGFA|KDR|Cortex_1->Striatum
1159	CXCL12	CXCR4	Cortex_4	Thalamus_1	0.33713594564617816		CXCL12|CXCR4|Cortex_4->Thalamus_1
1160	KITL	KIT	Striatum	Cortex_5	0.3370166374708784		KITL|KIT|Striatum->Cortex_5
1161	VEGFA	KDR	Pyramidal_layer_dentate_gyrus	Cortex_5	0.33685899045483136		VEGFA|KDR|Pyramidal_layer_dentate_gyrus->Cortex_5
1162	DLK1	NOTCH1	Striatum	Hippocampus	0.33683629143134886		DLK1|NOTCH1|Striatum->Hippocampus
1163	SHH	PTCH1	Cortex_2	Thalamus_1	0.33668121420163466		SHH|PTCH1|Cortex_2->Thalamus_1
1164	VEGFA	KDR	Cortex_5	Cortex_1	0.3361891957394635		VEGFA|KDR|Cortex_5->Cortex_1
1165	VEGFA	KDR	Cortex_5	Pyramidal_layer_dentate_gyrus	0.33600423535237806		VEGFA|KDR|Cortex_5->Pyramidal_layer_dentate_gyrus
1166	EFNB2	EPHA4	Fiber_tract	Fiber_tract	0.33589300209969547		EFNB2|EPHA4|Fiber_tract->Fiber_tract
1167	VEGFA	KDR	Cortex_2	Cortex_2	0.33567495203435654		VEGFA|KDR|Cortex_2->Cortex_2
1168	KITL	KIT	Cortex_3	Cortex_4	0.33508636432438077		KITL|KIT|Cortex_3->Cortex_4
1169	BMP4	BMPR1A	Fiber_tract	Pyramidal_layer	0.3350238481413273		BMP4|BMPR1A|Fiber_tract->Pyramidal_layer
1170	VEGFA	KDR	Thalamus_2	Cortex_4	0.33501360544601716		VEGFA|KDR|Thalamus_2->Cortex_4
1171	VEGFA	KDR	Lateral_ventricle	Thalamus_2	0.3349810635848415		VEGFA|KDR|Lateral_ventricle->Thalamus_2
1172	SHH	PTCH1	Fiber_tract	Thalamus_1	0.3341048019457716		SHH|PTCH1|Fiber_tract->Thalamus_1
1173	CXCL12	CXCR4	Hippocampus	Hippocampus	0.33372518004060864		CXCL12|CXCR4|Hippocampus->Hippocampus
1174	SHH	PTCH1	Cortex_5	Thalamus_1	0.33347126273407635		SHH|PTCH1|Cortex_5->Thalamus_1
1175	DLK1	NOTCH1	Hypothalamus_2	Cortex_4	0.33340593136255403		DLK1|NOTCH1|Hypothalamus_2->Cortex_4
1176	BMP4	BMPR1A	Fiber_tract	Cortex_5	0.3332227474900032		BMP4|BMPR1A|Fiber_tract->Cortex_5
1177	EFNB2	EPHA4	Hypothalamus_2	Fiber_tract	0.33283481028921724		EFNB2|EPHA4|Hypothalamus_2->Fiber_tract
1178	VEGFA	KDR	Hypothalamus_1	Cortex_2	0.3325142291555974		VEGFA|KDR|Hypothalamus_1->Cortex_2
1179	SHH	PTCH1	Pyramidal_layer	Thalamus_1	0.33237208253905365		SHH|PTCH1|Pyramidal_layer->Thalamus_1
1180	VEGFA	KDR	Lateral_ventricle	Cortex_4	0.3321564105918045		VEGFA|KDR|Lateral_ventricle->Cortex_4
1181	DLK1	NOTCH1	Striatum	Cortex_2	0.3319648171782551		DLK1|NOTCH1|Striatum->Cortex_2
1182	VEGFA	KDR	Thalamus_2	Hypothalamus_1	0.3314220632474201		VEGFA|KDR|Thalamus_2->Hypothalamus_1
1183	VEGFA	KDR	Cortex_4	Cortex_2	0.3312702438643555		VEGFA|KDR|Cortex_4->Cortex_2
1184	VEGFA	KDR	Cortex_2	Hippocampus	0.33119459844046756		VEGFA|KDR|Cortex_2->Hippocampus
1185	KITL	KIT	Cortex_5	Cortex_3	0.3310106180613953		KITL|KIT|Cortex_5->Cortex_3
1186	CXCL12	CXCR4	Hippocampus	Hypothalamus_1	0.3295811790139082		CXCL12|CXCR4|Hippocampus->Hypothalamus_1
1187	BMP4	BMPR1A	Fiber_tract	Hypothalamus_1	0.32956661385217134		BMP4|BMPR1A|Fiber_tract->Hypothalamus_1
1188	SHH	PTCH1	Hippocampus	Thalamus_1	0.32936151897708515		SHH|PTCH1|Hippocampus->Thalamus_1
1189	BMP4	BMPR1A	Fiber_tract	Thalamus_2	0.3293473463337923		BMP4|BMPR1A|Fiber_tract->Thalamus_2
1190	DLK1	NOTCH1	Lateral_ventricle	Cortex_5	0.32922616349832295		DLK1|NOTCH1|Lateral_ventricle->Cortex_5
1191	BMP4	BMPR1A	Lateral_ventricle	Cortex_3	0.329161504923041		BMP4|BMPR1A|Lateral_ventricle->Cortex_3
1192	BMP4	BMPR1A	Fiber_tract	Striatum	0.3288759966468968		BMP4|BMPR1A|Fiber_tract->Striatum
1193	DLK1	NOTCH1	Hypothalamus_2	Cortex_3	0.3288627052664735		DLK1|NOTCH1|Hypothalamus_2->Cortex_3
1194	EFNB2	EPHA4	Hippocampus	Lateral_ventricle	0.3287371557690155		EFNB2|EPHA4|Hippocampus->Lateral_ventricle
1195	VEGFA	KDR	Lateral_ventricle	Hypothalamus_1	0.3285648683932074		VEGFA|KDR|Lateral_ventricle->Hypothalamus_1
1196	CXCL12	CXCR4	Hippocampus	Fiber_tract	0.32831361776740986		CXCL12|CXCR4|Hippocampus->Fiber_tract
1197	SHH	PTCH1	Thalamus_1	Hypothalamus_2	0.3282839111479172		SHH|PTCH1|Thalamus_1->Hypothalamus_2
1198	SHH	PTCH1	Lateral_ventricle	Thalamus_1	0.3282049442861142		SHH|PTCH1|Lateral_ventricle->Thalamus_1
1199	VEGFA	KDR	Hypothalamus_1	Hippocampus	0.3280338755617085		VEGFA|KDR|Hypothalamus_1->Hippocampus
1200	VEGFA	KDR	Cortex_2	Hypothalamus_2	0.327557298726696		VEGFA|KDR|Cortex_2->Hypothalamus_2
1201	VEGFA	KDR	Thalamus_1	Thalamus_2	0.3269983915883291		VEGFA|KDR|Thalamus_1->Thalamus_2
1202	VEGFA	KDR	Cortex_4	Hippocampus	0.32678989027046657		VEGFA|KDR|Cortex_4->Hippocampus
1203	BMP4	BMPR1A	Lateral_ventricle	Cortex_4	0.3267601469200663		BMP4|BMPR1A|Lateral_ventricle->Cortex_4
1204	CXCL12	CXCR4	Hippocampus	Thalamus_2	0.32663861387786836		CXCL12|CXCR4|Hippocampus->Thalamus_2
1205	DLK1	NOTCH1	Thalamus_2	Lateral_ventricle	0.3266220519629618		DLK1|NOTCH1|Thalamus_2->Lateral_ventricle
1206	CXCL12	CXCR4	Hippocampus	Cortex_5	0.32620294609398004		CXCL12|CXCR4|Hippocampus->Cortex_5
1207	FGF10	FGFR2	Hippocampus	Thalamus_1	0.3261359006249782		FGF10|FGFR2|Hippocampus->Thalamus_1
1208	VEGFA	KDR	Cortex_5	Thalamus_2	0.32547506303779145		VEGFA|KDR|Cortex_5->Thalamus_2
1209	VEGFA	KDR	Cortex_3	Cortex_2	0.32545796337509486		VEGFA|KDR|Cortex_3->Cortex_2
1210	VEGFA	KDR	Cortex_2	Cortex_1	0.3252904448994478		VEGFA|KDR|Cortex_2->Cortex_1
1211	VEGFA	KDR	Cortex_2	Pyramidal_layer_dentate_gyrus	0.3251054845123624		VEGFA|KDR|Cortex_2->Pyramidal_layer_dentate_gyrus
1212	EFNB2	EPHA4	Thalamus_2	Hypothalamus_1	0.32501870236144614		EFNB2|EPHA4|Thalamus_2->Hypothalamus_1
1213	VEGFA	KDR	Thalamus_2	Cortex_3	0.3245365585180132		VEGFA|KDR|Thalamus_2->Cortex_3
1214	VEGFA	KDR	Hypothalamus_1	Hypothalamus_2	0.3243965758479369		VEGFA|KDR|Hypothalamus_1->Hypothalamus_2
1215	KITL	KIT	Cortex_1	Hypothalamus_1	0.3243193975453016		KITL|KIT|Cortex_1->Hypothalamus_1
1216	CXCL12	CXCR4	Hippocampus	Cortex_4	0.3242097314102549		CXCL12|CXCR4|Hippocampus->Cortex_4
1217	VEGFA	KDR	Thalamus_1	Cortex_4	0.32417373859529214		VEGFA|KDR|Thalamus_1->Cortex_4
1218	CXCL12	CXCR4	Hippocampus	Hypothalamus_2	0.32408822665735043		CXCL12|CXCR4|Hippocampus->Hypothalamus_2
1219	FGF10	FGFR2	Cortex_1	Thalamus_1	0.3237144768850807		FGF10|FGFR2|Cortex_1->Thalamus_1
1220	KITL	KIT	Fiber_tract	Pyramidal_layer_dentate_gyrus	0.3235504029455407		KITL|KIT|Fiber_tract->Pyramidal_layer_dentate_gyrus
1221	CXCL12	CXCR4	Cortex_1	Pyramidal_layer_dentate_gyrus	0.32354936895964553		CXCL12|CXCR4|Cortex_1->Pyramidal_layer_dentate_gyrus
1222	FGF10	FGFR2	Cortex_2	Thalamus_1	0.32333319538663496		FGF10|FGFR2|Cortex_2->Thalamus_1
1223	CXCL12	CXCR4	Hippocampus	Cortex_3	0.32328915819877835		CXCL12|CXCR4|Hippocampus->Cortex_3
1224	CXCL12	CXCR4	Hippocampus	Striatum	0.32319113776690545		CXCL12|CXCR4|Hippocampus->Striatum
1225	VEGFA	KDR	Cortex_4	Hypothalamus_2	0.323152590556695		VEGFA|KDR|Cortex_4->Hypothalamus_2
1226	SHH	PTCH1	Striatum	Hypothalamus_2	0.3230757428087575		SHH|PTCH1|Striatum->Hypothalamus_2
1227	VEGFA	KDR	Cortex_5	Cortex_4	0.3226504100447545		VEGFA|KDR|Cortex_5->Cortex_4
1228	CXCL12	CXCR4	Hippocampus	Cortex_2	0.3225076057631398		CXCL12|CXCR4|Hippocampus->Cortex_2
1229	VEGFA	KDR	Hippocampus	Lateral_ventricle	0.32242373063911034		VEGFA|KDR|Hippocampus->Lateral_ventricle
1230	VEGFA	KDR	Thalamus_2	Pyramidal_layer	0.32234220754443893		VEGFA|KDR|Thalamus_2->Pyramidal_layer
1231	VEGFA	KDR	Hypothalamus_1	Cortex_1	0.3221297220206887		VEGFA|KDR|Hypothalamus_1->Cortex_1
1232	VEGFA	KDR	Pyramidal_layer_dentate_gyrus	Thalamus_1	0.32212903890956057		VEGFA|KDR|Pyramidal_layer_dentate_gyrus->Thalamus_1
1233	CXCL12	CXCR4	Hippocampus	Pyramidal_layer	0.32201934211732797		CXCL12|CXCR4|Hippocampus->Pyramidal_layer
1234	VEGFA	KDR	Hypothalamus_1	Pyramidal_layer_dentate_gyrus	0.32194476163360325		VEGFA|KDR|Hypothalamus_1->Pyramidal_layer_dentate_gyrus
1235	CXCL12	CXCR4	Hippocampus	Cortex_1	0.3219379021944151		CXCL12|CXCR4|Hippocampus->Cortex_1
1236	EFNB2	EPHA4	Pyramidal_layer_dentate_gyrus	Hypothalamus_1	0.32186968362894397		EFNB2|EPHA4|Pyramidal_layer_dentate_gyrus->Hypothalamus_1
1237	KITL	KIT	Lateral_ventricle	Cortex_5	0.32183889270752897		KITL|KIT|Lateral_ventricle->Cortex_5
1238	VEGFA	KDR	Fiber_tract	Lateral_ventricle	0.32172858449938524		VEGFA|KDR|Fiber_tract->Lateral_ventricle
1239	VEGFA	KDR	Thalamus_2	Fiber_tract	0.3217203528318104		VEGFA|KDR|Thalamus_2->Fiber_tract
1240	VEGFA	KDR	Lateral_ventricle	Cortex_3	0.32167936366380057		VEGFA|KDR|Lateral_ventricle->Cortex_3
1241	CXCL12	CXCR4	Thalamus_1	Lateral_ventricle	0.32156285019474207		CXCL12|CXCR4|Thalamus_1->Lateral_ventricle
1242	CXCL12	CXCR4	Hippocampus	Thalamus_1	0.3215444823195627		CXCL12|CXCR4|Hippocampus->Thalamus_1
1243	FGF10	FGFR2	Hypothalamus_1	Thalamus_1	0.3214667369113373		FGF10|FGFR2|Hypothalamus_1->Thalamus_1
1244	VEGFA	KDR	Cortex_3	Hippocampus	0.32097760978120593		VEGFA|KDR|Cortex_3->Hippocampus
1245	VEGFA	KDR	Cortex_4	Cortex_1	0.32088573672944676		VEGFA|KDR|Cortex_4->Cortex_1
1246	VEGFA	KDR	Cortex_4	Pyramidal_layer_dentate_gyrus	0.3207007763423613		VEGFA|KDR|Cortex_4->Pyramidal_layer_dentate_gyrus
1247	VEGFA	KDR	Thalamus_1	Hypothalamus_1	0.3205821963966951		VEGFA|KDR|Thalamus_1->Hypothalamus_1
1248	BMP4	BMPR1A	Cortex_5	Pyramidal_layer	0.3205783993938106		BMP4|BMPR1A|Cortex_5->Pyramidal_layer
1249	SHH	PTCH1	Hypothalamus_1	Hypothalamus_2	0.32035366868510834		SHH|PTCH1|Hypothalamus_1->Hypothalamus_2
1250	FGF10	FGFR2	Pyramidal_layer	Hippocampus	0.31992242980072394		FGF10|FGFR2|Pyramidal_layer->Hippocampus
1251	NRG1	ERBB4	Hypothalamus_2	Striatum	0.3198969128957995		NRG1|ERBB4|Hypothalamus_2->Striatum
1252	VEGFA	KDR	Lateral_ventricle	Pyramidal_layer	0.3194850126902263		VEGFA|KDR|Lateral_ventricle->Pyramidal_layer
1253	VEGFA	KDR	Cortex_5	Hypothalamus_1	0.31905886784615745		VEGFA|KDR|Cortex_5->Hypothalamus_1
1254	VEGFA	KDR	Lateral_ventricle	Fiber_tract	0.31886315797759773		VEGFA|KDR|Lateral_ventricle->Fiber_tract
1255	DLK1	NOTCH1	Striatum	Thalamus_2	0.31883848278807614		DLK1|NOTCH1|Striatum->Thalamus_2
1256	BMP4	BMPR1A	Cortex_5	Cortex_5	0.3187772987424865		BMP4|BMPR1A|Cortex_5->Cortex_5
1257	KITL	KIT	Hypothalamus_2	Cortex_4	0.31873089261933707		KITL|KIT|Hypothalamus_2->Cortex_4
1258	VEGFA	KDR	Thalamus_2	Striatum	0.3183740115529718		VEGFA|KDR|Thalamus_2->Striatum
1259	EFNB2	EPHA4	Thalamus_1	Fiber_tract	0.31809956546018614		EFNB2|EPHA4|Thalamus_1->Fiber_tract
1260	FGF10	FGFR2	Striatum	Thalamus_1	0.31792203844574246		FGF10|FGFR2|Striatum->Thalamus_1
1261	VEGFA	KDR	Cortex_3	Hypothalamus_2	0.31734031006743435		VEGFA|KDR|Cortex_3->Hypothalamus_2
1262	DLK1	NOTCH1	Hypothalamus_2	Pyramidal_layer	0.31721947194639605		DLK1|NOTCH1|Hypothalamus_2->Pyramidal_layer
1263	FGF10	FGFR2	Pyramidal_layer_dentate_gyrus	Hippocampus	0.31712291470744114		FGF10|FGFR2|Pyramidal_layer_dentate_gyrus->Hippocampus
1264	VEGFA	KDR	Hippocampus	Cortex_5	0.31701307988706284		VEGFA|KDR|Hippocampus->Cortex_5
1265	BMP4	BMPR1A	Fiber_tract	Pyramidal_layer_dentate_gyrus	0.31684810730285906		BMP4|BMPR1A|Fiber_tract->Pyramidal_layer_dentate_gyrus
1266	NRG1	ERBB4	Cortex_3	Striatum	0.31675668959750836		NRG1|ERBB4|Cortex_3->Striatum
1267	CXCL12	CXCR4	Cortex_1	Hippocampus	0.3167368735309301		CXCL12|CXCR4|Cortex_1->Hippocampus
1268	KITL	KIT	Hypothalamus_1	Pyramidal_layer_dentate_gyrus	0.3164094846055114		KITL|KIT|Hypothalamus_1->Pyramidal_layer_dentate_gyrus
1269	VEGFA	KDR	Fiber_tract	Cortex_5	0.31631793374733774		VEGFA|KDR|Fiber_tract->Cortex_5
1270	SHH	PTCH1	Hypothalamus_2	Hypothalamus_2	0.3162412014894916		SHH|PTCH1|Hypothalamus_2->Hypothalamus_2
1271	BMP4	BMPR1A	Fiber_tract	Hypothalamus_2	0.31596950594933415		BMP4|BMPR1A|Fiber_tract->Hypothalamus_2
1272	PDGFA	PDGFRA	Hippocampus	Pyramidal_layer	0.3158924332897789		PDGFA|PDGFRA|Hippocampus->Pyramidal_layer
1273	SHH	PTCH1	Cortex_3	Hypothalamus_2	0.31586921956763453		SHH|PTCH1|Cortex_3->Hypothalamus_2
1274	BMP4	BMPR1A	Lateral_ventricle	Hippocampus	0.3158377648167015		BMP4|BMPR1A|Lateral_ventricle->Hippocampus
1275	BMP4	BMPR1A	Lateral_ventricle	Cortex_1	0.3158012087136447		BMP4|BMPR1A|Lateral_ventricle->Cortex_1
1276	VEGFA	KDR	Lateral_ventricle	Striatum	0.31551681669875914		VEGFA|KDR|Lateral_ventricle->Striatum
1277	BMP4	BMPR1A	Cortex_5	Hypothalamus_1	0.3151211651046547		BMP4|BMPR1A|Cortex_5->Hypothalamus_1
1278	SHH	PTCH1	Cortex_1	Hypothalamus_2	0.3150808508821044		SHH|PTCH1|Cortex_1->Hypothalamus_2
1279	VEGFA	KDR	Cortex_3	Cortex_1	0.3150734562401861		VEGFA|KDR|Cortex_3->Cortex_1
1280	BMP4	BMPR1A	Cortex_5	Thalamus_2	0.3149018975862756		BMP4|BMPR1A|Cortex_5->Thalamus_2
1281	VEGFA	KDR	Cortex_3	Pyramidal_layer_dentate_gyrus	0.3148884958531007		VEGFA|KDR|Cortex_3->Pyramidal_layer_dentate_gyrus
1282	VEGFA	KDR	Cortex_2	Thalamus_2	0.31457631219777576		VEGFA|KDR|Cortex_2->Thalamus_2
1283	FGF10	FGFR2	Lateral_ventricle	Thalamus_1	0.31444463629049224		FGF10|FGFR2|Lateral_ventricle->Thalamus_1
1284	BMP4	BMPR1A	Cortex_5	Striatum	0.3144305478993802		BMP4|BMPR1A|Cortex_5->Striatum
1285	KITL	KIT	Pyramidal_layer_dentate_gyrus	Cortex_4	0.3140980766543656		KITL|KIT|Pyramidal_layer_dentate_gyrus->Cortex_4
1286	VEGFA	KDR	Thalamus_1	Cortex_3	0.3136966916672882		VEGFA|KDR|Thalamus_1->Cortex_3
1287	KITL	KIT	Cortex_3	Cortex_3	0.3132862915269664		KITL|KIT|Cortex_3->Cortex_3
1288	DLK1	NOTCH1	Thalamus_2	Fiber_tract	0.31310385066032365		DLK1|NOTCH1|Thalamus_2->Fiber_tract
1289	SPP1	CD44	Lateral_ventricle	Thalamus_1	0.31285539655393113		SPP1|CD44|Lateral_ventricle->Thalamus_1
1290	FGF10	FGFR2	Cortex_5	Thalamus_1	0.3126842990354305		FGF10|FGFR2|Cortex_5->Thalamus_1
1291	CXCL12	CXCR4	Cortex_1	Hypothalamus_1	0.3125928725042297		CXCL12|CXCR4|Cortex_1->Hypothalamus_1
1292	DLK1	NOTCH1	Striatum	Hypothalamus_1	0.3124888954944478		DLK1|NOTCH1|Striatum->Hypothalamus_1
1293	VEGFA	KDR	Cortex_5	Cortex_3	0.31217336311675054		VEGFA|KDR|Cortex_5->Cortex_3
1294	SHH	PTCH1	Thalamus_2	Hypothalamus_2	0.31210453782690445		SHH|PTCH1|Thalamus_2->Hypothalamus_2
1295	VEGFA	KDR	Cortex_2	Cortex_4	0.3117516592047388		VEGFA|KDR|Cortex_2->Cortex_4
1296	VEGFA	KDR	Thalamus_1	Pyramidal_layer	0.3115023406937139		VEGFA|KDR|Thalamus_1->Pyramidal_layer
1297	VEGFA	KDR	Hypothalamus_1	Thalamus_2	0.3114155893190167		VEGFA|KDR|Hypothalamus_1->Thalamus_2
1298	CXCL12	CXCR4	Cortex_1	Fiber_tract	0.31132531125773133		CXCL12|CXCR4|Cortex_1->Fiber_tract
1299	VEGFA	KDR	Striatum	Cortex_2	0.3110593871960595		VEGFA|KDR|Striatum->Cortex_2
1300	VEGFA	KDR	Thalamus_1	Fiber_tract	0.3108804859810854		VEGFA|KDR|Thalamus_1->Fiber_tract
1301	NRG1	ERBB4	Cortex_5	Striatum	0.31070524709151137		NRG1|ERBB4|Cortex_5->Striatum
1302	DLK1	NOTCH1	Striatum	Pyramidal_layer_dentate_gyrus	0.3103191303880581		DLK1|NOTCH1|Striatum->Pyramidal_layer_dentate_gyrus
1303	VEGFA	KDR	Cortex_4	Thalamus_2	0.31017160402777477		VEGFA|KDR|Cortex_4->Thalamus_2
1304	VEGFA	KDR	Cortex_5	Pyramidal_layer	0.30997901214317625		VEGFA|KDR|Cortex_5->Pyramidal_layer
1305	SPP1	CD44	Lateral_ventricle	Fiber_tract	0.30967485941616835		SPP1|CD44|Lateral_ventricle->Fiber_tract
1306	DLK1	NOTCH1	Striatum	Cortex_1	0.30965949174880564		DLK1|NOTCH1|Striatum->Cortex_1
1307	CXCL12	CXCR4	Cortex_1	Thalamus_2	0.3096503073681898		CXCL12|CXCR4|Cortex_1->Thalamus_2
1308	CXCL12	CXCR4	Fiber_tract	Lateral_ventricle	0.30959950589802115		CXCL12|CXCR4|Fiber_tract->Lateral_ventricle
1309	FGF10	FGFR2	Hypothalamus_2	Thalamus_1	0.30942682313914943		FGF10|FGFR2|Hypothalamus_2->Thalamus_1
1310	VEGFA	KDR	Cortex_5	Fiber_tract	0.3093571574305477		VEGFA|KDR|Cortex_5->Fiber_tract
1311	CXCL12	CXCR4	Cortex_1	Cortex_5	0.3092146395843015		CXCL12|CXCR4|Cortex_1->Cortex_5
1312	KITL	KIT	Cortex_5	Lateral_ventricle	0.3091404454949686		KITL|KIT|Cortex_5->Lateral_ventricle
1313	EFNB2	EPHA4	Fiber_tract	Hypothalamus_1	0.3089648996650351		EFNB2|EPHA4|Fiber_tract->Hypothalamus_1
1314	KITL	KIT	Hippocampus	Cortex_5	0.3087640844149683		KITL|KIT|Hippocampus->Cortex_5
1315	KITL	KIT	Striatum	Cortex_4	0.30870422102759165		KITL|KIT|Striatum->Cortex_4
1316	NRG1	ERBB4	Cortex_1	Striatum	0.30862722415067234		NRG1|ERBB4|Cortex_1->Striatum
1317	SPP1	CD44	Lateral_ventricle	Pyramidal_layer_dentate_gyrus	0.308617760766955		SPP1|CD44|Lateral_ventricle->Pyramidal_layer_dentate_gyrus
1318	VEGFA	KDR	Hypothalamus_1	Cortex_4	0.3085909363259797		VEGFA|KDR|Hypothalamus_1->Cortex_4
1319	SHH	PTCH1	Cortex_4	Hypothalamus_2	0.30827188709067266		SHH|PTCH1|Cortex_4->Hypothalamus_2
1320	VEGFA	KDR	Cortex_2	Hypothalamus_1	0.30816011700614176		VEGFA|KDR|Cortex_2->Hypothalamus_1
1321	VEGFA	KDR	Thalamus_1	Striatum	0.30753414470224677		VEGFA|KDR|Thalamus_1->Striatum
1322	VEGFA	KDR	Cortex_4	Cortex_4	0.3073469510347378		VEGFA|KDR|Cortex_4->Cortex_4
1323	CXCL12	CXCR4	Cortex_1	Cortex_4	0.30722142490057636		CXCL12|CXCR4|Cortex_1->Cortex_4
1324	EFNB2	EPHA4	Thalamus_2	Lateral_ventricle	0.3072167977956789		EFNB2|EPHA4|Thalamus_2->Lateral_ventricle
1325	CXCL12	CXCR4	Cortex_1	Hypothalamus_2	0.3070999201476719		CXCL12|CXCR4|Cortex_1->Hypothalamus_2
1326	SHH	PTCH1	Thalamus_1	Striatum	0.30689512659682866		SHH|PTCH1|Thalamus_1->Striatum
1327	VEGFA	KDR	Striatum	Hippocampus	0.30657903360217054		VEGFA|KDR|Striatum->Hippocampus
1328	SPP1	CD44	Lateral_ventricle	Cortex_3	0.3064649653727891		SPP1|CD44|Lateral_ventricle->Cortex_3
1329	FGF10	FGFR2	Thalamus_2	Thalamus_1	0.30634911404119736		FGF10|FGFR2|Thalamus_2->Thalamus_1
1330	CXCL12	CXCR4	Cortex_1	Cortex_3	0.3063008516890998		CXCL12|CXCR4|Cortex_1->Cortex_3
1331	CXCL12	CXCR4	Cortex_1	Striatum	0.3062028312572269		CXCL12|CXCR4|Cortex_1->Striatum
1332	NRG1	ERBB4	Hypothalamus_1	Striatum	0.3061568189928352		NRG1|ERBB4|Hypothalamus_1->Striatum
1333	VEGFA	KDR	Cortex_5	Striatum	0.3060108161517091		VEGFA|KDR|Cortex_5->Striatum
1334	EFNB2	EPHA4	Hypothalamus_2	Hypothalamus_1	0.30590670785455687		EFNB2|EPHA4|Hypothalamus_2->Hypothalamus_1
1335	CXCL12	CXCR4	Cortex_1	Cortex_2	0.3055192992534613		CXCL12|CXCR4|Cortex_1->Cortex_2
1336	CXCL12	CXCR4	Thalamus_1	Pyramidal_layer_dentate_gyrus	0.30525730366333526		CXCL12|CXCR4|Thalamus_1->Pyramidal_layer_dentate_gyrus
1337	CXCL12	CXCR4	Cortex_1	Pyramidal_layer	0.30503103560764944		CXCL12|CXCR4|Cortex_1->Pyramidal_layer
1338	VEGFA	KDR	Hypothalamus_1	Hypothalamus_1	0.30499939412738264		VEGFA|KDR|Hypothalamus_1->Hypothalamus_1
1339	CXCL12	CXCR4	Cortex_1	Cortex_1	0.30494959568473656		CXCL12|CXCR4|Cortex_1->Cortex_1
1340	FGF10	FGFR2	Thalamus_1	Thalamus_1	0.3049047533351342		FGF10|FGFR2|Thalamus_1->Thalamus_1
1341	KITL	KIT	Cortex_5	Cortex_2	0.3048412192408267		KITL|KIT|Cortex_5->Cortex_2
1342	CXCL12	CXCR4	Cortex_1	Thalamus_1	0.30455617580988414		CXCL12|CXCR4|Cortex_1->Thalamus_1
1343	VEGFA	KDR	Cortex_3	Thalamus_2	0.30435932353851414		VEGFA|KDR|Cortex_3->Thalamus_2
1344	CXCL12	CXCR4	Hypothalamus_2	Lateral_ventricle	0.3041384388405578		CXCL12|CXCR4|Hypothalamus_2->Lateral_ventricle
1345	EFNB2	EPHA4	Pyramidal_layer_dentate_gyrus	Lateral_ventricle	0.3040677790631767		EFNB2|EPHA4|Pyramidal_layer_dentate_gyrus->Lateral_ventricle
1346	VEGFA	KDR	Cortex_4	Hypothalamus_1	0.3037554088361407		VEGFA|KDR|Cortex_4->Hypothalamus_1
1347	DLK1	NOTCH1	Lateral_ventricle	Hypothalamus_2	0.3035015537550575		DLK1|NOTCH1|Lateral_ventricle->Hypothalamus_2
1348	KITL	KIT	Cortex_5	Hippocampus	0.3033805157549846		KITL|KIT|Cortex_5->Hippocampus
1349	KITL	KIT	Cortex_1	Fiber_tract	0.3030723193587247		KITL|KIT|Cortex_1->Fiber_tract
1350	KITL	KIT	Cortex_1	Hypothalamus_2	0.3030485736142462		KITL|KIT|Cortex_1->Hypothalamus_2
1351	VEGFA	KDR	Striatum	Hypothalamus_2	0.30294173388839896		VEGFA|KDR|Striatum->Hypothalamus_2
1352	VEGFA	KDR	Pyramidal_layer	Lateral_ventricle	0.3026340840473062		VEGFA|KDR|Pyramidal_layer->Lateral_ventricle
1353	BMP4	BMPR1A	Cortex_5	Pyramidal_layer_dentate_gyrus	0.30240265855534243		BMP4|BMPR1A|Cortex_5->Pyramidal_layer_dentate_gyrus
1354	VEGFA	KDR	Hippocampus	Thalamus_1	0.30228312834179205		VEGFA|KDR|Hippocampus->Thalamus_1
1355	SHH	PTCH1	Cortex_2	Hypothalamus_2	0.3018740922119308		SHH|PTCH1|Cortex_2->Hypothalamus_2
1356	SPP1	CD44	Lateral_ventricle	Cortex_5	0.3018210884212524		SPP1|CD44|Lateral_ventricle->Cortex_5
1357	SHH	PTCH1	Striatum	Striatum	0.30168695825766895		SHH|PTCH1|Striatum->Striatum
1358	VEGFA	KDR	Fiber_tract	Thalamus_1	0.30158798220206695		VEGFA|KDR|Fiber_tract->Thalamus_1
1359	VEGFA	KDR	Cortex_3	Cortex_4	0.30153467054547717		VEGFA|KDR|Cortex_3->Cortex_4
1360	BMP4	BMPR1A	Cortex_5	Hypothalamus_2	0.3015240572018175		BMP4|BMPR1A|Cortex_5->Hypothalamus_2
1361	BMP4	BMPR1A	Cortex_3	Pyramidal_layer	0.30133415944147257		BMP4|BMPR1A|Cortex_3->Pyramidal_layer
1362	VEGFA	KDR	Cortex_2	Cortex_3	0.30127461227673485		VEGFA|KDR|Cortex_2->Cortex_3
1363	DLK1	NOTCH1	Lateral_ventricle	Thalamus_1	0.3012652171737977		DLK1|NOTCH1|Lateral_ventricle->Thalamus_1
1364	VEGFA	KDR	Striatum	Cortex_1	0.3006748800611508		VEGFA|KDR|Striatum->Cortex_1
1365	VEGFA	KDR	Striatum	Pyramidal_layer_dentate_gyrus	0.30048991967406535		VEGFA|KDR|Striatum->Pyramidal_layer_dentate_gyrus
1366	DLK1	NOTCH1	Striatum	Cortex_4	0.30029076946878214		DLK1|NOTCH1|Striatum->Cortex_4
1367	BMP4	BMPR1A	Cortex_3	Cortex_5	0.29953305879014847		BMP4|BMPR1A|Cortex_3->Cortex_5
1368	KITL	KIT	Pyramidal_layer	Pyramidal_layer_dentate_gyrus	0.2993133589312309	0.91	KITL|KIT|Pyramidal_layer->Pyramidal_layer_dentate_gyrus
1369	SHH	PTCH1	Fiber_tract	Hypothalamus_2	0.2992976799560677		SHH|PTCH1|Fiber_tract->Hypothalamus_2
1370	PDGFA	PDGFRA	Pyramidal_layer	Pyramidal_layer	0.2992169647699311	1.0	PDGFA|PDGFRA|Pyramidal_layer->Pyramidal_layer
1371	VEGFA	KDR	Cortex_2	Pyramidal_layer	0.29908026130316057		VEGFA|KDR|Cortex_2->Pyramidal_layer
1372	SHH	PTCH1	Hypothalamus_1	Striatum	0.2989648841340198		SHH|PTCH1|Hypothalamus_1->Striatum
1373	SHH	PTCH1	Cortex_5	Hypothalamus_2	0.2986641407443724		SHH|PTCH1|Cortex_5->Hypothalamus_2
1374	VEGFA	KDR	Cortex_2	Fiber_tract	0.298458406590532		VEGFA|KDR|Cortex_2->Fiber_tract
1375	CXCL12	CXCR4	Thalamus_1	Hippocampus	0.29844480823461983		CXCL12|CXCR4|Thalamus_1->Hippocampus
1376	VEGFA	KDR	Hypothalamus_1	Cortex_3	0.2981138893979758		VEGFA|KDR|Hypothalamus_1->Cortex_3
1377	SPP1	CD44	Lateral_ventricle	Cortex_1	0.2980974906032354		SPP1|CD44|Lateral_ventricle->Cortex_1
1378	NRG1	ERBB4	Hypothalamus_2	Cortex_1	0.2980233555552939		NRG1|ERBB4|Hypothalamus_2->Cortex_1
1379	VEGFA	KDR	Cortex_3	Hypothalamus_1	0.2979431283468801		VEGFA|KDR|Cortex_3->Hypothalamus_1
1380	NRG1	ERBB4	Cortex_4	Striatum	0.2979350549295229		NRG1|ERBB4|Cortex_4->Striatum
1381	SHH	PTCH1	Pyramidal_layer	Hypothalamus_2	0.2975649605493498		SHH|PTCH1|Pyramidal_layer->Hypothalamus_2
1382	BMP4	BMPR1A	Striatum	Pyramidal_layer	0.29744231013927247		BMP4|BMPR1A|Striatum->Pyramidal_layer
1383	VEGFA	KDR	Pyramidal_layer	Cortex_5	0.29722343329525863		VEGFA|KDR|Pyramidal_layer->Cortex_5
1384	FGF10	FGFR2	Fiber_tract	Thalamus_1	0.2971362140393065		FGF10|FGFR2|Fiber_tract->Thalamus_1
1385	SPP1	CD44	Lateral_ventricle	Hypothalamus_1	0.297020285949111		SPP1|CD44|Lateral_ventricle->Hypothalamus_1
1386	KITL	KIT	Hypothalamus_2	Cortex_3	0.2969308198219227		KITL|KIT|Hypothalamus_2->Cortex_3
1387	VEGFA	KDR	Cortex_4	Cortex_3	0.29686990410673386		VEGFA|KDR|Cortex_4->Cortex_3
1388	BMP4	BMPR1A	Pyramidal_layer	Pyramidal_layer	0.29603931343271617	0.19	BMP4|BMPR1A|Pyramidal_layer->Pyramidal_layer
1389	VEGFA	KDR	Hypothalamus_1	Pyramidal_layer	0.2959195384244015		VEGFA|KDR|Hypothalamus_1->Pyramidal_layer
1390	BMP4	BMPR1A	Cortex_3	Hypothalamus_1	0.2958769251523166		BMP4|BMPR1A|Cortex_3->Hypothalamus_1
1391	DLK1	NOTCH1	Striatum	Cortex_3	0.2957475433727016		DLK1|NOTCH1|Striatum->Cortex_3
1392	BMP4	BMPR1A	Cortex_3	Thalamus_2	0.2956576576339376		BMP4|BMPR1A|Cortex_3->Thalamus_2
1393	BMP4	BMPR1A	Striatum	Cortex_5	0.29564120948794836		BMP4|BMPR1A|Striatum->Cortex_5
1394	VEGFA	KDR	Pyramidal_layer_dentate_gyrus	Cortex_2	0.2955305788177433		VEGFA|KDR|Pyramidal_layer_dentate_gyrus->Cortex_2
1395	VEGFA	KDR	Hypothalamus_1	Fiber_tract	0.29529768371177295		VEGFA|KDR|Hypothalamus_1->Fiber_tract
1396	BMP4	BMPR1A	Cortex_3	Striatum	0.2951863079470421		BMP4|BMPR1A|Cortex_3->Striatum
1397	VEGFA	KDR	Cortex_2	Striatum	0.29511206531169343		VEGFA|KDR|Cortex_2->Striatum
1398	FGF10	FGFR2	Cortex_3	Hippocampus	0.29511060674591316		FGF10|FGFR2|Cortex_3->Hippocampus
1399	NRG1	ERBB4	Thalamus_2	Striatum	0.29492738574219785		NRG1|ERBB4|Thalamus_2->Striatum
1400	SPP1	CD44	Lateral_ventricle	Hippocampus	0.294925062318106		SPP1|CD44|Lateral_ventricle->Hippocampus
1401	NRG1	ERBB4	Cortex_3	Cortex_1	0.2948831322570027		NRG1|ERBB4|Cortex_3->Cortex_1
1402	SHH	PTCH1	Hypothalamus_2	Striatum	0.29485241693840303		SHH|PTCH1|Hypothalamus_2->Striatum
1403	BMP4	BMPR1A	Cortex_2	Pyramidal_layer	0.2947274711178379		BMP4|BMPR1A|Cortex_2->Pyramidal_layer
1404	VEGFA	KDR	Cortex_4	Pyramidal_layer	0.2946755531331596		VEGFA|KDR|Cortex_4->Pyramidal_layer
1405	SHH	PTCH1	Hippocampus	Hypothalamus_2	0.2945543969873813		SHH|PTCH1|Hippocampus->Hypothalamus_2
1406	SHH	PTCH1	Cortex_3	Striatum	0.29448043501654597		SHH|PTCH1|Cortex_3->Striatum
1407	CXCL12	CXCR4	Thalamus_1	Hypothalamus_1	0.2943008072079194		CXCL12|CXCR4|Thalamus_1->Hypothalamus_1
1408	BMP4	BMPR1A	Pyramidal_layer	Cortex_5	0.29423821278139206		BMP4|BMPR1A|Pyramidal_layer->Cortex_5
1409	BMP4	BMPR1A	Hypothalamus_2	Pyramidal_layer	0.294230752356145		BMP4|BMPR1A|Hypothalamus_2->Pyramidal_layer
1410	KITL	KIT	Cortex_5	Cortex_1	0.2941617744975097		KITL|KIT|Cortex_5->Cortex_1
1411	VEGFA	KDR	Cortex_4	Fiber_tract	0.29405369842053103		VEGFA|KDR|Cortex_4->Fiber_tract
1412	SHH	PTCH1	Cortex_1	Striatum	0.29369206633101586		SHH|PTCH1|Cortex_1->Striatum
1413	KITL	KIT	Lateral_ventricle	Cortex_4	0.2935264762642422		KITL|KIT|Lateral_ventricle->Cortex_4
1414	SHH	PTCH1	Lateral_ventricle	Hypothalamus_2	0.2933978222964103		SHH|PTCH1|Lateral_ventricle->Hypothalamus_2
1415	CXCL12	CXCR4	Fiber_tract	Pyramidal_layer_dentate_gyrus	0.29329395936661434		CXCL12|CXCR4|Fiber_tract->Pyramidal_layer_dentate_gyrus
1416	CXCL12	CXCR4	Thalamus_1	Fiber_tract	0.29303324596142105		CXCL12|CXCR4|Thalamus_1->Fiber_tract
1417	BMP4	BMPR1A	Cortex_2	Cortex_5	0.2929263704665138		BMP4|BMPR1A|Cortex_2->Cortex_5
1418	NRG1	ERBB4	Lateral_ventricle	Striatum	0.29282891284239615		NRG1|ERBB4|Lateral_ventricle->Striatum
1419	BMP4	BMPR1A	Hypothalamus_2	Cortex_5	0.2924296517048209		BMP4|BMPR1A|Hypothalamus_2->Cortex_5
1420	KITL	KIT	Pyramidal_layer_dentate_gyrus	Cortex_3	0.29229800385695126		KITL|KIT|Pyramidal_layer_dentate_gyrus->Cortex_3
1421	DLK1	NOTCH1	Lateral_ventricle	Striatum	0.2921264429219297		DLK1|NOTCH1|Lateral_ventricle->Striatum
1422	BMP4	BMPR1A	Striatum	Hypothalamus_1	0.2919850758501165		BMP4|BMPR1A|Striatum->Hypothalamus_1
1423	VEGFA	KDR	Hypothalamus_1	Striatum	0.29195134243293436		VEGFA|KDR|Hypothalamus_1->Striatum
1424	NRG1	ERBB4	Cortex_2	Striatum	0.291850618215626		NRG1|ERBB4|Cortex_2->Striatum
1425	BMP4	BMPR1A	Striatum	Thalamus_2	0.2917658083317375		BMP4|BMPR1A|Striatum->Thalamus_2
1426	SPP1	CD44	Lateral_ventricle	Hypothalamus_2	0.29171934262254184		SPP1|CD44|Lateral_ventricle->Hypothalamus_2
1427	KITL	KIT	Cortex_3	Lateral_ventricle	0.2914161189605397		KITL|KIT|Cortex_3->Lateral_ventricle
1428	CXCL12	CXCR4	Thalamus_1	Thalamus_2	0.29135824207187955		CXCL12|CXCR4|Thalamus_1->Thalamus_2
1429	BMP4	BMPR1A	Striatum	Striatum	0.291294458644842		BMP4|BMPR1A|Striatum->Striatum
1430	EFNB2	EPHA4	Thalamus_1	Hypothalamus_1	0.29117146302552577		EFNB2|EPHA4|Thalamus_1->Hypothalamus_1
1431	EFNB2	EPHA4	Fiber_tract	Lateral_ventricle	0.29116299509926785		EFNB2|EPHA4|Fiber_tract->Lateral_ventricle
1432	BMP4	BMPR1A	Thalamus_1	Pyramidal_layer	0.29106651025721786		BMP4|BMPR1A|Thalamus_1->Pyramidal_layer
1433	VEGFA	KDR	Cortex_3	Cortex_3	0.2910576236174732		VEGFA|KDR|Cortex_3->Cortex_3
1434	VEGFA	KDR	Pyramidal_layer_dentate_gyrus	Hippocampus	0.2910502252238544		VEGFA|KDR|Pyramidal_layer_dentate_gyrus->Hippocampus
1435	CXCL12	CXCR4	Thalamus_1	Cortex_5	0.29092257428799123		CXCL12|CXCR4|Thalamus_1->Cortex_5
1436	SHH	PTCH1	Thalamus_2	Striatum	0.2907157532758159		SHH|PTCH1|Thalamus_2->Striatum
1437	VEGFA	KDR	Cortex_4	Striatum	0.29070735714169244		VEGFA|KDR|Cortex_4->Striatum
1438	BMP4	BMPR1A	Pyramidal_layer	Hypothalamus_1	0.2905820791435602		BMP4|BMPR1A|Pyramidal_layer->Hypothalamus_1
1439	BMP4	BMPR1A	Pyramidal_layer	Thalamus_2	0.2903628116251812		BMP4|BMPR1A|Pyramidal_layer->Thalamus_2
1440	BMP4	BMPR1A	Hippocampus	Pyramidal_layer	0.29022935381401305		BMP4|BMPR1A|Hippocampus->Pyramidal_layer
1441	VEGFA	KDR	Striatum	Thalamus_2	0.2899607473594788		VEGFA|KDR|Striatum->Thalamus_2
1442	BMP4	BMPR1A	Pyramidal_layer	Striatum	0.2898914619382857		BMP4|BMPR1A|Pyramidal_layer->Striatum
1443	KITL	KIT	Cortex_5	Striatum	0.2893278132339871		KITL|KIT|Cortex_5->Striatum
1444	BMP4	BMPR1A	Cortex_2	Hypothalamus_1	0.28927023682868197		BMP4|BMPR1A|Cortex_2->Hypothalamus_1
1445	BMP4	BMPR1A	Thalamus_1	Cortex_5	0.28926540960589375		BMP4|BMPR1A|Thalamus_1->Cortex_5
1446	BMP4	BMPR1A	Cortex_2	Thalamus_2	0.28905096931030294		BMP4|BMPR1A|Cortex_2->Thalamus_2
1447	NRG1	ERBB4	Thalamus_1	Striatum	0.2890388534927196		NRG1|ERBB4|Thalamus_1->Striatum
1448	CXCL12	CXCR4	Thalamus_1	Cortex_4	0.2889293596042661		CXCL12|CXCR4|Thalamus_1->Cortex_4
1449	VEGFA	KDR	Cortex_3	Pyramidal_layer	0.28886327264389894		VEGFA|KDR|Cortex_3->Pyramidal_layer
1450	NRG1	ERBB4	Cortex_5	Cortex_1	0.2888316897510057		NRG1|ERBB4|Cortex_5->Cortex_1
1451	CXCL12	CXCR4	Thalamus_1	Hypothalamus_2	0.2888078548513616		CXCL12|CXCR4|Thalamus_1->Hypothalamus_2
1452	BMP4	BMPR1A	Hypothalamus_2	Hypothalamus_1	0.28877351806698903		BMP4|BMPR1A|Hypothalamus_2->Hypothalamus_1
1453	FGF10	FGFR2	Pyramidal_layer	Thalamus_2	0.2887283652422151		FGF10|FGFR2|Pyramidal_layer->Thalamus_2
1454	BMP4	BMPR1A	Cortex_2	Striatum	0.28857961962340745		BMP4|BMPR1A|Cortex_2->Striatum
1455	BMP4	BMPR1A	Hypothalamus_2	Thalamus_2	0.28855425054861		BMP4|BMPR1A|Hypothalamus_2->Thalamus_2
1456	KITL	KIT	Fiber_tract	Cortex_5	0.2884808362906236		KITL|KIT|Fiber_tract->Cortex_5
1457	BMP4	BMPR1A	Hippocampus	Cortex_5	0.28842825316268894		BMP4|BMPR1A|Hippocampus->Cortex_5
1458	VEGFA	KDR	Cortex_3	Fiber_tract	0.2882414179312704		VEGFA|KDR|Cortex_3->Fiber_tract
1459	EFNB2	EPHA4	Hypothalamus_2	Lateral_ventricle	0.2881048032887896		EFNB2|EPHA4|Hypothalamus_2->Lateral_ventricle
1460	DLK1	NOTCH1	Lateral_ventricle	Hippocampus	0.28808872848940936		DLK1|NOTCH1|Lateral_ventricle->Hippocampus
1461	BMP4	BMPR1A	Hypothalamus_2	Striatum	0.2880829008617145		BMP4|BMPR1A|Hypothalamus_2->Striatum
1462	CXCL12	CXCR4	Thalamus_1	Cortex_3	0.28800878639278954		CXCL12|CXCR4|Thalamus_1->Cortex_3
1463	CXCL12	CXCR4	Thalamus_1	Striatum	0.28791076596091664		CXCL12|CXCR4|Thalamus_1->Striatum
1464	CXCL12	CXCR4	Hypothalamus_2	Pyramidal_layer_dentate_gyrus	0.287832892309151		CXCL12|CXCR4|Hypothalamus_2->Pyramidal_layer_dentate_gyrus
1465	VEGFA	KDR	Pyramidal_layer_dentate_gyrus	Hypothalamus_2	0.2874129255100828		VEGFA|KDR|Pyramidal_layer_dentate_gyrus->Hypothalamus_2
1466	CXCL12	CXCR4	Thalamus_1	Cortex_2	0.287227233957151		CXCL12|CXCR4|Thalamus_1->Cortex_2
1467	VEGFA	KDR	Striatum	Cortex_4	0.28713609436644183		VEGFA|KDR|Striatum->Cortex_4
1468	KITL	KIT	Cortex_3	Cortex_2	0.28711689270639773		KITL|KIT|Cortex_3->Cortex_2
1469	NRG1	ERBB4	Striatum	Striatum	0.2869586624156416		NRG1|ERBB4|Striatum->Striatum
1470	KITL	KIT	Striatum	Cortex_3	0.2869041482301773		KITL|KIT|Striatum->Cortex_3
1471	SHH	PTCH1	Cortex_4	Striatum	0.2868831025395841		SHH|PTCH1|Cortex_4->Striatum
1472	NRG1	ERBB4	Cortex_1	Cortex_1	0.2867536668101667		NRG1|ERBB4|Cortex_1->Cortex_1
1473	CXCL12	CXCR4	Thalamus_1	Pyramidal_layer	0.28673897031133916		CXCL12|CXCR4|Thalamus_1->Pyramidal_layer
1474	CXCL12	CXCR4	Thalamus_1	Cortex_1	0.2866575303884263		CXCL12|CXCR4|Thalamus_1->Cortex_1
1475	CXCL12	CXCR4	Fiber_tract	Hippocampus	0.2864814639378989		CXCL12|CXCR4|Fiber_tract->Hippocampus
1476	CXCL12	CXCR4	Thalamus_1	Thalamus_1	0.28626411051357387		CXCL12|CXCR4|Thalamus_1->Thalamus_1
1477	FGF10	FGFR2	Pyramidal_layer_dentate_gyrus	Thalamus_2	0.2859288501489323		FGF10|FGFR2|Pyramidal_layer_dentate_gyrus->Thalamus_2
1478	KITL	KIT	Cortex_3	Hippocampus	0.2856561892205557		KITL|KIT|Cortex_3->Hippocampus
1479	BMP4	BMPR1A	Thalamus_1	Hypothalamus_1	0.2856092759680619		BMP4|BMPR1A|Thalamus_1->Hypothalamus_1
1480	BMP4	BMPR1A	Thalamus_1	Thalamus_2	0.2853900084496829		BMP4|BMPR1A|Thalamus_1->Thalamus_2
1481	VEGFA	KDR	Pyramidal_layer_dentate_gyrus	Cortex_1	0.28514607168283457		VEGFA|KDR|Pyramidal_layer_dentate_gyrus->Cortex_1
1482	VEGFA	KDR	Pyramidal_layer_dentate_gyrus	Pyramidal_layer_dentate_gyrus	0.28496111129574914	0.83	VEGFA|KDR|Pyramidal_layer_dentate_gyrus->Pyramidal_layer_dentate_gyrus
1483	BMP4	BMPR1A	Thalamus_1	Striatum	0.2849186587627874		BMP4|BMPR1A|Thalamus_1->Striatum
1484	VEGFA	KDR	Cortex_3	Striatum	0.2848950766524318		VEGFA|KDR|Cortex_3->Striatum
1485	BMP4	BMPR1A	Hippocampus	Hypothalamus_1	0.2847721195248571		BMP4|BMPR1A|Hippocampus->Hypothalamus_1
1486	BMP4	BMPR1A	Hippocampus	Thalamus_2	0.28455285200647806		BMP4|BMPR1A|Hippocampus->Thalamus_2
1487	NRG1	ERBB4	Hypothalamus_1	Cortex_1	0.2842832616523296		NRG1|ERBB4|Hypothalamus_1->Cortex_1
1488	BMP4	BMPR1A	Pyramidal_layer_dentate_gyrus	Pyramidal_layer	0.2842820452771434	0.24	BMP4|BMPR1A|Pyramidal_layer_dentate_gyrus->Pyramidal_layer
1489	DLK1	NOTCH1	Striatum	Pyramidal_layer	0.28410431005262415		DLK1|NOTCH1|Striatum->Pyramidal_layer
1490	BMP4	BMPR1A	Hippocampus	Striatum	0.28408150231958257		BMP4|BMPR1A|Hippocampus->Striatum
1491	NRG1	ERBB4	Hypothalamus_2	Cortex_5	0.2838746263422652		NRG1|ERBB4|Hypothalamus_2->Cortex_5
1492	VEGFA	KDR	Striatum	Hypothalamus_1	0.2835445521678448		VEGFA|KDR|Striatum->Hypothalamus_1
1493	DLK1	NOTCH1	Lateral_ventricle	Cortex_2	0.28321725423631566		DLK1|NOTCH1|Lateral_ventricle->Cortex_2
1494	BMP4	BMPR1A	Cortex_3	Pyramidal_layer_dentate_gyrus	0.28315841860300434		BMP4|BMPR1A|Cortex_3->Pyramidal_layer_dentate_gyrus
1495	BMP4	BMPR1A	Fiber_tract	Fiber_tract	0.2825106642151301		BMP4|BMPR1A|Fiber_tract->Fiber_tract
1496	VEGFA	KDR	Pyramidal_layer	Thalamus_1	0.2824934817499878		VEGFA|KDR|Pyramidal_layer->Thalamus_1
1497	BMP4	BMPR1A	Pyramidal_layer_dentate_gyrus	Cortex_5	0.2824809446258193		BMP4|BMPR1A|Pyramidal_layer_dentate_gyrus->Cortex_5
1498	SPP1	CD44	Lateral_ventricle	Striatum	0.28234811670639937		SPP1|CD44|Lateral_ventricle->Striatum
1499	CXCL12	CXCR4	Fiber_tract	Hypothalamus_1	0.2823374629111985		CXCL12|CXCR4|Fiber_tract->Hypothalamus_1
1500	BMP4	BMPR1A	Cortex_3	Hypothalamus_2	0.2822798172494794		BMP4|BMPR1A|Cortex_3->Hypothalamus_2
1501	BMP4	BMPR1A	Fiber_tract	Cortex_2	0.28206004642663607		BMP4|BMPR1A|Fiber_tract->Cortex_2
1502	BMP4	BMPR1A	Cortex_4	Pyramidal_layer	0.2819980022375246		BMP4|BMPR1A|Cortex_4->Pyramidal_layer
1503	SHH	PTCH1	Thalamus_1	Fiber_tract	0.28136896906472436		SHH|PTCH1|Thalamus_1->Fiber_tract
1504	KITL	KIT	Hypothalamus_1	Cortex_5	0.28133991795059426		KITL|KIT|Hypothalamus_1->Cortex_5
1505	CXCL12	CXCR4	Fiber_tract	Fiber_tract	0.28106990166470014		CXCL12|CXCR4|Fiber_tract->Fiber_tract
1506	CXCL12	CXCR4	Hypothalamus_2	Hippocampus	0.28102039688043556		CXCL12|CXCR4|Hypothalamus_2->Hippocampus
1507	NRG1	ERBB4	Cortex_3	Cortex_5	0.280734403043974		NRG1|ERBB4|Cortex_3->Cortex_5
1508	SHH	PTCH1	Cortex_2	Striatum	0.28048530766084223		SHH|PTCH1|Cortex_2->Striatum
1509	KITL	KIT	Hippocampus	Cortex_4	0.28045166797168153		KITL|KIT|Hippocampus->Cortex_4
1510	NRG1	ERBB4	Fiber_tract	Striatum	0.2803831458000376		NRG1|ERBB4|Fiber_tract->Striatum
1511	SPP1	CD44	Lateral_ventricle	Cortex_4	0.28032691462374315		SPP1|CD44|Lateral_ventricle->Cortex_4
1512	KITL	KIT	Cortex_1	Thalamus_1	0.2803026767718278		KITL|KIT|Cortex_1->Thalamus_1
1513	BMP4	BMPR1A	Cortex_4	Cortex_5	0.2801969015862005		BMP4|BMPR1A|Cortex_4->Cortex_5
1514	BMP4	BMPR1A	Hypothalamus_1	Pyramidal_layer	0.28016252458204716		BMP4|BMPR1A|Hypothalamus_1->Pyramidal_layer
1515	DLK1	NOTCH1	Thalamus_2	Cortex_5	0.2800166578638519		DLK1|NOTCH1|Thalamus_2->Cortex_5
1516	BMP4	BMPR1A	Cortex_1	Pyramidal_layer	0.2798916269081259		BMP4|BMPR1A|Cortex_1->Pyramidal_layer
1517	CXCL12	CXCR4	Fiber_tract	Thalamus_2	0.27939489777515863		CXCL12|CXCR4|Fiber_tract->Thalamus_2
1518	BMP4	BMPR1A	Striatum	Pyramidal_layer_dentate_gyrus	0.27926656930080423		BMP4|BMPR1A|Striatum->Pyramidal_layer_dentate_gyrus
1519	CXCL12	CXCR4	Fiber_tract	Cortex_5	0.2789592299912703		CXCL12|CXCR4|Fiber_tract->Cortex_5
1520	BMP4	BMPR1A	Pyramidal_layer_dentate_gyrus	Hypothalamus_1	0.27882481098798745		BMP4|BMPR1A|Pyramidal_layer_dentate_gyrus->Hypothalamus_1
1521	BMP4	BMPR1A	Pyramidal_layer_dentate_gyrus	Thalamus_2	0.2786055434696084		BMP4|BMPR1A|Pyramidal_layer_dentate_gyrus->Thalamus_2
1522	BMP4	BMPR1A	Striatum	Hypothalamus_2	0.2783879679472793		BMP4|BMPR1A|Striatum->Hypothalamus_2
1523	BMP4	BMPR1A	Hypothalamus_1	Cortex_5	0.27836142393072305		BMP4|BMPR1A|Hypothalamus_1->Cortex_5
1524	BMP4	BMPR1A	Pyramidal_layer_dentate_gyrus	Striatum	0.2781341937827129		BMP4|BMPR1A|Pyramidal_layer_dentate_gyrus->Striatum
1525	BMP4	BMPR1A	Cortex_1	Cortex_5	0.2780905262568018		BMP4|BMPR1A|Cortex_1->Cortex_5
1526	BMP4	BMPR1A	Fiber_tract	Thalamus_1	0.277980824629878		BMP4|BMPR1A|Fiber_tract->Thalamus_1
1527	SHH	PTCH1	Fiber_tract	Striatum	0.27790889540497915		SHH|PTCH1|Fiber_tract->Striatum
1528	BMP4	BMPR1A	Pyramidal_layer	Pyramidal_layer_dentate_gyrus	0.27786357259424793	0.32	BMP4|BMPR1A|Pyramidal_layer->Pyramidal_layer_dentate_gyrus
1529	SHH	PTCH1	Cortex_5	Striatum	0.2772753561932839		SHH|PTCH1|Cortex_5->Striatum
1530	BMP4	BMPR1A	Thalamus_2	Pyramidal_layer	0.2770232886430763		BMP4|BMPR1A|Thalamus_2->Pyramidal_layer
1531	BMP4	BMPR1A	Pyramidal_layer	Hypothalamus_2	0.276984971240723		BMP4|BMPR1A|Pyramidal_layer->Hypothalamus_2
1532	CXCL12	CXCR4	Fiber_tract	Cortex_4	0.27696601530754517		CXCL12|CXCR4|Fiber_tract->Cortex_4
1533	CXCL12	CXCR4	Hypothalamus_2	Hypothalamus_1	0.27687639585373514		CXCL12|CXCR4|Hypothalamus_2->Hypothalamus_1
1534	CXCL12	CXCR4	Fiber_tract	Hypothalamus_2	0.2768445105546407		CXCL12|CXCR4|Fiber_tract->Hypothalamus_2
1535	VEGFA	KDR	Striatum	Cortex_3	0.27665904743843783		VEGFA|KDR|Striatum->Cortex_3
1536	BMP4	BMPR1A	Cortex_2	Pyramidal_layer_dentate_gyrus	0.2765517302793697		BMP4|BMPR1A|Cortex_2->Pyramidal_layer_dentate_gyrus
1537	BMP4	BMPR1A	Cortex_4	Hypothalamus_1	0.2765407679483686		BMP4|BMPR1A|Cortex_4->Hypothalamus_1
1538	KITL	KIT	Cortex_3	Cortex_1	0.2764374479630808		KITL|KIT|Cortex_3->Cortex_1
1539	KITL	KIT	Cortex_1	Thalamus_2	0.2764371565812018		KITL|KIT|Cortex_1->Thalamus_2
1540	BMP4	BMPR1A	Cortex_4	Thalamus_2	0.2763215004299896		BMP4|BMPR1A|Cortex_4->Thalamus_2
1541	SHH	PTCH1	Pyramidal_layer	Striatum	0.2761761759982612		SHH|PTCH1|Pyramidal_layer->Striatum
1542	SHH	PTCH1	Striatum	Fiber_tract	0.27616080072556465		SHH|PTCH1|Striatum->Fiber_tract
1543	NRG1	ERBB4	Cortex_4	Cortex_1	0.2760614975890172		NRG1|ERBB4|Cortex_4->Cortex_1
1544	BMP4	BMPR1A	Hypothalamus_2	Pyramidal_layer_dentate_gyrus	0.27605501151767675		BMP4|BMPR1A|Hypothalamus_2->Pyramidal_layer_dentate_gyrus
1545	SPP1	CD44	Lateral_ventricle	Cortex_2	0.27605209973303724		SPP1|CD44|Lateral_ventricle->Cortex_2
1546	CXCL12	CXCR4	Fiber_tract	Cortex_3	0.2760454420960686		CXCL12|CXCR4|Fiber_tract->Cortex_3
1547	CXCL12	CXCR4	Fiber_tract	Striatum	0.2759474216641957		CXCL12|CXCR4|Fiber_tract->Striatum
1548	BMP4	BMPR1A	Cortex_4	Striatum	0.2758501507430941		BMP4|BMPR1A|Cortex_4->Striatum
1549	SPP1	CD44	Lateral_ventricle	Pyramidal_layer	0.27576494507846383		SPP1|CD44|Lateral_ventricle->Pyramidal_layer
1550	VEGFA	KDR	Hippocampus	Cortex_2	0.2756846682499748		VEGFA|KDR|Hippocampus->Cortex_2
1551	BMP4	BMPR1A	Cortex_2	Hypothalamus_2	0.2756731289258448		BMP4|BMPR1A|Cortex_2->Hypothalamus_2
1552	CXCL12	CXCR4	Hypothalamus_2	Fiber_tract	0.2756088346072368		CXCL12|CXCR4|Hypothalamus_2->Fiber_tract
1553	CXCL12	CXCR4	Fiber_tract	Cortex_2	0.2752638896604301		CXCL12|CXCR4|Fiber_tract->Cortex_2
1554	BMP4	BMPR1A	Thalamus_2	Cortex_5	0.2752221879917522		BMP4|BMPR1A|Thalamus_2->Cortex_5
1555	BMP4	BMPR1A	Hypothalamus_2	Hypothalamus_2	0.27517641016415184		BMP4|BMPR1A|Hypothalamus_2->Hypothalamus_2
1556	KITL	KIT	Hypothalamus_2	Lateral_ventricle	0.27506064725549595		KITL|KIT|Hypothalamus_2->Lateral_ventricle
1557	VEGFA	KDR	Fiber_tract	Cortex_2	0.2749895221102497		VEGFA|KDR|Fiber_tract->Cortex_2
1558	CXCL12	CXCR4	Fiber_tract	Pyramidal_layer	0.27477562601461825		CXCL12|CXCR4|Fiber_tract->Pyramidal_layer
1559	BMP4	BMPR1A	Hypothalamus_1	Hypothalamus_1	0.2747052902928912		BMP4|BMPR1A|Hypothalamus_1->Hypothalamus_1
1560	CXCL12	CXCR4	Fiber_tract	Cortex_1	0.2746941860917054		CXCL12|CXCR4|Fiber_tract->Cortex_1
1561	NRG1	ERBB4	Cortex_5	Cortex_5	0.27468296053797703		NRG1|ERBB4|Cortex_5->Cortex_5
1562	BMP4	BMPR1A	Hypothalamus_1	Thalamus_2	0.2744860227745122		BMP4|BMPR1A|Hypothalamus_1->Thalamus_2
1563	VEGFA	KDR	Striatum	Pyramidal_layer	0.2744646964648636		VEGFA|KDR|Striatum->Pyramidal_layer
1564	BMP4	BMPR1A	Cortex_1	Hypothalamus_1	0.27443439261896996		BMP4|BMPR1A|Cortex_1->Hypothalamus_1
1565	VEGFA	KDR	Pyramidal_layer_dentate_gyrus	Thalamus_2	0.2744319389811626		VEGFA|KDR|Pyramidal_layer_dentate_gyrus->Thalamus_2
1566	CXCL12	CXCR4	Fiber_tract	Thalamus_1	0.27430076621685295		CXCL12|CXCR4|Fiber_tract->Thalamus_1
1567	BMP4	BMPR1A	Cortex_1	Thalamus_2	0.27421512510059093		BMP4|BMPR1A|Cortex_1->Thalamus_2
1568	BMP4	BMPR1A	Hypothalamus_1	Striatum	0.2740146730876167		BMP4|BMPR1A|Hypothalamus_1->Striatum
1569	CXCL12	CXCR4	Hypothalamus_2	Thalamus_2	0.2739338307176953		CXCL12|CXCR4|Hypothalamus_2->Thalamus_2
1570	VEGFA	KDR	Striatum	Fiber_tract	0.27384284175223506		VEGFA|KDR|Striatum->Fiber_tract
1571	BMP4	BMPR1A	Cortex_1	Striatum	0.27374377541369543		BMP4|BMPR1A|Cortex_1->Striatum
1572	NRG1	ERBB4	Hippocampus	Striatum	0.2735148696664828		NRG1|ERBB4|Hippocampus->Striatum
1573	CXCL12	CXCR4	Hypothalamus_2	Cortex_5	0.27349816293380697		CXCL12|CXCR4|Hypothalamus_2->Cortex_5
1574	SHH	PTCH1	Hypothalamus_1	Fiber_tract	0.2734387266019155		SHH|PTCH1|Hypothalamus_1->Fiber_tract
1575	EFNB2	EPHA4	Thalamus_1	Lateral_ventricle	0.2733695584597585		EFNB2|EPHA4|Thalamus_1->Lateral_ventricle
1576	SHH	PTCH1	Hippocampus	Striatum	0.2731656124362927		SHH|PTCH1|Hippocampus->Striatum
1577	NRG1	ERBB4	Thalamus_2	Cortex_1	0.2730538284016922		NRG1|ERBB4|Thalamus_2->Cortex_1
1578	BMP4	BMPR1A	Thalamus_1	Pyramidal_layer_dentate_gyrus	0.2728907694187496		BMP4|BMPR1A|Thalamus_1->Pyramidal_layer_dentate_gyrus
1579	NRG1	ERBB4	Cortex_1	Cortex_5	0.272604937597138		NRG1|ERBB4|Cortex_1->Cortex_5
1580	FGF10	FGFR2	Pyramidal_layer	Striatum	0.27229355590767557		FGF10|FGFR2|Pyramidal_layer->Striatum
1581	BMP4	BMPR1A	Hippocampus	Pyramidal_layer_dentate_gyrus	0.2720536129755448		BMP4|BMPR1A|Hippocampus->Pyramidal_layer_dentate_gyrus
1582	BMP4	BMPR1A	Thalamus_1	Hypothalamus_2	0.2720121680652247		BMP4|BMPR1A|Thalamus_1->Hypothalamus_2
1583	SHH	PTCH1	Lateral_ventricle	Striatum	0.27200903774532176		SHH|PTCH1|Lateral_ventricle->Striatum
1584	KITL	KIT	Lateral_ventricle	Cortex_3	0.27172640346682786		KITL|KIT|Lateral_ventricle->Cortex_3
1585	VEGFA	KDR	Pyramidal_layer_dentate_gyrus	Cortex_4	0.2716072859881256		VEGFA|KDR|Pyramidal_layer_dentate_gyrus->Cortex_4
1586	KITL	KIT	Cortex_3	Striatum	0.2716034866995582		KITL|KIT|Cortex_3->Striatum
1587	BMP4	BMPR1A	Thalamus_2	Hypothalamus_1	0.27156605435392034		BMP4|BMPR1A|Thalamus_2->Hypothalamus_1
1588	CXCL12	CXCR4	Hypothalamus_2	Cortex_4	0.2715049482500818		CXCL12|CXCR4|Hypothalamus_2->Cortex_4
1589	FGF10	FGFR2	Cortex_4	Hippocampus	0.2715047129371145		FGF10|FGFR2|Cortex_4->Hippocampus
1590	CXCL12	CXCR4	Hypothalamus_2	Hypothalamus_2	0.27138344349717736		CXCL12|CXCR4|Hypothalamus_2->Hypothalamus_2
1591	BMP4	BMPR1A	Thalamus_2	Thalamus_2	0.2713467868355413		BMP4|BMPR1A|Thalamus_2->Thalamus_2
1592	VEGFA	KDR	Hippocampus	Hippocampus	0.2712043146560858		VEGFA|KDR|Hippocampus->Hippocampus
1593	BMP4	BMPR1A	Hippocampus	Hypothalamus_2	0.2711750116220199		BMP4|BMPR1A|Hippocampus->Hypothalamus_2
1594	NRG1	ERBB4	Lateral_ventricle	Cortex_1	0.27095535550189054		NRG1|ERBB4|Lateral_ventricle->Cortex_1
1595	BMP4	BMPR1A	Thalamus_2	Striatum	0.2708754371486458		BMP4|BMPR1A|Thalamus_2->Striatum
1596	KITL	KIT	Hypothalamus_2	Cortex_2	0.27076142100135403		KITL|KIT|Hypothalamus_2->Cortex_2
1597	CXCL12	CXCR4	Hypothalamus_2	Cortex_3	0.2705843750386053		CXCL12|CXCR4|Hypothalamus_2->Cortex_3
1598	VEGFA	KDR	Fiber_tract	Hippocampus	0.2705091685163607		VEGFA|KDR|Fiber_tract->Hippocampus
1599	VEGFA	KDR	Striatum	Striatum	0.27049650047339646		VEGFA|KDR|Striatum->Striatum
1600	CXCL12	CXCR4	Hypothalamus_2	Striatum	0.27048635460673237		CXCL12|CXCR4|Hypothalamus_2->Striatum
1601	KITL	KIT	Pyramidal_layer_dentate_gyrus	Lateral_ventricle	0.27042783129052456		KITL|KIT|Pyramidal_layer_dentate_gyrus->Lateral_ventricle
1602	NRG1	ERBB4	Hypothalamus_1	Cortex_5	0.27013453243930086		NRG1|ERBB4|Hypothalamus_1->Cortex_5
1603	DLK1	NOTCH1	Lateral_ventricle	Thalamus_2	0.27009091984613665		DLK1|NOTCH1|Lateral_ventricle->Thalamus_2
1604	NRG1	ERBB4	Cortex_2	Cortex_1	0.26997706087512036		NRG1|ERBB4|Cortex_2->Cortex_1
1605	CXCL12	CXCR4	Hypothalamus_2	Cortex_2	0.26980282260296673		CXCL12|CXCR4|Hypothalamus_2->Cortex_2
1606	FGF10	FGFR2	Pyramidal_layer_dentate_gyrus	Striatum	0.2694940408143927		FGF10|FGFR2|Pyramidal_layer_dentate_gyrus->Striatum
1607	KITL	KIT	Cortex_5	Hypothalamus_1	0.2693842845470753		KITL|KIT|Cortex_5->Hypothalamus_1
1608	SHH	PTCH1	Hypothalamus_2	Fiber_tract	0.26932625940629873		SHH|PTCH1|Hypothalamus_2->Fiber_tract
1609	CXCL12	CXCR4	Hypothalamus_2	Pyramidal_layer	0.2693145589571549		CXCL12|CXCR4|Hypothalamus_2->Pyramidal_layer
1610	KITL	KIT	Hypothalamus_2	Hippocampus	0.269300717515512		KITL|KIT|Hypothalamus_2->Hippocampus
1611	CXCL12	CXCR4	Hypothalamus_2	Cortex_1	0.269233119034242		CXCL12|CXCR4|Hypothalamus_2->Cortex_1
1612	SHH	PTCH1	Cortex_3	Fiber_tract	0.2689542774844417		SHH|PTCH1|Cortex_3->Fiber_tract
1613	CXCL12	CXCR4	Hypothalamus_2	Thalamus_1	0.2688396991593896		CXCL12|CXCR4|Hypothalamus_2->Thalamus_1
1614	NRG1	ERBB4	Hypothalamus_2	Cortex_2	0.2686942475823514		NRG1|ERBB4|Hypothalamus_2->Cortex_2
1615	SHH	PTCH1	Cortex_1	Fiber_tract	0.26816590879891156		SHH|PTCH1|Cortex_1->Fiber_tract
1616	BMP4	BMPR1A	Cortex_5	Fiber_tract	0.2680652154676134		BMP4|BMPR1A|Cortex_5->Fiber_tract
1617	VEGFA	KDR	Pyramidal_layer_dentate_gyrus	Hypothalamus_1	0.2680157437895285		VEGFA|KDR|Pyramidal_layer_dentate_gyrus->Hypothalamus_1
1618	BMP4	BMPR1A	Cortex_5	Cortex_2	0.26761459767911944		BMP4|BMPR1A|Cortex_5->Cortex_2
1619	VEGFA	KDR	Hippocampus	Hypothalamus_2	0.2675670149423142		VEGFA|KDR|Hippocampus->Hypothalamus_2
1620	NRG1	ERBB4	Thalamus_1	Cortex_1	0.26716529615221396		NRG1|ERBB4|Thalamus_1->Cortex_1
1621	VEGFA	KDR	Fiber_tract	Hypothalamus_2	0.2668718688025891		VEGFA|KDR|Fiber_tract->Hypothalamus_2
1622	NRG1	ERBB4	Pyramidal_layer_dentate_gyrus	Striatum	0.26655921488513357		NRG1|ERBB4|Pyramidal_layer_dentate_gyrus->Striatum
1623	KITL	KIT	Pyramidal_layer_dentate_gyrus	Cortex_2	0.2661286050363826		KITL|KIT|Pyramidal_layer_dentate_gyrus->Cortex_2
1624	BMP4	BMPR1A	Pyramidal_layer_dentate_gyrus	Pyramidal_layer_dentate_gyrus	0.26610630443867517	0.43	BMP4|BMPR1A|Pyramidal_layer_dentate_gyrus->Pyramidal_layer_dentate_gyrus
1625	NRG1	ERBB4	Cortex_3	Cortex_2	0.2655540242840603		NRG1|ERBB4|Cortex_3->Cortex_2
1626	VEGFA	KDR	Hippocampus	Cortex_1	0.26530016111506605		VEGFA|KDR|Hippocampus->Cortex_1
1627	BMP4	BMPR1A	Pyramidal_layer_dentate_gyrus	Hypothalamus_2	0.26522770308515026		BMP4|BMPR1A|Pyramidal_layer_dentate_gyrus->Hypothalamus_2
1628	SHH	PTCH1	Thalamus_2	Fiber_tract	0.2651895957437116		SHH|PTCH1|Thalamus_2->Fiber_tract
1629	VEGFA	KDR	Hippocampus	Pyramidal_layer_dentate_gyrus	0.2651152007279806		VEGFA|KDR|Hippocampus->Pyramidal_layer_dentate_gyrus
1630	NRG1	ERBB4	Striatum	Cortex_1	0.26508510507513594		NRG1|ERBB4|Striatum->Cortex_1
1631	KITL	KIT	Striatum	Lateral_ventricle	0.26503397566375053		KITL|KIT|Striatum->Lateral_ventricle
1632	KITL	KIT	Pyramidal_layer_dentate_gyrus	Hippocampus	0.26466790155054054		KITL|KIT|Pyramidal_layer_dentate_gyrus->Hippocampus
1633	NRG1	ERBB4	Hypothalamus_2	Cortex_4	0.26462580914806055		NRG1|ERBB4|Hypothalamus_2->Cortex_4
1634	VEGFA	KDR	Fiber_tract	Cortex_1	0.26460501497534095		VEGFA|KDR|Fiber_tract->Cortex_1
1635	VEGFA	KDR	Fiber_tract	Pyramidal_layer_dentate_gyrus	0.2644200545882555		VEGFA|KDR|Fiber_tract->Pyramidal_layer_dentate_gyrus
1636	KITL	KIT	Pyramidal_layer	Cortex_5	0.2642437922763138		KITL|KIT|Pyramidal_layer->Cortex_5
1637	FGF10	FGFR2	Cortex_3	Thalamus_2	0.26391654218740435		FGF10|FGFR2|Cortex_3->Thalamus_2
1638	BMP4	BMPR1A	Cortex_4	Pyramidal_layer_dentate_gyrus	0.26382226139905635		BMP4|BMPR1A|Cortex_4->Pyramidal_layer_dentate_gyrus
1639	DLK1	NOTCH1	Lateral_ventricle	Hypothalamus_1	0.2637413325525083		DLK1|NOTCH1|Lateral_ventricle->Hypothalamus_1
1640	BMP4	BMPR1A	Cortex_5	Thalamus_1	0.2635353758823613		BMP4|BMPR1A|Cortex_5->Thalamus_1
1641	BMP4	BMPR1A	Cortex_4	Hypothalamus_2	0.26294366004553144		BMP4|BMPR1A|Cortex_4->Hypothalamus_2
1642	BMP4	BMPR1A	Hypothalamus_1	Pyramidal_layer_dentate_gyrus	0.2619867837435789		BMP4|BMPR1A|Hypothalamus_1->Pyramidal_layer_dentate_gyrus
1643	NRG1	ERBB4	Cortex_4	Cortex_5	0.26191276837598854		NRG1|ERBB4|Cortex_4->Cortex_5
1644	BMP4	BMPR1A	Cortex_1	Pyramidal_layer_dentate_gyrus	0.2617158860696577		BMP4|BMPR1A|Cortex_1->Pyramidal_layer_dentate_gyrus
1645	DLK1	NOTCH1	Lateral_ventricle	Pyramidal_layer_dentate_gyrus	0.26157156744611865		DLK1|NOTCH1|Lateral_ventricle->Pyramidal_layer_dentate_gyrus
1646	NRG1	ERBB4	Cortex_3	Cortex_4	0.2614855858497694		NRG1|ERBB4|Cortex_3->Cortex_4
1647	SHH	PTCH1	Cortex_4	Fiber_tract	0.2613569450074798		SHH|PTCH1|Cortex_4->Fiber_tract
1648	VEGFA	KDR	Pyramidal_layer_dentate_gyrus	Cortex_3	0.26113023906012167		VEGFA|KDR|Pyramidal_layer_dentate_gyrus->Cortex_3
1649	BMP4	BMPR1A	Hypothalamus_1	Hypothalamus_2	0.261108182390054		BMP4|BMPR1A|Hypothalamus_1->Hypothalamus_2
1650	DLK1	NOTCH1	Lateral_ventricle	Cortex_1	0.2609119288068662		DLK1|NOTCH1|Lateral_ventricle->Cortex_1
1651	BMP4	BMPR1A	Cortex_1	Hypothalamus_2	0.26083728471613277		BMP4|BMPR1A|Cortex_1->Hypothalamus_2
1652	KITL	KIT	Striatum	Cortex_2	0.2607347494096086		KITL|KIT|Striatum->Cortex_2
1653	KITL	KIT	Fiber_tract	Cortex_4	0.26016841984733685		KITL|KIT|Fiber_tract->Cortex_4
1654	KITL	KIT	Hypothalamus_2	Cortex_1	0.26008197625803703		KITL|KIT|Hypothalamus_2->Cortex_1
1655	FGF10	FGFR2	Hippocampus	Hippocampus	0.26002639773729685		FGF10|FGFR2|Hippocampus->Hippocampus
1656	FGF10	FGFR2	Pyramidal_layer	Cortex_3	0.25964667429387056		FGF10|FGFR2|Pyramidal_layer->Cortex_3
1657	NRG1	ERBB4	Cortex_5	Cortex_2	0.25950258177806323		NRG1|ERBB4|Cortex_5->Cortex_2
1658	BMP4	BMPR1A	Fiber_tract	Cortex_3	0.2593968033587381		BMP4|BMPR1A|Fiber_tract->Cortex_3
1659	KITL	KIT	Striatum	Hippocampus	0.25927404592376657		KITL|KIT|Striatum->Hippocampus
1660	VEGFA	KDR	Pyramidal_layer_dentate_gyrus	Pyramidal_layer	0.2589358880865474	0.93	VEGFA|KDR|Pyramidal_layer_dentate_gyrus->Pyramidal_layer
1661	NRG1	ERBB4	Thalamus_2	Cortex_5	0.2589050991886635		NRG1|ERBB4|Thalamus_2->Cortex_5
1662	BMP4	BMPR1A	Thalamus_2	Pyramidal_layer_dentate_gyrus	0.25884754780460806		BMP4|BMPR1A|Thalamus_2->Pyramidal_layer_dentate_gyrus
1663	KITL	KIT	Hippocampus	Cortex_3	0.25865159517426717		KITL|KIT|Hippocampus->Cortex_3
1664	NRG1	ERBB4	Fiber_tract	Cortex_1	0.2585095884595319		NRG1|ERBB4|Fiber_tract->Cortex_1
1665	VEGFA	KDR	Pyramidal_layer_dentate_gyrus	Fiber_tract	0.25831403337391884		VEGFA|KDR|Pyramidal_layer_dentate_gyrus->Fiber_tract
1666	BMP4	BMPR1A	Thalamus_2	Hypothalamus_2	0.25796894645108315		BMP4|BMPR1A|Thalamus_2->Hypothalamus_2
1667	FGF10	FGFR2	Cortex_1	Hippocampus	0.25760497399739934		FGF10|FGFR2|Cortex_1->Hippocampus
1668	NRG1	ERBB4	Pyramidal_layer	Striatum	0.25758541122176287		NRG1|ERBB4|Pyramidal_layer->Striatum
1669	NRG1	ERBB4	Cortex_1	Cortex_2	0.2574245588372242		NRG1|ERBB4|Cortex_1->Cortex_2
1670	FGF10	FGFR2	Cortex_2	Hippocampus	0.2572236924989536		FGF10|FGFR2|Cortex_2->Hippocampus
1671	BMP4	BMPR1A	Fiber_tract	Cortex_4	0.25699544535576335		BMP4|BMPR1A|Fiber_tract->Cortex_4
1672	FGF10	FGFR2	Pyramidal_layer_dentate_gyrus	Cortex_3	0.25684715920058776		FGF10|FGFR2|Pyramidal_layer_dentate_gyrus->Cortex_3
1673	DLK1	NOTCH1	Fiber_tract	Lateral_ventricle	0.2568259235240717		DLK1|NOTCH1|Fiber_tract->Lateral_ventricle
1674	NRG1	ERBB4	Lateral_ventricle	Cortex_5	0.2568066262888618		NRG1|ERBB4|Lateral_ventricle->Cortex_5
1675	WNT5A	FZD7	Lateral_ventricle	Cortex_5	0.2566155844715611		WNT5A|FZD7|Lateral_ventricle->Cortex_5
1676	VEGFA	KDR	Pyramidal_layer	Cortex_2	0.2558950216581706		VEGFA|KDR|Pyramidal_layer->Cortex_2
1677	NRG1	ERBB4	Cortex_2	Cortex_5	0.2558283316620917		NRG1|ERBB4|Cortex_2->Cortex_5
1678	KITL	KIT	Pyramidal_layer_dentate_gyrus	Cortex_1	0.25544916029306564		KITL|KIT|Pyramidal_layer_dentate_gyrus->Cortex_1
1679	NRG1	ERBB4	Cortex_5	Cortex_4	0.2554341433437724		NRG1|ERBB4|Cortex_5->Cortex_4
1680	FGF10	FGFR2	Hypothalamus_1	Hippocampus	0.25535723402365595		FGF10|FGFR2|Hypothalamus_1->Hippocampus
1681	KITL	KIT	Hypothalamus_2	Striatum	0.25524801499451444		KITL|KIT|Hypothalamus_2->Striatum
1682	VEGFA	KDR	Pyramidal_layer_dentate_gyrus	Striatum	0.25496769209508025		VEGFA|KDR|Pyramidal_layer_dentate_gyrus->Striatum
1683	SHH	PTCH1	Cortex_2	Fiber_tract	0.25495915012873793		SHH|PTCH1|Cortex_2->Fiber_tract
1684	NRG1	ERBB4	Hypothalamus_1	Cortex_2	0.2549541536793871		NRG1|ERBB4|Hypothalamus_1->Cortex_2
1685	NOTCH1	JAG1	Lateral_ventricle	Lateral_ventricle	0.2548295768953505		NOTCH1|JAG1|Lateral_ventricle->Lateral_ventricle
1686	VEGFA	KDR	Hippocampus	Thalamus_2	0.254586028413394		VEGFA|KDR|Hippocampus->Thalamus_2
1687	DLK1	NOTCH1	Thalamus_2	Hypothalamus_2	0.2542920481205864		DLK1|NOTCH1|Thalamus_2->Hypothalamus_2
1688	WNT5A	FZD7	Striatum	Lateral_ventricle	0.2541440648246769		WNT5A|FZD7|Striatum->Lateral_ventricle
1689	VEGFA	KDR	Fiber_tract	Thalamus_2	0.2538908822736689		VEGFA|KDR|Fiber_tract->Thalamus_2
1690	NRG1	ERBB4	Hypothalamus_2	Cortex_3	0.253549116963132		NRG1|ERBB4|Hypothalamus_2->Cortex_3
1691	NRG1	ERBB4	Cortex_1	Cortex_4	0.25335612040293337		NRG1|ERBB4|Cortex_1->Cortex_4
1692	SHH	PTCH1	Thalamus_1	Lateral_ventricle	0.2532829370078456		SHH|PTCH1|Thalamus_1->Lateral_ventricle
1693	KITL	KIT	Hypothalamus_1	Cortex_4	0.2530275015073075		KITL|KIT|Hypothalamus_1->Cortex_4
1694	NRG1	ERBB4	Thalamus_1	Cortex_5	0.2530165669391853		NRG1|ERBB4|Thalamus_1->Cortex_5
1695	NRG1	ERBB4	Hypothalamus_2	Hypothalamus_2	0.2527819210873511		NRG1|ERBB4|Hypothalamus_2->Hypothalamus_2
1696	SHH	PTCH1	Fiber_tract	Fiber_tract	0.25238273787287485		SHH|PTCH1|Fiber_tract->Fiber_tract
1697	CXCL12	CXCR4	Cortex_2	Lateral_ventricle	0.25210034670499776		CXCL12|CXCR4|Cortex_2->Lateral_ventricle
1698	DLK1	NOTCH1	Thalamus_2	Thalamus_1	0.2520557115393266		DLK1|NOTCH1|Thalamus_2->Thalamus_1
1699	FGF10	FGFR2	Striatum	Hippocampus	0.2518125355580611		FGF10|FGFR2|Striatum->Hippocampus
1700	VEGFA	KDR	Hippocampus	Cortex_4	0.25176137542035704		VEGFA|KDR|Hippocampus->Cortex_4
1701	SHH	PTCH1	Cortex_5	Fiber_tract	0.2517491986611796		SHH|PTCH1|Cortex_5->Fiber_tract
1702	KITL	KIT	Cortex_3	Hypothalamus_1	0.25165995801264635		KITL|KIT|Cortex_3->Hypothalamus_1
1703	NRG1	ERBB4	Hippocampus	Cortex_1	0.2516413123259772		NRG1|ERBB4|Hippocampus->Cortex_1
1704	DLK1	NOTCH1	Lateral_ventricle	Cortex_4	0.2515432065268427		DLK1|NOTCH1|Lateral_ventricle->Cortex_4
1705	VEGFA	KDR	Pyramidal_layer	Hippocampus	0.2514146680642816		VEGFA|KDR|Pyramidal_layer->Hippocampus
1706	VEGFA	KDR	Fiber_tract	Cortex_4	0.25106622928063194		VEGFA|KDR|Fiber_tract->Cortex_4
1707	NRG1	ERBB4	Striatum	Cortex_5	0.25093637586210726		NRG1|ERBB4|Striatum->Cortex_5
1708	NRG1	ERBB4	Hypothalamus_1	Cortex_4	0.25088571524509623		NRG1|ERBB4|Hypothalamus_1->Cortex_4
1709	SHH	PTCH1	Pyramidal_layer	Fiber_tract	0.2506500184661569		SHH|PTCH1|Pyramidal_layer->Fiber_tract
1710	KITL	KIT	Pyramidal_layer_dentate_gyrus	Striatum	0.25061519902954305		KITL|KIT|Pyramidal_layer_dentate_gyrus->Striatum
1711	NRG1	ERBB4	Cortex_3	Cortex_3	0.25040889366484076		NRG1|ERBB4|Cortex_3->Cortex_3
1712	KITL	KIT	Striatum	Cortex_1	0.2500553046662916		KITL|KIT|Striatum->Cortex_1
1713	KITL	KIT	Lateral_ventricle	Lateral_ventricle	0.24985623090040116		KITL|KIT|Lateral_ventricle->Lateral_ventricle
1714	NRG1	ERBB4	Cortex_3	Hypothalamus_2	0.2496416977890599		NRG1|ERBB4|Cortex_3->Hypothalamus_2
1715	BMP4	BMPR1A	Cortex_3	Fiber_tract	0.24882097551527535		BMP4|BMPR1A|Cortex_3->Fiber_tract
1716	BMP4	BMPR1A	Cortex_3	Cortex_2	0.24837035772678134		BMP4|BMPR1A|Cortex_3->Cortex_2
1717	FGF10	FGFR2	Lateral_ventricle	Hippocampus	0.2483351334028109		FGF10|FGFR2|Lateral_ventricle->Hippocampus
1718	VEGFA	KDR	Hippocampus	Hypothalamus_1	0.24816983322176		VEGFA|KDR|Hippocampus->Hypothalamus_1
1719	KITL	KIT	Cortex_5	Fiber_tract	0.2481372063604984		KITL|KIT|Cortex_5->Fiber_tract
1720	KITL	KIT	Cortex_5	Hypothalamus_2	0.24811346061601985		KITL|KIT|Cortex_5->Hypothalamus_2
1721	SHH	PTCH1	Striatum	Lateral_ventricle	0.24807476866868586		SHH|PTCH1|Striatum->Lateral_ventricle
1722	VEGFA	KDR	Pyramidal_layer	Hypothalamus_2	0.24777736835051		VEGFA|KDR|Pyramidal_layer->Hypothalamus_2
1723	SHH	PTCH1	Hippocampus	Fiber_tract	0.24763945490418843		SHH|PTCH1|Hippocampus->Fiber_tract
1724	FGF10	FGFR2	Cortex_3	Striatum	0.24748173285286476		FGF10|FGFR2|Cortex_3->Striatum
1725	VEGFA	KDR	Fiber_tract	Hypothalamus_1	0.2474746870820349		VEGFA|KDR|Fiber_tract->Hypothalamus_1
1726	DLK1	NOTCH1	Lateral_ventricle	Cortex_3	0.24699998043076216		DLK1|NOTCH1|Lateral_ventricle->Cortex_3
1727	NRG1	ERBB4	Cortex_4	Cortex_2	0.24673238961607477		NRG1|ERBB4|Cortex_4->Cortex_2
1728	FGF10	FGFR2	Cortex_5	Hippocampus	0.2465747961477491		FGF10|FGFR2|Cortex_5->Hippocampus
1729	SHH	PTCH1	Lateral_ventricle	Fiber_tract	0.24648288021321743		SHH|PTCH1|Lateral_ventricle->Fiber_tract
1730	BMP4	BMPR1A	Fiber_tract	Hippocampus	0.24607306325239858		BMP4|BMPR1A|Fiber_tract->Hippocampus
1731	BMP4	BMPR1A	Fiber_tract	Cortex_1	0.24603650714934178		BMP4|BMPR1A|Fiber_tract->Cortex_1
1732	NOTCH1	JAG1	Lateral_ventricle	Cortex_5	0.2456700094910555		NOTCH1|JAG1|Lateral_ventricle->Cortex_5
1733	KITL	KIT	Lateral_ventricle	Cortex_2	0.24555700464625924		KITL|KIT|Lateral_ventricle->Cortex_2
1734	VEGFA	KDR	Pyramidal_layer	Cortex_1	0.24551051452326184		VEGFA|KDR|Pyramidal_layer->Cortex_1
1735	SHH	PTCH1	Hypothalamus_1	Lateral_ventricle	0.24535269454503672		SHH|PTCH1|Hypothalamus_1->Lateral_ventricle
1736	VEGFA	KDR	Pyramidal_layer	Pyramidal_layer_dentate_gyrus	0.2453255541361764	0.97	VEGFA|KDR|Pyramidal_layer->Pyramidal_layer_dentate_gyrus
1737	KITL	KIT	Striatum	Striatum	0.24522134340276902		KITL|KIT|Striatum->Striatum
1738	BMP4	BMPR1A	Cortex_5	Cortex_3	0.24495135461122142		BMP4|BMPR1A|Cortex_5->Cortex_3
1739	BMP4	BMPR1A	Striatum	Fiber_tract	0.24492912621307528		BMP4|BMPR1A|Striatum->Fiber_tract
1740	NRG1	ERBB4	Pyramidal_layer_dentate_gyrus	Cortex_1	0.2446856575446279		NRG1|ERBB4|Pyramidal_layer_dentate_gyrus->Cortex_1
1741	BMP4	BMPR1A	Striatum	Cortex_2	0.24447850842458127		BMP4|BMPR1A|Striatum->Cortex_2
1742	NRG1	ERBB4	Fiber_tract	Cortex_5	0.24436085924650325		NRG1|ERBB4|Fiber_tract->Cortex_5
1743	NRG1	ERBB4	Cortex_5	Cortex_3	0.24435745115884377		NRG1|ERBB4|Cortex_5->Cortex_3
1744	BMP4	BMPR1A	Cortex_3	Thalamus_1	0.24429113593002327		BMP4|BMPR1A|Cortex_3->Thalamus_1
1745	WNT5A	FZD7	Lateral_ventricle	Fiber_tract	0.24415713642098658		WNT5A|FZD7|Lateral_ventricle->Fiber_tract
1746	KITL	KIT	Lateral_ventricle	Hippocampus	0.24409630116041717		KITL|KIT|Lateral_ventricle->Hippocampus
1747	NRG1	ERBB4	Thalamus_2	Cortex_2	0.2437247204287497		NRG1|ERBB4|Thalamus_2->Cortex_2
1748	NRG1	ERBB4	Cortex_5	Hypothalamus_2	0.24359025528306288		NRG1|ERBB4|Cortex_5->Hypothalamus_2
1749	BMP4	BMPR1A	Pyramidal_layer	Fiber_tract	0.24352612950651895		BMP4|BMPR1A|Pyramidal_layer->Fiber_tract
1750	FGF10	FGFR2	Hypothalamus_2	Hippocampus	0.24331732025146807		FGF10|FGFR2|Hypothalamus_2->Hippocampus
1751	DLK1	NOTCH1	Fiber_tract	Fiber_tract	0.2433077222214336		DLK1|NOTCH1|Fiber_tract->Fiber_tract
1752	DLK1	NOTCH1	Cortex_2	Lateral_ventricle	0.24318130482495526		DLK1|NOTCH1|Cortex_2->Lateral_ventricle
1753	BMP4	BMPR1A	Pyramidal_layer	Cortex_2	0.24307551171802494		BMP4|BMPR1A|Pyramidal_layer->Cortex_2
1754	DLK1	NOTCH1	Thalamus_2	Striatum	0.2429169372874586		DLK1|NOTCH1|Thalamus_2->Striatum
1755	NRG1	ERBB4	Cortex_4	Cortex_4	0.2426639511817839		NRG1|ERBB4|Cortex_4->Cortex_4
1756	BMP4	BMPR1A	Cortex_5	Cortex_4	0.24254999660824667		BMP4|BMPR1A|Cortex_5->Cortex_4
1757	NRG1	ERBB4	Cortex_1	Cortex_3	0.24227942821800474		NRG1|ERBB4|Cortex_1->Cortex_3
1758	BMP4	BMPR1A	Cortex_2	Fiber_tract	0.2422142871916407		BMP4|BMPR1A|Cortex_2->Fiber_tract
1759	BMP4	BMPR1A	Cortex_2	Cortex_2	0.2417636694031467		BMP4|BMPR1A|Cortex_2->Cortex_2
1760	BMP4	BMPR1A	Hypothalamus_2	Fiber_tract	0.2417175684299478		BMP4|BMPR1A|Hypothalamus_2->Fiber_tract
1761	NRG1	ERBB4	Lateral_ventricle	Cortex_2	0.24162624752894804		NRG1|ERBB4|Lateral_ventricle->Cortex_2
1762	NRG1	ERBB4	Cortex_1	Hypothalamus_2	0.24151223234222385		NRG1|ERBB4|Cortex_1->Hypothalamus_2
1763	NOTCH1	JAG1	Fiber_tract	Lateral_ventricle	0.24131137559271243		NOTCH1|JAG1|Fiber_tract->Lateral_ventricle
1764	VEGFA	KDR	Hippocampus	Cortex_3	0.2412843284923531		VEGFA|KDR|Hippocampus->Cortex_3
1765	BMP4	BMPR1A	Hypothalamus_2	Cortex_2	0.2412669506414538		BMP4|BMPR1A|Hypothalamus_2->Cortex_2
1766	NOTCH1	JAG1	Lateral_ventricle	Pyramidal_layer_dentate_gyrus	0.24124500944333918		NOTCH1|JAG1|Lateral_ventricle->Pyramidal_layer_dentate_gyrus
1767	SHH	PTCH1	Hypothalamus_2	Lateral_ventricle	0.24124022734941994		SHH|PTCH1|Hypothalamus_2->Lateral_ventricle
1768	SHH	PTCH1	Cortex_3	Lateral_ventricle	0.24086824542756288		SHH|PTCH1|Cortex_3->Lateral_ventricle
1769	NRG1	ERBB4	Cortex_2	Cortex_2	0.2406479529021779		NRG1|ERBB4|Cortex_2->Cortex_2
1770	VEGFA	KDR	Fiber_tract	Cortex_3	0.240589182352628		VEGFA|KDR|Fiber_tract->Cortex_3
1771	BMP4	BMPR1A	Striatum	Thalamus_1	0.2403992866278232		BMP4|BMPR1A|Striatum->Thalamus_1
1772	FGF10	FGFR2	Cortex_4	Thalamus_2	0.24031064837860563		FGF10|FGFR2|Cortex_4->Thalamus_2
1773	FGF10	FGFR2	Thalamus_2	Hippocampus	0.24023961115351603		FGF10|FGFR2|Thalamus_2->Hippocampus
1774	SHH	PTCH1	Cortex_1	Lateral_ventricle	0.24007987674203277		SHH|PTCH1|Cortex_1->Lateral_ventricle
1775	NRG1	ERBB4	Hypothalamus_1	Cortex_3	0.23980902306016766		NRG1|ERBB4|Hypothalamus_1->Cortex_3
1776	NRG1	ERBB4	Thalamus_2	Cortex_4	0.23965628199445885		NRG1|ERBB4|Thalamus_2->Cortex_4
1777	VEGFA	KDR	Hippocampus	Pyramidal_layer	0.2390899775187788		VEGFA|KDR|Hippocampus->Pyramidal_layer
1778	NRG1	ERBB4	Hypothalamus_1	Hypothalamus_2	0.23904182718438677		NRG1|ERBB4|Hypothalamus_1->Hypothalamus_2
1779	BMP4	BMPR1A	Pyramidal_layer	Thalamus_1	0.23899628992126687		BMP4|BMPR1A|Pyramidal_layer->Thalamus_1
1780	DLK1	NOTCH1	Thalamus_2	Hippocampus	0.23887922285493834		DLK1|NOTCH1|Thalamus_2->Hippocampus
1781	FGF10	FGFR2	Thalamus_1	Hippocampus	0.2387952504474529		FGF10|FGFR2|Thalamus_1->Hippocampus
1782	BMP4	BMPR1A	Thalamus_1	Fiber_tract	0.23855332633102064		BMP4|BMPR1A|Thalamus_1->Fiber_tract
1783	NRG1	ERBB4	Hypothalamus_2	Pyramidal_layer	0.23851347744539567		NRG1|ERBB4|Hypothalamus_2->Pyramidal_layer
1784	VEGFA	KDR	Hippocampus	Fiber_tract	0.2384681228061503		VEGFA|KDR|Hippocampus->Fiber_tract
1785	VEGFA	KDR	Fiber_tract	Pyramidal_layer	0.2383948313790537		VEGFA|KDR|Fiber_tract->Pyramidal_layer
1786	KITL	KIT	Fiber_tract	Cortex_3	0.2383683470499225		KITL|KIT|Fiber_tract->Cortex_3
1787	BMP4	BMPR1A	Thalamus_1	Cortex_2	0.23810270854252663		BMP4|BMPR1A|Thalamus_1->Cortex_2
1788	NRG1	ERBB4	Thalamus_1	Cortex_2	0.23783618817927152		NRG1|ERBB4|Thalamus_1->Cortex_2
1789	VEGFA	KDR	Fiber_tract	Fiber_tract	0.2377729766664252		VEGFA|KDR|Fiber_tract->Fiber_tract
1790	BMP4	BMPR1A	Hippocampus	Fiber_tract	0.23771616988781583		BMP4|BMPR1A|Hippocampus->Fiber_tract
1791	BMP4	BMPR1A	Cortex_2	Thalamus_1	0.23768444760638863		BMP4|BMPR1A|Cortex_2->Thalamus_1
1792	WNT5A	FZD7	Cortex_5	Lateral_ventricle	0.2375839740070922		WNT5A|FZD7|Cortex_5->Lateral_ventricle
1793	NRG1	ERBB4	Lateral_ventricle	Cortex_4	0.23755780909465718		NRG1|ERBB4|Lateral_ventricle->Cortex_4
1794	NRG1	ERBB4	Hippocampus	Cortex_5	0.23749258311294846		NRG1|ERBB4|Hippocampus->Cortex_5
1795	NOTCH1	JAG1	Lateral_ventricle	Thalamus_2	0.23745431611314416		NOTCH1|JAG1|Lateral_ventricle->Thalamus_2
1796	BMP4	BMPR1A	Hippocampus	Cortex_2	0.23726555209932182		BMP4|BMPR1A|Hippocampus->Cortex_2
1797	BMP4	BMPR1A	Hypothalamus_2	Thalamus_1	0.23718772884469572		BMP4|BMPR1A|Hypothalamus_2->Thalamus_1
1798	SHH	PTCH1	Thalamus_2	Lateral_ventricle	0.23710356368683277		SHH|PTCH1|Thalamus_2->Lateral_ventricle
1799	KITL	KIT	Hippocampus	Lateral_ventricle	0.2367814226078404		KITL|KIT|Hippocampus->Lateral_ventricle
1800	NRG1	ERBB4	Cortex_2	Cortex_4	0.23657951446788705		NRG1|ERBB4|Cortex_2->Cortex_4
1801	KITL	KIT	Pyramidal_layer	Cortex_4	0.23593137583302703		KITL|KIT|Pyramidal_layer->Cortex_4
1802	CXCL12	CXCR4	Cortex_2	Pyramidal_layer_dentate_gyrus	0.235794800173591		CXCL12|CXCR4|Cortex_2->Pyramidal_layer_dentate_gyrus
1803	NRG1	ERBB4	Striatum	Cortex_2	0.23575599710219347		NRG1|ERBB4|Striatum->Cortex_2
1804	WNT5A	FZD7	Hypothalamus_1	Lateral_ventricle	0.23574567225935694		WNT5A|FZD7|Hypothalamus_1->Lateral_ventricle
1805	NRG1	ERBB4	Pyramidal_layer	Cortex_1	0.23571185388125726		NRG1|ERBB4|Pyramidal_layer->Cortex_1
1806	NRG1	ERBB4	Cortex_3	Pyramidal_layer	0.2353732541471045		NRG1|ERBB4|Cortex_3->Pyramidal_layer
1807	DLK1	NOTCH1	Lateral_ventricle	Pyramidal_layer	0.23535674711068472		DLK1|NOTCH1|Lateral_ventricle->Pyramidal_layer
1808	FGF10	FGFR2	Pyramidal_layer	Hypothalamus_1	0.23535449996645197		FGF10|FGFR2|Pyramidal_layer->Hypothalamus_1
1809	KITL	KIT	Hypothalamus_2	Hypothalamus_1	0.23530448630760262		KITL|KIT|Hypothalamus_2->Hypothalamus_1
1810	WNT5A	FZD7	Lateral_ventricle	Pyramidal_layer_dentate_gyrus	0.23512659588468676		WNT5A|FZD7|Lateral_ventricle->Pyramidal_layer_dentate_gyrus
1811	VEGFA	KDR	Hippocampus	Striatum	0.23512178152731167		VEGFA|KDR|Hippocampus->Striatum
1812	KITL	KIT	Lateral_ventricle	Cortex_1	0.23487755990294223		KITL|KIT|Lateral_ventricle->Cortex_1
1813	FGF10	FGFR2	Cortex_3	Cortex_3	0.23483485123905978		FGF10|FGFR2|Cortex_3->Cortex_3
1814	VEGFA	KDR	Pyramidal_layer	Thalamus_2	0.2347963818215898		VEGFA|KDR|Pyramidal_layer->Thalamus_2
1815	WNT5A	FZD7	Hypothalamus_2	Lateral_ventricle	0.2345327481739503		WNT5A|FZD7|Hypothalamus_2->Lateral_ventricle
1816	VEGFA	KDR	Fiber_tract	Striatum	0.23442663538758657		VEGFA|KDR|Fiber_tract->Striatum
1817	BMP4	BMPR1A	Thalamus_1	Thalamus_1	0.23402348674576856		BMP4|BMPR1A|Thalamus_1->Thalamus_1
1818	DLK1	NOTCH1	Thalamus_2	Cortex_2	0.23400774860184462		DLK1|NOTCH1|Thalamus_2->Cortex_2
1819	NRG1	ERBB4	Thalamus_1	Cortex_4	0.23376774974498066		NRG1|ERBB4|Thalamus_1->Cortex_4
1820	SHH	PTCH1	Cortex_4	Lateral_ventricle	0.23327091295060104		SHH|PTCH1|Cortex_4->Lateral_ventricle
1821	BMP4	BMPR1A	Hippocampus	Thalamus_1	0.23318633030256375		BMP4|BMPR1A|Hippocampus->Thalamus_1
1822	FGF10	FGFR2	Pyramidal_layer_dentate_gyrus	Hypothalamus_1	0.23255498487316917		FGF10|FGFR2|Pyramidal_layer_dentate_gyrus->Hypothalamus_1
1823	KITL	KIT	Hippocampus	Cortex_2	0.2324821963536985		KITL|KIT|Hippocampus->Cortex_2
1824	NOTCH1	JAG1	Fiber_tract	Cortex_5	0.2321518081884174		NOTCH1|JAG1|Fiber_tract->Cortex_5
1825	VEGFA	KDR	Pyramidal_layer	Cortex_4	0.23197172882855283		VEGFA|KDR|Pyramidal_layer->Cortex_4
1826	BMP4	BMPR1A	Pyramidal_layer_dentate_gyrus	Fiber_tract	0.23176886135094615		BMP4|BMPR1A|Pyramidal_layer_dentate_gyrus->Fiber_tract
1827	NRG1	ERBB4	Striatum	Cortex_4	0.2316875586679026		NRG1|ERBB4|Striatum->Cortex_4
1828	BMP4	BMPR1A	Cortex_5	Hippocampus	0.2316276145048819		BMP4|BMPR1A|Cortex_5->Hippocampus
1829	BMP4	BMPR1A	Cortex_5	Cortex_1	0.2315910584018251		BMP4|BMPR1A|Cortex_5->Cortex_1
1830	NRG1	ERBB4	Cortex_4	Cortex_3	0.2315872589968553		NRG1|ERBB4|Cortex_4->Cortex_3
1831	BMP4	BMPR1A	Pyramidal_layer_dentate_gyrus	Cortex_2	0.23131824356245215		BMP4|BMPR1A|Pyramidal_layer_dentate_gyrus->Cortex_2
1832	KITL	KIT	Hypothalamus_1	Cortex_3	0.23122742870989316		KITL|KIT|Hypothalamus_1->Cortex_3
1833	FGF10	FGFR2	Fiber_tract	Hippocampus	0.23102671115162518		FGF10|FGFR2|Fiber_tract->Hippocampus
1834	KITL	KIT	Hippocampus	Hippocampus	0.23102149286785642		KITL|KIT|Hippocampus->Hippocampus
1835	NRG1	ERBB4	Cortex_4	Hypothalamus_2	0.23082006312107442		NRG1|ERBB4|Cortex_4->Hypothalamus_2
1836	KITL	KIT	Pyramidal_layer_dentate_gyrus	Hypothalamus_1	0.2306716703426312		KITL|KIT|Pyramidal_layer_dentate_gyrus->Hypothalamus_1
1837	NRG1	ERBB4	Pyramidal_layer_dentate_gyrus	Cortex_5	0.2305369283315992		NRG1|ERBB4|Pyramidal_layer_dentate_gyrus->Cortex_5
1838	KITL	KIT	Cortex_3	Fiber_tract	0.23041287982606948		KITL|KIT|Cortex_3->Fiber_tract
1839	KITL	KIT	Cortex_3	Hypothalamus_2	0.23038913408159095		KITL|KIT|Cortex_3->Hypothalamus_2
1840	KITL	KIT	Lateral_ventricle	Striatum	0.23004359863941964		KITL|KIT|Lateral_ventricle->Striatum
1841	WNT5A	FZD7	Cortex_4	Lateral_ventricle	0.2297368070000348		WNT5A|FZD7|Cortex_4->Lateral_ventricle
1842	DLK1	NOTCH1	Cortex_2	Fiber_tract	0.22966310352231717		DLK1|NOTCH1|Cortex_2->Fiber_tract
1843	BMP4	BMPR1A	Cortex_4	Fiber_tract	0.22948481831132736		BMP4|BMPR1A|Cortex_4->Fiber_tract
1844	WNT5A	FZD7	Pyramidal_layer_dentate_gyrus	Lateral_ventricle	0.22938290451254165		WNT5A|FZD7|Pyramidal_layer_dentate_gyrus->Lateral_ventricle
1845	NRG1	ERBB4	Cortex_5	Pyramidal_layer	0.2293218116411075		NRG1|ERBB4|Cortex_5->Pyramidal_layer
1846	NOTCH1	JAG1	Lateral_ventricle	Striatum	0.22932017093000848		NOTCH1|JAG1|Lateral_ventricle->Striatum
1847	NRG1	ERBB4	Fiber_tract	Cortex_2	0.22918048048658948		NRG1|ERBB4|Fiber_tract->Cortex_2
1848	BMP4	BMPR1A	Cortex_4	Cortex_2	0.22903420052283335		BMP4|BMPR1A|Cortex_4->Cortex_2
1849	CXCL12	CXCR4	Cortex_2	Hippocampus	0.22898230474487558		CXCL12|CXCR4|Cortex_2->Hippocampus
1850	FGF10	FGFR2	Hippocampus	Thalamus_2	0.228832333178788		FGF10|FGFR2|Hippocampus->Thalamus_2
1851	NRG1	ERBB4	Thalamus_2	Cortex_3	0.22857958980953025		NRG1|ERBB4|Thalamus_2->Cortex_3
1852	VEGFA	KDR	Pyramidal_layer	Hypothalamus_1	0.2283801866299558		VEGFA|KDR|Pyramidal_layer->Hypothalamus_1
1853	DLK1	NOTCH1	Cortex_3	Lateral_ventricle	0.22798422571332727		DLK1|NOTCH1|Cortex_3->Lateral_ventricle
1854	NRG1	ERBB4	Thalamus_2	Hypothalamus_2	0.22781239393374936		NRG1|ERBB4|Thalamus_2->Hypothalamus_2
1855	NOTCH1	JAG1	Fiber_tract	Pyramidal_layer_dentate_gyrus	0.2277268081407011		NOTCH1|JAG1|Fiber_tract->Pyramidal_layer_dentate_gyrus
1856	BMP4	BMPR1A	Hypothalamus_1	Fiber_tract	0.22764934065584994		BMP4|BMPR1A|Hypothalamus_1->Fiber_tract
1857	WNT5A	FZD7	Lateral_ventricle	Hypothalamus_1	0.22738649869685645		WNT5A|FZD7|Lateral_ventricle->Hypothalamus_1
1858	BMP4	BMPR1A	Cortex_1	Fiber_tract	0.2273784429819287		BMP4|BMPR1A|Cortex_1->Fiber_tract
1859	NRG1	ERBB4	Cortex_1	Pyramidal_layer	0.22724378870026846		NRG1|ERBB4|Cortex_1->Pyramidal_layer
1860	BMP4	BMPR1A	Pyramidal_layer_dentate_gyrus	Thalamus_1	0.22723902176569408		BMP4|BMPR1A|Pyramidal_layer_dentate_gyrus->Thalamus_1
1861	BMP4	BMPR1A	Hypothalamus_1	Cortex_2	0.22719872286735593		BMP4|BMPR1A|Hypothalamus_1->Cortex_2
1862	BMP4	BMPR1A	Cortex_1	Cortex_2	0.22692782519343468		BMP4|BMPR1A|Cortex_1->Cortex_2
1863	SHH	PTCH1	Cortex_2	Lateral_ventricle	0.22687311807185914		SHH|PTCH1|Cortex_2->Lateral_ventricle
1864	CXCL12	CXCR4	Thalamus_2	Lateral_ventricle	0.22655398982488328		CXCL12|CXCR4|Thalamus_2->Lateral_ventricle
1865	NRG1	ERBB4	Lateral_ventricle	Cortex_3	0.22648111690972858		NRG1|ERBB4|Lateral_ventricle->Cortex_3
1866	FGF10	FGFR2	Cortex_1	Thalamus_2	0.22641090943889053		FGF10|FGFR2|Cortex_1->Thalamus_2
1867	FGF10	FGFR2	Cortex_2	Thalamus_2	0.22602962794044476		FGF10|FGFR2|Cortex_2->Thalamus_2
1868	NRG1	ERBB4	Lateral_ventricle	Hypothalamus_2	0.2257139210339477		NRG1|ERBB4|Lateral_ventricle->Hypothalamus_2
1869	BMP4	BMPR1A	Cortex_3	Cortex_3	0.22570711465888335		BMP4|BMPR1A|Cortex_3->Cortex_3
1870	SHH	PTCH1	Thalamus_1	Pyramidal_layer_dentate_gyrus	0.22569943679816112		SHH|PTCH1|Thalamus_1->Pyramidal_layer_dentate_gyrus
1871	NRG1	ERBB4	Cortex_2	Cortex_3	0.22550282228295843		NRG1|ERBB4|Cortex_2->Cortex_3
1872	KITL	KIT	Cortex_5	Thalamus_1	0.2253675637736015		KITL|KIT|Cortex_5->Thalamus_1
1873	KITL	KIT	Striatum	Hypothalamus_1	0.2252778147158572		KITL|KIT|Striatum->Hypothalamus_1
1874	DLK1	NOTCH1	Thalamus_1	Lateral_ventricle	0.22513709088851666		DLK1|NOTCH1|Thalamus_1->Lateral_ventricle
1875	NRG1	ERBB4	Fiber_tract	Cortex_4	0.22511204205229862		NRG1|ERBB4|Fiber_tract->Cortex_4
1876	BMP4	BMPR1A	Cortex_4	Thalamus_1	0.22495497872607528		BMP4|BMPR1A|Cortex_4->Thalamus_1
1877	CXCL12	CXCR4	Cortex_2	Hypothalamus_1	0.22483830371817512		CXCL12|CXCR4|Cortex_2->Hypothalamus_1
1878	NRG1	ERBB4	Hypothalamus_1	Pyramidal_layer	0.22477338354243137		NRG1|ERBB4|Hypothalamus_1->Pyramidal_layer
1879	NRG1	ERBB4	Cortex_2	Hypothalamus_2	0.22473562640717754		NRG1|ERBB4|Cortex_2->Hypothalamus_2
1880	BMP4	BMPR1A	Thalamus_2	Fiber_tract	0.22451010471687907		BMP4|BMPR1A|Thalamus_2->Fiber_tract
1881	SHH	PTCH1	Fiber_tract	Lateral_ventricle	0.22429670581599603		SHH|PTCH1|Fiber_tract->Lateral_ventricle
1882	DLK1	NOTCH1	Cortex_5	Lateral_ventricle	0.22426214213519133		DLK1|NOTCH1|Cortex_5->Lateral_ventricle
1883	FGF10	FGFR2	Hypothalamus_1	Thalamus_2	0.22416316946514714		FGF10|FGFR2|Hypothalamus_1->Thalamus_2
1884	BMP4	BMPR1A	Thalamus_2	Cortex_2	0.22405948692838507		BMP4|BMPR1A|Thalamus_2->Cortex_2
1885	NOTCH1	JAG1	Fiber_tract	Thalamus_2	0.22393611481050607		NOTCH1|JAG1|Fiber_tract->Thalamus_2
1886	FGF10	FGFR2	Cortex_4	Striatum	0.22387583904406605		FGF10|FGFR2|Cortex_4->Striatum
1887	SHH	PTCH1	Cortex_5	Lateral_ventricle	0.2236631666043008		SHH|PTCH1|Cortex_5->Lateral_ventricle
1888	NOTCH1	JAG1	Lateral_ventricle	Thalamus_1	0.22360663492789212		NOTCH1|JAG1|Lateral_ventricle->Thalamus_1
1889	CXCL12	CXCR4	Cortex_2	Fiber_tract	0.22357074247167677		CXCL12|CXCR4|Cortex_2->Fiber_tract
1890	NRG1	ERBB4	Hypothalamus_2	Lateral_ventricle	0.2234248705002897		NRG1|ERBB4|Hypothalamus_2->Lateral_ventricle
1891	BMP4	BMPR1A	Cortex_3	Cortex_4	0.2233057566559086		BMP4|BMPR1A|Cortex_3->Cortex_4
1892	NOTCH1	JAG1	Lateral_ventricle	Hypothalamus_2	0.22329663278016829		NOTCH1|JAG1|Lateral_ventricle->Hypothalamus_2
1893	BMP4	BMPR1A	Hypothalamus_1	Thalamus_1	0.22311950107059786		BMP4|BMPR1A|Hypothalamus_1->Thalamus_1
1894	BMP4	BMPR1A	Cortex_1	Thalamus_1	0.22284860339667661		BMP4|BMPR1A|Cortex_1->Thalamus_1
1895	NRG1	ERBB4	Thalamus_1	Cortex_3	0.22269105756005206		NRG1|ERBB4|Thalamus_1->Cortex_3
1896	WNT5A	FZD7	Lateral_ventricle	Thalamus_2	0.22262337641302674		WNT5A|FZD7|Lateral_ventricle->Thalamus_2
1897	SHH	PTCH1	Pyramidal_layer	Lateral_ventricle	0.22256398640927813		SHH|PTCH1|Pyramidal_layer->Lateral_ventricle
1898	WNT5A	FZD7	Lateral_ventricle	Cortex_2	0.2224144404864828		WNT5A|FZD7|Lateral_ventricle->Cortex_2
1899	NRG1	ERBB4	Hippocampus	Cortex_2	0.2223122043530347		NRG1|ERBB4|Hippocampus->Cortex_2
1900	NRG1	ERBB4	Thalamus_1	Hypothalamus_2	0.22192386168427117		NRG1|ERBB4|Thalamus_1->Hypothalamus_2
1901	CXCL12	CXCR4	Cortex_2	Thalamus_2	0.22189573858213524		CXCL12|CXCR4|Cortex_2->Thalamus_2
1902	NOTCH1	JAG1	Lateral_ventricle	Hypothalamus_1	0.22188528791929668		NOTCH1|JAG1|Lateral_ventricle->Hypothalamus_1
1903	BMP4	BMPR1A	Striatum	Cortex_3	0.22181526535668328		BMP4|BMPR1A|Striatum->Cortex_3
1904	KITL	KIT	Hippocampus	Cortex_1	0.2218027516103815		KITL|KIT|Hippocampus->Cortex_1
1905	CXCL12	CXCR4	Pyramidal_layer	Lateral_ventricle	0.22161728881654283		CXCL12|CXCR4|Pyramidal_layer->Lateral_ventricle
1906	NRG1	ERBB4	Pyramidal_layer	Cortex_5	0.22156312466822856		NRG1|ERBB4|Pyramidal_layer->Cortex_5
1907	KITL	KIT	Cortex_5	Thalamus_2	0.2215020435829755		KITL|KIT|Cortex_5->Thalamus_2
1908	VEGFA	KDR	Pyramidal_layer	Cortex_3	0.22149468190054888		VEGFA|KDR|Pyramidal_layer->Cortex_3
1909	CXCL12	CXCR4	Cortex_2	Cortex_5	0.22146007079824698		CXCL12|CXCR4|Cortex_2->Cortex_5
1910	NOTCH1	JAG1	Lateral_ventricle	Cortex_1	0.22105925267850848		NOTCH1|JAG1|Lateral_ventricle->Cortex_1
1911	DLK1	NOTCH1	Thalamus_2	Thalamus_2	0.2208814142116656		DLK1|NOTCH1|Thalamus_2->Thalamus_2
1912	WNT5A	FZD7	Lateral_ventricle	Hypothalamus_2	0.22087072830899318		WNT5A|FZD7|Lateral_ventricle->Hypothalamus_2
1913	FGF10	FGFR2	Striatum	Thalamus_2	0.22061847099955223		FGF10|FGFR2|Striatum->Thalamus_2
1914	NRG1	ERBB4	Striatum	Cortex_3	0.220610866482974		NRG1|ERBB4|Striatum->Cortex_3
1915	SHH	PTCH1	Striatum	Pyramidal_layer_dentate_gyrus	0.22049126845900138		SHH|PTCH1|Striatum->Pyramidal_layer_dentate_gyrus
1916	BMP4	BMPR1A	Pyramidal_layer	Cortex_3	0.22041226865012695		BMP4|BMPR1A|Pyramidal_layer->Cortex_3
1917	NRG1	ERBB4	Cortex_3	Lateral_ventricle	0.22028464720199853		NRG1|ERBB4|Cortex_3->Lateral_ventricle
1918	BMP4	BMPR1A	Thalamus_2	Thalamus_1	0.219980265131627		BMP4|BMPR1A|Thalamus_2->Thalamus_1
1919	NOTCH1	JAG1	Lateral_ventricle	Cortex_2	0.21989557680452843		NOTCH1|JAG1|Lateral_ventricle->Cortex_2
1920	NRG1	ERBB4	Striatum	Hypothalamus_2	0.21984367060719312		NRG1|ERBB4|Striatum->Hypothalamus_2
1921	SHH	PTCH1	Hippocampus	Lateral_ventricle	0.21955342284730964		SHH|PTCH1|Hippocampus->Lateral_ventricle
1922	CXCL12	CXCR4	Cortex_2	Cortex_4	0.21946685611452177		CXCL12|CXCR4|Cortex_2->Cortex_4
1923	BMP4	BMPR1A	Striatum	Cortex_4	0.21941390735370853		BMP4|BMPR1A|Striatum->Cortex_4
1924	DLK1	NOTCH1	Cortex_4	Lateral_ventricle	0.21936071309738042		DLK1|NOTCH1|Cortex_4->Lateral_ventricle
1925	CXCL12	CXCR4	Cortex_2	Hypothalamus_2	0.21934535136161737		CXCL12|CXCR4|Cortex_2->Hypothalamus_2
1926	VEGFA	KDR	Pyramidal_layer	Pyramidal_layer	0.2193003309269746	1.0	VEGFA|KDR|Pyramidal_layer->Pyramidal_layer
1927	BMP4	BMPR1A	Cortex_2	Cortex_3	0.2191004263352487		BMP4|BMPR1A|Cortex_2->Cortex_3
1928	VEGFA	KDR	Pyramidal_layer	Fiber_tract	0.21867847621434608		VEGFA|KDR|Pyramidal_layer->Fiber_tract
1929	BMP4	BMPR1A	Hypothalamus_2	Cortex_3	0.2186037075735558		BMP4|BMPR1A|Hypothalamus_2->Cortex_3
1930	CXCL12	CXCR4	Cortex_2	Cortex_3	0.21854628290304529		CXCL12|CXCR4|Cortex_2->Cortex_3
1931	CXCL12	CXCR4	Cortex_2	Striatum	0.21844826247117238		CXCL12|CXCR4|Cortex_2->Striatum
1932	SHH	PTCH1	Lateral_ventricle	Lateral_ventricle	0.21839684815633864		SHH|PTCH1|Lateral_ventricle->Lateral_ventricle
1933	NRG1	ERBB4	Hippocampus	Cortex_4	0.21824376591874384		NRG1|ERBB4|Hippocampus->Cortex_4
1934	BMP4	BMPR1A	Pyramidal_layer	Cortex_4	0.2180109106471522		BMP4|BMPR1A|Pyramidal_layer->Cortex_4
1935	SHH	PTCH1	Hypothalamus_1	Pyramidal_layer_dentate_gyrus	0.21776919433535225		SHH|PTCH1|Hypothalamus_1->Pyramidal_layer_dentate_gyrus
1936	CXCL12	CXCR4	Cortex_2	Cortex_2	0.2177647304674067		CXCL12|CXCR4|Cortex_2->Cortex_2
1937	WNT5A	FZD7	Lateral_ventricle	Striatum	0.2174888923778142		WNT5A|FZD7|Lateral_ventricle->Striatum
1938	CXCL12	CXCR4	Cortex_2	Pyramidal_layer	0.2172764668215949		CXCL12|CXCR4|Cortex_2->Pyramidal_layer
1939	CXCL12	CXCR4	Cortex_2	Cortex_1	0.217195026898682		CXCL12|CXCR4|Cortex_2->Cortex_1
1940	FGF10	FGFR2	Lateral_ventricle	Thalamus_2	0.21714106884430207		FGF10|FGFR2|Lateral_ventricle->Thalamus_2
1941	KITL	KIT	Hippocampus	Striatum	0.2169687903468589		KITL|KIT|Hippocampus->Striatum
1942	CXCL12	CXCR4	Cortex_2	Thalamus_1	0.21680160702382956		CXCL12|CXCR4|Cortex_2->Thalamus_1
1943	BMP4	BMPR1A	Cortex_2	Cortex_4	0.21669906833227395		BMP4|BMPR1A|Cortex_2->Cortex_4
1944	NRG1	ERBB4	Cortex_4	Pyramidal_layer	0.21655161947911902		NRG1|ERBB4|Cortex_4->Pyramidal_layer
1945	KITL	KIT	Fiber_tract	Lateral_ventricle	0.2164981744834958		KITL|KIT|Fiber_tract->Lateral_ventricle
1946	BMP4	BMPR1A	Hypothalamus_2	Cortex_4	0.21620234957058104		BMP4|BMPR1A|Hypothalamus_2->Cortex_4
1947	NOTCH1	JAG1	Fiber_tract	Striatum	0.2158019696273704		NOTCH1|JAG1|Fiber_tract->Striatum
1948	BMP4	BMPR1A	Thalamus_1	Cortex_3	0.21543946547462864		BMP4|BMPR1A|Thalamus_1->Cortex_3
1949	FGF10	FGFR2	Cortex_5	Thalamus_2	0.21538073158924026		FGF10|FGFR2|Cortex_5->Thalamus_2
1950	NRG1	ERBB4	Pyramidal_layer_dentate_gyrus	Cortex_2	0.21535654957168543		NRG1|ERBB4|Pyramidal_layer_dentate_gyrus->Cortex_2
1951	VEGFA	KDR	Pyramidal_layer	Striatum	0.21533213493550746		VEGFA|KDR|Pyramidal_layer->Striatum
1952	WNT5A	FZD7	Hippocampus	Lateral_ventricle	0.21496892215125504		WNT5A|FZD7|Hippocampus->Lateral_ventricle
1953	BMP4	BMPR1A	Hippocampus	Cortex_3	0.21460230903142383		BMP4|BMPR1A|Hippocampus->Cortex_3
1954	DLK1	NOTCH1	Thalamus_2	Hypothalamus_1	0.2145318269180373		DLK1|NOTCH1|Thalamus_2->Hypothalamus_1
1955	DLK1	NOTCH1	Cortex_3	Fiber_tract	0.21446602441068918		DLK1|NOTCH1|Cortex_3->Fiber_tract
1956	NRG1	ERBB4	Hypothalamus_2	Hypothalamus_1	0.21430638170019525		NRG1|ERBB4|Hypothalamus_2->Hypothalamus_1
1957	NRG1	ERBB4	Cortex_5	Lateral_ventricle	0.21423320469600152		NRG1|ERBB4|Cortex_5->Lateral_ventricle
1958	KITL	KIT	Pyramidal_layer	Cortex_3	0.21413130303561267		KITL|KIT|Pyramidal_layer->Cortex_3
1959	NRG1	ERBB4	Hypothalamus_2	Fiber_tract	0.2140906940392371		NRG1|ERBB4|Hypothalamus_2->Fiber_tract
1960	KITL	KIT	Hypothalamus_2	Fiber_tract	0.21405740812102575		KITL|KIT|Hypothalamus_2->Fiber_tract
1961	NRG1	ERBB4	Fiber_tract	Cortex_3	0.21403534986737002		NRG1|ERBB4|Fiber_tract->Cortex_3
1962	KITL	KIT	Hypothalamus_2	Hypothalamus_2	0.2140336623765472		KITL|KIT|Hypothalamus_2->Hypothalamus_2
1963	SHH	PTCH1	Hypothalamus_2	Pyramidal_layer_dentate_gyrus	0.21365672713973546		SHH|PTCH1|Hypothalamus_2->Pyramidal_layer_dentate_gyrus
1964	WNT5A	FZD7	Lateral_ventricle	Thalamus_1	0.21361739346415995		WNT5A|FZD7|Lateral_ventricle->Thalamus_1
1965	NRG1	ERBB4	Thalamus_2	Pyramidal_layer	0.21354395029179396		NRG1|ERBB4|Thalamus_2->Pyramidal_layer
1966	NOTCH1	JAG1	Lateral_ventricle	Fiber_tract	0.2133266046247651		NOTCH1|JAG1|Lateral_ventricle->Fiber_tract
1967	NRG1	ERBB4	Hypothalamus_2	Hippocampus	0.21331483443230864		NRG1|ERBB4|Hypothalamus_2->Hippocampus
1968	SHH	PTCH1	Cortex_3	Pyramidal_layer_dentate_gyrus	0.2132847452178784		SHH|PTCH1|Cortex_3->Pyramidal_layer_dentate_gyrus
1969	NRG1	ERBB4	Fiber_tract	Hypothalamus_2	0.21326815399158913		NRG1|ERBB4|Fiber_tract->Hypothalamus_2
1970	BMP4	BMPR1A	Thalamus_1	Cortex_4	0.2130381074716539		BMP4|BMPR1A|Thalamus_1->Cortex_4
1971	SHH	PTCH1	Cortex_1	Pyramidal_layer_dentate_gyrus	0.2124963765323483		SHH|PTCH1|Cortex_1->Pyramidal_layer_dentate_gyrus
1972	FGF10	FGFR2	Hippocampus	Striatum	0.21239752384424843		FGF10|FGFR2|Hippocampus->Striatum
1973	BMP4	BMPR1A	Cortex_3	Hippocampus	0.21238337455254383		BMP4|BMPR1A|Cortex_3->Hippocampus
1974	DLK1	NOTCH1	Thalamus_2	Pyramidal_layer_dentate_gyrus	0.21236206181164757		DLK1|NOTCH1|Thalamus_2->Pyramidal_layer_dentate_gyrus
1975	BMP4	BMPR1A	Cortex_3	Cortex_1	0.21234681844948702		BMP4|BMPR1A|Cortex_3->Cortex_1
1976	BMP4	BMPR1A	Hippocampus	Cortex_4	0.21220095102844908		BMP4|BMPR1A|Hippocampus->Cortex_4
1977	KITL	KIT	Fiber_tract	Cortex_2	0.2121989482293538		KITL|KIT|Fiber_tract->Cortex_2
1978	NRG1	ERBB4	Cortex_1	Lateral_ventricle	0.2121551817551625		NRG1|ERBB4|Cortex_1->Lateral_ventricle
1979	FGF10	FGFR2	Hypothalamus_2	Thalamus_2	0.21212325569295923		FGF10|FGFR2|Hypothalamus_2->Thalamus_2
1980	DLK1	NOTCH1	Thalamus_2	Cortex_1	0.21170242317239513		DLK1|NOTCH1|Thalamus_2->Cortex_1
1981	DLK1	NOTCH1	Cortex_1	Lateral_ventricle	0.21169571510293114		DLK1|NOTCH1|Cortex_1->Lateral_ventricle
1982	DLK1	NOTCH1	Thalamus_1	Fiber_tract	0.21161888958587857		DLK1|NOTCH1|Thalamus_1->Fiber_tract
1983	WNT5A	FZD7	Lateral_ventricle	Hippocampus	0.21160700411333233		WNT5A|FZD7|Lateral_ventricle->Hippocampus
1984	NRG1	ERBB4	Lateral_ventricle	Pyramidal_layer	0.2114454773919923		NRG1|ERBB4|Lateral_ventricle->Pyramidal_layer
1985	NRG1	ERBB4	Pyramidal_layer_dentate_gyrus	Cortex_4	0.21128811113739457		NRG1|ERBB4|Pyramidal_layer_dentate_gyrus->Cortex_4
1986	FGF10	FGFR2	Cortex_4	Cortex_3	0.21122895743026107		FGF10|FGFR2|Cortex_4->Cortex_3
1987	NRG1	ERBB4	Cortex_3	Hypothalamus_1	0.21116615840190409		NRG1|ERBB4|Cortex_3->Hypothalamus_1
1988	NRG1	ERBB4	Cortex_3	Fiber_tract	0.21095047074094594		NRG1|ERBB4|Cortex_3->Fiber_tract
1989	DLK1	NOTCH1	Cortex_5	Fiber_tract	0.21074394083255324		DLK1|NOTCH1|Cortex_5->Fiber_tract
1990	KITL	KIT	Fiber_tract	Hippocampus	0.21073824474351177		KITL|KIT|Fiber_tract->Hippocampus
1991	FGF10	FGFR2	Cortex_3	Hypothalamus_1	0.2105426769116412		FGF10|FGFR2|Cortex_3->Hypothalamus_1
1992	SPP1	CD44	Cortex_5	Thalamus_2	0.21048098163816414		SPP1|CD44|Cortex_5->Thalamus_2
1993	NRG1	ERBB4	Cortex_2	Pyramidal_layer	0.21046718276522214		NRG1|ERBB4|Cortex_2->Pyramidal_layer
1994	DLK1	NOTCH1	Pyramidal_layer_dentate_gyrus	Lateral_ventricle	0.21039064118967338		DLK1|NOTCH1|Pyramidal_layer_dentate_gyrus->Lateral_ventricle
1995	NOTCH1	JAG1	Lateral_ventricle	Hippocampus	0.21026368653989053		NOTCH1|JAG1|Lateral_ventricle->Hippocampus
1996	CXCL12	CXCR4	Thalamus_2	Pyramidal_layer_dentate_gyrus	0.21024844329347653		CXCL12|CXCR4|Thalamus_2->Pyramidal_layer_dentate_gyrus
1997	DLK1	NOTCH1	Fiber_tract	Cortex_5	0.21022052942496183		DLK1|NOTCH1|Fiber_tract->Cortex_5
1998	NRG1	ERBB4	Cortex_3	Hippocampus	0.21017461113401747		NRG1|ERBB4|Cortex_3->Hippocampus
1999	NOTCH1	JAG1	Lateral_ventricle	Pyramidal_layer	0.21012482543786368		NOTCH1|JAG1|Lateral_ventricle->Pyramidal_layer
2000	KITL	KIT	Lateral_ventricle	Hypothalamus_1	0.21010006995250782		KITL|KIT|Lateral_ventricle->Hypothalamus_1
2001	NOTCH1	JAG1	Fiber_tract	Thalamus_1	0.21008843362525403		NOTCH1|JAG1|Fiber_tract->Thalamus_1
2002	WNT5A	FZD7	Lateral_ventricle	Cortex_4	0.20997896474828287		WNT5A|FZD7|Lateral_ventricle->Cortex_4
2003	FGF10	FGFR2	Cortex_1	Striatum	0.20997610010435094		FGF10|FGFR2|Cortex_1->Striatum
2004	NOTCH1	JAG1	Fiber_tract	Hypothalamus_2	0.2097784314775302		NOTCH1|JAG1|Fiber_tract->Hypothalamus_2
2005	FGF10	FGFR2	Pyramidal_layer	Pyramidal_layer	0.20972980168603716	0.82	FGF10|FGFR2|Pyramidal_layer->Pyramidal_layer
2006	NRG1	ERBB4	Hypothalamus_1	Lateral_ventricle	0.20968477659732537		NRG1|ERBB4|Hypothalamus_1->Lateral_ventricle
2007	FGF10	FGFR2	Cortex_2	Striatum	0.20959481860590518		FGF10|FGFR2|Cortex_2->Striatum
2008	SHH	PTCH1	Thalamus_2	Pyramidal_layer_dentate_gyrus	0.2095200634771483		SHH|PTCH1|Thalamus_2->Pyramidal_layer_dentate_gyrus
2009	KITL	KIT	Pyramidal_layer_dentate_gyrus	Fiber_tract	0.20942459215605433		KITL|KIT|Pyramidal_layer_dentate_gyrus->Fiber_tract
2010	KITL	KIT	Pyramidal_layer_dentate_gyrus	Hypothalamus_2	0.2094008464115758		KITL|KIT|Pyramidal_layer_dentate_gyrus->Hypothalamus_2
2011	KITL	KIT	Hypothalamus_1	Lateral_ventricle	0.20935725614346645		KITL|KIT|Hypothalamus_1->Lateral_ventricle
2012	DLK1	NOTCH1	Hippocampus	Lateral_ventricle	0.20918742211552355		DLK1|NOTCH1|Hippocampus->Lateral_ventricle
2013	FGF10	FGFR2	Thalamus_2	Thalamus_2	0.20904554659500718		FGF10|FGFR2|Thalamus_2->Thalamus_2
2014	DLK1	NOTCH1	Pyramidal_layer	Lateral_ventricle	0.20879965186828658		DLK1|NOTCH1|Pyramidal_layer->Lateral_ventricle
2015	BMP4	BMPR1A	Pyramidal_layer_dentate_gyrus	Cortex_3	0.20865500049455415		BMP4|BMPR1A|Pyramidal_layer_dentate_gyrus->Cortex_3
2016	BMP4	BMPR1A	Striatum	Hippocampus	0.20849152525034376		BMP4|BMPR1A|Striatum->Hippocampus
2017	BMP4	BMPR1A	Striatum	Cortex_1	0.20845496914728695		BMP4|BMPR1A|Striatum->Cortex_1
2018	NOTCH1	JAG1	Fiber_tract	Hypothalamus_1	0.2083670866166586		NOTCH1|JAG1|Fiber_tract->Hypothalamus_1
2019	NOTCH1	JAG1	Cortex_5	Lateral_ventricle	0.20822418279624066		NOTCH1|JAG1|Cortex_5->Lateral_ventricle
2020	NOTCH1	JAG1	Lateral_ventricle	Cortex_4	0.20811762824291136		NOTCH1|JAG1|Lateral_ventricle->Cortex_4
2021	CXCL12	CXCR4	Striatum	Lateral_ventricle	0.20810302936730263		CXCL12|CXCR4|Striatum->Lateral_ventricle
2022	WNT5A	FZD7	Lateral_ventricle	Cortex_3	0.20774243980366955		WNT5A|FZD7|Lateral_ventricle->Cortex_3
2023	FGF10	FGFR2	Hypothalamus_1	Striatum	0.20772836013060755		FGF10|FGFR2|Hypothalamus_1->Striatum
2024	NRG1	ERBB4	Thalamus_1	Pyramidal_layer	0.20765541804231577		NRG1|ERBB4|Thalamus_1->Pyramidal_layer
2025	KITL	KIT	Cortex_3	Thalamus_1	0.20764323723917255		KITL|KIT|Cortex_3->Thalamus_1
2026	FGF10	FGFR2	Thalamus_1	Thalamus_2	0.20760118588894405		FGF10|FGFR2|Thalamus_1->Thalamus_2
2027	NOTCH1	JAG1	Fiber_tract	Cortex_1	0.2075410513758704		NOTCH1|JAG1|Fiber_tract->Cortex_1
2028	FGF10	FGFR2	Pyramidal_layer	Cortex_5	0.2074672644370022		FGF10|FGFR2|Pyramidal_layer->Cortex_5
2029	NRG1	ERBB4	Hippocampus	Cortex_3	0.20716707373381524		NRG1|ERBB4|Hippocampus->Cortex_3
2030	BMP4	BMPR1A	Pyramidal_layer	Hippocampus	0.20708852854378743		BMP4|BMPR1A|Pyramidal_layer->Hippocampus
2031	BMP4	BMPR1A	Pyramidal_layer	Cortex_1	0.20705197244073062		BMP4|BMPR1A|Pyramidal_layer->Cortex_1
2032	FGF10	FGFR2	Pyramidal_layer_dentate_gyrus	Pyramidal_layer	0.20693028659275434	0.87	FGF10|FGFR2|Pyramidal_layer_dentate_gyrus->Pyramidal_layer
2033	NRG1	ERBB4	Hippocampus	Hypothalamus_2	0.20639987785803435		NRG1|ERBB4|Hippocampus->Hypothalamus_2
2034	NRG1	ERBB4	Pyramidal_layer	Cortex_2	0.2063827459083148		NRG1|ERBB4|Pyramidal_layer->Cortex_2
2035	NOTCH1	JAG1	Fiber_tract	Cortex_2	0.20637737550189034		NOTCH1|JAG1|Fiber_tract->Cortex_2
2036	BMP4	BMPR1A	Cortex_4	Cortex_3	0.20637095745493536		BMP4|BMPR1A|Cortex_4->Cortex_3
2037	BMP4	BMPR1A	Pyramidal_layer_dentate_gyrus	Cortex_4	0.2062536424915794		BMP4|BMPR1A|Pyramidal_layer_dentate_gyrus->Cortex_4
2038	DLK1	NOTCH1	Cortex_4	Fiber_tract	0.20584251179474233		DLK1|NOTCH1|Cortex_4->Fiber_tract
2039	BMP4	BMPR1A	Cortex_2	Hippocampus	0.20577668622890918		BMP4|BMPR1A|Cortex_2->Hippocampus
2040	BMP4	BMPR1A	Cortex_2	Cortex_1	0.20574013012585238		BMP4|BMPR1A|Cortex_2->Cortex_1
2041	SHH	PTCH1	Cortex_4	Pyramidal_layer_dentate_gyrus	0.20568741274091656		SHH|PTCH1|Cortex_4->Pyramidal_layer_dentate_gyrus
2042	NRG1	ERBB4	Striatum	Pyramidal_layer	0.20557522696523772		NRG1|ERBB4|Striatum->Pyramidal_layer
2043	WNT5A	FZD7	Fiber_tract	Lateral_ventricle	0.20551565212260003		WNT5A|FZD7|Fiber_tract->Lateral_ventricle
2044	CXCL12	CXCR4	Hypothalamus_1	Lateral_ventricle	0.20551077583907068		CXCL12|CXCR4|Hypothalamus_1->Lateral_ventricle
2045	WNT5A	FZD7	Thalamus_1	Lateral_ventricle	0.2053432778771875		WNT5A|FZD7|Thalamus_1->Lateral_ventricle
2046	CXCL12	CXCR4	Pyramidal_layer	Pyramidal_layer_dentate_gyrus	0.20531174228513607	0.99	CXCL12|CXCR4|Pyramidal_layer->Pyramidal_layer_dentate_gyrus
2047	BMP4	BMPR1A	Hypothalamus_2	Hippocampus	0.20527996746721627		BMP4|BMPR1A|Hypothalamus_2->Hippocampus
2048	BMP4	BMPR1A	Hypothalamus_2	Cortex_1	0.20524341136415947		BMP4|BMPR1A|Hypothalamus_2->Cortex_1
2049	NRG1	ERBB4	Cortex_5	Hypothalamus_1	0.20511471589590707		NRG1|ERBB4|Cortex_5->Hypothalamus_1
2050	KITL	KIT	Hypothalamus_1	Cortex_2	0.2050580298893245		KITL|KIT|Hypothalamus_1->Cortex_2
2051	FGF10	FGFR2	Pyramidal_layer	Cortex_1	0.2049307333246763		FGF10|FGFR2|Pyramidal_layer->Cortex_1
2052	NRG1	ERBB4	Cortex_5	Fiber_tract	0.20489902823494893		NRG1|ERBB4|Cortex_5->Fiber_tract
2053	WNT5A	FZD7	Lateral_ventricle	Pyramidal_layer	0.20471147543617657		WNT5A|FZD7|Lateral_ventricle->Pyramidal_layer
2054	FGF10	FGFR2	Pyramidal_layer_dentate_gyrus	Cortex_5	0.2046677493437194		FGF10|FGFR2|Pyramidal_layer_dentate_gyrus->Cortex_5
2055	BMP4	BMPR1A	Hypothalamus_1	Cortex_3	0.20453547979945794		BMP4|BMPR1A|Hypothalamus_1->Cortex_3
2056	BMP4	BMPR1A	Cortex_1	Cortex_3	0.2042645821255367		BMP4|BMPR1A|Cortex_1->Cortex_3
2057	FGF10	FGFR2	Striatum	Striatum	0.20418366166501264		FGF10|FGFR2|Striatum->Striatum
2058	NRG1	ERBB4	Cortex_5	Hippocampus	0.20412316862802046		NRG1|ERBB4|Cortex_5->Hippocampus
2059	KITL	KIT	Striatum	Fiber_tract	0.20403073652928033		KITL|KIT|Striatum->Fiber_tract
2060	KITL	KIT	Striatum	Hypothalamus_2	0.20400699078480178		KITL|KIT|Striatum->Hypothalamus_2
2061	BMP4	BMPR1A	Cortex_4	Cortex_4	0.2039695994519606		BMP4|BMPR1A|Cortex_4->Cortex_4
2062	KITL	KIT	Cortex_3	Thalamus_2	0.20377771704854658		KITL|KIT|Cortex_3->Thalamus_2
2063	KITL	KIT	Hypothalamus_1	Hippocampus	0.20359732640348244		KITL|KIT|Hypothalamus_1->Hippocampus
2064	CXCL12	CXCR4	Thalamus_2	Hippocampus	0.2034359478647611		CXCL12|CXCR4|Thalamus_2->Hippocampus
2065	NRG1	ERBB4	Cortex_1	Hypothalamus_1	0.20303669295506804		NRG1|ERBB4|Cortex_1->Hypothalamus_1
2066	NRG1	ERBB4	Cortex_1	Fiber_tract	0.2028210052941099		NRG1|ERBB4|Cortex_1->Fiber_tract
2067	DLK1	NOTCH1	Thalamus_2	Cortex_4	0.20233370089237163		DLK1|NOTCH1|Thalamus_2->Cortex_4
2068	NRG1	ERBB4	Pyramidal_layer	Cortex_4	0.20231430747402393		NRG1|ERBB4|Pyramidal_layer->Cortex_4
2069	SPP1	CD44	Hypothalamus_2	Thalamus_2	0.20230648610775911		SPP1|CD44|Hypothalamus_2->Thalamus_2
2070	BMP4	BMPR1A	Hypothalamus_1	Cortex_4	0.20213412179648318		BMP4|BMPR1A|Hypothalamus_1->Cortex_4
2071	FGF10	FGFR2	Pyramidal_layer_dentate_gyrus	Cortex_1	0.20213121823139346		FGF10|FGFR2|Pyramidal_layer_dentate_gyrus->Cortex_1
2072	BMP4	BMPR1A	Thalamus_1	Hippocampus	0.20211572536828912		BMP4|BMPR1A|Thalamus_1->Hippocampus
2073	BMP4	BMPR1A	Thalamus_1	Cortex_1	0.2020791692652323		BMP4|BMPR1A|Thalamus_1->Cortex_1
2074	NRG1	ERBB4	Cortex_1	Hippocampus	0.20204514568718143		NRG1|ERBB4|Cortex_1->Hippocampus
2075	NOTCH1	JAG1	Lateral_ventricle	Cortex_3	0.20192992858222272		NOTCH1|JAG1|Lateral_ventricle->Cortex_3
2076	BMP4	BMPR1A	Cortex_1	Cortex_4	0.20186322412256194		BMP4|BMPR1A|Cortex_1->Cortex_4
2077	WNT5A	FZD7	Lateral_ventricle	Cortex_1	0.20164100235736584		WNT5A|FZD7|Lateral_ventricle->Cortex_1
2078	KITL	KIT	Fiber_tract	Cortex_1	0.20151950348603687		KITL|KIT|Fiber_tract->Cortex_1
2079	NRG1	ERBB4	Cortex_4	Lateral_ventricle	0.20146301253401305		NRG1|ERBB4|Cortex_4->Lateral_ventricle
2080	BMP4	BMPR1A	Thalamus_2	Cortex_3	0.20139624386048707		BMP4|BMPR1A|Thalamus_2->Cortex_3
2081	BMP4	BMPR1A	Hippocampus	Hippocampus	0.2012785689250843		BMP4|BMPR1A|Hippocampus->Hippocampus
2082	BMP4	BMPR1A	Hippocampus	Cortex_1	0.2012420128220275		BMP4|BMPR1A|Hippocampus->Cortex_1
2083	WNT5A	FZD7	Cortex_1	Lateral_ventricle	0.20082955401188413		WNT5A|FZD7|Cortex_1->Lateral_ventricle
2084	FGF10	FGFR2	Lateral_ventricle	Striatum	0.20070625950976248		FGF10|FGFR2|Lateral_ventricle->Striatum
2085	NRG1	ERBB4	Hypothalamus_1	Hypothalamus_1	0.20056628779723096		NRG1|ERBB4|Hypothalamus_1->Hypothalamus_1
2086	NRG1	ERBB4	Hypothalamus_1	Fiber_tract	0.20035060013627282		NRG1|ERBB4|Hypothalamus_1->Fiber_tract
2087	NRG1	ERBB4	Pyramidal_layer_dentate_gyrus	Cortex_3	0.20021141895246597		NRG1|ERBB4|Pyramidal_layer_dentate_gyrus->Cortex_3
2088	FGF10	FGFR2	Fiber_tract	Thalamus_2	0.19983264659311634		FGF10|FGFR2|Fiber_tract->Thalamus_2
2089	NOTCH1	JAG1	Fiber_tract	Fiber_tract	0.19980840332212702		NOTCH1|JAG1|Fiber_tract->Fiber_tract
2090	FGF10	FGFR2	Hippocampus	Cortex_3	0.19975064223044345		FGF10|FGFR2|Hippocampus->Cortex_3
2091	NRG1	ERBB4	Hypothalamus_1	Hippocampus	0.19957474052934432		NRG1|ERBB4|Hypothalamus_1->Hippocampus
2092	NRG1	ERBB4	Pyramidal_layer_dentate_gyrus	Hypothalamus_2	0.19944422307668508		NRG1|ERBB4|Pyramidal_layer_dentate_gyrus->Hypothalamus_2
2093	CXCL12	CXCR4	Thalamus_2	Hypothalamus_1	0.19929194683806065		CXCL12|CXCR4|Thalamus_2->Hypothalamus_1
2094	SHH	PTCH1	Cortex_2	Pyramidal_layer_dentate_gyrus	0.19928961786217467		SHH|PTCH1|Cortex_2->Pyramidal_layer_dentate_gyrus
2095	NOTCH1	JAG1	Cortex_5	Cortex_5	0.19906461539194564		NOTCH1|JAG1|Cortex_5->Cortex_5
2096	NRG1	ERBB4	Fiber_tract	Pyramidal_layer	0.19899971034963373		NRG1|ERBB4|Fiber_tract->Pyramidal_layer
2097	BMP4	BMPR1A	Thalamus_2	Cortex_4	0.19899488585751232		BMP4|BMPR1A|Thalamus_2->Cortex_4
2098	FGF10	FGFR2	Cortex_5	Striatum	0.19894592225470067		FGF10|FGFR2|Cortex_5->Striatum
2099	SHH	PTCH1	Thalamus_1	Pyramidal_layer	0.19860661486556247		SHH|PTCH1|Thalamus_1->Pyramidal_layer
2100	CXCL12	CXCR4	Pyramidal_layer	Hippocampus	0.19849924685642065		CXCL12|CXCR4|Pyramidal_layer->Hippocampus
2101	NRG1	ERBB4	Thalamus_2	Lateral_ventricle	0.198455343346688		NRG1|ERBB4|Thalamus_2->Lateral_ventricle
2102	DLK1	NOTCH1	Cortex_1	Fiber_tract	0.19817751380029305		DLK1|NOTCH1|Cortex_1->Fiber_tract
2103	WNT5A	FZD7	Thalamus_2	Lateral_ventricle	0.19814303031723415		WNT5A|FZD7|Thalamus_2->Lateral_ventricle
2104	CXCL12	CXCR4	Thalamus_2	Fiber_tract	0.1980243855915623		CXCL12|CXCR4|Thalamus_2->Fiber_tract
2105	DLK1	NOTCH1	Thalamus_2	Cortex_3	0.1977904747962911		DLK1|NOTCH1|Thalamus_2->Cortex_3
2106	FGF10	FGFR2	Pyramidal_layer	Pyramidal_layer_dentate_gyrus	0.19773545716197882	0.93	FGF10|FGFR2|Pyramidal_layer->Pyramidal_layer_dentate_gyrus
2107	FGF10	FGFR2	Cortex_1	Cortex_3	0.19732921849054597		FGF10|FGFR2|Cortex_1->Cortex_3
2108	KITL	KIT	Hippocampus	Hypothalamus_1	0.19702526165994708		KITL|KIT|Hippocampus->Hypothalamus_1
2109	FGF10	FGFR2	Cortex_2	Cortex_3	0.1969479369921002		FGF10|FGFR2|Cortex_2->Cortex_3
2110	DLK1	NOTCH1	Pyramidal_layer_dentate_gyrus	Fiber_tract	0.1968724398870353		DLK1|NOTCH1|Pyramidal_layer_dentate_gyrus->Fiber_tract
2111	NOTCH1	JAG1	Fiber_tract	Hippocampus	0.19674548523725244		NOTCH1|JAG1|Fiber_tract->Hippocampus
2112	SHH	PTCH1	Fiber_tract	Pyramidal_layer_dentate_gyrus	0.19671320560631156		SHH|PTCH1|Fiber_tract->Pyramidal_layer_dentate_gyrus
2113	KITL	KIT	Fiber_tract	Striatum	0.19668554222251428		KITL|KIT|Fiber_tract->Striatum
2114	NOTCH1	JAG1	Fiber_tract	Pyramidal_layer	0.1966066241352256		NOTCH1|JAG1|Fiber_tract->Pyramidal_layer
2115	WNT5A	FZD7	Cortex_2	Lateral_ventricle	0.19660097845996202		WNT5A|FZD7|Cortex_2->Lateral_ventricle
2116	DLK1	NOTCH1	Cortex_2	Cortex_5	0.1965759107258454		DLK1|NOTCH1|Cortex_2->Cortex_5
2117	NRG1	ERBB4	Lateral_ventricle	Lateral_ventricle	0.19635687044688632		NRG1|ERBB4|Lateral_ventricle->Lateral_ventricle
2118	CXCL12	CXCR4	Thalamus_2	Thalamus_2	0.19634938170202076		CXCL12|CXCR4|Thalamus_2->Thalamus_2
2119	SHH	PTCH1	Cortex_5	Pyramidal_layer_dentate_gyrus	0.19607966639461633		SHH|PTCH1|Cortex_5->Pyramidal_layer_dentate_gyrus
2120	CXCL12	CXCR4	Thalamus_2	Cortex_5	0.1959137139181325		CXCL12|CXCR4|Thalamus_2->Cortex_5
2121	FGF10	FGFR2	Hypothalamus_2	Striatum	0.19568844635841964		FGF10|FGFR2|Hypothalamus_2->Striatum
2122	DLK1	NOTCH1	Hippocampus	Fiber_tract	0.19566922081288546		DLK1|NOTCH1|Hippocampus->Fiber_tract
2123	NRG1	ERBB4	Cortex_2	Lateral_ventricle	0.1953785758201162		NRG1|ERBB4|Cortex_2->Lateral_ventricle
2124	BMP4	BMPR1A	Pyramidal_layer_dentate_gyrus	Hippocampus	0.19533126038821463		BMP4|BMPR1A|Pyramidal_layer_dentate_gyrus->Hippocampus
2125	BMP4	BMPR1A	Pyramidal_layer_dentate_gyrus	Cortex_1	0.19529470428515783		BMP4|BMPR1A|Pyramidal_layer_dentate_gyrus->Cortex_1
2126	DLK1	NOTCH1	Pyramidal_layer	Fiber_tract	0.1952814505656485		DLK1|NOTCH1|Pyramidal_layer->Fiber_tract
2127	FGF10	FGFR2	Hypothalamus_1	Cortex_3	0.19508147851680258		FGF10|FGFR2|Hypothalamus_1->Cortex_3
2128	SHH	PTCH1	Pyramidal_layer	Pyramidal_layer_dentate_gyrus	0.19498048619959366	0.82	SHH|PTCH1|Pyramidal_layer->Pyramidal_layer_dentate_gyrus
2129	FGF10	FGFR2	Pyramidal_layer_dentate_gyrus	Pyramidal_layer_dentate_gyrus	0.19493594206869602	0.98	FGF10|FGFR2|Pyramidal_layer_dentate_gyrus->Pyramidal_layer_dentate_gyrus
2130	NOTCH1	JAG1	Cortex_5	Pyramidal_layer_dentate_gyrus	0.19463961534422933		NOTCH1|JAG1|Cortex_5->Pyramidal_layer_dentate_gyrus
2131	NOTCH1	JAG1	Fiber_tract	Cortex_4	0.19459942694027327		NOTCH1|JAG1|Fiber_tract->Cortex_4
2132	KITL	KIT	Hypothalamus_1	Cortex_1	0.19437858514600753		KITL|KIT|Hypothalamus_1->Cortex_1
2133	CXCL12	CXCR4	Pyramidal_layer	Hypothalamus_1	0.1943552458297202		CXCL12|CXCR4|Pyramidal_layer->Hypothalamus_1
2134	CXCL12	CXCR4	Thalamus_2	Cortex_4	0.1939204992344073		CXCL12|CXCR4|Thalamus_2->Cortex_4
2135	CXCL12	CXCR4	Thalamus_2	Hypothalamus_2	0.1937989944815029		CXCL12|CXCR4|Thalamus_2->Hypothalamus_2
2136	SHH	PTCH1	Striatum	Pyramidal_layer	0.19339844652640273		SHH|PTCH1|Striatum->Pyramidal_layer
2137	CXCL12	CXCR4	Pyramidal_layer	Fiber_tract	0.19308768458322184		CXCL12|CXCR4|Pyramidal_layer->Fiber_tract
2138	BMP4	BMPR1A	Cortex_4	Hippocampus	0.19304721734859584		BMP4|BMPR1A|Cortex_4->Hippocampus
2139	BMP4	BMPR1A	Cortex_4	Cortex_1	0.19301066124553903		BMP4|BMPR1A|Cortex_4->Cortex_1
2140	CXCL12	CXCR4	Thalamus_2	Cortex_3	0.1929999260229308		CXCL12|CXCR4|Thalamus_2->Cortex_3
2141	CXCL12	CXCR4	Thalamus_2	Striatum	0.1929019055910579		CXCL12|CXCR4|Thalamus_2->Striatum
2142	FGF10	FGFR2	Thalamus_2	Striatum	0.1926107372604676		FGF10|FGFR2|Thalamus_2->Striatum
2143	NRG1	ERBB4	Thalamus_1	Lateral_ventricle	0.1925668110972098		NRG1|ERBB4|Thalamus_1->Lateral_ventricle
2144	NRG1	ERBB4	Cortex_4	Hypothalamus_1	0.1923445237339186		NRG1|ERBB4|Cortex_4->Hypothalamus_1
2145	KITL	KIT	Pyramidal_layer	Lateral_ventricle	0.19226113046918597		KITL|KIT|Pyramidal_layer->Lateral_ventricle
2146	CXCL12	CXCR4	Thalamus_2	Cortex_2	0.1922183735872922		CXCL12|CXCR4|Thalamus_2->Cortex_2
2147	NRG1	ERBB4	Hippocampus	Pyramidal_layer	0.19213143421607895		NRG1|ERBB4|Hippocampus->Pyramidal_layer
2148	NRG1	ERBB4	Cortex_4	Fiber_tract	0.19212883607296047		NRG1|ERBB4|Cortex_4->Fiber_tract
2149	SHH	PTCH1	Hippocampus	Pyramidal_layer_dentate_gyrus	0.19196992263762516		SHH|PTCH1|Hippocampus->Pyramidal_layer_dentate_gyrus
2150	CXCL12	CXCR4	Striatum	Pyramidal_layer_dentate_gyrus	0.19179748283589587		CXCL12|CXCR4|Striatum->Pyramidal_layer_dentate_gyrus
2151	CXCL12	CXCR4	Thalamus_2	Pyramidal_layer	0.19173010994148043		CXCL12|CXCR4|Thalamus_2->Pyramidal_layer
2152	CXCL12	CXCR4	Thalamus_2	Cortex_1	0.19164867001856753		CXCL12|CXCR4|Thalamus_2->Cortex_1
2153	FGF10	FGFR2	Striatum	Cortex_3	0.19153678005120767		FGF10|FGFR2|Striatum->Cortex_3
2154	CXCL12	CXCR4	Pyramidal_layer	Thalamus_2	0.1914126806936803		CXCL12|CXCR4|Pyramidal_layer->Thalamus_2
2155	NRG1	ERBB4	Cortex_4	Hippocampus	0.191352976466032		NRG1|ERBB4|Cortex_4->Hippocampus
2156	KITL	KIT	Hypothalamus_2	Thalamus_1	0.19128776553412885		KITL|KIT|Hypothalamus_2->Thalamus_1
2157	CXCL12	CXCR4	Thalamus_2	Thalamus_1	0.19125525014371508		CXCL12|CXCR4|Thalamus_2->Thalamus_1
2158	NRG1	ERBB4	Pyramidal_layer	Cortex_3	0.19123761528909533		NRG1|ERBB4|Pyramidal_layer->Cortex_3
2159	BMP4	BMPR1A	Hypothalamus_1	Hippocampus	0.19121173969311842		BMP4|BMPR1A|Hypothalamus_1->Hippocampus
2160	BMP4	BMPR1A	Hypothalamus_1	Cortex_1	0.1911751835900616		BMP4|BMPR1A|Hypothalamus_1->Cortex_1
2161	FGF10	FGFR2	Thalamus_1	Striatum	0.19116637655440447		FGF10|FGFR2|Thalamus_1->Striatum
2162	CXCL12	CXCR4	Pyramidal_layer	Cortex_5	0.19097701290979205		CXCL12|CXCR4|Pyramidal_layer->Cortex_5
2163	BMP4	BMPR1A	Cortex_1	Hippocampus	0.19094084201919717		BMP4|BMPR1A|Cortex_1->Hippocampus
2164	BMP4	BMPR1A	Cortex_1	Cortex_1	0.19090428591614036		BMP4|BMPR1A|Cortex_1->Cortex_1
2165	NOTCH1	JAG1	Cortex_5	Thalamus_2	0.1908489220140343		NOTCH1|JAG1|Cortex_5->Thalamus_2
2166	SHH	PTCH1	Lateral_ventricle	Pyramidal_layer_dentate_gyrus	0.19081334794665417		SHH|PTCH1|Lateral_ventricle->Pyramidal_layer_dentate_gyrus
2167	SHH	PTCH1	Hypothalamus_1	Pyramidal_layer	0.1906763724027536		SHH|PTCH1|Hypothalamus_1->Pyramidal_layer
2168	NRG1	ERBB4	Striatum	Lateral_ventricle	0.19048662002013175		NRG1|ERBB4|Striatum->Lateral_ventricle
2169	NRG1	ERBB4	Pyramidal_layer	Hypothalamus_2	0.19047041941331444		NRG1|ERBB4|Pyramidal_layer->Hypothalamus_2
2170	WNT5A	FZD7	Cortex_3	Lateral_ventricle	0.18992487517397075		WNT5A|FZD7|Cortex_3->Lateral_ventricle
2171	KITL	KIT	Hypothalamus_1	Striatum	0.18954462388248494		KITL|KIT|Hypothalamus_1->Striatum
2172	NRG1	ERBB4	Thalamus_2	Hypothalamus_1	0.18933685454659355		NRG1|ERBB4|Thalamus_2->Hypothalamus_1
2173	CXCL12	CXCR4	Hypothalamus_1	Pyramidal_layer_dentate_gyrus	0.18920522930766392		CXCL12|CXCR4|Hypothalamus_1->Pyramidal_layer_dentate_gyrus
2174	NRG1	ERBB4	Thalamus_2	Fiber_tract	0.1891211668856354		NRG1|ERBB4|Thalamus_2->Fiber_tract
2175	CXCL12	CXCR4	Pyramidal_layer	Cortex_4	0.18898379822606684		CXCL12|CXCR4|Pyramidal_layer->Cortex_4
2176	CXCL12	CXCR4	Pyramidal_layer	Hypothalamus_2	0.18886229347316244		CXCL12|CXCR4|Pyramidal_layer->Hypothalamus_2
2177	KITL	KIT	Lateral_ventricle	Fiber_tract	0.18885299176593096		KITL|KIT|Lateral_ventricle->Fiber_tract
2178	KITL	KIT	Lateral_ventricle	Hypothalamus_2	0.1888292460214524		KITL|KIT|Lateral_ventricle->Hypothalamus_2
2179	NOTCH1	JAG1	Fiber_tract	Cortex_3	0.18841172727958463		NOTCH1|JAG1|Fiber_tract->Cortex_3
2180	NRG1	ERBB4	Thalamus_2	Hippocampus	0.18834530727870694		NRG1|ERBB4|Thalamus_2->Hippocampus
2181	BMP4	BMPR1A	Thalamus_2	Hippocampus	0.18807250375414755		BMP4|BMPR1A|Thalamus_2->Hippocampus
2182	CXCL12	CXCR4	Pyramidal_layer	Cortex_3	0.18806322501459036		CXCL12|CXCR4|Pyramidal_layer->Cortex_3
2183	FGF10	FGFR2	Lateral_ventricle	Cortex_3	0.1880593778959575		FGF10|FGFR2|Lateral_ventricle->Cortex_3
2184	BMP4	BMPR1A	Thalamus_2	Cortex_1	0.18803594765109075		BMP4|BMPR1A|Thalamus_2->Cortex_1
2185	CXCL12	CXCR4	Pyramidal_layer	Striatum	0.18796520458271745		CXCL12|CXCR4|Pyramidal_layer->Striatum
2186	KITL	KIT	Pyramidal_layer	Cortex_2	0.18796190421504402		KITL|KIT|Pyramidal_layer->Cortex_2
2187	FGF10	FGFR2	Pyramidal_layer	Cortex_4	0.1877087377461753		FGF10|FGFR2|Pyramidal_layer->Cortex_4
2188	KITL	KIT	Hypothalamus_2	Thalamus_2	0.18742224534350285		KITL|KIT|Hypothalamus_2->Thalamus_2
2189	CXCL12	CXCR4	Pyramidal_layer	Cortex_2	0.18728167257895176		CXCL12|CXCR4|Pyramidal_layer->Cortex_2
2190	NRG1	ERBB4	Lateral_ventricle	Hypothalamus_1	0.18723838164679188		NRG1|ERBB4|Lateral_ventricle->Hypothalamus_1
2191	NRG1	ERBB4	Hypothalamus_2	Pyramidal_layer_dentate_gyrus	0.187183647665736		NRG1|ERBB4|Hypothalamus_2->Pyramidal_layer_dentate_gyrus
2192	NRG1	ERBB4	Lateral_ventricle	Fiber_tract	0.18702269398583374		NRG1|ERBB4|Lateral_ventricle->Fiber_tract
2193	FGF10	FGFR2	Cortex_4	Hypothalamus_1	0.18693678310284248		FGF10|FGFR2|Cortex_4->Hypothalamus_1
2194	CXCL12	CXCR4	Pyramidal_layer	Pyramidal_layer	0.18679340893313998	1.0	CXCL12|CXCR4|Pyramidal_layer->Pyramidal_layer
2195	CXCL12	CXCR4	Pyramidal_layer	Cortex_1	0.18671196901022707		CXCL12|CXCR4|Pyramidal_layer->Cortex_1
2196	KITL	KIT	Pyramidal_layer_dentate_gyrus	Thalamus_1	0.1866549495691574		KITL|KIT|Pyramidal_layer_dentate_gyrus->Thalamus_1
2197	SHH	PTCH1	Hypothalamus_2	Pyramidal_layer	0.1865639052071368		SHH|PTCH1|Hypothalamus_2->Pyramidal_layer
2198	KITL	KIT	Pyramidal_layer	Hippocampus	0.18650120072920195		KITL|KIT|Pyramidal_layer->Hippocampus
2199	CXCL12	CXCR4	Pyramidal_layer	Thalamus_1	0.18631854913537463		CXCL12|CXCR4|Pyramidal_layer->Thalamus_1
2200	FGF10	FGFR2	Cortex_5	Cortex_3	0.1862990406408957		FGF10|FGFR2|Cortex_5->Cortex_3
2201	NRG1	ERBB4	Cortex_2	Hypothalamus_1	0.18626008702002173		NRG1|ERBB4|Cortex_2->Hypothalamus_1
2202	NRG1	ERBB4	Lateral_ventricle	Hippocampus	0.18624683437890527		NRG1|ERBB4|Lateral_ventricle->Hippocampus
2203	SHH	PTCH1	Cortex_3	Pyramidal_layer	0.18619192328527975		SHH|PTCH1|Cortex_3->Pyramidal_layer
2204	DLK1	NOTCH1	Thalamus_2	Pyramidal_layer	0.18614724147621364		DLK1|NOTCH1|Thalamus_2->Pyramidal_layer
2205	NRG1	ERBB4	Cortex_2	Fiber_tract	0.18604439935906358		NRG1|ERBB4|Cortex_2->Fiber_tract
2206	SHH	PTCH1	Cortex_1	Pyramidal_layer	0.18540355459974964		SHH|PTCH1|Cortex_1->Pyramidal_layer
2207	NRG1	ERBB4	Cortex_2	Hippocampus	0.18526853975213514		NRG1|ERBB4|Cortex_2->Hippocampus
2208	NRG1	ERBB4	Pyramidal_layer_dentate_gyrus	Pyramidal_layer	0.18517577943472968	0.69	NRG1|ERBB4|Pyramidal_layer_dentate_gyrus->Pyramidal_layer
2209	CXCL12	CXCR4	Striatum	Hippocampus	0.18498498740718045		CXCL12|CXCR4|Striatum->Hippocampus
2210	FGF10	FGFR2	Cortex_3	Pyramidal_layer	0.1849179786312264		FGF10|FGFR2|Cortex_3->Pyramidal_layer
2211	FGF10	FGFR2	Pyramidal_layer_dentate_gyrus	Cortex_4	0.18490922265289247		FGF10|FGFR2|Pyramidal_layer_dentate_gyrus->Cortex_4
2212	DLK1	NOTCH1	Fiber_tract	Hypothalamus_2	0.18449591968169637		DLK1|NOTCH1|Fiber_tract->Hypothalamus_2
2213	NRG1	ERBB4	Cortex_3	Pyramidal_layer_dentate_gyrus	0.18404342436744484		NRG1|ERBB4|Cortex_3->Pyramidal_layer_dentate_gyrus
2214	NRG1	ERBB4	Fiber_tract	Lateral_ventricle	0.18391110340452776		NRG1|ERBB4|Fiber_tract->Lateral_ventricle
2215	SPP1	CD44	Cortex_5	Lateral_ventricle	0.18382149284266158		SPP1|CD44|Cortex_5->Lateral_ventricle
2216	NRG1	ERBB4	Thalamus_1	Hypothalamus_1	0.18344832229711536		NRG1|ERBB4|Thalamus_1->Hypothalamus_1
2217	FGF10	FGFR2	Fiber_tract	Striatum	0.18339783725857675		FGF10|FGFR2|Fiber_tract->Striatum
2218	NRG1	ERBB4	Thalamus_1	Fiber_tract	0.18323263463615722		NRG1|ERBB4|Thalamus_1->Fiber_tract
2219	FGF10	FGFR2	Hypothalamus_2	Cortex_3	0.18304156474461467		FGF10|FGFR2|Hypothalamus_2->Cortex_3
2220	KITL	KIT	Pyramidal_layer_dentate_gyrus	Thalamus_2	0.18278942937853143		KITL|KIT|Pyramidal_layer_dentate_gyrus->Thalamus_2
2221	NOTCH1	JAG1	Cortex_5	Striatum	0.18271477683089862		NOTCH1|JAG1|Cortex_5->Striatum
2222	FGF10	FGFR2	Cortex_3	Cortex_5	0.18265544138219142		FGF10|FGFR2|Cortex_3->Cortex_5
2223	NOTCH1	JAG1	Hypothalamus_2	Lateral_ventricle	0.18249957305297518		NOTCH1|JAG1|Hypothalamus_2->Lateral_ventricle
2224	NRG1	ERBB4	Thalamus_1	Hippocampus	0.18245677502922875		NRG1|ERBB4|Thalamus_1->Hippocampus
2225	SHH	PTCH1	Thalamus_2	Pyramidal_layer	0.18242724154454965		SHH|PTCH1|Thalamus_2->Pyramidal_layer
2226	CXCL12	CXCR4	Hypothalamus_1	Hippocampus	0.1823927338789485		CXCL12|CXCR4|Hypothalamus_1->Hippocampus
2227	DLK1	NOTCH1	Fiber_tract	Thalamus_1	0.18225958310043655		DLK1|NOTCH1|Fiber_tract->Thalamus_1
2228	DLK1	NOTCH1	Cortex_3	Cortex_5	0.18137883161421742		DLK1|NOTCH1|Cortex_3->Cortex_5
2229	NRG1	ERBB4	Striatum	Hypothalamus_1	0.1813681312200373		NRG1|ERBB4|Striatum->Hypothalamus_1
2230	KITL	KIT	Striatum	Thalamus_1	0.18126109394238343		KITL|KIT|Striatum->Thalamus_1
2231	NRG1	ERBB4	Striatum	Fiber_tract	0.18115244355907917		NRG1|ERBB4|Striatum->Fiber_tract
2232	CXCL12	CXCR4	Striatum	Hypothalamus_1	0.18084098638048		CXCL12|CXCR4|Striatum->Hypothalamus_1
2233	NRG1	ERBB4	Striatum	Hippocampus	0.1803765839521507		NRG1|ERBB4|Striatum->Hippocampus
2234	NOTCH1	JAG1	Thalamus_1	Lateral_ventricle	0.18026323647171538		NOTCH1|JAG1|Thalamus_1->Lateral_ventricle
2235	FGF10	FGFR2	Cortex_3	Cortex_1	0.1801189102698655		FGF10|FGFR2|Cortex_3->Cortex_1
2236	FGF10	FGFR2	Thalamus_2	Cortex_3	0.17996385564666262		FGF10|FGFR2|Thalamus_2->Cortex_3
2237	NRG1	ERBB4	Hypothalamus_2	Thalamus_2	0.179886874010469		NRG1|ERBB4|Hypothalamus_2->Thalamus_2
2238	CXCL12	CXCR4	Striatum	Fiber_tract	0.17957342513398164		CXCL12|CXCR4|Striatum->Fiber_tract
2239	SHH	PTCH1	Thalamus_1	Cortex_1	0.17914811719662682		SHH|PTCH1|Thalamus_1->Cortex_1
2240	SHH	PTCH1	Cortex_4	Pyramidal_layer	0.1785945908083179		SHH|PTCH1|Cortex_4->Pyramidal_layer
2241	DLK1	NOTCH1	Thalamus_1	Cortex_5	0.1785316967894068		DLK1|NOTCH1|Thalamus_1->Cortex_5
2242	FGF10	FGFR2	Thalamus_1	Cortex_3	0.1785194949405995		FGF10|FGFR2|Thalamus_1->Cortex_3
2243	CXCL12	CXCR4	Hypothalamus_1	Hypothalamus_1	0.17824873285224804		CXCL12|CXCR4|Hypothalamus_1->Hypothalamus_1
2244	NRG1	ERBB4	Cortex_5	Pyramidal_layer_dentate_gyrus	0.17799198186144782		NRG1|ERBB4|Cortex_5->Pyramidal_layer_dentate_gyrus
2245	CXCL12	CXCR4	Striatum	Thalamus_2	0.1778984212444401		CXCL12|CXCR4|Striatum->Thalamus_2
2246	DLK1	NOTCH1	Cortex_5	Cortex_5	0.17765674803608147		DLK1|NOTCH1|Cortex_5->Cortex_5
2247	CXCL12	CXCR4	Striatum	Cortex_5	0.17746275346055185		CXCL12|CXCR4|Striatum->Cortex_5
2248	KITL	KIT	Striatum	Thalamus_2	0.17739557375175743		KITL|KIT|Striatum->Thalamus_2
2249	KITL	KIT	Pyramidal_layer	Cortex_1	0.17728245947172705		KITL|KIT|Pyramidal_layer->Cortex_1
2250	NRG1	ERBB4	Hippocampus	Lateral_ventricle	0.17704282727097298		NRG1|ERBB4|Hippocampus->Lateral_ventricle
2251	NOTCH1	JAG1	Cortex_5	Thalamus_1	0.17700124082878227		NOTCH1|JAG1|Cortex_5->Thalamus_1
2252	CXCL12	CXCR4	Hypothalamus_1	Fiber_tract	0.1769811716057497		CXCL12|CXCR4|Hypothalamus_1->Fiber_tract
2253	NRG1	ERBB4	Cortex_3	Thalamus_2	0.17674665071217782		NRG1|ERBB4|Cortex_3->Thalamus_2
2254	KITL	KIT	Fiber_tract	Hypothalamus_1	0.17674201353560243		KITL|KIT|Fiber_tract->Hypothalamus_1
2255	NOTCH1	JAG1	Cortex_5	Hypothalamus_2	0.17669123868105843		NOTCH1|JAG1|Cortex_5->Hypothalamus_2
2256	NRG1	ERBB4	Pyramidal_layer	Pyramidal_layer	0.17620197577135904	0.78	NRG1|ERBB4|Pyramidal_layer->Pyramidal_layer
2257	NRG1	ERBB4	Cortex_1	Pyramidal_layer_dentate_gyrus	0.1759139589206088		NRG1|ERBB4|Cortex_1->Pyramidal_layer_dentate_gyrus
2258	KITL	KIT	Hippocampus	Fiber_tract	0.1757781834733702		KITL|KIT|Hippocampus->Fiber_tract
2259	KITL	KIT	Hippocampus	Hypothalamus_2	0.17575443772889165		KITL|KIT|Hippocampus->Hypothalamus_2
2260	SPP1	CD44	Hypothalamus_2	Lateral_ventricle	0.17564699731225655		SPP1|CD44|Hypothalamus_2->Lateral_ventricle
2261	CXCL12	CXCR4	Striatum	Cortex_4	0.17546953877682664		CXCL12|CXCR4|Striatum->Cortex_4
2262	FGF10	FGFR2	Hippocampus	Hypothalamus_1	0.17545846790302486		FGF10|FGFR2|Hippocampus->Hypothalamus_1
2263	CXCL12	CXCR4	Striatum	Hypothalamus_2	0.17534803402392224		CXCL12|CXCR4|Striatum->Hypothalamus_2
2264	CXCL12	CXCR4	Hypothalamus_1	Thalamus_2	0.17530616771620816		CXCL12|CXCR4|Hypothalamus_1->Thalamus_2
2265	NOTCH1	JAG1	Cortex_5	Hypothalamus_1	0.17527989382018683		NOTCH1|JAG1|Cortex_5->Hypothalamus_1
2266	CXCL12	CXCR4	Hypothalamus_1	Cortex_5	0.1748704999323199		CXCL12|CXCR4|Hypothalamus_1->Cortex_5
2267	NRG1	ERBB4	Fiber_tract	Hypothalamus_1	0.17479261460443332		NRG1|ERBB4|Fiber_tract->Hypothalamus_1
2268	NRG1	ERBB4	Fiber_tract	Fiber_tract	0.17457692694347518		NRG1|ERBB4|Fiber_tract->Fiber_tract
2269	CXCL12	CXCR4	Striatum	Cortex_3	0.17454896556535016		CXCL12|CXCR4|Striatum->Cortex_3
2270	NOTCH1	JAG1	Cortex_5	Cortex_1	0.17445385857939863		NOTCH1|JAG1|Cortex_5->Cortex_1
2271	CXCL12	CXCR4	Striatum	Striatum	0.17445094513347725		CXCL12|CXCR4|Striatum->Striatum
2272	SHH	PTCH1	Thalamus_1	Cortex_2	0.17442161230033315		SHH|PTCH1|Thalamus_1->Cortex_2
2273	SHH	PTCH1	Thalamus_1	Cortex_5	0.17422733514117522		SHH|PTCH1|Thalamus_1->Cortex_5
2274	SHH	PTCH1	Striatum	Cortex_1	0.17393994885746708		SHH|PTCH1|Striatum->Cortex_1
2275	NRG1	ERBB4	Fiber_tract	Hippocampus	0.1738010673365467		NRG1|ERBB4|Fiber_tract->Hippocampus
2276	CXCL12	CXCR4	Striatum	Cortex_2	0.17376741312971156		CXCL12|CXCR4|Striatum->Cortex_2
2277	NRG1	ERBB4	Hypothalamus_1	Pyramidal_layer_dentate_gyrus	0.1734435537627717		NRG1|ERBB4|Hypothalamus_1->Pyramidal_layer_dentate_gyrus
2278	NOTCH1	JAG1	Hypothalamus_2	Cortex_5	0.17334000564868018		NOTCH1|JAG1|Hypothalamus_2->Cortex_5
2279	NOTCH1	JAG1	Cortex_5	Cortex_2	0.17329018270541857		NOTCH1|JAG1|Cortex_5->Cortex_2
2280	CXCL12	CXCR4	Striatum	Pyramidal_layer	0.17327914948389977		CXCL12|CXCR4|Striatum->Pyramidal_layer
2281	CXCL12	CXCR4	Striatum	Cortex_1	0.17319770956098687		CXCL12|CXCR4|Striatum->Cortex_1
2282	DLK1	NOTCH1	Fiber_tract	Striatum	0.17312080884856854		DLK1|NOTCH1|Fiber_tract->Striatum
2283	FGF10	FGFR2	Cortex_1	Hypothalamus_1	0.17303704416312737		FGF10|FGFR2|Cortex_1->Hypothalamus_1
2284	FGF10	FGFR2	Cortex_3	Pyramidal_layer_dentate_gyrus	0.17292363410716804		FGF10|FGFR2|Cortex_3->Pyramidal_layer_dentate_gyrus
2285	CXCL12	CXCR4	Hypothalamus_1	Cortex_4	0.1728772852485947		CXCL12|CXCR4|Hypothalamus_1->Cortex_4
2286	CXCL12	CXCR4	Striatum	Thalamus_1	0.17280428968613443		CXCL12|CXCR4|Striatum->Thalamus_1
2287	CXCL12	CXCR4	Hypothalamus_1	Hypothalamus_2	0.1727557804956903		CXCL12|CXCR4|Hypothalamus_1->Hypothalamus_2
2288	DLK1	NOTCH1	Cortex_4	Cortex_5	0.17275531899827057		DLK1|NOTCH1|Cortex_4->Cortex_5
2289	FGF10	FGFR2	Cortex_2	Hypothalamus_1	0.1726557626646816		FGF10|FGFR2|Cortex_2->Hypothalamus_1
2290	KITL	KIT	Pyramidal_layer	Striatum	0.17244849820820446		KITL|KIT|Pyramidal_layer->Striatum
2291	SHH	PTCH1	Cortex_2	Pyramidal_layer	0.172196795929576		SHH|PTCH1|Cortex_2->Pyramidal_layer
2292	CXCL12	CXCR4	Hypothalamus_1	Cortex_3	0.1719567120371182		CXCL12|CXCR4|Hypothalamus_1->Cortex_3
2293	CXCL12	CXCR4	Hypothalamus_1	Striatum	0.1718586916052453		CXCL12|CXCR4|Hypothalamus_1->Striatum
2294	SHH	PTCH1	Hypothalamus_1	Cortex_1	0.17121787473381794		SHH|PTCH1|Hypothalamus_1->Cortex_1
2295	CXCL12	CXCR4	Hypothalamus_1	Cortex_2	0.1711751596014796		CXCL12|CXCR4|Hypothalamus_1->Cortex_2
2296	NOTCH1	JAG1	Striatum	Lateral_ventricle	0.17112446221984734		NOTCH1|JAG1|Striatum->Lateral_ventricle
2297	NOTCH1	JAG1	Thalamus_1	Cortex_5	0.17110366906742036		NOTCH1|JAG1|Thalamus_1->Cortex_5
2298	DLK1	NOTCH1	Cortex_2	Hypothalamus_2	0.17085130098257995		DLK1|NOTCH1|Cortex_2->Hypothalamus_2
2299	FGF10	FGFR2	Hypothalamus_1	Hypothalamus_1	0.17078930418938398		FGF10|FGFR2|Hypothalamus_1->Hypothalamus_1
2300	FGF10	FGFR2	Fiber_tract	Cortex_3	0.17075095564477177		FGF10|FGFR2|Fiber_tract->Cortex_3
2301	NRG1	ERBB4	Cortex_5	Thalamus_2	0.1706952082061808		NRG1|ERBB4|Cortex_5->Thalamus_2
2302	CXCL12	CXCR4	Hypothalamus_1	Pyramidal_layer	0.17068689595566783		CXCL12|CXCR4|Hypothalamus_1->Pyramidal_layer
2303	CXCL12	CXCR4	Hypothalamus_1	Cortex_1	0.17060545603275493		CXCL12|CXCR4|Hypothalamus_1->Cortex_1
2304	CXCL12	CXCR4	Hypothalamus_1	Thalamus_1	0.17021203615790248		CXCL12|CXCR4|Hypothalamus_1->Thalamus_1
2305	NRG1	ERBB4	Pyramidal_layer_dentate_gyrus	Lateral_ventricle	0.1700871724896237		NRG1|ERBB4|Pyramidal_layer_dentate_gyrus->Lateral_ventricle
2306	SHH	PTCH1	Fiber_tract	Pyramidal_layer	0.1696203836737129		SHH|PTCH1|Fiber_tract->Pyramidal_layer
2307	KITL	KIT	Hypothalamus_1	Hypothalamus_1	0.1696010951955731		KITL|KIT|Hypothalamus_1->Hypothalamus_1
2308	SHH	PTCH1	Striatum	Cortex_2	0.16921344396117344		SHH|PTCH1|Striatum->Cortex_2
2309	DLK1	NOTCH1	Fiber_tract	Hippocampus	0.16908309441604824		DLK1|NOTCH1|Fiber_tract->Hippocampus
2310	SHH	PTCH1	Striatum	Cortex_5	0.1690191668020155		SHH|PTCH1|Striatum->Cortex_5
2311	SHH	PTCH1	Cortex_5	Pyramidal_layer	0.16898684446201767		SHH|PTCH1|Cortex_5->Pyramidal_layer
2312	NOTCH1	JAG1	Hypothalamus_2	Pyramidal_layer_dentate_gyrus	0.16891500560096384		NOTCH1|JAG1|Hypothalamus_2->Pyramidal_layer_dentate_gyrus
2313	NRG1	ERBB4	Cortex_1	Thalamus_2	0.16861718526534178		NRG1|ERBB4|Cortex_1->Thalamus_2
2314	DLK1	NOTCH1	Cortex_2	Thalamus_1	0.16861496440132012		DLK1|NOTCH1|Cortex_2->Thalamus_1
2315	NRG1	ERBB4	Hippocampus	Hypothalamus_1	0.16792433847087854		NRG1|ERBB4|Hippocampus->Hypothalamus_1
2316	SHH	PTCH1	Pyramidal_layer	Pyramidal_layer	0.167887664266995	0.95	SHH|PTCH1|Pyramidal_layer->Pyramidal_layer
2317	SHH	PTCH1	Thalamus_1	Cortex_4	0.16786512432073547		SHH|PTCH1|Thalamus_1->Cortex_4
2318	FGF10	FGFR2	Pyramidal_layer	Cortex_2	0.16774260544828823		FGF10|FGFR2|Pyramidal_layer->Cortex_2
2319	NRG1	ERBB4	Hippocampus	Fiber_tract	0.1677086508099204		NRG1|ERBB4|Hippocampus->Fiber_tract
2320	SPP1	CD44	Hypothalamus_1	Thalamus_2	0.167610466426525		SPP1|CD44|Hypothalamus_1->Thalamus_2
2321	FGF10	FGFR2	Striatum	Hypothalamus_1	0.16724460572378907		FGF10|FGFR2|Striatum->Hypothalamus_1
2322	SHH	PTCH1	Hypothalamus_2	Cortex_1	0.16710540753820116		SHH|PTCH1|Hypothalamus_2->Cortex_1
2323	NOTCH1	JAG1	Hippocampus	Lateral_ventricle	0.16708674778732707		NOTCH1|JAG1|Hippocampus->Lateral_ventricle
2324	NRG1	ERBB4	Hippocampus	Hippocampus	0.16693279120299193		NRG1|ERBB4|Hippocampus->Hippocampus
2325	SHH	PTCH1	Cortex_3	Cortex_1	0.1667334256163441		SHH|PTCH1|Cortex_3->Cortex_1
2326	NOTCH1	JAG1	Cortex_5	Fiber_tract	0.16672121052565525		NOTCH1|JAG1|Cortex_5->Fiber_tract
2327	NOTCH1	JAG1	Thalamus_1	Pyramidal_layer_dentate_gyrus	0.16667866901970405		NOTCH1|JAG1|Thalamus_1->Pyramidal_layer_dentate_gyrus
2328	SHH	PTCH1	Hypothalamus_1	Cortex_2	0.16649136983752427		SHH|PTCH1|Hypothalamus_1->Cortex_2
2329	SHH	PTCH1	Hypothalamus_1	Cortex_5	0.16629709267836634		SHH|PTCH1|Hypothalamus_1->Cortex_5
2330	NRG1	ERBB4	Hypothalamus_1	Thalamus_2	0.16614678010750467		NRG1|ERBB4|Hypothalamus_1->Thalamus_2
2331	KITL	KIT	Lateral_ventricle	Thalamus_1	0.16608334917903406		KITL|KIT|Lateral_ventricle->Thalamus_1
2332	SHH	PTCH1	Cortex_1	Cortex_1	0.165945056930814		SHH|PTCH1|Cortex_1->Cortex_1
2333	NRG1	ERBB4	Cortex_4	Pyramidal_layer_dentate_gyrus	0.16522178969945936		NRG1|ERBB4|Cortex_4->Pyramidal_layer_dentate_gyrus
2334	NOTCH1	JAG1	Hypothalamus_2	Thalamus_2	0.16512431227076885		NOTCH1|JAG1|Hypothalamus_2->Thalamus_2
2335	DLK1	NOTCH1	Cortex_1	Cortex_5	0.1650903210038213		DLK1|NOTCH1|Cortex_1->Cortex_5
2336	FGF10	FGFR2	Pyramidal_layer_dentate_gyrus	Cortex_2	0.16494309035500543		FGF10|FGFR2|Pyramidal_layer_dentate_gyrus->Cortex_2
2337	SHH	PTCH1	Hippocampus	Pyramidal_layer	0.1648771007050265		SHH|PTCH1|Hippocampus->Pyramidal_layer
2338	DLK1	NOTCH1	Fiber_tract	Cortex_2	0.16421162016295454		DLK1|NOTCH1|Fiber_tract->Cortex_2
2339	DLK1	NOTCH1	Pyramidal_layer_dentate_gyrus	Cortex_5	0.16378524709056352		DLK1|NOTCH1|Pyramidal_layer_dentate_gyrus->Cortex_5
2340	FGF10	FGFR2	Lateral_ventricle	Hypothalamus_1	0.1637672035685389		FGF10|FGFR2|Lateral_ventricle->Hypothalamus_1
2341	SHH	PTCH1	Lateral_ventricle	Pyramidal_layer	0.1637205260140555		SHH|PTCH1|Lateral_ventricle->Pyramidal_layer
2342	NOTCH1	JAG1	Cortex_5	Hippocampus	0.16365829244078067		NOTCH1|JAG1|Cortex_5->Hippocampus
2343	NOTCH1	JAG1	Cortex_5	Pyramidal_layer	0.16351943133875382		NOTCH1|JAG1|Cortex_5->Pyramidal_layer
2344	SHH	PTCH1	Thalamus_2	Cortex_1	0.162968743875614		SHH|PTCH1|Thalamus_2->Cortex_1
2345	FGF10	FGFR2	Cortex_3	Cortex_4	0.16289691469136452		FGF10|FGFR2|Cortex_3->Cortex_4
2346	NOTCH1	JAG1	Thalamus_1	Thalamus_2	0.16288797568950902		NOTCH1|JAG1|Thalamus_1->Thalamus_2
2347	SHH	PTCH1	Striatum	Cortex_4	0.16265695598157573		SHH|PTCH1|Striatum->Cortex_4
2348	DLK1	NOTCH1	Hippocampus	Cortex_5	0.1625820280164137		DLK1|NOTCH1|Hippocampus->Cortex_5
2349	SHH	PTCH1	Hypothalamus_2	Cortex_2	0.16237890264190752		SHH|PTCH1|Hypothalamus_2->Cortex_2
2350	WNT5A	FZD7	Pyramidal_layer	Lateral_ventricle	0.16232659100067048		WNT5A|FZD7|Pyramidal_layer->Lateral_ventricle
2351	KITL	KIT	Lateral_ventricle	Thalamus_2	0.16221782898840806		KITL|KIT|Lateral_ventricle->Thalamus_2
2352	NOTCH1	JAG1	Cortex_2	Lateral_ventricle	0.16221527353423337		NOTCH1|JAG1|Cortex_2->Lateral_ventricle
2353	NRG1	ERBB4	Thalamus_2	Pyramidal_layer_dentate_gyrus	0.1622141205121343		NRG1|ERBB4|Thalamus_2->Pyramidal_layer_dentate_gyrus
2354	DLK1	NOTCH1	Pyramidal_layer	Cortex_5	0.16219425776917673		DLK1|NOTCH1|Pyramidal_layer->Cortex_5
2355	SHH	PTCH1	Hypothalamus_2	Cortex_5	0.1621846254827496		SHH|PTCH1|Hypothalamus_2->Cortex_5
2356	SHH	PTCH1	Cortex_3	Cortex_2	0.16200692072005046		SHH|PTCH1|Cortex_3->Cortex_2
2357	FGF10	FGFR2	Cortex_5	Hypothalamus_1	0.1620068663134771		FGF10|FGFR2|Cortex_5->Hypothalamus_1
2358	NOTCH1	JAG1	Striatum	Cortex_5	0.16196489481555237		NOTCH1|JAG1|Striatum->Cortex_5
2359	SHH	PTCH1	Cortex_3	Cortex_5	0.16181264356089253		SHH|PTCH1|Cortex_3->Cortex_5
2360	NOTCH1	JAG1	Cortex_5	Cortex_4	0.1615122341438015		NOTCH1|JAG1|Cortex_5->Cortex_4
2361	FGF10	FGFR2	Cortex_4	Pyramidal_layer	0.16131208482242765		FGF10|FGFR2|Cortex_4->Pyramidal_layer
2362	SHH	PTCH1	Cortex_1	Cortex_2	0.16121855203452035		SHH|PTCH1|Cortex_1->Cortex_2
2363	NRG1	ERBB4	Pyramidal_layer	Lateral_ventricle	0.16111336882625307		NRG1|ERBB4|Pyramidal_layer->Lateral_ventricle
2364	SHH	PTCH1	Cortex_1	Cortex_5	0.16102427487536242		SHH|PTCH1|Cortex_1->Cortex_5
2365	NRG1	ERBB4	Pyramidal_layer_dentate_gyrus	Hypothalamus_1	0.16096868368952927		NRG1|ERBB4|Pyramidal_layer_dentate_gyrus->Hypothalamus_1
2366	NRG1	ERBB4	Pyramidal_layer_dentate_gyrus	Fiber_tract	0.16075299602857113		NRG1|ERBB4|Pyramidal_layer_dentate_gyrus->Fiber_tract
2367	NRG1	ERBB4	Lateral_ventricle	Pyramidal_layer_dentate_gyrus	0.16011564761233263		NRG1|ERBB4|Lateral_ventricle->Pyramidal_layer_dentate_gyrus
2368	NRG1	ERBB4	Pyramidal_layer_dentate_gyrus	Hippocampus	0.15997713642164266		NRG1|ERBB4|Pyramidal_layer_dentate_gyrus->Hippocampus
2369	SHH	PTCH1	Hypothalamus_1	Cortex_4	0.1599348818579266		SHH|PTCH1|Hypothalamus_1->Cortex_4
2370	DLK1	NOTCH1	Cortex_2	Striatum	0.15947619014945214		DLK1|NOTCH1|Cortex_2->Striatum
2371	NRG1	ERBB4	Cortex_2	Pyramidal_layer_dentate_gyrus	0.15913735298556247		NRG1|ERBB4|Cortex_2->Pyramidal_layer_dentate_gyrus
2372	SHH	PTCH1	Cortex_4	Cortex_1	0.15913609313938226		SHH|PTCH1|Cortex_4->Cortex_1
2373	FGF10	FGFR2	Cortex_4	Cortex_5	0.1590495475733927		FGF10|FGFR2|Cortex_4->Cortex_5
2374	FGF10	FGFR2	Hypothalamus_2	Hypothalamus_1	0.15874939041719607		FGF10|FGFR2|Hypothalamus_2->Hypothalamus_1
2375	SHH	PTCH1	Thalamus_2	Cortex_2	0.15824223897932035		SHH|PTCH1|Thalamus_2->Cortex_2
2376	SHH	PTCH1	Thalamus_2	Cortex_5	0.15804796182016242		SHH|PTCH1|Thalamus_2->Cortex_5
2377	NOTCH1	JAG1	Hippocampus	Cortex_5	0.15792718038303208		NOTCH1|JAG1|Hippocampus->Cortex_5
2378	NRG1	ERBB4	Cortex_4	Thalamus_2	0.15792501604419232		NRG1|ERBB4|Cortex_4->Thalamus_2
2379	NOTCH1	JAG1	Striatum	Pyramidal_layer_dentate_gyrus	0.15753989476783603		NOTCH1|JAG1|Striatum->Pyramidal_layer_dentate_gyrus
2380	SHH	PTCH1	Thalamus_1	Cortex_3	0.1573412405004881		SHH|PTCH1|Thalamus_1->Cortex_3
2381	WNT5A	FZD7	Striatum	Cortex_5	0.15728494245912877		WNT5A|FZD7|Striatum->Cortex_5
2382	NOTCH1	JAG1	Hypothalamus_2	Striatum	0.15699016708763316		NOTCH1|JAG1|Hypothalamus_2->Striatum
2383	SPP1	CD44	Striatum	Thalamus_2	0.15694284980380116		SPP1|CD44|Striatum->Thalamus_2
2384	FGF10	FGFR2	Cortex_4	Cortex_1	0.1565130164610668		FGF10|FGFR2|Cortex_4->Cortex_1
2385	NRG1	ERBB4	Thalamus_1	Pyramidal_layer_dentate_gyrus	0.1563255882626561		NRG1|ERBB4|Thalamus_1->Pyramidal_layer_dentate_gyrus
2386	SPP1	CD44	Cortex_5	Thalamus_1	0.1560639966610206		SPP1|CD44|Cortex_5->Thalamus_1
2387	SHH	PTCH1	Hypothalamus_2	Cortex_4	0.1558224146623098		SHH|PTCH1|Hypothalamus_2->Cortex_4
2388	FGF10	FGFR2	Thalamus_2	Hypothalamus_1	0.15567168131924403		FGF10|FGFR2|Thalamus_2->Hypothalamus_1
2389	DLK1	NOTCH1	Cortex_3	Hypothalamus_2	0.15565422187095196		DLK1|NOTCH1|Cortex_3->Hypothalamus_2
2390	KITL	KIT	Fiber_tract	Fiber_tract	0.15549493534902556		KITL|KIT|Fiber_tract->Fiber_tract
2391	KITL	KIT	Fiber_tract	Hypothalamus_2	0.15547118960454703		KITL|KIT|Fiber_tract->Hypothalamus_2
2392	SHH	PTCH1	Cortex_3	Cortex_4	0.15545043274045275		SHH|PTCH1|Cortex_3->Cortex_4
2393	DLK1	NOTCH1	Cortex_2	Hippocampus	0.15543847571693184		DLK1|NOTCH1|Cortex_2->Hippocampus
2394	NOTCH1	JAG1	Cortex_5	Cortex_3	0.15532453448311287		NOTCH1|JAG1|Cortex_5->Cortex_3
2395	SHH	PTCH1	Thalamus_1	Hippocampus	0.15509430473760824		SHH|PTCH1|Thalamus_1->Hippocampus
2396	NRG1	ERBB4	Thalamus_2	Thalamus_2	0.15491734685686728		NRG1|ERBB4|Thalamus_2->Thalamus_2
2397	NOTCH1	JAG1	Thalamus_1	Striatum	0.15475383050637334		NOTCH1|JAG1|Thalamus_1->Striatum
2398	SHH	PTCH1	Cortex_1	Cortex_4	0.15466206405492264		SHH|PTCH1|Cortex_1->Cortex_4
2399	SHH	PTCH1	Cortex_4	Cortex_2	0.15440958824308862		SHH|PTCH1|Cortex_4->Cortex_2
2400	NRG1	ERBB4	Striatum	Pyramidal_layer_dentate_gyrus	0.15424539718557806		NRG1|ERBB4|Striatum->Pyramidal_layer_dentate_gyrus
2401	FGF10	FGFR2	Thalamus_1	Hypothalamus_1	0.1542273206131809		FGF10|FGFR2|Thalamus_1->Hypothalamus_1
2402	SHH	PTCH1	Cortex_4	Cortex_5	0.1542153110839307		SHH|PTCH1|Cortex_4->Cortex_5
2403	NOTCH1	JAG1	Striatum	Thalamus_2	0.153749201437641		NOTCH1|JAG1|Striatum->Thalamus_2
2404	NOTCH1	JAG1	Hippocampus	Pyramidal_layer_dentate_gyrus	0.15350218033531576		NOTCH1|JAG1|Hippocampus->Pyramidal_layer_dentate_gyrus
2405	DLK1	NOTCH1	Cortex_3	Thalamus_1	0.15341788528969214		DLK1|NOTCH1|Cortex_3->Thalamus_1
2406	NOTCH1	JAG1	Cortex_2	Cortex_5	0.15305570612993835		NOTCH1|JAG1|Cortex_2->Cortex_5
2407	KITL	KIT	Hippocampus	Thalamus_1	0.1530085408864733		KITL|KIT|Hippocampus->Thalamus_1
2408	SPP1	CD44	Cortex_5	Fiber_tract	0.15288345952325783		SPP1|CD44|Cortex_5->Fiber_tract
2409	NRG1	ERBB4	Lateral_ventricle	Thalamus_2	0.15281887395706562		NRG1|ERBB4|Lateral_ventricle->Thalamus_2
2410	DLK1	NOTCH1	Thalamus_1	Hypothalamus_2	0.15280708704614132		DLK1|NOTCH1|Thalamus_1->Hypothalamus_2
2411	SHH	PTCH1	Cortex_2	Cortex_1	0.15273829826064036		SHH|PTCH1|Cortex_2->Cortex_1
2412	KITL	KIT	Pyramidal_layer	Hypothalamus_1	0.1525049695212926		KITL|KIT|Pyramidal_layer->Hypothalamus_1
2413	SHH	PTCH1	Striatum	Cortex_3	0.15213307216132835		SHH|PTCH1|Striatum->Cortex_3
2414	NRG1	ERBB4	Pyramidal_layer	Hypothalamus_1	0.15199488002615863		NRG1|ERBB4|Pyramidal_layer->Hypothalamus_1
2415	DLK1	NOTCH1	Cortex_5	Hypothalamus_2	0.15193213829281602		DLK1|NOTCH1|Cortex_5->Hypothalamus_2
2416	NRG1	ERBB4	Cortex_2	Thalamus_2	0.15184057933029546		NRG1|ERBB4|Cortex_2->Thalamus_2
2417	SPP1	CD44	Cortex_5	Pyramidal_layer_dentate_gyrus	0.15182636087404447		SPP1|CD44|Cortex_5->Pyramidal_layer_dentate_gyrus
2418	NRG1	ERBB4	Pyramidal_layer	Fiber_tract	0.1517791923652005		NRG1|ERBB4|Pyramidal_layer->Fiber_tract
2419	SHH	PTCH1	Thalamus_2	Cortex_4	0.15168575099972265		SHH|PTCH1|Thalamus_2->Cortex_4
2420	NOTCH1	JAG1	Hypothalamus_2	Thalamus_1	0.1512766310855168		NOTCH1|JAG1|Hypothalamus_2->Thalamus_1
2421	DLK1	NOTCH1	Fiber_tract	Thalamus_2	0.15108528577277552		DLK1|NOTCH1|Fiber_tract->Thalamus_2
2422	NRG1	ERBB4	Pyramidal_layer	Hippocampus	0.15100333275827202		NRG1|ERBB4|Pyramidal_layer->Hippocampus
2423	NOTCH1	JAG1	Hypothalamus_2	Hypothalamus_2	0.15096662893779297		NOTCH1|JAG1|Hypothalamus_2->Hypothalamus_2
2424	DLK1	NOTCH1	Thalamus_1	Thalamus_1	0.15057075046488153		DLK1|NOTCH1|Thalamus_1->Thalamus_1
2425	DLK1	NOTCH1	Cortex_2	Cortex_2	0.1505670014638381		DLK1|NOTCH1|Cortex_2->Cortex_2
2426	SHH	PTCH1	Fiber_tract	Cortex_1	0.15016188600477726		SHH|PTCH1|Fiber_tract->Cortex_1
2427	SHH	PTCH1	Striatum	Hippocampus	0.14988613639844853		SHH|PTCH1|Striatum->Hippocampus
2428	FGF10	FGFR2	Hippocampus	Pyramidal_layer	0.14983376962261002		FGF10|FGFR2|Hippocampus->Pyramidal_layer
2429	NOTCH1	JAG1	Hippocampus	Thalamus_2	0.1497114870051207		NOTCH1|JAG1|Hippocampus->Thalamus_2
2430	DLK1	NOTCH1	Cortex_5	Thalamus_1	0.1496958017115562		DLK1|NOTCH1|Cortex_5->Thalamus_1
2431	SPP1	CD44	Cortex_5	Cortex_3	0.1496735654798786		SPP1|CD44|Cortex_5->Cortex_3
2432	NOTCH1	JAG1	Hypothalamus_2	Hypothalamus_1	0.14955528407692134		NOTCH1|JAG1|Hypothalamus_2->Hypothalamus_1
2433	SHH	PTCH1	Cortex_5	Cortex_1	0.14952834679308202		SHH|PTCH1|Cortex_5->Cortex_1
2434	SHH	PTCH1	Hypothalamus_1	Cortex_3	0.1494109980376792		SHH|PTCH1|Hypothalamus_1->Cortex_3
2435	FGF10	FGFR2	Cortex_4	Pyramidal_layer_dentate_gyrus	0.14931774029836936		FGF10|FGFR2|Cortex_4->Pyramidal_layer_dentate_gyrus
2436	KITL	KIT	Hippocampus	Thalamus_2	0.1491430206958473		KITL|KIT|Hippocampus->Thalamus_2
2437	NOTCH1	JAG1	Thalamus_2	Lateral_ventricle	0.14908893914405436		NOTCH1|JAG1|Thalamus_2->Lateral_ventricle
2438	NOTCH1	JAG1	Thalamus_1	Thalamus_1	0.149040294504257		NOTCH1|JAG1|Thalamus_1->Thalamus_1
2439	NRG1	ERBB4	Thalamus_1	Thalamus_2	0.1490288146073891		NRG1|ERBB4|Thalamus_1->Thalamus_2
2440	SPP1	CD44	Cortex_2	Thalamus_2	0.14873379733909922		SPP1|CD44|Cortex_2->Thalamus_2
2441	NOTCH1	JAG1	Thalamus_1	Hypothalamus_2	0.14873029235653315		NOTCH1|JAG1|Thalamus_1->Hypothalamus_2
2442	NOTCH1	JAG1	Hypothalamus_2	Cortex_1	0.14872924883613317		NOTCH1|JAG1|Hypothalamus_2->Cortex_1
2443	NOTCH1	JAG1	Cortex_2	Pyramidal_layer_dentate_gyrus	0.14863070608222204		NOTCH1|JAG1|Cortex_2->Pyramidal_layer_dentate_gyrus
2444	SHH	PTCH1	Pyramidal_layer	Cortex_1	0.14842916659805935		SHH|PTCH1|Pyramidal_layer->Cortex_1
2445	KITL	KIT	Hypothalamus_1	Fiber_tract	0.14835401700899623		KITL|KIT|Hypothalamus_1->Fiber_tract
2446	KITL	KIT	Hypothalamus_1	Hypothalamus_2	0.1483302712645177		KITL|KIT|Hypothalamus_1->Hypothalamus_2
2447	SHH	PTCH1	Cortex_2	Cortex_2	0.14801179336434672		SHH|PTCH1|Cortex_2->Cortex_2
2448	SPP1	CD44	Hypothalamus_2	Thalamus_1	0.14788950113061558		SPP1|CD44|Hypothalamus_2->Thalamus_1
2449	SHH	PTCH1	Cortex_4	Cortex_4	0.1478531002634909		SHH|PTCH1|Cortex_4->Cortex_4
2450	SHH	PTCH1	Cortex_2	Cortex_5	0.1478175162051888		SHH|PTCH1|Cortex_2->Cortex_5
2451	NRG1	ERBB4	Fiber_tract	Pyramidal_layer_dentate_gyrus	0.14766988056997407		NRG1|ERBB4|Fiber_tract->Pyramidal_layer_dentate_gyrus
2452	FGF10	FGFR2	Hippocampus	Cortex_5	0.14757123237357508		FGF10|FGFR2|Hippocampus->Cortex_5
2453	NOTCH1	JAG1	Hypothalamus_2	Cortex_2	0.1475655729621531		NOTCH1|JAG1|Hypothalamus_2->Cortex_2
2454	FGF10	FGFR2	Cortex_1	Pyramidal_layer	0.14741234588271257		FGF10|FGFR2|Cortex_1->Pyramidal_layer
2455	NOTCH1	JAG1	Thalamus_1	Hypothalamus_1	0.14731894749566155		NOTCH1|JAG1|Thalamus_1->Hypothalamus_1
2456	SHH	PTCH1	Hypothalamus_1	Hippocampus	0.14716406227479936		SHH|PTCH1|Hypothalamus_1->Hippocampus
2457	FGF10	FGFR2	Cortex_2	Pyramidal_layer	0.14703106438426677		FGF10|FGFR2|Cortex_2->Pyramidal_layer
2458	DLK1	NOTCH1	Cortex_4	Hypothalamus_2	0.1470307092550051		DLK1|NOTCH1|Cortex_4->Hypothalamus_2
2459	NRG1	ERBB4	Striatum	Thalamus_2	0.14694862353031105		NRG1|ERBB4|Striatum->Thalamus_2
2460	NOTCH1	JAG1	Thalamus_1	Cortex_1	0.14649291225487335		NOTCH1|JAG1|Thalamus_1->Cortex_1
2461	FGF10	FGFR2	Fiber_tract	Hypothalamus_1	0.14645878131735318		FGF10|FGFR2|Fiber_tract->Hypothalamus_1
2462	NOTCH1	JAG1	Striatum	Striatum	0.14561505625450533		NOTCH1|JAG1|Striatum->Striatum
2463	SHH	PTCH1	Fiber_tract	Cortex_2	0.1454353811084836		SHH|PTCH1|Fiber_tract->Cortex_2
2464	SHH	PTCH1	Hippocampus	Cortex_1	0.14541860303609086		SHH|PTCH1|Hippocampus->Cortex_1
2465	NOTCH1	JAG1	Thalamus_1	Cortex_2	0.1453292363808933		NOTCH1|JAG1|Thalamus_1->Cortex_2
2466	SHH	PTCH1	Hypothalamus_2	Cortex_3	0.14529853084206243		SHH|PTCH1|Hypothalamus_2->Cortex_3
2467	SHH	PTCH1	Fiber_tract	Cortex_5	0.14524110394932568		SHH|PTCH1|Fiber_tract->Cortex_5
2468	FGF10	FGFR2	Hypothalamus_1	Pyramidal_layer	0.14516460590896918		FGF10|FGFR2|Hypothalamus_1->Pyramidal_layer
2469	FGF10	FGFR2	Cortex_1	Cortex_5	0.1451498086336776		FGF10|FGFR2|Cortex_1->Cortex_5
2470	FGF10	FGFR2	Hippocampus	Cortex_1	0.14503470126124918		FGF10|FGFR2|Hippocampus->Cortex_1
2471	SPP1	CD44	Cortex_5	Cortex_5	0.14502968852834183		SPP1|CD44|Cortex_5->Cortex_5
2472	SPP1	CD44	Cortex_1	Thalamus_2	0.14501399282877608		SPP1|CD44|Cortex_1->Thalamus_2
2473	SHH	PTCH1	Cortex_3	Cortex_3	0.14492654892020537		SHH|PTCH1|Cortex_3->Cortex_3
2474	NOTCH1	JAG1	Cortex_2	Thalamus_2	0.14484001275202701		NOTCH1|JAG1|Cortex_2->Thalamus_2
2475	WNT5A	FZD7	Striatum	Fiber_tract	0.1448264944085543		WNT5A|FZD7|Striatum->Fiber_tract
2476	SHH	PTCH1	Cortex_5	Cortex_2	0.14480184189678838		SHH|PTCH1|Cortex_5->Cortex_2
2477	DLK1	NOTCH1	Cortex_4	Thalamus_1	0.1447943726737453		DLK1|NOTCH1|Cortex_4->Thalamus_1
2478	FGF10	FGFR2	Cortex_2	Cortex_5	0.14476852713523183		FGF10|FGFR2|Cortex_2->Cortex_5
2479	DLK1	NOTCH1	Fiber_tract	Hypothalamus_1	0.1447356984791472		DLK1|NOTCH1|Fiber_tract->Hypothalamus_1
2480	SPP1	CD44	Hypothalamus_2	Fiber_tract	0.14470896399285282		SPP1|CD44|Hypothalamus_2->Fiber_tract
2481	SPP1	CD44	Thalamus_1	Thalamus_2	0.14464179260952406		SPP1|CD44|Thalamus_1->Thalamus_2
2482	SHH	PTCH1	Cortex_5	Cortex_5	0.14460756473763045		SHH|PTCH1|Cortex_5->Cortex_5
2483	DLK1	NOTCH1	Cortex_3	Striatum	0.14427911103782415		DLK1|NOTCH1|Cortex_3->Striatum
2484	SHH	PTCH1	Lateral_ventricle	Cortex_1	0.14426202834511986		SHH|PTCH1|Lateral_ventricle->Cortex_1
2485	SHH	PTCH1	Cortex_1	Cortex_3	0.14413818023467526		SHH|PTCH1|Cortex_1->Cortex_3
2486	SHH	PTCH1	Pyramidal_layer	Cortex_2	0.1437026617017657		SHH|PTCH1|Pyramidal_layer->Cortex_2
2487	SPP1	CD44	Hypothalamus_2	Pyramidal_layer_dentate_gyrus	0.14365186534363944		SPP1|CD44|Hypothalamus_2->Pyramidal_layer_dentate_gyrus
2488	SHH	PTCH1	Pyramidal_layer	Cortex_5	0.14350838454260778		SHH|PTCH1|Pyramidal_layer->Cortex_5
2489	SHH	PTCH1	Hypothalamus_2	Hippocampus	0.14305159507918258		SHH|PTCH1|Hypothalamus_2->Hippocampus
2490	FGF10	FGFR2	Cortex_3	Cortex_2	0.14293078239347745		FGF10|FGFR2|Cortex_3->Cortex_2
2491	FGF10	FGFR2	Hypothalamus_1	Cortex_5	0.1429020686599342		FGF10|FGFR2|Hypothalamus_1->Cortex_5
2492	NOTCH1	JAG1	Hypothalamus_1	Lateral_ventricle	0.14273935185042602		NOTCH1|JAG1|Hypothalamus_1->Lateral_ventricle
2493	SHH	PTCH1	Cortex_3	Hippocampus	0.14267961315732555		SHH|PTCH1|Cortex_3->Hippocampus
2494	FGF10	FGFR2	Cortex_1	Cortex_1	0.1426132775213517		FGF10|FGFR2|Cortex_1->Cortex_1
2495	DLK1	NOTCH1	Fiber_tract	Pyramidal_layer_dentate_gyrus	0.14256593337275753		DLK1|NOTCH1|Fiber_tract->Pyramidal_layer_dentate_gyrus
2496	FGF10	FGFR2	Cortex_2	Cortex_1	0.14223199602290593		FGF10|FGFR2|Cortex_2->Cortex_1
2497	DLK1	NOTCH1	Fiber_tract	Cortex_1	0.14190629473350508		DLK1|NOTCH1|Fiber_tract->Cortex_1
2498	SHH	PTCH1	Cortex_1	Hippocampus	0.14189124447179544		SHH|PTCH1|Cortex_1->Hippocampus
2499	FGF10	FGFR2	Striatum	Pyramidal_layer	0.14161990744337427		FGF10|FGFR2|Striatum->Pyramidal_layer
2500	NOTCH1	JAG1	Hippocampus	Striatum	0.14157734182198506		NOTCH1|JAG1|Hippocampus->Striatum
2501	SPP1	CD44	Hypothalamus_2	Cortex_3	0.1414990699494736		SPP1|CD44|Hypothalamus_2->Cortex_3
2502	SHH	PTCH1	Cortex_2	Cortex_4	0.141455305384749		SHH|PTCH1|Cortex_2->Cortex_4
2503	DLK1	NOTCH1	Thalamus_1	Striatum	0.1414319762130135		DLK1|NOTCH1|Thalamus_1->Striatum
2504	SPP1	CD44	Cortex_5	Cortex_1	0.1413060907103249		SPP1|CD44|Cortex_5->Cortex_1
2505	SHH	PTCH1	Thalamus_2	Cortex_3	0.14116186717947526		SHH|PTCH1|Thalamus_2->Cortex_3
2506	NOTCH1	JAG1	Hypothalamus_2	Fiber_tract	0.1409966007823898		NOTCH1|JAG1|Hypothalamus_2->Fiber_tract
2507	SPP1	CD44	Hypothalamus_1	Lateral_ventricle	0.14095097763102243		SPP1|CD44|Hypothalamus_1->Lateral_ventricle
2508	NRG1	ERBB4	Hippocampus	Pyramidal_layer_dentate_gyrus	0.1408016044364193		NRG1|ERBB4|Hippocampus->Pyramidal_layer_dentate_gyrus
2509	WNT5A	FZD7	Cortex_5	Cortex_5	0.14072485164154408		WNT5A|FZD7|Cortex_5->Cortex_5
2510	SHH	PTCH1	Hippocampus	Cortex_2	0.14069209813979722		SHH|PTCH1|Hippocampus->Cortex_2
2511	SPP1	CD44	Thalamus_2	Thalamus_2	0.1406408135468761		SPP1|CD44|Thalamus_2->Thalamus_2
2512	NOTCH1	JAG1	Pyramidal_layer_dentate_gyrus	Lateral_ventricle	0.14056958674403633		NOTCH1|JAG1|Pyramidal_layer_dentate_gyrus->Lateral_ventricle
2513	DLK1	NOTCH1	Cortex_5	Striatum	0.14055702745968818		DLK1|NOTCH1|Cortex_5->Striatum
2514	SHH	PTCH1	Hippocampus	Cortex_5	0.1404978209806393		SHH|PTCH1|Hippocampus->Cortex_5
2515	NRG1	ERBB4	Fiber_tract	Thalamus_2	0.14037310691470703		NRG1|ERBB4|Fiber_tract->Thalamus_2
2516	FGF10	FGFR2	Hypothalamus_1	Cortex_1	0.1403655375476083		FGF10|FGFR2|Hypothalamus_1->Cortex_1
2517	DLK1	NOTCH1	Cortex_3	Hippocampus	0.14024139660530385		DLK1|NOTCH1|Cortex_3->Hippocampus
2518	SPP1	CD44	Cortex_5	Hypothalamus_1	0.14022888605620049		SPP1|CD44|Cortex_5->Hypothalamus_1
2519	NOTCH1	JAG1	Thalamus_2	Cortex_5	0.13992937173975933		NOTCH1|JAG1|Thalamus_2->Cortex_5
2520	NOTCH1	JAG1	Cortex_1	Lateral_ventricle	0.13990994810478388		NOTCH1|JAG1|Cortex_1->Lateral_ventricle
2521	NOTCH1	JAG1	Striatum	Thalamus_1	0.139901520252389		NOTCH1|JAG1|Striatum->Thalamus_1
2522	NOTCH1	JAG1	Striatum	Hypothalamus_2	0.13959151810466514		NOTCH1|JAG1|Striatum->Hypothalamus_2
2523	SHH	PTCH1	Lateral_ventricle	Cortex_2	0.13953552344882622		SHH|PTCH1|Lateral_ventricle->Cortex_2
2524	DLK1	NOTCH1	Cortex_1	Hypothalamus_2	0.13936571126055583		DLK1|NOTCH1|Cortex_1->Hypothalamus_2
2525	FGF10	FGFR2	Striatum	Cortex_5	0.1393573701943393		FGF10|FGFR2|Striatum->Cortex_5
2526	SHH	PTCH1	Lateral_ventricle	Cortex_5	0.1393412462896683		SHH|PTCH1|Lateral_ventricle->Cortex_5
2527	FGF10	FGFR2	Cortex_4	Cortex_4	0.13929102088256579		FGF10|FGFR2|Cortex_4->Cortex_4
2528	NRG1	ERBB4	Hypothalamus_2	Thalamus_1	0.13921558288184732		NRG1|ERBB4|Hypothalamus_2->Thalamus_1
2529	SHH	PTCH1	Thalamus_2	Hippocampus	0.13891493141659544		SHH|PTCH1|Thalamus_2->Hippocampus
2530	WNT5A	FZD7	Hypothalamus_1	Cortex_5	0.13888654989380883		WNT5A|FZD7|Hypothalamus_1->Cortex_5
2531	SHH	PTCH1	Fiber_tract	Cortex_4	0.1388788931288859		SHH|PTCH1|Fiber_tract->Cortex_4
2532	NOTCH1	JAG1	Thalamus_1	Fiber_tract	0.13876026420112997		NOTCH1|JAG1|Thalamus_1->Fiber_tract
2533	SHH	PTCH1	Cortex_5	Cortex_4	0.13824535391719067		SHH|PTCH1|Cortex_5->Cortex_4
2534	NOTCH1	JAG1	Striatum	Hypothalamus_1	0.1381801732437935		NOTCH1|JAG1|Striatum->Hypothalamus_1
2535	FGF10	FGFR2	Lateral_ventricle	Pyramidal_layer	0.13814250528812408		FGF10|FGFR2|Lateral_ventricle->Pyramidal_layer
2536	SPP1	CD44	Cortex_5	Hippocampus	0.13813366242519545		SPP1|CD44|Cortex_5->Hippocampus
2537	DLK1	NOTCH1	Pyramidal_layer_dentate_gyrus	Hypothalamus_2	0.13806063734729804		DLK1|NOTCH1|Pyramidal_layer_dentate_gyrus->Hypothalamus_2
2538	NOTCH1	JAG1	Hypothalamus_2	Hippocampus	0.13793368269751521		NOTCH1|JAG1|Hypothalamus_2->Hippocampus
2539	FGF10	FGFR2	Hippocampus	Pyramidal_layer_dentate_gyrus	0.13783942509855174		FGF10|FGFR2|Hippocampus->Pyramidal_layer_dentate_gyrus
2540	NOTCH1	JAG1	Hypothalamus_2	Pyramidal_layer	0.13779482159548834		NOTCH1|JAG1|Hypothalamus_2->Pyramidal_layer
2541	WNT5A	FZD7	Hypothalamus_2	Cortex_5	0.1376736258084022		WNT5A|FZD7|Hypothalamus_2->Cortex_5
2542	DLK1	NOTCH1	Cortex_2	Thalamus_2	0.1374406670736591		DLK1|NOTCH1|Cortex_2->Thalamus_2
2543	DLK1	NOTCH1	Thalamus_1	Hippocampus	0.13739426178049322		DLK1|NOTCH1|Thalamus_1->Hippocampus
2544	NOTCH1	JAG1	Striatum	Cortex_1	0.13735413800300533		NOTCH1|JAG1|Striatum->Cortex_1
2545	SHH	PTCH1	Cortex_4	Cortex_3	0.13732921644324353		SHH|PTCH1|Cortex_4->Cortex_3
2546	SHH	PTCH1	Pyramidal_layer	Cortex_4	0.137146173722168		SHH|PTCH1|Pyramidal_layer->Cortex_4
2547	DLK1	NOTCH1	Cortex_1	Thalamus_1	0.137129374679296		DLK1|NOTCH1|Cortex_1->Thalamus_1
2548	DLK1	NOTCH1	Hippocampus	Hypothalamus_2	0.1368574182731482		DLK1|NOTCH1|Hippocampus->Hypothalamus_2
2549	SPP1	CD44	Hypothalamus_2	Cortex_5	0.1368551929979368		SPP1|CD44|Hypothalamus_2->Cortex_5
2550	FGF10	FGFR2	Striatum	Cortex_1	0.1368208390820134		FGF10|FGFR2|Striatum->Cortex_1
2551	NOTCH1	JAG1	Cortex_2	Striatum	0.13670586756889133		NOTCH1|JAG1|Cortex_2->Striatum
2552	DLK1	NOTCH1	Cortex_5	Hippocampus	0.1365193130271679		DLK1|NOTCH1|Cortex_5->Hippocampus
2553	DLK1	NOTCH1	Pyramidal_layer	Hypothalamus_2	0.13646964802591127		DLK1|NOTCH1|Pyramidal_layer->Hypothalamus_2
2554	FGF10	FGFR2	Cortex_5	Pyramidal_layer	0.1363821680330623		FGF10|FGFR2|Cortex_5->Pyramidal_layer
2555	NOTCH1	JAG1	Striatum	Cortex_2	0.1361904621290253		NOTCH1|JAG1|Striatum->Cortex_2
2556	NRG1	ERBB4	Cortex_3	Thalamus_1	0.13607535958355615		NRG1|ERBB4|Cortex_3->Thalamus_1
2557	FGF10	FGFR2	Lateral_ventricle	Cortex_5	0.13587996803908914		FGF10|FGFR2|Lateral_ventricle->Cortex_5
2558	NOTCH1	JAG1	Hippocampus	Thalamus_1	0.1358638058198687		NOTCH1|JAG1|Hippocampus->Thalamus_1
2559	DLK1	NOTCH1	Pyramidal_layer_dentate_gyrus	Thalamus_1	0.13582430076603824		DLK1|NOTCH1|Pyramidal_layer_dentate_gyrus->Thalamus_1
2560	WNT5A	FZD7	Striatum	Pyramidal_layer_dentate_gyrus	0.13579595387225446		WNT5A|FZD7|Striatum->Pyramidal_layer_dentate_gyrus
2561	NOTCH1	JAG1	Hypothalamus_2	Cortex_4	0.13578762440053604		NOTCH1|JAG1|Hypothalamus_2->Cortex_4
2562	NOTCH1	JAG1	Thalamus_1	Hippocampus	0.1356973461162554		NOTCH1|JAG1|Thalamus_1->Hippocampus
2563	DLK1	NOTCH1	Cortex_4	Striatum	0.13565559842187727		DLK1|NOTCH1|Cortex_4->Striatum
2564	NOTCH1	JAG1	Thalamus_1	Pyramidal_layer	0.13555848501422854		NOTCH1|JAG1|Thalamus_1->Pyramidal_layer
2565	NOTCH1	JAG1	Hippocampus	Hypothalamus_2	0.13555380367214487		NOTCH1|JAG1|Hippocampus->Hypothalamus_2
2566	NOTCH1	JAG1	Thalamus_2	Pyramidal_layer_dentate_gyrus	0.13550437169204302		NOTCH1|JAG1|Thalamus_2->Pyramidal_layer_dentate_gyrus
2567	FGF10	FGFR2	Cortex_1	Pyramidal_layer_dentate_gyrus	0.13541800135865423		FGF10|FGFR2|Cortex_1->Pyramidal_layer_dentate_gyrus
2568	DLK1	NOTCH1	Cortex_3	Cortex_2	0.13536992235221013		DLK1|NOTCH1|Cortex_3->Cortex_2
2569	SHH	PTCH1	Cortex_4	Hippocampus	0.13508228068036368		SHH|PTCH1|Cortex_4->Hippocampus
2570	FGF10	FGFR2	Cortex_2	Pyramidal_layer_dentate_gyrus	0.13503671986020846		FGF10|FGFR2|Cortex_2->Pyramidal_layer_dentate_gyrus
2571	SPP1	CD44	Cortex_5	Hypothalamus_2	0.13492794272963132		SPP1|CD44|Cortex_5->Hypothalamus_2
2572	DLK1	NOTCH1	Hippocampus	Thalamus_1	0.1346210816918884		DLK1|NOTCH1|Hippocampus->Thalamus_1
2573	DLK1	NOTCH1	Pyramidal_layer	Thalamus_1	0.13423331144465145		DLK1|NOTCH1|Pyramidal_layer->Thalamus_1
2574	NOTCH1	JAG1	Hippocampus	Hypothalamus_1	0.13414245881127324		NOTCH1|JAG1|Hippocampus->Hypothalamus_1
2575	SHH	PTCH1	Hippocampus	Cortex_4	0.1341356101601995		SHH|PTCH1|Hippocampus->Cortex_4
2576	FGF10	FGFR2	Cortex_5	Cortex_5	0.13411963078402733		FGF10|FGFR2|Cortex_5->Cortex_5
2577	NRG1	ERBB4	Pyramidal_layer_dentate_gyrus	Pyramidal_layer_dentate_gyrus	0.13384594965507002	1.0	NRG1|ERBB4|Pyramidal_layer_dentate_gyrus->Pyramidal_layer_dentate_gyrus
2578	NOTCH1	JAG1	Hypothalamus_1	Cortex_5	0.13357978444613103		NOTCH1|JAG1|Hypothalamus_1->Cortex_5
2579	NOTCH1	JAG1	Thalamus_1	Cortex_4	0.13355128781927622		NOTCH1|JAG1|Thalamus_1->Cortex_4
2580	NRG1	ERBB4	Hippocampus	Thalamus_2	0.13350483078115227		NRG1|ERBB4|Hippocampus->Thalamus_2
2581	FGF10	FGFR2	Lateral_ventricle	Cortex_1	0.13334343692676323		FGF10|FGFR2|Lateral_ventricle->Cortex_1
2582	NOTCH1	JAG1	Hippocampus	Cortex_1	0.13331642357048507		NOTCH1|JAG1|Hippocampus->Cortex_1
2583	FGF10	FGFR2	Hypothalamus_1	Pyramidal_layer_dentate_gyrus	0.13317026138491084		FGF10|FGFR2|Hypothalamus_1->Pyramidal_layer_dentate_gyrus
2584	SPP1	CD44	Hypothalamus_2	Cortex_1	0.13313159517991988		SPP1|CD44|Hypothalamus_2->Cortex_1
2585	FGF10	FGFR2	Hypothalamus_2	Pyramidal_layer	0.13312469213678127		FGF10|FGFR2|Hypothalamus_2->Pyramidal_layer
2586	SHH	PTCH1	Lateral_ventricle	Cortex_4	0.1329790354692285		SHH|PTCH1|Lateral_ventricle->Cortex_4
2587	WNT5A	FZD7	Cortex_4	Cortex_5	0.13287768463448668		WNT5A|FZD7|Cortex_4->Cortex_5
2588	KITL	KIT	Fiber_tract	Thalamus_1	0.13272529276212863		KITL|KIT|Fiber_tract->Thalamus_1
2589	DLK1	NOTCH1	Fiber_tract	Cortex_4	0.13253757245348155		DLK1|NOTCH1|Fiber_tract->Cortex_4
2590	WNT5A	FZD7	Pyramidal_layer_dentate_gyrus	Cortex_5	0.13252378214699354		WNT5A|FZD7|Pyramidal_layer_dentate_gyrus->Cortex_5
2591	DLK1	NOTCH1	Thalamus_1	Cortex_2	0.13252278752739952		DLK1|NOTCH1|Thalamus_1->Cortex_2
2592	NOTCH1	JAG1	Hippocampus	Cortex_2	0.132152747696505		NOTCH1|JAG1|Hippocampus->Cortex_2
2593	SPP1	CD44	Hypothalamus_2	Hypothalamus_1	0.13205439052579546		SPP1|CD44|Hypothalamus_2->Hypothalamus_1
2594	NOTCH1	JAG1	Thalamus_2	Thalamus_2	0.131713678361848		NOTCH1|JAG1|Thalamus_2->Thalamus_2
2595	DLK1	NOTCH1	Cortex_5	Cortex_2	0.13164783877407418		DLK1|NOTCH1|Cortex_5->Cortex_2
2596	DLK1	NOTCH1	Cortex_4	Hippocampus	0.131617883989357		DLK1|NOTCH1|Cortex_4->Hippocampus
2597	FGF10	FGFR2	Cortex_5	Cortex_1	0.13158309967170143		FGF10|FGFR2|Cortex_5->Cortex_1
2598	NOTCH1	JAG1	Pyramidal_layer_dentate_gyrus	Cortex_5	0.13141001933974134		NOTCH1|JAG1|Pyramidal_layer_dentate_gyrus->Cortex_5
2599	KITL	KIT	Pyramidal_layer	Fiber_tract	0.13125789133471574		KITL|KIT|Pyramidal_layer->Fiber_tract
2600	KITL	KIT	Pyramidal_layer	Hypothalamus_2	0.13123414559023722		KITL|KIT|Pyramidal_layer->Hypothalamus_2
2601	DLK1	NOTCH1	Cortex_2	Hypothalamus_1	0.1310910797800308		DLK1|NOTCH1|Cortex_2->Hypothalamus_1
2602	NOTCH1	JAG1	Cortex_2	Thalamus_1	0.13099233156677498		NOTCH1|JAG1|Cortex_2->Thalamus_1
2603	SHH	PTCH1	Cortex_2	Cortex_3	0.13093142156450163		SHH|PTCH1|Cortex_2->Cortex_3
2604	FGF10	FGFR2	Hypothalamus_2	Cortex_5	0.1308621548877463		FGF10|FGFR2|Hypothalamus_2->Cortex_5
2605	NOTCH1	JAG1	Cortex_1	Cortex_5	0.1307503807004889		NOTCH1|JAG1|Cortex_1->Cortex_5
2606	NOTCH1	JAG1	Cortex_2	Hypothalamus_2	0.13068232941905114		NOTCH1|JAG1|Cortex_2->Hypothalamus_2
2607	SPP1	CD44	Hippocampus	Thalamus_2	0.13059501525073372		SPP1|CD44|Hippocampus->Thalamus_2
2608	NOTCH1	JAG1	Cortex_4	Lateral_ventricle	0.13054122582476035		NOTCH1|JAG1|Cortex_4->Lateral_ventricle
2609	SPP1	CD44	Striatum	Lateral_ventricle	0.1302833610082986		SPP1|CD44|Striatum->Lateral_ventricle
2610	FGF10	FGFR2	Thalamus_2	Pyramidal_layer	0.1300469830388292		FGF10|FGFR2|Thalamus_2->Pyramidal_layer
2611	NRG1	ERBB4	Cortex_5	Thalamus_1	0.13002391707755914		NRG1|ERBB4|Cortex_5->Thalamus_1
2612	SPP1	CD44	Hypothalamus_2	Hippocampus	0.12995916689479042		SPP1|CD44|Hypothalamus_2->Hippocampus
2613	FGF10	FGFR2	Striatum	Pyramidal_layer_dentate_gyrus	0.12962556291931596		FGF10|FGFR2|Striatum->Pyramidal_layer_dentate_gyrus
2614	NOTCH1	JAG1	Striatum	Fiber_tract	0.12962148994926195		NOTCH1|JAG1|Striatum->Fiber_tract
2615	NOTCH1	JAG1	Hypothalamus_2	Cortex_3	0.1295999247398474		NOTCH1|JAG1|Hypothalamus_2->Cortex_3
2616	SPP1	CD44	Fiber_tract	Thalamus_2	0.12932601695740184		SPP1|CD44|Fiber_tract->Thalamus_2
2617	NOTCH1	JAG1	Cortex_2	Hypothalamus_1	0.12927098455817954		NOTCH1|JAG1|Cortex_2->Hypothalamus_1
2618	NOTCH1	JAG1	Hypothalamus_1	Pyramidal_layer_dentate_gyrus	0.1291547843984147		NOTCH1|JAG1|Hypothalamus_1->Pyramidal_layer_dentate_gyrus
2619	DLK1	NOTCH1	Cortex_2	Pyramidal_layer_dentate_gyrus	0.1289213146736411		DLK1|NOTCH1|Cortex_2->Pyramidal_layer_dentate_gyrus
2620	KITL	KIT	Fiber_tract	Thalamus_2	0.12885977257150266		KITL|KIT|Fiber_tract->Thalamus_2
2621	SHH	PTCH1	Cortex_2	Hippocampus	0.12868448580162178		SHH|PTCH1|Cortex_2->Hippocampus
2622	FGF10	FGFR2	Thalamus_1	Pyramidal_layer	0.12860262233276606		FGF10|FGFR2|Thalamus_1->Pyramidal_layer
2623	NOTCH1	JAG1	Cortex_2	Cortex_1	0.12844494931739134		NOTCH1|JAG1|Cortex_2->Cortex_1
2624	SHH	PTCH1	Fiber_tract	Cortex_3	0.12835500930863852		SHH|PTCH1|Fiber_tract->Cortex_3
2625	FGF10	FGFR2	Hypothalamus_2	Cortex_1	0.1283256237754204		FGF10|FGFR2|Hypothalamus_2->Cortex_1
2626	WNT5A	FZD7	Cortex_5	Fiber_tract	0.1282664035909696		WNT5A|FZD7|Cortex_5->Fiber_tract
2627	DLK1	NOTCH1	Cortex_2	Cortex_1	0.12826167603438865		DLK1|NOTCH1|Cortex_2->Cortex_1
2628	WNT5A	FZD7	Striatum	Hypothalamus_1	0.12805585668442415		WNT5A|FZD7|Striatum->Hypothalamus_1
2629	DLK1	NOTCH1	Fiber_tract	Cortex_3	0.12799434635740103		DLK1|NOTCH1|Fiber_tract->Cortex_3
2630	DLK1	NOTCH1	Cortex_1	Striatum	0.127990600427428		DLK1|NOTCH1|Cortex_1->Striatum
2631	NRG1	ERBB4	Cortex_1	Thalamus_1	0.1279458941367201		NRG1|ERBB4|Cortex_1->Thalamus_1
2632	FGF10	FGFR2	Hippocampus	Cortex_4	0.12781270568274816		FGF10|FGFR2|Hippocampus->Cortex_4
2633	FGF10	FGFR2	Thalamus_2	Cortex_5	0.12778444578979425		FGF10|FGFR2|Thalamus_2->Cortex_5
2634	SHH	PTCH1	Cortex_5	Cortex_3	0.1277214700969433		SHH|PTCH1|Cortex_5->Cortex_3
2635	NOTCH1	JAG1	Thalamus_1	Cortex_3	0.1273635881585876		NOTCH1|JAG1|Thalamus_1->Cortex_3
2636	NOTCH1	JAG1	Cortex_2	Cortex_2	0.12728127344341128		NOTCH1|JAG1|Cortex_2->Cortex_2
2637	NOTCH1	JAG1	Pyramidal_layer_dentate_gyrus	Pyramidal_layer_dentate_gyrus	0.126985019292025	0.68	NOTCH1|JAG1|Pyramidal_layer_dentate_gyrus->Pyramidal_layer_dentate_gyrus
2638	SPP1	CD44	Hypothalamus_2	Hypothalamus_2	0.12675344719922632		SPP1|CD44|Hypothalamus_2->Hypothalamus_2
2639	DLK1	NOTCH1	Cortex_4	Cortex_2	0.12674640973626328		DLK1|NOTCH1|Cortex_4->Cortex_2
2640	DLK1	NOTCH1	Pyramidal_layer_dentate_gyrus	Striatum	0.12668552651417023		DLK1|NOTCH1|Pyramidal_layer_dentate_gyrus->Striatum
2641	SHH	PTCH1	Pyramidal_layer	Cortex_3	0.12662228990192062		SHH|PTCH1|Pyramidal_layer->Cortex_3
2642	NOTCH1	JAG1	Striatum	Hippocampus	0.12655857186438738		NOTCH1|JAG1|Striatum->Hippocampus
2643	NRG1	ERBB4	Pyramidal_layer_dentate_gyrus	Thalamus_2	0.126549175999803		NRG1|ERBB4|Pyramidal_layer_dentate_gyrus->Thalamus_2
2644	WNT5A	FZD7	Hypothalamus_1	Fiber_tract	0.1264281018432344		WNT5A|FZD7|Hypothalamus_1->Fiber_tract
2645	NOTCH1	JAG1	Striatum	Pyramidal_layer	0.12641971076236053		NOTCH1|JAG1|Striatum->Pyramidal_layer
2646	FGF10	FGFR2	Thalamus_1	Cortex_5	0.12634008508373112		FGF10|FGFR2|Thalamus_1->Cortex_5
2647	NOTCH1	JAG1	Cortex_1	Pyramidal_layer_dentate_gyrus	0.12632538065277255		NOTCH1|JAG1|Cortex_1->Pyramidal_layer_dentate_gyrus
2648	SPP1	CD44	Cortex_3	Thalamus_2	0.12615681394217076		SPP1|CD44|Cortex_3->Thalamus_2
2649	FGF10	FGFR2	Lateral_ventricle	Pyramidal_layer_dentate_gyrus	0.12614816076406576		FGF10|FGFR2|Lateral_ventricle->Pyramidal_layer_dentate_gyrus
2650	SHH	PTCH1	Fiber_tract	Hippocampus	0.1261080735457587		SHH|PTCH1|Fiber_tract->Hippocampus
2651	NOTCH1	JAG1	Cortex_3	Lateral_ventricle	0.12599799972867987		NOTCH1|JAG1|Cortex_3->Lateral_ventricle
2652	KITL	KIT	Hypothalamus_1	Thalamus_1	0.12558437442209933		KITL|KIT|Hypothalamus_1->Thalamus_1
2653	NOTCH1	JAG1	Hippocampus	Fiber_tract	0.12558377551674169		NOTCH1|JAG1|Hippocampus->Fiber_tract
2654	SPP1	CD44	Cortex_5	Striatum	0.12555671681348884		SPP1|CD44|Cortex_5->Striatum
2655	DLK1	NOTCH1	Hippocampus	Striatum	0.1254823074400204		DLK1|NOTCH1|Hippocampus->Striatum
2656	NRG1	ERBB4	Hypothalamus_1	Thalamus_1	0.125475488978883		NRG1|ERBB4|Hypothalamus_1->Thalamus_1
2657	SHH	PTCH1	Cortex_5	Hippocampus	0.12547453433406347		SHH|PTCH1|Cortex_5->Hippocampus
2658	FGF10	FGFR2	Cortex_1	Cortex_4	0.1253912819428507		FGF10|FGFR2|Cortex_1->Cortex_4
2659	NOTCH1	JAG1	Hypothalamus_1	Thalamus_2	0.12536409106821966		NOTCH1|JAG1|Hypothalamus_1->Thalamus_2
2660	FGF10	FGFR2	Thalamus_2	Cortex_1	0.12524791467746835		FGF10|FGFR2|Thalamus_2->Cortex_1
2661	WNT5A	FZD7	Hypothalamus_2	Fiber_tract	0.12521517775782776		WNT5A|FZD7|Hypothalamus_2->Fiber_tract
2662	DLK1	NOTCH1	Pyramidal_layer	Striatum	0.12509453719278343		DLK1|NOTCH1|Pyramidal_layer->Striatum
2663	FGF10	FGFR2	Cortex_2	Cortex_4	0.1250100004444049		FGF10|FGFR2|Cortex_2->Cortex_4
2664	NRG1	ERBB4	Pyramidal_layer	Pyramidal_layer_dentate_gyrus	0.12487214599169937	1.0	NRG1|ERBB4|Pyramidal_layer->Pyramidal_layer_dentate_gyrus
2665	NOTCH1	JAG1	Striatum	Cortex_4	0.1244125135674082		NOTCH1|JAG1|Striatum->Cortex_4
2666	FGF10	FGFR2	Cortex_5	Pyramidal_layer_dentate_gyrus	0.12438782350900399		FGF10|FGFR2|Cortex_5->Pyramidal_layer_dentate_gyrus
2667	SHH	PTCH1	Pyramidal_layer	Hippocampus	0.1243753541390408		SHH|PTCH1|Pyramidal_layer->Hippocampus
2668	DLK1	NOTCH1	Cortex_1	Hippocampus	0.12395288599490771		DLK1|NOTCH1|Cortex_1->Hippocampus
2669	FGF10	FGFR2	Thalamus_1	Cortex_1	0.12380355397140522		FGF10|FGFR2|Thalamus_1->Cortex_1
2670	SHH	PTCH1	Hippocampus	Cortex_3	0.12361172633995211		SHH|PTCH1|Hippocampus->Cortex_3
2671	NOTCH1	JAG1	Thalamus_2	Striatum	0.12357953317871231		NOTCH1|JAG1|Thalamus_2->Striatum
2672	SPP1	CD44	Cortex_5	Cortex_4	0.12353551473083263		SPP1|CD44|Cortex_5->Cortex_4
2673	WNT5A	FZD7	Striatum	Thalamus_2	0.12329273440059445		WNT5A|FZD7|Striatum->Thalamus_2
2674	NOTCH1	JAG1	Pyramidal_layer_dentate_gyrus	Thalamus_2	0.12319432596182998		NOTCH1|JAG1|Pyramidal_layer_dentate_gyrus->Thalamus_2
2675	FGF10	FGFR2	Hypothalamus_1	Cortex_4	0.1231435419691073		FGF10|FGFR2|Hypothalamus_1->Cortex_4
2676	WNT5A	FZD7	Striatum	Cortex_2	0.12308379847405053		WNT5A|FZD7|Striatum->Cortex_2
2677	DLK1	NOTCH1	Pyramidal_layer_dentate_gyrus	Hippocampus	0.12264781208164993		DLK1|NOTCH1|Pyramidal_layer_dentate_gyrus->Hippocampus
2678	NOTCH1	JAG1	Cortex_1	Thalamus_2	0.12253468732257754		NOTCH1|JAG1|Cortex_1->Thalamus_2
2679	NOTCH1	JAG1	Hippocampus	Hippocampus	0.1225208574318671		NOTCH1|JAG1|Hippocampus->Hippocampus
2680	SHH	PTCH1	Lateral_ventricle	Cortex_3	0.12245515164898113		SHH|PTCH1|Lateral_ventricle->Cortex_3
2681	NOTCH1	JAG1	Hippocampus	Pyramidal_layer	0.12238199632984023		NOTCH1|JAG1|Hippocampus->Pyramidal_layer
2682	DLK1	NOTCH1	Cortex_3	Thalamus_2	0.12224358796203112		DLK1|NOTCH1|Cortex_3->Thalamus_2
2683	SPP1	CD44	Cortex_2	Lateral_ventricle	0.12207430854359666		SPP1|CD44|Cortex_2->Lateral_ventricle
2684	KITL	KIT	Hypothalamus_1	Thalamus_2	0.12171885423147334		KITL|KIT|Hypothalamus_1->Thalamus_2
2685	SPP1	CD44	Cortex_4	Thalamus_2	0.12157535365010362		SPP1|CD44|Cortex_4->Thalamus_2
2686	WNT5A	FZD7	Striatum	Hypothalamus_2	0.12154008629656089		WNT5A|FZD7|Striatum->Hypothalamus_2
2687	DLK1	NOTCH1	Hippocampus	Hippocampus	0.1214445930075001		DLK1|NOTCH1|Hippocampus->Hippocampus
2688	NOTCH1	JAG1	Cortex_4	Cortex_5	0.12138165842046537		NOTCH1|JAG1|Cortex_4->Cortex_5
2689	SHH	PTCH1	Hippocampus	Hippocampus	0.12136479057707228		SHH|PTCH1|Hippocampus->Hippocampus
2690	FGF10	FGFR2	Hypothalamus_2	Pyramidal_layer_dentate_gyrus	0.12113034761272294		FGF10|FGFR2|Hypothalamus_2->Pyramidal_layer_dentate_gyrus
2691	DLK1	NOTCH1	Pyramidal_layer	Hippocampus	0.12105682276026315		DLK1|NOTCH1|Pyramidal_layer->Hippocampus
2692	FGF10	FGFR2	Fiber_tract	Pyramidal_layer	0.12083408303693835		FGF10|FGFR2|Fiber_tract->Pyramidal_layer
2693	NOTCH1	JAG1	Cortex_2	Fiber_tract	0.12071230126364796		NOTCH1|JAG1|Cortex_2->Fiber_tract
2694	WNT5A	FZD7	Cortex_4	Fiber_tract	0.12041923658391221		WNT5A|FZD7|Cortex_4->Fiber_tract
2695	NOTCH1	JAG1	Hippocampus	Cortex_4	0.12037479913488792		NOTCH1|JAG1|Hippocampus->Cortex_4
2696	SHH	PTCH1	Lateral_ventricle	Hippocampus	0.1202082158861013		SHH|PTCH1|Lateral_ventricle->Hippocampus
2697	WNT5A	FZD7	Pyramidal_layer_dentate_gyrus	Fiber_tract	0.12006533409641906		WNT5A|FZD7|Pyramidal_layer_dentate_gyrus->Fiber_tract
2698	FGF10	FGFR2	Striatum	Cortex_4	0.1195988435035124		FGF10|FGFR2|Striatum->Cortex_4
2699	DLK1	NOTCH1	Thalamus_1	Thalamus_2	0.1193964531372205		DLK1|NOTCH1|Thalamus_1->Thalamus_2
2700	FGF10	FGFR2	Cortex_4	Cortex_2	0.11932488858467874		FGF10|FGFR2|Cortex_4->Cortex_2
2701	SPP1	CD44	Cortex_5	Cortex_2	0.11926069984012673		SPP1|CD44|Cortex_5->Cortex_2
2702	WNT5A	FZD7	Cortex_5	Pyramidal_layer_dentate_gyrus	0.11923586305466978		WNT5A|FZD7|Cortex_5->Pyramidal_layer_dentate_gyrus
2703	DLK1	NOTCH1	Cortex_1	Cortex_2	0.119081411741814		DLK1|NOTCH1|Cortex_1->Cortex_2
2704	SPP1	CD44	Cortex_5	Pyramidal_layer	0.11897354518555327		SPP1|CD44|Cortex_5->Pyramidal_layer
2705	DLK1	NOTCH1	Cortex_2	Cortex_4	0.11889295375436514		DLK1|NOTCH1|Cortex_2->Cortex_4
2706	FGF10	FGFR2	Fiber_tract	Cortex_5	0.1185715457879034		FGF10|FGFR2|Fiber_tract->Cortex_5
2707	DLK1	NOTCH1	Cortex_5	Thalamus_2	0.11852150438389517		DLK1|NOTCH1|Cortex_5->Thalamus_2
2708	SPP1	CD44	Cortex_1	Lateral_ventricle	0.11835450403327352		SPP1|CD44|Cortex_1->Lateral_ventricle
2709	NOTCH1	JAG1	Striatum	Cortex_3	0.11822481390671959		NOTCH1|JAG1|Striatum->Cortex_3
2710	WNT5A	FZD7	Striatum	Striatum	0.11815825036538193		WNT5A|FZD7|Striatum->Striatum
2711	WNT5A	FZD7	Hippocampus	Cortex_5	0.11810979978570693		WNT5A|FZD7|Hippocampus->Cortex_5
2712	FGF10	FGFR2	Thalamus_2	Pyramidal_layer_dentate_gyrus	0.11805263851477088		FGF10|FGFR2|Thalamus_2->Pyramidal_layer_dentate_gyrus
2713	SPP1	CD44	Thalamus_1	Lateral_ventricle	0.1179823038140215		SPP1|CD44|Thalamus_1->Lateral_ventricle
2714	NOTCH1	JAG1	Thalamus_2	Thalamus_1	0.11786599717659597		NOTCH1|JAG1|Thalamus_2->Thalamus_1
2715	DLK1	NOTCH1	Pyramidal_layer_dentate_gyrus	Cortex_2	0.11777633782855622		DLK1|NOTCH1|Pyramidal_layer_dentate_gyrus->Cortex_2
2716	NOTCH1	JAG1	Cortex_2	Hippocampus	0.11764938317877338		NOTCH1|JAG1|Cortex_2->Hippocampus
2717	NRG1	ERBB4	Pyramidal_layer	Thalamus_2	0.11757537233643234		NRG1|ERBB4|Pyramidal_layer->Thalamus_2
2718	NOTCH1	JAG1	Thalamus_2	Hypothalamus_2	0.11755599502887212		NOTCH1|JAG1|Thalamus_2->Hypothalamus_2
2719	NOTCH1	JAG1	Cortex_2	Pyramidal_layer	0.11751052207674652		NOTCH1|JAG1|Cortex_2->Pyramidal_layer
2720	WNT5A	FZD7	Hypothalamus_1	Pyramidal_layer_dentate_gyrus	0.11739756130693454		WNT5A|FZD7|Hypothalamus_1->Pyramidal_layer_dentate_gyrus
2721	SPP1	CD44	Hypothalamus_2	Striatum	0.11738222128308383		SPP1|CD44|Hypothalamus_2->Striatum
2722	NRG1	ERBB4	Cortex_4	Thalamus_1	0.11725372491557068		NRG1|ERBB4|Cortex_4->Thalamus_1
2723	NOTCH1	JAG1	Hypothalamus_1	Striatum	0.11722994588508401		NOTCH1|JAG1|Hypothalamus_1->Striatum
2724	NOTCH1	JAG1	Cortex_4	Pyramidal_layer_dentate_gyrus	0.11695665837274904		NOTCH1|JAG1|Cortex_4->Pyramidal_layer_dentate_gyrus
2725	NOTCH1	JAG1	Cortex_3	Cortex_5	0.11683843232438486		NOTCH1|JAG1|Cortex_3->Cortex_5
2726	FGF10	FGFR2	Thalamus_1	Pyramidal_layer_dentate_gyrus	0.11660827780870776		FGF10|FGFR2|Thalamus_1->Pyramidal_layer_dentate_gyrus
2727	DLK1	NOTCH1	Hippocampus	Cortex_2	0.11657311875440639		DLK1|NOTCH1|Hippocampus->Cortex_2
2728	DLK1	NOTCH1	Fiber_tract	Pyramidal_layer	0.11635111303732358		DLK1|NOTCH1|Fiber_tract->Pyramidal_layer
2729	DLK1	NOTCH1	Pyramidal_layer	Cortex_2	0.11618534850716944		DLK1|NOTCH1|Pyramidal_layer->Cortex_2
2730	WNT5A	FZD7	Hypothalamus_2	Pyramidal_layer_dentate_gyrus	0.11618463722152791		WNT5A|FZD7|Hypothalamus_2->Pyramidal_layer_dentate_gyrus
2731	NOTCH1	JAG1	Thalamus_2	Hypothalamus_1	0.1161446501680005		NOTCH1|JAG1|Thalamus_2->Hypothalamus_1
2732	FGF10	FGFR2	Lateral_ventricle	Cortex_4	0.11612144134826223		FGF10|FGFR2|Lateral_ventricle->Cortex_4
2733	FGF10	FGFR2	Fiber_tract	Cortex_1	0.11603501467557749		FGF10|FGFR2|Fiber_tract->Cortex_1
2734	DLK1	NOTCH1	Cortex_3	Hypothalamus_1	0.1158940006684028		DLK1|NOTCH1|Cortex_3->Hypothalamus_1
2735	NOTCH1	JAG1	Cortex_2	Cortex_4	0.11550332488179421		NOTCH1|JAG1|Cortex_2->Cortex_4
2736	SPP1	CD44	Hypothalamus_2	Cortex_4	0.11536101920042763		SPP1|CD44|Hypothalamus_2->Cortex_4
2737	NOTCH1	JAG1	Thalamus_2	Cortex_1	0.11531861492721232		NOTCH1|JAG1|Thalamus_2->Cortex_1
2738	NOTCH1	JAG1	Pyramidal_layer_dentate_gyrus	Striatum	0.11506018077869432		NOTCH1|JAG1|Pyramidal_layer_dentate_gyrus->Striatum
2739	NOTCH1	JAG1	Cortex_1	Striatum	0.11440054213944187		NOTCH1|JAG1|Cortex_1->Striatum
2740	FGF10	FGFR2	Cortex_5	Cortex_4	0.11436110409320044		FGF10|FGFR2|Cortex_5->Cortex_4
2741	NOTCH1	JAG1	Pyramidal_layer	Lateral_ventricle	0.1143547664086024		NOTCH1|JAG1|Pyramidal_layer->Lateral_ventricle
2742	DLK1	NOTCH1	Cortex_2	Cortex_3	0.11434972765828462		DLK1|NOTCH1|Cortex_2->Cortex_3
2743	WNT5A	FZD7	Striatum	Thalamus_1	0.11428675145172768		WNT5A|FZD7|Striatum->Thalamus_1
2744	NRG1	ERBB4	Thalamus_2	Thalamus_1	0.11424605572824562		NRG1|ERBB4|Thalamus_2->Thalamus_1
2745	NOTCH1	JAG1	Hippocampus	Cortex_3	0.1141870994741993		NOTCH1|JAG1|Hippocampus->Cortex_3
2746	NOTCH1	JAG1	Thalamus_2	Cortex_2	0.11415493905323228		NOTCH1|JAG1|Thalamus_2->Cortex_2
2747	SPP1	CD44	Thalamus_2	Lateral_ventricle	0.11398132475137354		SPP1|CD44|Thalamus_2->Lateral_ventricle
2748	DLK1	NOTCH1	Cortex_3	Pyramidal_layer_dentate_gyrus	0.11372423556201311		DLK1|NOTCH1|Cortex_3->Pyramidal_layer_dentate_gyrus
2749	DLK1	NOTCH1	Cortex_4	Thalamus_2	0.11362007534608426		DLK1|NOTCH1|Cortex_4->Thalamus_2
2750	SPP1	CD44	Hypothalamus_1	Thalamus_1	0.11319348144938145		SPP1|CD44|Hypothalamus_1->Thalamus_1
2751	NOTCH1	JAG1	Cortex_4	Thalamus_2	0.11316596504255402		NOTCH1|JAG1|Cortex_4->Thalamus_2
2752	DLK1	NOTCH1	Cortex_3	Cortex_1	0.11306459692276066		DLK1|NOTCH1|Cortex_3->Cortex_1
2753	DLK1	NOTCH1	Thalamus_1	Hypothalamus_1	0.11304686584359218		DLK1|NOTCH1|Thalamus_1->Hypothalamus_1
2754	NOTCH1	JAG1	Cortex_3	Pyramidal_layer_dentate_gyrus	0.11241343227666853		NOTCH1|JAG1|Cortex_3->Pyramidal_layer_dentate_gyrus
2755	WNT5A	FZD7	Striatum	Hippocampus	0.11227636210090006		WNT5A|FZD7|Striatum->Hippocampus
2756	DLK1	NOTCH1	Cortex_5	Hypothalamus_1	0.11217191709026686		DLK1|NOTCH1|Cortex_5->Hypothalamus_1
2757	NRG1	ERBB4	Lateral_ventricle	Thalamus_1	0.11214758282844395		NRG1|ERBB4|Lateral_ventricle->Thalamus_1
2758	NOTCH1	JAG1	Hypothalamus_1	Thalamus_1	0.11151640988296765		NOTCH1|JAG1|Hypothalamus_1->Thalamus_1
2759	WNT5A	FZD7	Cortex_5	Hypothalamus_1	0.11149576586683947		WNT5A|FZD7|Cortex_5->Hypothalamus_1
2760	WNT5A	FZD7	Cortex_4	Pyramidal_layer_dentate_gyrus	0.11138869604761238		WNT5A|FZD7|Cortex_4->Pyramidal_layer_dentate_gyrus
2761	NOTCH1	JAG1	Hypothalamus_1	Hypothalamus_2	0.1112064077352438		NOTCH1|JAG1|Hypothalamus_1->Hypothalamus_2
2762	NRG1	ERBB4	Cortex_2	Thalamus_1	0.11116928820167381		NRG1|ERBB4|Cortex_2->Thalamus_1
2763	FGF10	FGFR2	Hypothalamus_2	Cortex_4	0.1111036281969194		FGF10|FGFR2|Hypothalamus_2->Cortex_4
2764	SPP1	CD44	Hypothalamus_2	Cortex_2	0.11108620430972171		SPP1|CD44|Hypothalamus_2->Cortex_2
2765	WNT5A	FZD7	Pyramidal_layer_dentate_gyrus	Pyramidal_layer_dentate_gyrus	0.11103479356011924	0.13	WNT5A|FZD7|Pyramidal_layer_dentate_gyrus->Pyramidal_layer_dentate_gyrus
2766	DLK1	NOTCH1	Thalamus_1	Pyramidal_layer_dentate_gyrus	0.11087710073720249		DLK1|NOTCH1|Thalamus_1->Pyramidal_layer_dentate_gyrus
2767	SPP1	CD44	Hypothalamus_2	Pyramidal_layer	0.11079904965514825		SPP1|CD44|Hypothalamus_2->Pyramidal_layer
2768	WNT5A	FZD7	Striatum	Cortex_4	0.1106483227358506		WNT5A|FZD7|Striatum->Cortex_4
2769	DLK1	NOTCH1	Thalamus_1	Cortex_1	0.11021746209795004		DLK1|NOTCH1|Thalamus_1->Cortex_1
2770	SPP1	CD44	Hypothalamus_1	Fiber_tract	0.11001294431161868		SPP1|CD44|Hypothalamus_1->Fiber_tract
2771	DLK1	NOTCH1	Cortex_5	Pyramidal_layer_dentate_gyrus	0.11000215198387717		DLK1|NOTCH1|Cortex_5->Pyramidal_layer_dentate_gyrus
2772	NOTCH1	JAG1	Hypothalamus_1	Hypothalamus_1	0.10979506287437218		NOTCH1|JAG1|Hypothalamus_1->Hypothalamus_1
2773	WNT5A	FZD7	Hypothalamus_1	Hypothalamus_1	0.10965746411910424		WNT5A|FZD7|Hypothalamus_1->Hypothalamus_1
2774	NOTCH1	JAG1	Pyramidal_layer_dentate_gyrus	Thalamus_1	0.10934664477657796		NOTCH1|JAG1|Pyramidal_layer_dentate_gyrus->Thalamus_1
2775	DLK1	NOTCH1	Cortex_5	Cortex_1	0.10934251334462472		DLK1|NOTCH1|Cortex_5->Cortex_1
2776	NOTCH1	JAG1	Cortex_2	Cortex_3	0.10931562522110559		NOTCH1|JAG1|Cortex_2->Cortex_3
2777	NOTCH1	JAG1	Pyramidal_layer_dentate_gyrus	Hypothalamus_2	0.10903664262885411		NOTCH1|JAG1|Pyramidal_layer_dentate_gyrus->Hypothalamus_2
2778	NOTCH1	JAG1	Hypothalamus_1	Cortex_1	0.10896902763358401		NOTCH1|JAG1|Hypothalamus_1->Cortex_1
2779	SPP1	CD44	Hypothalamus_1	Pyramidal_layer_dentate_gyrus	0.10895584566240532		SPP1|CD44|Hypothalamus_1->Pyramidal_layer_dentate_gyrus
2780	FGF10	FGFR2	Fiber_tract	Pyramidal_layer_dentate_gyrus	0.10883973851288004		FGF10|FGFR2|Fiber_tract->Pyramidal_layer_dentate_gyrus
2781	NOTCH1	JAG1	Cortex_1	Thalamus_1	0.10868700613732551		NOTCH1|JAG1|Cortex_1->Thalamus_1
2782	WNT5A	FZD7	Fiber_tract	Cortex_5	0.10865652975705194		WNT5A|FZD7|Fiber_tract->Cortex_5
2783	NOTCH1	JAG1	Cortex_3	Thalamus_2	0.10862273894647351		NOTCH1|JAG1|Cortex_3->Thalamus_2
2784	KITL	KIT	Pyramidal_layer	Thalamus_1	0.10848824874781884		KITL|KIT|Pyramidal_layer->Thalamus_1
2785	WNT5A	FZD7	Thalamus_1	Cortex_5	0.1084841555116394		WNT5A|FZD7|Thalamus_1->Cortex_5
2786	WNT5A	FZD7	Hypothalamus_2	Hypothalamus_1	0.1084445400336976		WNT5A|FZD7|Hypothalamus_2->Hypothalamus_1
2787	WNT5A	FZD7	Striatum	Cortex_3	0.10841179779123726		WNT5A|FZD7|Striatum->Cortex_3
2788	NOTCH1	JAG1	Cortex_1	Hypothalamus_2	0.10837700398960166		NOTCH1|JAG1|Cortex_1->Hypothalamus_2
2789	NRG1	ERBB4	Thalamus_1	Thalamus_1	0.10835752347876743		NRG1|ERBB4|Thalamus_1->Thalamus_1
2790	FGF10	FGFR2	Thalamus_2	Cortex_4	0.10802591909896733		FGF10|FGFR2|Thalamus_2->Cortex_4
2791	FGF10	FGFR2	Hippocampus	Cortex_2	0.10784657338486112		FGF10|FGFR2|Hippocampus->Cortex_2
2792	NOTCH1	JAG1	Hypothalamus_1	Cortex_2	0.10780535175960396		NOTCH1|JAG1|Hypothalamus_1->Cortex_2
2793	NOTCH1	JAG1	Pyramidal_layer_dentate_gyrus	Hypothalamus_1	0.10762529776798249		NOTCH1|JAG1|Pyramidal_layer_dentate_gyrus->Hypothalamus_1
2794	NOTCH1	JAG1	Thalamus_2	Fiber_tract	0.10758596687346894		NOTCH1|JAG1|Thalamus_2->Fiber_tract
2795	DLK1	NOTCH1	Cortex_4	Hypothalamus_1	0.10727048805245595		DLK1|NOTCH1|Cortex_4->Hypothalamus_1
2796	SPP1	CD44	Pyramidal_layer	Thalamus_2	0.10720987672296663		SPP1|CD44|Pyramidal_layer->Thalamus_2
2797	NOTCH1	JAG1	Cortex_1	Hypothalamus_1	0.10696565912873005		NOTCH1|JAG1|Cortex_1->Hypothalamus_1
2798	SPP1	CD44	Hypothalamus_1	Cortex_3	0.10680305026823944		SPP1|CD44|Hypothalamus_1->Cortex_3
2799	NOTCH1	JAG1	Pyramidal_layer_dentate_gyrus	Cortex_1	0.10679926252719432		NOTCH1|JAG1|Pyramidal_layer_dentate_gyrus->Cortex_1
2800	WNT5A	FZD7	Cortex_5	Thalamus_2	0.10673264358300975		WNT5A|FZD7|Cortex_5->Thalamus_2
2801	FGF10	FGFR2	Thalamus_1	Cortex_4	0.10658155839290422		FGF10|FGFR2|Thalamus_1->Cortex_4
2802	WNT5A	FZD7	Cortex_5	Cortex_2	0.10652370765646584		WNT5A|FZD7|Cortex_5->Cortex_2
2803	NRG1	ERBB4	Striatum	Thalamus_1	0.10627733240168938		NRG1|ERBB4|Striatum->Thalamus_1
2804	NOTCH1	JAG1	Cortex_1	Cortex_1	0.10613962388794188		NOTCH1|JAG1|Cortex_1->Cortex_1
2805	DLK1	NOTCH1	Cortex_1	Thalamus_2	0.10595507735163498		DLK1|NOTCH1|Cortex_1->Thalamus_2
2806	WNT5A	FZD7	Hippocampus	Fiber_tract	0.10565135173513246		WNT5A|FZD7|Hippocampus->Fiber_tract
2807	NOTCH1	JAG1	Pyramidal_layer_dentate_gyrus	Cortex_2	0.10563558665321426		NOTCH1|JAG1|Pyramidal_layer_dentate_gyrus->Cortex_2
2808	FGF10	FGFR2	Cortex_1	Cortex_2	0.10542514964496363		FGF10|FGFR2|Cortex_1->Cortex_2
2809	WNT5A	FZD7	Striatum	Pyramidal_layer	0.10538083342374428		WNT5A|FZD7|Striatum->Pyramidal_layer
2810	NOTCH1	JAG1	Pyramidal_layer	Cortex_5	0.1051951990043074		NOTCH1|JAG1|Pyramidal_layer->Cortex_5
2811	DLK1	NOTCH1	Cortex_4	Pyramidal_layer_dentate_gyrus	0.10510072294606626		DLK1|NOTCH1|Cortex_4->Pyramidal_layer_dentate_gyrus
2812	FGF10	FGFR2	Cortex_2	Cortex_2	0.10504386814651787		FGF10|FGFR2|Cortex_2->Cortex_2
2813	NOTCH1	JAG1	Cortex_4	Striatum	0.10503181985941834		NOTCH1|JAG1|Cortex_4->Striatum
2814	WNT5A	FZD7	Cortex_5	Hypothalamus_2	0.1049799954789762		WNT5A|FZD7|Cortex_5->Hypothalamus_2
2815	NOTCH1	JAG1	Cortex_1	Cortex_2	0.10497594801396182		NOTCH1|JAG1|Cortex_1->Cortex_2
2816	WNT5A	FZD7	Hypothalamus_1	Thalamus_2	0.10489434183527452		WNT5A|FZD7|Hypothalamus_1->Thalamus_2
2817	WNT5A	FZD7	Hypothalamus_1	Cortex_2	0.1046854059087306		WNT5A|FZD7|Hypothalamus_1->Cortex_2
2818	DLK1	NOTCH1	Pyramidal_layer_dentate_gyrus	Thalamus_2	0.1046500034383772		DLK1|NOTCH1|Pyramidal_layer_dentate_gyrus->Thalamus_2
2819	KITL	KIT	Pyramidal_layer	Thalamus_2	0.10462272855719286		KITL|KIT|Pyramidal_layer->Thalamus_2
2820	NOTCH1	JAG1	Thalamus_2	Hippocampus	0.10452304878859436		NOTCH1|JAG1|Thalamus_2->Hippocampus
2821	DLK1	NOTCH1	Cortex_4	Cortex_1	0.10444108430681381		DLK1|NOTCH1|Cortex_4->Cortex_1
2822	NOTCH1	JAG1	Thalamus_2	Pyramidal_layer	0.1043841876865675		NOTCH1|JAG1|Thalamus_2->Pyramidal_layer
2823	SPP1	CD44	Pyramidal_layer_dentate_gyrus	Thalamus_2	0.10431778361089528		SPP1|CD44|Pyramidal_layer_dentate_gyrus->Thalamus_2
2824	WNT5A	FZD7	Cortex_1	Cortex_5	0.10397043164633601		WNT5A|FZD7|Cortex_1->Cortex_5
2825	SPP1	CD44	Hippocampus	Lateral_ventricle	0.10393552645523114		SPP1|CD44|Hippocampus->Lateral_ventricle
2826	DLK1	NOTCH1	Cortex_3	Cortex_4	0.10369587464273715		DLK1|NOTCH1|Cortex_3->Cortex_4
2827	WNT5A	FZD7	Hypothalamus_2	Thalamus_2	0.10368141774986789		WNT5A|FZD7|Hypothalamus_2->Thalamus_2
2828	WNT5A	FZD7	Cortex_4	Hypothalamus_1	0.10364859885978207		WNT5A|FZD7|Cortex_4->Hypothalamus_1
2829	WNT5A	FZD7	Hypothalamus_2	Cortex_2	0.10347248182332397		WNT5A|FZD7|Hypothalamus_2->Cortex_2
2830	DLK1	NOTCH1	Hippocampus	Thalamus_2	0.10344678436422737		DLK1|NOTCH1|Hippocampus->Thalamus_2
2831	WNT5A	FZD7	Pyramidal_layer_dentate_gyrus	Hypothalamus_1	0.10329469637228893		WNT5A|FZD7|Pyramidal_layer_dentate_gyrus->Hypothalamus_1
2832	FGF10	FGFR2	Hypothalamus_1	Cortex_2	0.10317740967122024		FGF10|FGFR2|Hypothalamus_1->Cortex_2
2833	WNT5A	FZD7	Hypothalamus_1	Hypothalamus_2	0.10314169373124096		WNT5A|FZD7|Hypothalamus_1->Hypothalamus_2
2834	DLK1	NOTCH1	Pyramidal_layer	Thalamus_2	0.10305901411699042		DLK1|NOTCH1|Pyramidal_layer->Thalamus_2
2835	DLK1	NOTCH1	Cortex_2	Pyramidal_layer	0.10270649433820717		DLK1|NOTCH1|Cortex_2->Pyramidal_layer
2836	SPP1	CD44	Fiber_tract	Lateral_ventricle	0.10266652816189928		SPP1|CD44|Fiber_tract->Lateral_ventricle
2837	SPP1	CD44	Striatum	Thalamus_1	0.10252586482665763		SPP1|CD44|Striatum->Thalamus_1
2838	NOTCH1	JAG1	Thalamus_2	Cortex_4	0.1023769904916152		NOTCH1|JAG1|Thalamus_2->Cortex_4
2839	WNT5A	FZD7	Striatum	Cortex_1	0.10231036034493357		WNT5A|FZD7|Striatum->Cortex_1
2840	SPP1	CD44	Hypothalamus_1	Cortex_5	0.10215917331670268		SPP1|CD44|Hypothalamus_1->Cortex_5
2841	WNT5A	FZD7	Hypothalamus_2	Hypothalamus_2	0.10192876964583433		WNT5A|FZD7|Hypothalamus_2->Hypothalamus_2
2842	WNT5A	FZD7	Cortex_5	Striatum	0.10159815954779723		WNT5A|FZD7|Cortex_5->Striatum
2843	WNT5A	FZD7	Thalamus_2	Cortex_5	0.10128390795168604		WNT5A|FZD7|Thalamus_2->Cortex_5
2844	NOTCH1	JAG1	Hypothalamus_1	Fiber_tract	0.10123637957984064		NOTCH1|JAG1|Hypothalamus_1->Fiber_tract
2845	DLK1	NOTCH1	Thalamus_1	Cortex_4	0.10084873981792652		DLK1|NOTCH1|Thalamus_1->Cortex_4
2846	NOTCH1	JAG1	Pyramidal_layer	Pyramidal_layer_dentate_gyrus	0.10077019895659108	0.8	NOTCH1|JAG1|Pyramidal_layer->Pyramidal_layer_dentate_gyrus
2847	NOTCH1	JAG1	Cortex_3	Striatum	0.10048859376333782		NOTCH1|JAG1|Cortex_3->Striatum
2848	DLK1	NOTCH1	Cortex_5	Cortex_4	0.09997379106460119		DLK1|NOTCH1|Cortex_5->Cortex_4
2849	WNT5A	FZD7	Hypothalamus_1	Striatum	0.099759857800062		WNT5A|FZD7|Hypothalamus_1->Striatum
2850	WNT5A	FZD7	Cortex_2	Cortex_5	0.09974185609441391		WNT5A|FZD7|Cortex_2->Cortex_5
2851	NRG1	ERBB4	Fiber_tract	Thalamus_1	0.09970181578608539		NRG1|ERBB4|Fiber_tract->Thalamus_1
2852	FGF10	FGFR2	Striatum	Cortex_2	0.09963271120562534		FGF10|FGFR2|Striatum->Cortex_2
2853	DLK1	NOTCH1	Cortex_1	Hypothalamus_1	0.09960549005800666		DLK1|NOTCH1|Cortex_1->Hypothalamus_1
2854	SPP1	CD44	Cortex_3	Lateral_ventricle	0.09949732514666822		SPP1|CD44|Cortex_3->Lateral_ventricle
2855	SPP1	CD44	Striatum	Fiber_tract	0.09934532768889487		SPP1|CD44|Striatum->Fiber_tract
2856	NOTCH1	JAG1	Cortex_4	Thalamus_1	0.099318283857302		NOTCH1|JAG1|Cortex_4->Thalamus_1
2857	DLK1	NOTCH1	Cortex_3	Cortex_3	0.09915264854665663		DLK1|NOTCH1|Cortex_3->Cortex_3
2858	NOTCH1	JAG1	Pyramidal_layer_dentate_gyrus	Fiber_tract	0.09906661447345094		NOTCH1|JAG1|Pyramidal_layer_dentate_gyrus->Fiber_tract
2859	NOTCH1	JAG1	Cortex_4	Hypothalamus_2	0.09900828170957815		NOTCH1|JAG1|Cortex_4->Hypothalamus_2
2860	WNT5A	FZD7	Cortex_4	Thalamus_2	0.09888547657595236		WNT5A|FZD7|Cortex_4->Thalamus_2
2861	FGF10	FGFR2	Fiber_tract	Cortex_4	0.09881301909707649		FGF10|FGFR2|Fiber_tract->Cortex_4
2862	WNT5A	FZD7	Cortex_4	Cortex_2	0.09867654064940844		WNT5A|FZD7|Cortex_4->Cortex_2
2863	WNT5A	FZD7	Hypothalamus_2	Striatum	0.09854693371465537		WNT5A|FZD7|Hypothalamus_2->Striatum
2864	WNT5A	FZD7	Pyramidal_layer_dentate_gyrus	Thalamus_2	0.09853157408845921		WNT5A|FZD7|Pyramidal_layer_dentate_gyrus->Thalamus_2
2865	SPP1	CD44	Hypothalamus_1	Cortex_1	0.09843557549868574		SPP1|CD44|Hypothalamus_1->Cortex_1
2866	NOTCH1	JAG1	Cortex_1	Fiber_tract	0.0984069758341985		NOTCH1|JAG1|Cortex_1->Fiber_tract
2867	WNT5A	FZD7	Pyramidal_layer_dentate_gyrus	Cortex_2	0.09832263816191529		WNT5A|FZD7|Pyramidal_layer_dentate_gyrus->Cortex_2
2868	DLK1	NOTCH1	Pyramidal_layer_dentate_gyrus	Hypothalamus_1	0.09830041614474888		DLK1|NOTCH1|Pyramidal_layer_dentate_gyrus->Hypothalamus_1
2869	SPP1	CD44	Striatum	Pyramidal_layer_dentate_gyrus	0.0982882290396815		SPP1|CD44|Striatum->Pyramidal_layer_dentate_gyrus
2870	NOTCH1	JAG1	Hypothalamus_1	Hippocampus	0.09817346149496604		NOTCH1|JAG1|Hypothalamus_1->Hippocampus
2871	NOTCH1	JAG1	Hypothalamus_1	Pyramidal_layer	0.09803460039293918		NOTCH1|JAG1|Hypothalamus_1->Pyramidal_layer
2872	WNT5A	FZD7	Cortex_5	Thalamus_1	0.09772666063414298		WNT5A|FZD7|Cortex_5->Thalamus_1
2873	NOTCH1	JAG1	Cortex_4	Hypothalamus_1	0.09759693684870653		NOTCH1|JAG1|Cortex_4->Hypothalamus_1
2874	DLK1	NOTCH1	Cortex_1	Pyramidal_layer_dentate_gyrus	0.09743572495161697		DLK1|NOTCH1|Cortex_1->Pyramidal_layer_dentate_gyrus
2875	SPP1	CD44	Hypothalamus_1	Hypothalamus_1	0.09735837084456132		SPP1|CD44|Hypothalamus_1->Hypothalamus_1
2876	WNT5A	FZD7	Cortex_4	Hypothalamus_2	0.0971328284719188		WNT5A|FZD7|Cortex_4->Hypothalamus_2
2877	DLK1	NOTCH1	Hippocampus	Hypothalamus_1	0.09709719707059905		DLK1|NOTCH1|Hippocampus->Hypothalamus_1
2878	NOTCH1	JAG1	Pyramidal_layer	Thalamus_2	0.09697950562639605		NOTCH1|JAG1|Pyramidal_layer->Thalamus_2
2879	WNT5A	FZD7	Pyramidal_layer_dentate_gyrus	Hypothalamus_2	0.09677892598442565		WNT5A|FZD7|Pyramidal_layer_dentate_gyrus->Hypothalamus_2
2880	DLK1	NOTCH1	Cortex_1	Cortex_1	0.09677608631236452		DLK1|NOTCH1|Cortex_1->Cortex_1
2881	NOTCH1	JAG1	Cortex_4	Cortex_1	0.09677090160791835		NOTCH1|JAG1|Cortex_4->Cortex_1
2882	DLK1	NOTCH1	Pyramidal_layer	Hypothalamus_1	0.0967094268233621		DLK1|NOTCH1|Pyramidal_layer->Hypothalamus_1
2883	WNT5A	FZD7	Hippocampus	Pyramidal_layer_dentate_gyrus	0.09662081119883262		WNT5A|FZD7|Hippocampus->Pyramidal_layer_dentate_gyrus
2884	DLK1	NOTCH1	Thalamus_1	Cortex_3	0.09630551372184601		DLK1|NOTCH1|Thalamus_1->Cortex_3
2885	WNT5A	FZD7	Fiber_tract	Fiber_tract	0.09619808170647748		WNT5A|FZD7|Fiber_tract->Fiber_tract
2886	NOTCH1	JAG1	Thalamus_2	Cortex_3	0.09618929083092657		NOTCH1|JAG1|Thalamus_2->Cortex_3
2887	FGF10	FGFR2	Lateral_ventricle	Cortex_2	0.09615530905037517		FGF10|FGFR2|Lateral_ventricle->Cortex_2
2888	SPP1	CD44	Striatum	Cortex_3	0.09613543364551562		SPP1|CD44|Striatum->Cortex_3
2889	DLK1	NOTCH1	Pyramidal_layer_dentate_gyrus	Pyramidal_layer_dentate_gyrus	0.09613065103835919	1.0	DLK1|NOTCH1|Pyramidal_layer_dentate_gyrus->Pyramidal_layer_dentate_gyrus
2890	NOTCH1	JAG1	Hypothalamus_1	Cortex_4	0.09602740319798687		NOTCH1|JAG1|Hypothalamus_1->Cortex_4
2891	WNT5A	FZD7	Thalamus_1	Fiber_tract	0.09602570746106492		WNT5A|FZD7|Thalamus_1->Fiber_tract
2892	NOTCH1	JAG1	Pyramidal_layer_dentate_gyrus	Hippocampus	0.09600369638857635		NOTCH1|JAG1|Pyramidal_layer_dentate_gyrus->Hippocampus
2893	WNT5A	FZD7	Hypothalamus_1	Thalamus_1	0.09588835888640773		WNT5A|FZD7|Hypothalamus_1->Thalamus_1
2894	NOTCH1	JAG1	Pyramidal_layer_dentate_gyrus	Pyramidal_layer	0.09586483528654949	0.93	NOTCH1|JAG1|Pyramidal_layer_dentate_gyrus->Pyramidal_layer
2895	WNT5A	FZD7	Cortex_5	Hippocampus	0.09571627128331536		WNT5A|FZD7|Cortex_5->Hippocampus
2896	NOTCH1	JAG1	Cortex_4	Cortex_2	0.0956072257339383		NOTCH1|JAG1|Cortex_4->Cortex_2
2897	DLK1	NOTCH1	Pyramidal_layer_dentate_gyrus	Cortex_1	0.09547101239910674		DLK1|NOTCH1|Pyramidal_layer_dentate_gyrus->Cortex_1
2898	DLK1	NOTCH1	Cortex_5	Cortex_3	0.09543056496852068		DLK1|NOTCH1|Cortex_5->Cortex_3
2899	NOTCH1	JAG1	Cortex_1	Hippocampus	0.0953440577493239		NOTCH1|JAG1|Cortex_1->Hippocampus
2900	SPP1	CD44	Hypothalamus_1	Hippocampus	0.09526314721355629		SPP1|CD44|Hypothalamus_1->Hippocampus
2901	NOTCH1	JAG1	Cortex_1	Pyramidal_layer	0.09520519664729704		NOTCH1|JAG1|Cortex_1->Pyramidal_layer
2902	DLK1	NOTCH1	Cortex_4	Cortex_4	0.09507236202679029		DLK1|NOTCH1|Cortex_4->Cortex_4
2903	DLK1	NOTCH1	Hippocampus	Pyramidal_layer_dentate_gyrus	0.09492743196420936		DLK1|NOTCH1|Hippocampus->Pyramidal_layer_dentate_gyrus
2904	SPP1	CD44	Cortex_4	Lateral_ventricle	0.09491586485460106		SPP1|CD44|Cortex_4->Lateral_ventricle
2905	NOTCH1	JAG1	Cortex_3	Thalamus_1	0.09477505776122148		NOTCH1|JAG1|Cortex_3->Thalamus_1
2906	WNT5A	FZD7	Hypothalamus_2	Thalamus_1	0.0946754348010011		WNT5A|FZD7|Hypothalamus_2->Thalamus_1
2907	DLK1	NOTCH1	Pyramidal_layer	Pyramidal_layer_dentate_gyrus	0.09453966171697241	1.0	DLK1|NOTCH1|Pyramidal_layer->Pyramidal_layer_dentate_gyrus
2908	NOTCH1	JAG1	Cortex_3	Hypothalamus_2	0.09446505561349763		NOTCH1|JAG1|Cortex_3->Hypothalamus_2
2909	FGF10	FGFR2	Cortex_5	Cortex_2	0.09439497179531336		FGF10|FGFR2|Cortex_5->Cortex_2
2910	SPP1	CD44	Cortex_2	Thalamus_1	0.09431681236195569		SPP1|CD44|Cortex_2->Thalamus_1
2911	DLK1	NOTCH1	Hippocampus	Cortex_1	0.09426779332495691		DLK1|NOTCH1|Hippocampus->Cortex_1
2912	WNT5A	FZD7	Cortex_5	Cortex_4	0.0940882319182659		WNT5A|FZD7|Cortex_5->Cortex_4
2913	DLK1	NOTCH1	Pyramidal_layer	Cortex_1	0.09388002307771996		DLK1|NOTCH1|Pyramidal_layer->Cortex_1
2914	WNT5A	FZD7	Hypothalamus_1	Hippocampus	0.09387796953558013		WNT5A|FZD7|Hypothalamus_1->Hippocampus
2915	NOTCH1	JAG1	Pyramidal_layer_dentate_gyrus	Cortex_4	0.09385763809159718		NOTCH1|JAG1|Pyramidal_layer_dentate_gyrus->Cortex_4
2916	WNT5A	FZD7	Cortex_4	Striatum	0.09375099254073983		WNT5A|FZD7|Cortex_4->Striatum
2917	WNT5A	FZD7	Pyramidal_layer_dentate_gyrus	Striatum	0.09339709005324669		WNT5A|FZD7|Pyramidal_layer_dentate_gyrus->Striatum
2918	NOTCH1	JAG1	Cortex_1	Cortex_4	0.09319799945234473		NOTCH1|JAG1|Cortex_1->Cortex_4
2919	WNT5A	FZD7	Cortex_3	Cortex_5	0.09306575280842264		WNT5A|FZD7|Cortex_3->Cortex_5
2920	NOTCH1	JAG1	Cortex_3	Hypothalamus_1	0.09305371075262601		NOTCH1|JAG1|Cortex_3->Hypothalamus_1
2921	NRG1	ERBB4	Hippocampus	Thalamus_1	0.0928335396525306		NRG1|ERBB4|Hippocampus->Thalamus_1
2922	WNT5A	FZD7	Hypothalamus_2	Hippocampus	0.0926650454501735		WNT5A|FZD7|Hypothalamus_2->Hippocampus
2923	WNT5A	FZD7	Hypothalamus_1	Cortex_4	0.09224993017053067		WNT5A|FZD7|Hypothalamus_1->Cortex_4
2924	NOTCH1	JAG1	Cortex_3	Cortex_1	0.09222767551183783		NOTCH1|JAG1|Cortex_3->Cortex_1
2925	SPP1	CD44	Hypothalamus_1	Hypothalamus_2	0.09205742751799217		SPP1|CD44|Hypothalamus_1->Hypothalamus_2
2926	WNT5A	FZD7	Cortex_5	Cortex_3	0.09185170697365257		WNT5A|FZD7|Cortex_5->Cortex_3
2927	WNT5A	FZD7	Cortex_1	Fiber_tract	0.09151198359576154		WNT5A|FZD7|Cortex_1->Fiber_tract
2928	SPP1	CD44	Striatum	Cortex_5	0.09149155669397886		SPP1|CD44|Striatum->Cortex_5
2929	FGF10	FGFR2	Hypothalamus_2	Cortex_2	0.09113749589903233		FGF10|FGFR2|Hypothalamus_2->Cortex_2
2930	SPP1	CD44	Cortex_2	Fiber_tract	0.09113627522419292		SPP1|CD44|Cortex_2->Fiber_tract
2931	NOTCH1	JAG1	Cortex_3	Cortex_2	0.09106399963785779		NOTCH1|JAG1|Cortex_3->Cortex_2
2932	WNT5A	FZD7	Hypothalamus_2	Cortex_4	0.09103700608512404		WNT5A|FZD7|Hypothalamus_2->Cortex_4
2933	SPP1	CD44	Cortex_1	Thalamus_1	0.09059700785163255		SPP1|CD44|Cortex_1->Thalamus_1
2934	DLK1	NOTCH1	Cortex_4	Cortex_3	0.09052913593070977		DLK1|NOTCH1|Cortex_4->Cortex_3
2935	SPP1	CD44	Thalamus_1	Thalamus_1	0.09022480763238053		SPP1|CD44|Thalamus_1->Thalamus_1
2936	SPP1	CD44	Cortex_2	Pyramidal_layer_dentate_gyrus	0.09007917657497955		SPP1|CD44|Cortex_2->Pyramidal_layer_dentate_gyrus
2937	WNT5A	FZD7	Hypothalamus_1	Cortex_3	0.09001340522591733		WNT5A|FZD7|Hypothalamus_1->Cortex_3
2938	WNT5A	FZD7	Cortex_4	Thalamus_1	0.08987949362708558		WNT5A|FZD7|Cortex_4->Thalamus_1
2939	NOTCH1	JAG1	Hypothalamus_1	Cortex_3	0.08983970353729825		NOTCH1|JAG1|Hypothalamus_1->Cortex_3
2940	WNT5A	FZD7	Pyramidal_layer_dentate_gyrus	Thalamus_1	0.08952559113959244		WNT5A|FZD7|Pyramidal_layer_dentate_gyrus->Thalamus_1
2941	NOTCH1	JAG1	Cortex_4	Fiber_tract	0.08903825355417497		NOTCH1|JAG1|Cortex_4->Fiber_tract
2942	WNT5A	FZD7	Hippocampus	Hypothalamus_1	0.08888071401100231		WNT5A|FZD7|Hippocampus->Hypothalamus_1
2943	NOTCH1	JAG1	Pyramidal_layer	Striatum	0.08884536044326038		NOTCH1|JAG1|Pyramidal_layer->Striatum
2944	WNT5A	FZD7	Thalamus_2	Fiber_tract	0.08882545990111157		WNT5A|FZD7|Thalamus_2->Fiber_tract
2945	WNT5A	FZD7	Cortex_5	Pyramidal_layer	0.08882074260615959		WNT5A|FZD7|Cortex_5->Pyramidal_layer
2946	WNT5A	FZD7	Hypothalamus_2	Cortex_3	0.0888004811405107		WNT5A|FZD7|Hypothalamus_2->Cortex_3
2947	FGF10	FGFR2	Thalamus_2	Cortex_2	0.08805978680108027		FGF10|FGFR2|Thalamus_2->Cortex_2
2948	SPP1	CD44	Cortex_2	Cortex_3	0.08792638118081367		SPP1|CD44|Cortex_2->Cortex_3
2949	WNT5A	FZD7	Cortex_4	Hippocampus	0.08786910427625796		WNT5A|FZD7|Cortex_4->Hippocampus
2950	SPP1	CD44	Striatum	Cortex_1	0.08776795887596192		SPP1|CD44|Striatum->Cortex_1
2951	NOTCH1	JAG1	Pyramidal_layer_dentate_gyrus	Cortex_3	0.08766993843090856		NOTCH1|JAG1|Pyramidal_layer_dentate_gyrus->Cortex_3
2952	WNT5A	FZD7	Pyramidal_layer_dentate_gyrus	Hippocampus	0.08751520178876482		WNT5A|FZD7|Pyramidal_layer_dentate_gyrus->Hippocampus
2953	DLK1	NOTCH1	Cortex_3	Pyramidal_layer	0.08750941522657918		DLK1|NOTCH1|Cortex_3->Pyramidal_layer
2954	SPP1	CD44	Cortex_1	Fiber_tract	0.08741647071386979		SPP1|CD44|Cortex_1->Fiber_tract
2955	DLK1	NOTCH1	Cortex_1	Cortex_4	0.087407364032341		DLK1|NOTCH1|Cortex_1->Cortex_4
2956	WNT5A	FZD7	Cortex_2	Fiber_tract	0.08728340804383945		WNT5A|FZD7|Cortex_2->Fiber_tract
2957	WNT5A	FZD7	Fiber_tract	Pyramidal_layer_dentate_gyrus	0.08716754117017764		WNT5A|FZD7|Fiber_tract->Pyramidal_layer_dentate_gyrus
2958	SPP1	CD44	Thalamus_1	Fiber_tract	0.08704427049461776		SPP1|CD44|Thalamus_1->Fiber_tract
2959	NOTCH1	JAG1	Cortex_1	Cortex_3	0.08701029979165611		NOTCH1|JAG1|Cortex_1->Cortex_3
2960	WNT5A	FZD7	Thalamus_1	Pyramidal_layer_dentate_gyrus	0.0869951669247651		WNT5A|FZD7|Thalamus_1->Pyramidal_layer_dentate_gyrus
2961	WNT5A	FZD7	Hypothalamus_1	Pyramidal_layer	0.08698244085842435		WNT5A|FZD7|Hypothalamus_1->Pyramidal_layer
2962	SPP1	CD44	Striatum	Hypothalamus_1	0.0866907542218375		SPP1|CD44|Striatum->Hypothalamus_1
2963	FGF10	FGFR2	Thalamus_1	Cortex_2	0.08661542609501716		FGF10|FGFR2|Thalamus_1->Cortex_2
2964	SPP1	CD44	Cortex_1	Pyramidal_layer_dentate_gyrus	0.08635937206465644		SPP1|CD44|Cortex_1->Pyramidal_layer_dentate_gyrus
2965	WNT5A	FZD7	Cortex_4	Cortex_4	0.0862410649112085		WNT5A|FZD7|Cortex_4->Cortex_4
2966	SPP1	CD44	Thalamus_2	Thalamus_1	0.08622382856973257		SPP1|CD44|Thalamus_2->Thalamus_1
2967	DLK1	NOTCH1	Pyramidal_layer_dentate_gyrus	Cortex_4	0.08610229011908323		DLK1|NOTCH1|Pyramidal_layer_dentate_gyrus->Cortex_4
2968	SPP1	CD44	Thalamus_1	Pyramidal_layer_dentate_gyrus	0.08598717184540439		SPP1|CD44|Thalamus_1->Pyramidal_layer_dentate_gyrus
2969	NOTCH1	JAG1	Cortex_4	Hippocampus	0.08597533546930039		NOTCH1|JAG1|Cortex_4->Hippocampus
2970	WNT5A	FZD7	Pyramidal_layer_dentate_gyrus	Cortex_4	0.08588716242371536		WNT5A|FZD7|Pyramidal_layer_dentate_gyrus->Cortex_4
2971	NRG1	ERBB4	Pyramidal_layer_dentate_gyrus	Thalamus_1	0.08587788487118135		NRG1|ERBB4|Pyramidal_layer_dentate_gyrus->Thalamus_1
2972	NOTCH1	JAG1	Cortex_4	Pyramidal_layer	0.08583647436727353		NOTCH1|JAG1|Cortex_4->Pyramidal_layer
2973	WNT5A	FZD7	Hypothalamus_2	Pyramidal_layer	0.08576951677301772		WNT5A|FZD7|Hypothalamus_2->Pyramidal_layer
2974	WNT5A	FZD7	Cortex_5	Cortex_1	0.08575026952734888		WNT5A|FZD7|Cortex_5->Cortex_1
2975	DLK1	NOTCH1	Hippocampus	Cortex_4	0.0848990710449334		DLK1|NOTCH1|Hippocampus->Cortex_4
2976	DLK1	NOTCH1	Thalamus_1	Pyramidal_layer	0.08466228040176856		DLK1|NOTCH1|Thalamus_1->Pyramidal_layer
2977	SPP1	CD44	Striatum	Hippocampus	0.08459553059083247		SPP1|CD44|Striatum->Hippocampus
2978	DLK1	NOTCH1	Pyramidal_layer	Cortex_4	0.08451130079769645		DLK1|NOTCH1|Pyramidal_layer->Cortex_4
2979	NOTCH1	JAG1	Cortex_3	Fiber_tract	0.08449502745809445		NOTCH1|JAG1|Cortex_3->Fiber_tract
2980	SPP1	CD44	Cortex_1	Cortex_3	0.08420657667049056		SPP1|CD44|Cortex_1->Cortex_3
2981	WNT5A	FZD7	Hippocampus	Thalamus_2	0.0841175917271726		WNT5A|FZD7|Hippocampus->Thalamus_2
2982	WNT5A	FZD7	Cortex_4	Cortex_3	0.08400453996659517		WNT5A|FZD7|Cortex_4->Cortex_3
2983	WNT5A	FZD7	Hypothalamus_1	Cortex_1	0.08391196777961364		WNT5A|FZD7|Hypothalamus_1->Cortex_1
2984	WNT5A	FZD7	Hippocampus	Cortex_2	0.08390865580062867		WNT5A|FZD7|Hippocampus->Cortex_2
2985	SPP1	CD44	Thalamus_1	Cortex_3	0.08383437645123851		SPP1|CD44|Thalamus_1->Cortex_3
2986	NOTCH1	JAG1	Cortex_4	Cortex_4	0.08382927717232122		NOTCH1|JAG1|Cortex_4->Cortex_4
2987	DLK1	NOTCH1	Cortex_5	Pyramidal_layer	0.08378733164844324		DLK1|NOTCH1|Cortex_5->Pyramidal_layer
2988	WNT5A	FZD7	Pyramidal_layer_dentate_gyrus	Cortex_3	0.08365063747910202		WNT5A|FZD7|Pyramidal_layer_dentate_gyrus->Cortex_3
2989	SPP1	CD44	Cortex_2	Cortex_5	0.08328250422927691		SPP1|CD44|Cortex_2->Cortex_5
2990	NOTCH1	JAG1	Pyramidal_layer	Thalamus_1	0.08313182444114403		NOTCH1|JAG1|Pyramidal_layer->Thalamus_1
2991	SPP1	CD44	Thalamus_2	Fiber_tract	0.08304329143196981		SPP1|CD44|Thalamus_2->Fiber_tract
2992	DLK1	NOTCH1	Cortex_1	Cortex_3	0.08286413793626049		DLK1|NOTCH1|Cortex_1->Cortex_3
2993	NOTCH1	JAG1	Pyramidal_layer	Hypothalamus_2	0.08282182229342018		NOTCH1|JAG1|Pyramidal_layer->Hypothalamus_2
2994	WNT5A	FZD7	Hypothalamus_2	Cortex_1	0.08269904369420701		WNT5A|FZD7|Hypothalamus_2->Cortex_1
2995	SPP1	CD44	Hypothalamus_1	Striatum	0.0826862016018497		SPP1|CD44|Hypothalamus_1->Striatum
2996	WNT5A	FZD7	Cortex_1	Pyramidal_layer_dentate_gyrus	0.0824814430594617		WNT5A|FZD7|Cortex_1->Pyramidal_layer_dentate_gyrus
2997	WNT5A	FZD7	Hippocampus	Hypothalamus_2	0.08236494362313904		WNT5A|FZD7|Hippocampus->Hypothalamus_2
2998	SPP1	CD44	Thalamus_2	Pyramidal_layer_dentate_gyrus	0.08198619278275646		SPP1|CD44|Thalamus_2->Pyramidal_layer_dentate_gyrus
2999	DLK1	NOTCH1	Pyramidal_layer_dentate_gyrus	Cortex_3	0.08155906402300271		DLK1|NOTCH1|Pyramidal_layer_dentate_gyrus->Cortex_3
3000	NOTCH1	JAG1	Cortex_3	Hippocampus	0.08143210937321987		NOTCH1|JAG1|Cortex_3->Hippocampus
3001	NOTCH1	JAG1	Pyramidal_layer	Hypothalamus_1	0.08141047743254856		NOTCH1|JAG1|Pyramidal_layer->Hypothalamus_1
3002	SPP1	CD44	Striatum	Hypothalamus_2	0.08138981089526837		SPP1|CD44|Striatum->Hypothalamus_2
3003	NOTCH1	JAG1	Cortex_3	Pyramidal_layer	0.08129324827119301		NOTCH1|JAG1|Cortex_3->Pyramidal_layer
3004	WNT5A	FZD7	Cortex_4	Pyramidal_layer	0.08097357559910219		WNT5A|FZD7|Cortex_4->Pyramidal_layer
3005	SPP1	CD44	Hypothalamus_1	Cortex_4	0.08066499951919348		SPP1|CD44|Hypothalamus_1->Cortex_4
3006	WNT5A	FZD7	Pyramidal_layer_dentate_gyrus	Pyramidal_layer	0.08061967311160904	0.65	WNT5A|FZD7|Pyramidal_layer_dentate_gyrus->Pyramidal_layer
3007	WNT5A	FZD7	Cortex_3	Fiber_tract	0.08060730475784818		WNT5A|FZD7|Cortex_3->Fiber_tract
3008	NOTCH1	JAG1	Pyramidal_layer	Cortex_1	0.08058444219176039		NOTCH1|JAG1|Pyramidal_layer->Cortex_1
3009	SPP1	CD44	Pyramidal_layer	Lateral_ventricle	0.08055038792746406		SPP1|CD44|Pyramidal_layer->Lateral_ventricle
3010	DLK1	NOTCH1	Hippocampus	Cortex_3	0.08035584494885288		DLK1|NOTCH1|Hippocampus->Cortex_3
3011	DLK1	NOTCH1	Pyramidal_layer	Cortex_3	0.07996807470161593		DLK1|NOTCH1|Pyramidal_layer->Cortex_3
3012	SPP1	CD44	Thalamus_2	Cortex_3	0.07983339738859058		SPP1|CD44|Thalamus_2->Cortex_3
3013	WNT5A	FZD7	Thalamus_2	Pyramidal_layer_dentate_gyrus	0.07979491936481174		WNT5A|FZD7|Thalamus_2->Pyramidal_layer_dentate_gyrus
3014	SPP1	CD44	Cortex_1	Cortex_5	0.0795626997189538		SPP1|CD44|Cortex_1->Cortex_5
3015	SPP1	CD44	Cortex_2	Cortex_1	0.07955890641125998		SPP1|CD44|Cortex_2->Cortex_1
3016	WNT5A	FZD7	Fiber_tract	Hypothalamus_1	0.07942744398234733		WNT5A|FZD7|Fiber_tract->Hypothalamus_1
3017	NOTCH1	JAG1	Pyramidal_layer	Cortex_2	0.07942076631778033		NOTCH1|JAG1|Pyramidal_layer->Cortex_2
3018	NOTCH1	JAG1	Cortex_3	Cortex_4	0.0792860510762407		NOTCH1|JAG1|Cortex_3->Cortex_4
3019	WNT5A	FZD7	Thalamus_1	Hypothalamus_1	0.07925506973693479		WNT5A|FZD7|Thalamus_1->Hypothalamus_1
3020	SPP1	CD44	Thalamus_1	Cortex_5	0.07919049949970175		SPP1|CD44|Thalamus_1->Cortex_5
3021	WNT5A	FZD7	Hippocampus	Striatum	0.07898310769196008		WNT5A|FZD7|Hippocampus->Striatum
3022	DLK1	NOTCH1	Cortex_4	Pyramidal_layer	0.07888590261063233		DLK1|NOTCH1|Cortex_4->Pyramidal_layer
3023	FGF10	FGFR2	Fiber_tract	Cortex_2	0.07884688679918943		FGF10|FGFR2|Fiber_tract->Cortex_2
3024	SPP1	CD44	Cortex_2	Hypothalamus_1	0.07848170175713556		SPP1|CD44|Cortex_2->Hypothalamus_1
3025	WNT5A	FZD7	Cortex_2	Pyramidal_layer_dentate_gyrus	0.07825286750753963		WNT5A|FZD7|Cortex_2->Pyramidal_layer_dentate_gyrus
3026	WNT5A	FZD7	Cortex_4	Cortex_1	0.07790310252029148		WNT5A|FZD7|Cortex_4->Cortex_1
3027	SPP1	CD44	Pyramidal_layer_dentate_gyrus	Lateral_ventricle	0.07765829481539271		SPP1|CD44|Pyramidal_layer_dentate_gyrus->Lateral_ventricle
3028	NOTCH1	JAG1	Cortex_4	Cortex_3	0.0776415775116326		NOTCH1|JAG1|Cortex_4->Cortex_3
3029	WNT5A	FZD7	Pyramidal_layer_dentate_gyrus	Cortex_1	0.07754920003279833		WNT5A|FZD7|Pyramidal_layer_dentate_gyrus->Cortex_1
3030	NRG1	ERBB4	Pyramidal_layer	Thalamus_1	0.07690408120781068		NRG1|ERBB4|Pyramidal_layer->Thalamus_1
3031	SPP1	CD44	Hypothalamus_1	Cortex_2	0.07639018462848758		SPP1|CD44|Hypothalamus_1->Cortex_2
3032	SPP1	CD44	Cortex_2	Hippocampus	0.07638647812613053		SPP1|CD44|Cortex_2->Hippocampus
3033	SPP1	CD44	Hippocampus	Thalamus_1	0.07617803027359017		SPP1|CD44|Hippocampus->Thalamus_1
3034	SPP1	CD44	Hypothalamus_1	Pyramidal_layer	0.07610302997391412		SPP1|CD44|Hypothalamus_1->Pyramidal_layer
3035	SPP1	CD44	Cortex_1	Cortex_1	0.07583910190093685		SPP1|CD44|Cortex_1->Cortex_1
3036	SPP1	CD44	Thalamus_1	Cortex_1	0.07546690168168482		SPP1|CD44|Thalamus_1->Cortex_1
3037	SPP1	CD44	Thalamus_2	Cortex_5	0.07518952043705382		SPP1|CD44|Thalamus_2->Cortex_5
3038	WNT5A	FZD7	Hippocampus	Thalamus_1	0.07511160877830582		WNT5A|FZD7|Hippocampus->Thalamus_1
3039	SPP1	CD44	Fiber_tract	Thalamus_1	0.0749090319802583		SPP1|CD44|Fiber_tract->Thalamus_1
3040	SPP1	CD44	Cortex_1	Hypothalamus_1	0.07476189724681243		SPP1|CD44|Cortex_1->Hypothalamus_1
3041	WNT5A	FZD7	Cortex_1	Hypothalamus_1	0.07474134587163139		WNT5A|FZD7|Cortex_1->Hypothalamus_1
3042	WNT5A	FZD7	Fiber_tract	Thalamus_2	0.07466432169851761		WNT5A|FZD7|Fiber_tract->Thalamus_2
3043	WNT5A	FZD7	Thalamus_1	Thalamus_2	0.07449194745310507		WNT5A|FZD7|Thalamus_1->Thalamus_2
3044	WNT5A	FZD7	Fiber_tract	Cortex_2	0.07445538577197369		WNT5A|FZD7|Fiber_tract->Cortex_2
3045	SPP1	CD44	Thalamus_1	Hypothalamus_1	0.0743896970275604		SPP1|CD44|Thalamus_1->Hypothalamus_1
3046	WNT5A	FZD7	Thalamus_1	Cortex_2	0.07428301152656115		WNT5A|FZD7|Thalamus_1->Cortex_2
3047	SPP1	CD44	Cortex_2	Hypothalamus_2	0.07318075843056641		SPP1|CD44|Cortex_2->Hypothalamus_2
3048	WNT5A	FZD7	Hippocampus	Hippocampus	0.0731012194274782		WNT5A|FZD7|Hippocampus->Hippocampus
3049	NOTCH1	JAG1	Cortex_3	Cortex_3	0.07309835141555208		NOTCH1|JAG1|Cortex_3->Cortex_3
3050	SPP1	CD44	Hippocampus	Fiber_tract	0.07299749313582742		SPP1|CD44|Hippocampus->Fiber_tract
3051	WNT5A	FZD7	Fiber_tract	Hypothalamus_2	0.07291167359448406		WNT5A|FZD7|Fiber_tract->Hypothalamus_2
3052	NOTCH1	JAG1	Pyramidal_layer	Fiber_tract	0.07285179413801701		NOTCH1|JAG1|Pyramidal_layer->Fiber_tract
3053	WNT5A	FZD7	Thalamus_1	Hypothalamus_2	0.07273929934907152		WNT5A|FZD7|Thalamus_1->Hypothalamus_2
3054	SPP1	CD44	Cortex_1	Hippocampus	0.0726666736158074		SPP1|CD44|Cortex_1->Hippocampus
3055	SPP1	CD44	Thalamus_1	Hippocampus	0.07229447339655537		SPP1|CD44|Thalamus_1->Hippocampus
3056	WNT5A	FZD7	Thalamus_2	Hypothalamus_1	0.07205482217698143		WNT5A|FZD7|Thalamus_2->Hypothalamus_1
3057	SPP1	CD44	Striatum	Striatum	0.07201858497912587		SPP1|CD44|Striatum->Striatum
3058	SPP1	CD44	Hippocampus	Pyramidal_layer_dentate_gyrus	0.07194039448661405		SPP1|CD44|Hippocampus->Pyramidal_layer_dentate_gyrus
3059	SPP1	CD44	Cortex_3	Thalamus_1	0.07173982896502724		SPP1|CD44|Cortex_3->Thalamus_1
3060	SPP1	CD44	Fiber_tract	Fiber_tract	0.07172849484249554		SPP1|CD44|Fiber_tract->Fiber_tract
3061	WNT5A	FZD7	Cortex_3	Pyramidal_layer_dentate_gyrus	0.07157676422154835		WNT5A|FZD7|Cortex_3->Pyramidal_layer_dentate_gyrus
3062	WNT5A	FZD7	Hippocampus	Cortex_4	0.07147318006242875		WNT5A|FZD7|Hippocampus->Cortex_4
3063	SPP1	CD44	Thalamus_2	Cortex_1	0.07146592261903686		SPP1|CD44|Thalamus_2->Cortex_1
3064	DLK1	NOTCH1	Cortex_1	Pyramidal_layer	0.07122090461618304		DLK1|NOTCH1|Cortex_1->Pyramidal_layer
3065	SPP1	CD44	Fiber_tract	Pyramidal_layer_dentate_gyrus	0.07067139619328217		SPP1|CD44|Fiber_tract->Pyramidal_layer_dentate_gyrus
3066	WNT5A	FZD7	Cortex_2	Hypothalamus_1	0.07051277031970932		WNT5A|FZD7|Cortex_2->Hypothalamus_1
3067	SPP1	CD44	Thalamus_2	Hypothalamus_1	0.07038871796491245		SPP1|CD44|Thalamus_2->Hypothalamus_1
3068	SPP1	CD44	Striatum	Cortex_4	0.06999738289646967		SPP1|CD44|Striatum->Cortex_4
3069	WNT5A	FZD7	Cortex_1	Thalamus_2	0.06997822358780169		WNT5A|FZD7|Cortex_1->Thalamus_2
3070	DLK1	NOTCH1	Pyramidal_layer_dentate_gyrus	Pyramidal_layer	0.06991583070292526	1.0	DLK1|NOTCH1|Pyramidal_layer_dentate_gyrus->Pyramidal_layer
3071	NOTCH1	JAG1	Pyramidal_layer	Hippocampus	0.06978887605314242		NOTCH1|JAG1|Pyramidal_layer->Hippocampus
3072	SPP1	CD44	Hippocampus	Cortex_3	0.06978759909244817		SPP1|CD44|Hippocampus->Cortex_3
3073	WNT5A	FZD7	Cortex_1	Cortex_2	0.06976928766125776		WNT5A|FZD7|Cortex_1->Cortex_2
3074	NOTCH1	JAG1	Pyramidal_layer	Pyramidal_layer	0.06965001495111556	0.98	NOTCH1|JAG1|Pyramidal_layer->Pyramidal_layer
3075	WNT5A	FZD7	Fiber_tract	Striatum	0.06952983766330509		WNT5A|FZD7|Fiber_tract->Striatum
3076	SPP1	CD44	Cortex_1	Hypothalamus_2	0.06946095392024329		SPP1|CD44|Cortex_1->Hypothalamus_2
3077	WNT5A	FZD7	Thalamus_1	Striatum	0.06935746341789255		WNT5A|FZD7|Thalamus_1->Striatum
3078	WNT5A	FZD7	Hippocampus	Cortex_3	0.06923665511781542		WNT5A|FZD7|Hippocampus->Cortex_3
3079	SPP1	CD44	Thalamus_1	Hypothalamus_2	0.06908875370099125		SPP1|CD44|Thalamus_1->Hypothalamus_2
3080	DLK1	NOTCH1	Hippocampus	Pyramidal_layer	0.06871261162877543		DLK1|NOTCH1|Hippocampus->Pyramidal_layer
3081	SPP1	CD44	Cortex_3	Fiber_tract	0.06855929182726447		SPP1|CD44|Cortex_3->Fiber_tract
3082	SPP1	CD44	Fiber_tract	Cortex_3	0.06851860079911629		SPP1|CD44|Fiber_tract->Cortex_3
3083	DLK1	NOTCH1	Pyramidal_layer	Pyramidal_layer	0.06832484138153848	1.0	DLK1|NOTCH1|Pyramidal_layer->Pyramidal_layer
3084	SPP1	CD44	Thalamus_2	Hippocampus	0.06829349433390743		SPP1|CD44|Thalamus_2->Hippocampus
3085	WNT5A	FZD7	Cortex_1	Hypothalamus_2	0.06822557548376812		WNT5A|FZD7|Cortex_1->Hypothalamus_2
3086	NOTCH1	JAG1	Pyramidal_layer	Cortex_4	0.06764281775616325		NOTCH1|JAG1|Pyramidal_layer->Cortex_4
3087	SPP1	CD44	Cortex_3	Pyramidal_layer_dentate_gyrus	0.06750219317805112		SPP1|CD44|Cortex_3->Pyramidal_layer_dentate_gyrus
3088	WNT5A	FZD7	Thalamus_2	Thalamus_2	0.06729169989315172		WNT5A|FZD7|Thalamus_2->Thalamus_2
3089	SPP1	CD44	Cortex_4	Thalamus_1	0.06715836867296009		SPP1|CD44|Cortex_4->Thalamus_1
3090	WNT5A	FZD7	Thalamus_2	Cortex_2	0.0670827639666078		WNT5A|FZD7|Thalamus_2->Cortex_2
3091	WNT5A	FZD7	Hippocampus	Pyramidal_layer	0.06620569075032244		WNT5A|FZD7|Hippocampus->Pyramidal_layer
3092	WNT5A	FZD7	Cortex_2	Thalamus_2	0.0657496480358796		WNT5A|FZD7|Cortex_2->Thalamus_2
3093	SPP1	CD44	Striatum	Cortex_2	0.06572256800576376		SPP1|CD44|Striatum->Cortex_2
3094	WNT5A	FZD7	Fiber_tract	Thalamus_1	0.06565833874965082		WNT5A|FZD7|Fiber_tract->Thalamus_1
3095	WNT5A	FZD7	Cortex_2	Cortex_2	0.06554071210933567		WNT5A|FZD7|Cortex_2->Cortex_2
3096	WNT5A	FZD7	Thalamus_2	Hypothalamus_2	0.06553905178911816		WNT5A|FZD7|Thalamus_2->Hypothalamus_2
3097	WNT5A	FZD7	Thalamus_1	Thalamus_1	0.0654859645042383		WNT5A|FZD7|Thalamus_1->Thalamus_1
3098	WNT5A	FZD7	Pyramidal_layer	Cortex_5	0.06546746863512237		WNT5A|FZD7|Pyramidal_layer->Cortex_5
3099	SPP1	CD44	Striatum	Pyramidal_layer	0.0654354133511903		SPP1|CD44|Striatum->Pyramidal_layer
3100	SPP1	CD44	Cortex_3	Cortex_3	0.06534939778388524		SPP1|CD44|Cortex_3->Cortex_3
3101	SPP1	CD44	Hippocampus	Cortex_5	0.06514372214091141		SPP1|CD44|Hippocampus->Cortex_5
3102	SPP1	CD44	Thalamus_2	Hypothalamus_2	0.06508777463834331		SPP1|CD44|Thalamus_2->Hypothalamus_2
3103	WNT5A	FZD7	Cortex_1	Striatum	0.06484373955258917		WNT5A|FZD7|Cortex_1->Striatum
3104	WNT5A	FZD7	Cortex_2	Hypothalamus_2	0.06399699993184604		WNT5A|FZD7|Cortex_2->Hypothalamus_2
3105	SPP1	CD44	Cortex_4	Fiber_tract	0.06397783153519732		SPP1|CD44|Cortex_4->Fiber_tract
3106	SPP1	CD44	Fiber_tract	Cortex_5	0.06387472384757953		SPP1|CD44|Fiber_tract->Cortex_5
3107	WNT5A	FZD7	Cortex_3	Hypothalamus_1	0.06383666703371804		WNT5A|FZD7|Cortex_3->Hypothalamus_1
3108	SPP1	CD44	Cortex_2	Striatum	0.06380953251442392		SPP1|CD44|Cortex_2->Striatum
3109	WNT5A	FZD7	Fiber_tract	Hippocampus	0.06364794939882322		WNT5A|FZD7|Fiber_tract->Hippocampus
3110	WNT5A	FZD7	Thalamus_1	Hippocampus	0.06347557515341068		WNT5A|FZD7|Thalamus_1->Hippocampus
3111	WNT5A	FZD7	Hippocampus	Cortex_1	0.06313521767151173		WNT5A|FZD7|Hippocampus->Cortex_1
3112	SPP1	CD44	Cortex_4	Pyramidal_layer_dentate_gyrus	0.06292073288598396		SPP1|CD44|Cortex_4->Pyramidal_layer_dentate_gyrus
3113	WNT5A	FZD7	Thalamus_2	Striatum	0.062157215857939194		WNT5A|FZD7|Thalamus_2->Striatum
3114	WNT5A	FZD7	Fiber_tract	Cortex_4	0.06201991003377376		WNT5A|FZD7|Fiber_tract->Cortex_4
3115	WNT5A	FZD7	Thalamus_1	Cortex_4	0.06184753578836122		WNT5A|FZD7|Thalamus_1->Cortex_4
3116	SPP1	CD44	Cortex_2	Cortex_4	0.06178833043176772		SPP1|CD44|Cortex_2->Cortex_4
3117	NOTCH1	JAG1	Pyramidal_layer	Cortex_3	0.06145511809547463		NOTCH1|JAG1|Pyramidal_layer->Cortex_3
3118	SPP1	CD44	Hippocampus	Cortex_1	0.06142012432289447		SPP1|CD44|Hippocampus->Cortex_1
3119	WNT5A	FZD7	Cortex_1	Thalamus_1	0.0609722406389349		WNT5A|FZD7|Cortex_1->Thalamus_1
3120	SPP1	CD44	Cortex_4	Cortex_3	0.06076793749181808		SPP1|CD44|Cortex_4->Cortex_3
3121	SPP1	CD44	Cortex_3	Cortex_5	0.06070552083234848		SPP1|CD44|Cortex_3->Cortex_5
3122	WNT5A	FZD7	Cortex_2	Striatum	0.06061516400066708		WNT5A|FZD7|Cortex_2->Striatum
3123	SPP1	CD44	Hippocampus	Hypothalamus_1	0.06034291966877005		SPP1|CD44|Hippocampus->Hypothalamus_1
3124	SPP1	CD44	Fiber_tract	Cortex_1	0.060151126029562595		SPP1|CD44|Fiber_tract->Cortex_1
3125	SPP1	CD44	Cortex_1	Striatum	0.060089728004100805		SPP1|CD44|Cortex_1->Striatum
3126	WNT5A	FZD7	Fiber_tract	Cortex_3	0.059783385089160423		WNT5A|FZD7|Fiber_tract->Cortex_3
3127	SPP1	CD44	Thalamus_1	Striatum	0.05971752778484877		SPP1|CD44|Thalamus_1->Striatum
3128	WNT5A	FZD7	Thalamus_1	Cortex_3	0.05961101084374788		WNT5A|FZD7|Thalamus_1->Cortex_3
3129	SPP1	CD44	Fiber_tract	Hypothalamus_1	0.059073921375438175		SPP1|CD44|Fiber_tract->Hypothalamus_1
3130	WNT5A	FZD7	Cortex_3	Thalamus_2	0.059073544749888324		WNT5A|FZD7|Cortex_3->Thalamus_2
3131	WNT5A	FZD7	Cortex_1	Hippocampus	0.058961851288107284		WNT5A|FZD7|Cortex_1->Hippocampus
3132	WNT5A	FZD7	Cortex_3	Cortex_2	0.05886460882334439		WNT5A|FZD7|Cortex_3->Cortex_2
3133	WNT5A	FZD7	Thalamus_2	Thalamus_1	0.058285716944284936		WNT5A|FZD7|Thalamus_2->Thalamus_1
3134	SPP1	CD44	Hippocampus	Hippocampus	0.05824769603776502		SPP1|CD44|Hippocampus->Hippocampus
3135	SPP1	CD44	Cortex_1	Cortex_4	0.0580685259214446		SPP1|CD44|Cortex_1->Cortex_4
3136	SPP1	CD44	Thalamus_1	Cortex_4	0.05769632570219256		SPP1|CD44|Thalamus_1->Cortex_4
3137	SPP1	CD44	Cortex_2	Cortex_2	0.057513515541061815		SPP1|CD44|Cortex_2->Cortex_2
3138	WNT5A	FZD7	Cortex_1	Cortex_4	0.05733381192305783		WNT5A|FZD7|Cortex_1->Cortex_4
3139	WNT5A	FZD7	Cortex_3	Hypothalamus_2	0.05732089664585476		WNT5A|FZD7|Cortex_3->Hypothalamus_2
3140	SPP1	CD44	Cortex_2	Pyramidal_layer	0.05722636088648835		SPP1|CD44|Cortex_2->Pyramidal_layer
3141	SPP1	CD44	Cortex_3	Cortex_1	0.05698192301433154		SPP1|CD44|Cortex_3->Cortex_1
3142	SPP1	CD44	Fiber_tract	Hippocampus	0.05697869774443315		SPP1|CD44|Fiber_tract->Hippocampus
3143	WNT5A	FZD7	Fiber_tract	Pyramidal_layer	0.05675242072166745		WNT5A|FZD7|Fiber_tract->Pyramidal_layer
3144	WNT5A	FZD7	Cortex_2	Thalamus_1	0.05674366508701281		WNT5A|FZD7|Cortex_2->Thalamus_1
3145	WNT5A	FZD7	Thalamus_1	Pyramidal_layer	0.05658004647625491		WNT5A|FZD7|Thalamus_1->Pyramidal_layer
3146	WNT5A	FZD7	Thalamus_2	Hippocampus	0.056275327593457325		WNT5A|FZD7|Thalamus_2->Hippocampus
3147	SPP1	CD44	Cortex_4	Cortex_5	0.05612406054028132		SPP1|CD44|Cortex_4->Cortex_5
3148	SPP1	CD44	Cortex_3	Hypothalamus_1	0.05590471836020712		SPP1|CD44|Cortex_3->Hypothalamus_1
3149	SPP1	CD44	Thalamus_2	Striatum	0.055716548722200825		SPP1|CD44|Thalamus_2->Striatum
3150	WNT5A	FZD7	Cortex_1	Cortex_3	0.0550972869784445		WNT5A|FZD7|Cortex_1->Cortex_3
3151	SPP1	CD44	Hippocampus	Hypothalamus_2	0.05504197634220091		SPP1|CD44|Hippocampus->Hypothalamus_2
3152	WNT5A	FZD7	Cortex_2	Hippocampus	0.054733275736185194		WNT5A|FZD7|Cortex_2->Hippocampus
3153	WNT5A	FZD7	Thalamus_2	Cortex_4	0.054647288228407864		WNT5A|FZD7|Thalamus_2->Cortex_4
3154	WNT5A	FZD7	Cortex_3	Striatum	0.0539390607146758		WNT5A|FZD7|Cortex_3->Striatum
3155	SPP1	CD44	Cortex_3	Hippocampus	0.05380949472920209		SPP1|CD44|Cortex_3->Hippocampus
3156	SPP1	CD44	Cortex_1	Cortex_2	0.05379371103073869		SPP1|CD44|Cortex_1->Cortex_2
3157	SPP1	CD44	Fiber_tract	Hypothalamus_2	0.05377297804886903		SPP1|CD44|Fiber_tract->Hypothalamus_2
3158	SPP1	CD44	Thalamus_2	Cortex_4	0.05369534663954462		SPP1|CD44|Thalamus_2->Cortex_4
3159	WNT5A	FZD7	Fiber_tract	Cortex_1	0.05368194764285674		WNT5A|FZD7|Fiber_tract->Cortex_1
3160	WNT5A	FZD7	Thalamus_1	Cortex_1	0.0535095733974442		WNT5A|FZD7|Thalamus_1->Cortex_1
3161	SPP1	CD44	Cortex_1	Pyramidal_layer	0.05350655637616523		SPP1|CD44|Cortex_1->Pyramidal_layer
3162	SPP1	CD44	Thalamus_1	Cortex_2	0.053421510811486654		SPP1|CD44|Thalamus_1->Cortex_2
3163	SPP1	CD44	Thalamus_1	Pyramidal_layer	0.05313435615691319		SPP1|CD44|Thalamus_1->Pyramidal_layer
3164	WNT5A	FZD7	Cortex_2	Cortex_4	0.05310523637113574		WNT5A|FZD7|Cortex_2->Cortex_4
3165	WNT5A	FZD7	Pyramidal_layer	Fiber_tract	0.053009020584547914		WNT5A|FZD7|Pyramidal_layer->Fiber_tract
3166	SPP1	CD44	Pyramidal_layer	Thalamus_1	0.0527928917458231		SPP1|CD44|Pyramidal_layer->Thalamus_1
3167	WNT5A	FZD7	Thalamus_2	Cortex_3	0.05241076328379453		WNT5A|FZD7|Thalamus_2->Cortex_3
3168	SPP1	CD44	Cortex_4	Cortex_1	0.05240046272226438		SPP1|CD44|Cortex_4->Cortex_1
3169	WNT5A	FZD7	Cortex_1	Pyramidal_layer	0.052066322610951524		WNT5A|FZD7|Cortex_1->Pyramidal_layer
3170	SPP1	CD44	Cortex_4	Hypothalamus_1	0.05132325806813996		SPP1|CD44|Cortex_4->Hypothalamus_1
3171	WNT5A	FZD7	Cortex_2	Cortex_3	0.05086871142652241		WNT5A|FZD7|Cortex_2->Cortex_3
3172	SPP1	CD44	Cortex_3	Hypothalamus_2	0.05060377503363798		SPP1|CD44|Cortex_3->Hypothalamus_2
3173	WNT5A	FZD7	Cortex_3	Thalamus_1	0.05006756180102154		WNT5A|FZD7|Cortex_3->Thalamus_1
3174	SPP1	CD44	Pyramidal_layer_dentate_gyrus	Thalamus_1	0.04990079863375174		SPP1|CD44|Pyramidal_layer_dentate_gyrus->Thalamus_1
3175	SPP1	CD44	Pyramidal_layer	Fiber_tract	0.049612354608060336		SPP1|CD44|Pyramidal_layer->Fiber_tract
3176	SPP1	CD44	Thalamus_2	Cortex_2	0.04942053174883871		SPP1|CD44|Thalamus_2->Cortex_2
3177	WNT5A	FZD7	Thalamus_2	Pyramidal_layer	0.04937979891630156		WNT5A|FZD7|Thalamus_2->Pyramidal_layer
3178	SPP1	CD44	Cortex_4	Hippocampus	0.04922803443713493		SPP1|CD44|Cortex_4->Hippocampus
3179	SPP1	CD44	Thalamus_2	Pyramidal_layer	0.04913337709426525		SPP1|CD44|Thalamus_2->Pyramidal_layer
3180	WNT5A	FZD7	Cortex_1	Cortex_1	0.04899584953214081		WNT5A|FZD7|Cortex_1->Cortex_1
3181	SPP1	CD44	Pyramidal_layer	Pyramidal_layer_dentate_gyrus	0.04855525595884697	0.87	SPP1|CD44|Pyramidal_layer->Pyramidal_layer_dentate_gyrus
3182	WNT5A	FZD7	Cortex_3	Hippocampus	0.04805717245019392		WNT5A|FZD7|Cortex_3->Hippocampus
3183	WNT5A	FZD7	Cortex_2	Pyramidal_layer	0.047837747059029434		WNT5A|FZD7|Cortex_2->Pyramidal_layer
3184	SPP1	CD44	Pyramidal_layer_dentate_gyrus	Fiber_tract	0.04672026149598898		SPP1|CD44|Pyramidal_layer_dentate_gyrus->Fiber_tract
3185	WNT5A	FZD7	Cortex_3	Cortex_4	0.046429133085144465		WNT5A|FZD7|Cortex_3->Cortex_4
3186	SPP1	CD44	Pyramidal_layer	Cortex_3	0.04640246056468109		SPP1|CD44|Pyramidal_layer->Cortex_3
3187	WNT5A	FZD7	Thalamus_2	Cortex_1	0.046309325837490846		WNT5A|FZD7|Thalamus_2->Cortex_1
3188	SPP1	CD44	Cortex_4	Hypothalamus_2	0.04602231474157081		SPP1|CD44|Cortex_4->Hypothalamus_2
3189	SPP1	CD44	Hippocampus	Striatum	0.04567075042605842		SPP1|CD44|Hippocampus->Striatum
3190	SPP1	CD44	Pyramidal_layer_dentate_gyrus	Pyramidal_layer_dentate_gyrus	0.045663162846775615	1.0	SPP1|CD44|Pyramidal_layer_dentate_gyrus->Pyramidal_layer_dentate_gyrus
3191	WNT5A	FZD7	Cortex_2	Cortex_1	0.04476727398021872		WNT5A|FZD7|Cortex_2->Cortex_1
3192	SPP1	CD44	Fiber_tract	Striatum	0.04440175213272655		SPP1|CD44|Fiber_tract->Striatum
3193	WNT5A	FZD7	Cortex_3	Cortex_3	0.04419260814053114		WNT5A|FZD7|Cortex_3->Cortex_3
3194	WNT5A	FZD7	Pyramidal_layer	Pyramidal_layer_dentate_gyrus	0.04397848004824808	0.96	WNT5A|FZD7|Pyramidal_layer->Pyramidal_layer_dentate_gyrus
3195	SPP1	CD44	Hippocampus	Cortex_4	0.04364954834340222		SPP1|CD44|Hippocampus->Cortex_4
3196	SPP1	CD44	Pyramidal_layer_dentate_gyrus	Cortex_3	0.043510367452609736		SPP1|CD44|Pyramidal_layer_dentate_gyrus->Cortex_3
3197	SPP1	CD44	Fiber_tract	Cortex_4	0.04238055005007034		SPP1|CD44|Fiber_tract->Cortex_4
3198	SPP1	CD44	Pyramidal_layer	Cortex_5	0.041758583613144336		SPP1|CD44|Pyramidal_layer->Cortex_5
3199	SPP1	CD44	Cortex_3	Striatum	0.04123254911749549		SPP1|CD44|Cortex_3->Striatum
3200	WNT5A	FZD7	Cortex_3	Pyramidal_layer	0.04116164377303816		WNT5A|FZD7|Cortex_3->Pyramidal_layer
3201	SPP1	CD44	Hippocampus	Cortex_2	0.039374733452696306		SPP1|CD44|Hippocampus->Cortex_2
3202	SPP1	CD44	Cortex_3	Cortex_4	0.039211347034839285		SPP1|CD44|Cortex_3->Cortex_4
3203	SPP1	CD44	Hippocampus	Pyramidal_layer	0.03908757879812285		SPP1|CD44|Hippocampus->Pyramidal_layer
3204	SPP1	CD44	Pyramidal_layer_dentate_gyrus	Cortex_5	0.03886649050107298		SPP1|CD44|Pyramidal_layer_dentate_gyrus->Cortex_5
3205	SPP1	CD44	Fiber_tract	Cortex_2	0.03810573515936443		SPP1|CD44|Fiber_tract->Cortex_2
3206	WNT5A	FZD7	Cortex_3	Cortex_1	0.03809117069422745		WNT5A|FZD7|Cortex_3->Cortex_1
3207	SPP1	CD44	Pyramidal_layer	Cortex_1	0.038034985795127395		SPP1|CD44|Pyramidal_layer->Cortex_1
3208	SPP1	CD44	Fiber_tract	Pyramidal_layer	0.03781858050479097		SPP1|CD44|Fiber_tract->Pyramidal_layer
3209	SPP1	CD44	Pyramidal_layer	Hypothalamus_1	0.036957781141002975		SPP1|CD44|Pyramidal_layer->Hypothalamus_1
3210	SPP1	CD44	Cortex_4	Striatum	0.036651088825428335		SPP1|CD44|Cortex_4->Striatum
3211	WNT5A	FZD7	Pyramidal_layer	Hypothalamus_1	0.03623838286041777		WNT5A|FZD7|Pyramidal_layer->Hypothalamus_1
3212	SPP1	CD44	Pyramidal_layer_dentate_gyrus	Cortex_1	0.03514289268305604		SPP1|CD44|Pyramidal_layer_dentate_gyrus->Cortex_1
3213	SPP1	CD44	Cortex_3	Cortex_2	0.03493653214413338		SPP1|CD44|Cortex_3->Cortex_2
3214	SPP1	CD44	Pyramidal_layer	Hippocampus	0.03486255750999794		SPP1|CD44|Pyramidal_layer->Hippocampus
3215	SPP1	CD44	Cortex_3	Pyramidal_layer	0.034649377489559915		SPP1|CD44|Cortex_3->Pyramidal_layer
3216	SPP1	CD44	Cortex_4	Cortex_4	0.03462988674277212		SPP1|CD44|Cortex_4->Cortex_4
3217	SPP1	CD44	Pyramidal_layer_dentate_gyrus	Hypothalamus_1	0.03406568802893162		SPP1|CD44|Pyramidal_layer_dentate_gyrus->Hypothalamus_1
3218	SPP1	CD44	Pyramidal_layer_dentate_gyrus	Hippocampus	0.031970464397926585		SPP1|CD44|Pyramidal_layer_dentate_gyrus->Hippocampus
3219	SPP1	CD44	Pyramidal_layer	Hypothalamus_2	0.03165683781443383		SPP1|CD44|Pyramidal_layer->Hypothalamus_2
3220	WNT5A	FZD7	Pyramidal_layer	Thalamus_2	0.03147526057658805		WNT5A|FZD7|Pyramidal_layer->Thalamus_2
3221	WNT5A	FZD7	Pyramidal_layer	Cortex_2	0.03126632465004413		WNT5A|FZD7|Pyramidal_layer->Cortex_2
3222	SPP1	CD44	Cortex_4	Cortex_2	0.030355071852066217		SPP1|CD44|Cortex_4->Cortex_2
3223	SPP1	CD44	Cortex_4	Pyramidal_layer	0.030067917197492758		SPP1|CD44|Cortex_4->Pyramidal_layer
3224	WNT5A	FZD7	Pyramidal_layer	Hypothalamus_2	0.029722612472554498		WNT5A|FZD7|Pyramidal_layer->Hypothalamus_2
3225	SPP1	CD44	Pyramidal_layer_dentate_gyrus	Hypothalamus_2	0.028764744702362476		SPP1|CD44|Pyramidal_layer_dentate_gyrus->Hypothalamus_2
3226	WNT5A	FZD7	Pyramidal_layer	Striatum	0.026340776541375534		WNT5A|FZD7|Pyramidal_layer->Striatum
3227	WNT5A	FZD7	Pyramidal_layer	Thalamus_1	0.022469277627721274		WNT5A|FZD7|Pyramidal_layer->Thalamus_1
3228	SPP1	CD44	Pyramidal_layer	Striatum	0.022285611898291344		SPP1|CD44|Pyramidal_layer->Striatum
3229	WNT5A	FZD7	Pyramidal_layer	Hippocampus	0.02045888827689366		WNT5A|FZD7|Pyramidal_layer->Hippocampus
3230	SPP1	CD44	Pyramidal_layer	Cortex_4	0.020264409815635136		SPP1|CD44|Pyramidal_layer->Cortex_4
3231	SPP1	CD44	Pyramidal_layer_dentate_gyrus	Striatum	0.01939351878621999		SPP1|CD44|Pyramidal_layer_dentate_gyrus->Striatum
3232	WNT5A	FZD7	Pyramidal_layer	Cortex_4	0.0188308489118442		WNT5A|FZD7|Pyramidal_layer->Cortex_4
3233	SPP1	CD44	Pyramidal_layer_dentate_gyrus	Cortex_4	0.017372316703563782		SPP1|CD44|Pyramidal_layer_dentate_gyrus->Cortex_4
3234	WNT5A	FZD7	Pyramidal_layer	Cortex_3	0.01659432396723087		WNT5A|FZD7|Pyramidal_layer->Cortex_3
3235	SPP1	CD44	Pyramidal_layer	Cortex_2	0.01598959492492923		SPP1|CD44|Pyramidal_layer->Cortex_2
3236	SPP1	CD44	Pyramidal_layer	Pyramidal_layer	0.01570244027035577	0.99	SPP1|CD44|Pyramidal_layer->Pyramidal_layer
3237	WNT5A	FZD7	Pyramidal_layer	Pyramidal_layer	0.013563359599737894	1.0	WNT5A|FZD7|Pyramidal_layer->Pyramidal_layer
3238	SPP1	CD44	Pyramidal_layer_dentate_gyrus	Cortex_2	0.013097501812857876		SPP1|CD44|Pyramidal_layer_dentate_gyrus->Cortex_2
3239	SPP1	CD44	Pyramidal_layer_dentate_gyrus	Pyramidal_layer	0.012810347158284415	1.0	SPP1|CD44|Pyramidal_layer_dentate_gyrus->Pyramidal_layer
3240	WNT5A	FZD7	Pyramidal_layer	Cortex_1	0.010492886520927181		WNT5A|FZD7|Pyramidal_layer->Cortex_1
3241	CCL2	CCR2	Striatum	Striatum	0.0100147132000892		CCL2|CCR2|Striatum->Striatum
3242	CCL2	CCR2	Striatum	Cortex_1	0.009618372593390878		CCL2|CCR2|Striatum->Cortex_1
3243	CCL2	CCR2	Pyramidal_layer_dentate_gyrus	Striatum	0.008868237872139301		CCL2|CCR2|Pyramidal_layer_dentate_gyrus->Striatum
3244	CCL2	CCR2	Fiber_tract	Striatum	0.008853381348494694		CCL2|CCR2|Fiber_tract->Striatum
3245	CCL2	CCR2	Pyramidal_layer_dentate_gyrus	Cortex_1	0.00847189726544098		CCL2|CCR2|Pyramidal_layer_dentate_gyrus->Cortex_1
3246	CCL2	CCR2	Fiber_tract	Cortex_1	0.008457040741796373		CCL2|CCR2|Fiber_tract->Cortex_1
3247	CCL2	CCR2	Lateral_ventricle	Striatum	0.008294988710895863		CCL2|CCR2|Lateral_ventricle->Striatum
3248	CCL2	CCR2	Striatum	Lateral_ventricle	0.007899911555589414		CCL2|CCR2|Striatum->Lateral_ventricle
3249	CCL2	CCR2	Lateral_ventricle	Cortex_1	0.007898648104197542		CCL2|CCR2|Lateral_ventricle->Cortex_1
3250	CCL2	CCR2	Striatum	Hippocampus	0.007527780749207777		CCL2|CCR2|Striatum->Hippocampus
3251	CCL2	CCR2	Striatum	Cortex_4	0.007352011753063576		CCL2|CCR2|Striatum->Cortex_4
3252	CCL2	CCR2	Striatum	Thalamus_2	0.007150253755789177		CCL2|CCR2|Striatum->Thalamus_2
3253	CCL2	CCR2	Striatum	Fiber_tract	0.00699029977942597		CCL2|CCR2|Striatum->Fiber_tract
3254	CCL2	CCR2	Thalamus_2	Striatum	0.006955887571439829		CCL2|CCR2|Thalamus_2->Striatum
3255	CCL2	CCR2	Pyramidal_layer_dentate_gyrus	Lateral_ventricle	0.006753436227639516		CCL2|CCR2|Pyramidal_layer_dentate_gyrus->Lateral_ventricle
3256	CCL2	CCR2	Fiber_tract	Lateral_ventricle	0.006738579703994908		CCL2|CCR2|Fiber_tract->Lateral_ventricle
3257	CCL2	CCR2	Thalamus_2	Cortex_1	0.006559546964741508		CCL2|CCR2|Thalamus_2->Cortex_1
3258	CCL2	CCR2	Pyramidal_layer_dentate_gyrus	Hippocampus	0.006381305421257878		CCL2|CCR2|Pyramidal_layer_dentate_gyrus->Hippocampus
3259	CCL2	CCR2	Fiber_tract	Hippocampus	0.00636644889761327		CCL2|CCR2|Fiber_tract->Hippocampus
3260	CCL2	CCR2	Pyramidal_layer_dentate_gyrus	Cortex_4	0.006205536425113678		CCL2|CCR2|Pyramidal_layer_dentate_gyrus->Cortex_4
3261	CCL2	CCR2	Fiber_tract	Cortex_4	0.0061906799014690705		CCL2|CCR2|Fiber_tract->Cortex_4
3262	CCL2	CCR2	Lateral_ventricle	Lateral_ventricle	0.006180187066396077		CCL2|CCR2|Lateral_ventricle->Lateral_ventricle
3263	CCL2	CCR2	Pyramidal_layer_dentate_gyrus	Thalamus_2	0.006003778427839279		CCL2|CCR2|Pyramidal_layer_dentate_gyrus->Thalamus_2
3264	CCL2	CCR2	Fiber_tract	Thalamus_2	0.005988921904194672		CCL2|CCR2|Fiber_tract->Thalamus_2
3265	CCL2	CCR2	Pyramidal_layer_dentate_gyrus	Fiber_tract	0.005843824451476072		CCL2|CCR2|Pyramidal_layer_dentate_gyrus->Fiber_tract
3266	CCL2	CCR2	Fiber_tract	Fiber_tract	0.005828967927831464		CCL2|CCR2|Fiber_tract->Fiber_tract
3267	CCL2	CCR2	Lateral_ventricle	Hippocampus	0.0058080562600144395		CCL2|CCR2|Lateral_ventricle->Hippocampus
3268	CCL2	CCR2	Cortex_1	Striatum	0.005800007035815012		CCL2|CCR2|Cortex_1->Striatum
3269	CCL2	CCR2	Lateral_ventricle	Cortex_4	0.00563228726387024		CCL2|CCR2|Lateral_ventricle->Cortex_4
3270	CCL2	CCR2	Lateral_ventricle	Thalamus_2	0.005430529266595841		CCL2|CCR2|Lateral_ventricle->Thalamus_2
3271	CCL2	CCR2	Cortex_1	Cortex_1	0.0054036664291166915		CCL2|CCR2|Cortex_1->Cortex_1
3272	CCL2	CCR2	Lateral_ventricle	Fiber_tract	0.005270575290232633		CCL2|CCR2|Lateral_ventricle->Fiber_tract
3273	CCL2	CCR2	Thalamus_2	Lateral_ventricle	0.004841085926940044		CCL2|CCR2|Thalamus_2->Lateral_ventricle
3274	CCL2	CCR2	Thalamus_2	Hippocampus	0.004468955120558405		CCL2|CCR2|Thalamus_2->Hippocampus
3275	CCL2	CCR2	Thalamus_2	Cortex_4	0.0042931861244142056		CCL2|CCR2|Thalamus_2->Cortex_4
3276	CCL2	CCR2	Thalamus_2	Thalamus_2	0.004091428127139807		CCL2|CCR2|Thalamus_2->Thalamus_2
3277	CCL2	CCR2	Thalamus_2	Fiber_tract	0.0039314741507765994		CCL2|CCR2|Thalamus_2->Fiber_tract
3278	CCL2	CCR2	Cortex_1	Lateral_ventricle	0.003685205391315227		CCL2|CCR2|Cortex_1->Lateral_ventricle
3279	CCL2	CCR2	Cortex_1	Hippocampus	0.0033130745849335895		CCL2|CCR2|Cortex_1->Hippocampus
3280	CCL2	CCR2	Cortex_1	Cortex_4	0.003137305588789389		CCL2|CCR2|Cortex_1->Cortex_4
3281	CCL2	CCR2	Cortex_1	Thalamus_2	0.0029355475915149904		CCL2|CCR2|Cortex_1->Thalamus_2
3282	CCL2	CCR2	Cortex_1	Fiber_tract	0.002775593615151783		CCL2|CCR2|Cortex_1->Fiber_tract
3283	CCL2	CCR2	Cortex_1	Cortex_2	0.0		CCL2|CCR2|Cortex_1->Cortex_2
3284	CCL2	CCR2	Cortex_1	Cortex_3	0.0		CCL2|CCR2|Cortex_1->Cortex_3
3285	CCL2	CCR2	Cortex_1	Cortex_5	0.0		CCL2|CCR2|Cortex_1->Cortex_5
3286	CCL2	CCR2	Cortex_1	Hypothalamus_1	0.0		CCL2|CCR2|Cortex_1->Hypothalamus_1
3287	CCL2	CCR2	Cortex_1	Hypothalamus_2	0.0		CCL2|CCR2|Cortex_1->Hypothalamus_2
3288	CCL2	CCR2	Cortex_1	Pyramidal_layer	0.0		CCL2|CCR2|Cortex_1->Pyramidal_layer
3289	CCL2	CCR2	Cortex_1	Pyramidal_layer_dentate_gyrus	0.0		CCL2|CCR2|Cortex_1->Pyramidal_layer_dentate_gyrus
3290	CCL2	CCR2	Cortex_1	Thalamus_1	0.0		CCL2|CCR2|Cortex_1->Thalamus_1
3291	CCL2	CCR2	Cortex_2	Cortex_1	0.0		CCL2|CCR2|Cortex_2->Cortex_1
3292	CCL2	CCR2	Cortex_2	Cortex_2	0.0		CCL2|CCR2|Cortex_2->Cortex_2
3293	CCL2	CCR2	Cortex_2	Cortex_3	0.0		CCL2|CCR2|Cortex_2->Cortex_3
3294	CCL2	CCR2	Cortex_2	Cortex_4	0.0		CCL2|CCR2|Cortex_2->Cortex_4
3295	CCL2	CCR2	Cortex_2	Cortex_5	0.0		CCL2|CCR2|Cortex_2->Cortex_5
3296	CCL2	CCR2	Cortex_2	Fiber_tract	0.0		CCL2|CCR2|Cortex_2->Fiber_tract
3297	CCL2	CCR2	Cortex_2	Hippocampus	0.0		CCL2|CCR2|Cortex_2->Hippocampus
3298	CCL2	CCR2	Cortex_2	Hypothalamus_1	0.0		CCL2|CCR2|Cortex_2->Hypothalamus_1
3299	CCL2	CCR2	Cortex_2	Hypothalamus_2	0.0		CCL2|CCR2|Cortex_2->Hypothalamus_2
3300	CCL2	CCR2	Cortex_2	Lateral_ventricle	0.0		CCL2|CCR2|Cortex_2->Lateral_ventricle
3301	CCL2	CCR2	Cortex_2	Pyramidal_layer	0.0		CCL2|CCR2|Cortex_2->Pyramidal_layer
3302	CCL2	CCR2	Cortex_2	Pyramidal_layer_dentate_gyrus	0.0		CCL2|CCR2|Cortex_2->Pyramidal_layer_dentate_gyrus
3303	CCL2	CCR2	Cortex_2	Striatum	0.0		CCL2|CCR2|Cortex_2->Striatum
3304	CCL2	CCR2	Cortex_2	Thalamus_1	0.0		CCL2|CCR2|Cortex_2->Thalamus_1
3305	CCL2	CCR2	Cortex_2	Thalamus_2	0.0		CCL2|CCR2|Cortex_2->Thalamus_2
3306	CCL2	CCR2	Cortex_3	Cortex_1	0.0		CCL2|CCR2|Cortex_3->Cortex_1
3307	CCL2	CCR2	Cortex_3	Cortex_2	0.0		CCL2|CCR2|Cortex_3->Cortex_2
3308	CCL2	CCR2	Cortex_3	Cortex_3	0.0		CCL2|CCR2|Cortex_3->Cortex_3
3309	CCL2	CCR2	Cortex_3	Cortex_4	0.0		CCL2|CCR2|Cortex_3->Cortex_4
3310	CCL2	CCR2	Cortex_3	Cortex_5	0.0		CCL2|CCR2|Cortex_3->Cortex_5
3311	CCL2	CCR2	Cortex_3	Fiber_tract	0.0		CCL2|CCR2|Cortex_3->Fiber_tract
3312	CCL2	CCR2	Cortex_3	Hippocampus	0.0		CCL2|CCR2|Cortex_3->Hippocampus
3313	CCL2	CCR2	Cortex_3	Hypothalamus_1	0.0		CCL2|CCR2|Cortex_3->Hypothalamus_1
3314	CCL2	CCR2	Cortex_3	Hypothalamus_2	0.0		CCL2|CCR2|Cortex_3->Hypothalamus_2
3315	CCL2	CCR2	Cortex_3	Lateral_ventricle	0.0		CCL2|CCR2|Cortex_3->Lateral_ventricle
3316	CCL2	CCR2	Cortex_3	Pyramidal_layer	0.0		CCL2|CCR2|Cortex_3->Pyramidal_layer
3317	CCL2	CCR2	Cortex_3	Pyramidal_layer_dentate_gyrus	0.0		CCL2|CCR2|Cortex_3->Pyramidal_layer_dentate_gyrus
3318	CCL2	CCR2	Cortex_3	Striatum	0.0		CCL2|CCR2|Cortex_3->Striatum
3319	CCL2	CCR2	Cortex_3	Thalamus_1	0.0		CCL2|CCR2|Cortex_3->Thalamus_1
3320	CCL2	CCR2	Cortex_3	Thalamus_2	0.0		CCL2|CCR2|Cortex_3->Thalamus_2
3321	CCL2	CCR2	Cortex_4	Cortex_1	0.0		CCL2|CCR2|Cortex_4->Cortex_1
3322	CCL2	CCR2	Cortex_4	Cortex_2	0.0		CCL2|CCR2|Cortex_4->Cortex_2
3323	CCL2	CCR2	Cortex_4	Cortex_3	0.0		CCL2|CCR2|Cortex_4->Cortex_3
3324	CCL2	CCR2	Cortex_4	Cortex_4	0.0		CCL2|CCR2|Cortex_4->Cortex_4
3325	CCL2	CCR2	Cortex_4	Cortex_5	0.0		CCL2|CCR2|Cortex_4->Cortex_5
3326	CCL2	CCR2	Cortex_4	Fiber_tract	0.0		CCL2|CCR2|Cortex_4->Fiber_tract
3327	CCL2	CCR2	Cortex_4	Hippocampus	0.0		CCL2|CCR2|Cortex_4->Hippocampus
3328	CCL2	CCR2	Cortex_4	Hypothalamus_1	0.0		CCL2|CCR2|Cortex_4->Hypothalamus_1
3329	CCL2	CCR2	Cortex_4	Hypothalamus_2	0.0		CCL2|CCR2|Cortex_4->Hypothalamus_2
3330	CCL2	CCR2	Cortex_4	Lateral_ventricle	0.0		CCL2|CCR2|Cortex_4->Lateral_ventricle
3331	CCL2	CCR2	Cortex_4	Pyramidal_layer	0.0		CCL2|CCR2|Cortex_4->Pyramidal_layer
3332	CCL2	CCR2	Cortex_4	Pyramidal_layer_dentate_gyrus	0.0		CCL2|CCR2|Cortex_4->Pyramidal_layer_dentate_gyrus
3333	CCL2	CCR2	Cortex_4	Striatum	0.0		CCL2|CCR2|Cortex_4->Striatum
3334	CCL2	CCR2	Cortex_4	Thalamus_1	0.0		CCL2|CCR2|Cortex_4->Thalamus_1
3335	CCL2	CCR2	Cortex_4	Thalamus_2	0.0		CCL2|CCR2|Cortex_4->Thalamus_2
3336	CCL2	CCR2	Cortex_5	Cortex_1	0.0		CCL2|CCR2|Cortex_5->Cortex_1
3337	CCL2	CCR2	Cortex_5	Cortex_2	0.0		CCL2|CCR2|Cortex_5->Cortex_2
3338	CCL2	CCR2	Cortex_5	Cortex_3	0.0		CCL2|CCR2|Cortex_5->Cortex_3
3339	CCL2	CCR2	Cortex_5	Cortex_4	0.0		CCL2|CCR2|Cortex_5->Cortex_4
3340	CCL2	CCR2	Cortex_5	Cortex_5	0.0		CCL2|CCR2|Cortex_5->Cortex_5
3341	CCL2	CCR2	Cortex_5	Fiber_tract	0.0		CCL2|CCR2|Cortex_5->Fiber_tract
3342	CCL2	CCR2	Cortex_5	Hippocampus	0.0		CCL2|CCR2|Cortex_5->Hippocampus
3343	CCL2	CCR2	Cortex_5	Hypothalamus_1	0.0		CCL2|CCR2|Cortex_5->Hypothalamus_1
3344	CCL2	CCR2	Cortex_5	Hypothalamus_2	0.0		CCL2|CCR2|Cortex_5->Hypothalamus_2
3345	CCL2	CCR2	Cortex_5	Lateral_ventricle	0.0		CCL2|CCR2|Cortex_5->Lateral_ventricle
3346	CCL2	CCR2	Cortex_5	Pyramidal_layer	0.0		CCL2|CCR2|Cortex_5->Pyramidal_layer
3347	CCL2	CCR2	Cortex_5	Pyramidal_layer_dentate_gyrus	0.0		CCL2|CCR2|Cortex_5->Pyramidal_layer_dentate_gyrus
3348	CCL2	CCR2	Cortex_5	Striatum	0.0		CCL2|CCR2|Cortex_5->Striatum
3349	CCL2	CCR2	Cortex_5	Thalamus_1	0.0		CCL2|CCR2|Cortex_5->Thalamus_1
3350	CCL2	CCR2	Cortex_5	Thalamus_2	0.0		CCL2|CCR2|Cortex_5->Thalamus_2
3351	CCL2	CCR2	Fiber_tract	Cortex_2	0.0		CCL2|CCR2|Fiber_tract->Cortex_2
3352	CCL2	CCR2	Fiber_tract	Cortex_3	0.0		CCL2|CCR2|Fiber_tract->Cortex_3
3353	CCL2	CCR2	Fiber_tract	Cortex_5	0.0		CCL2|CCR2|Fiber_tract->Cortex_5
3354	CCL2	CCR2	Fiber_tract	Hypothalamus_1	0.0		CCL2|CCR2|Fiber_tract->Hypothalamus_1
3355	CCL2	CCR2	Fiber_tract	Hypothalamus_2	0.0		CCL2|CCR2|Fiber_tract->Hypothalamus_2
3356	CCL2	CCR2	Fiber_tract	Pyramidal_layer	0.0		CCL2|CCR2|Fiber_tract->Pyramidal_layer
3357	CCL2	CCR2	Fiber_tract	Pyramidal_layer_dentate_gyrus	0.0		CCL2|CCR2|Fiber_tract->Pyramidal_layer_dentate_gyrus
3358	CCL2	CCR2	Fiber_tract	Thalamus_1	0.0		CCL2|CCR2|Fiber_tract->Thalamus_1
3359	CCL2	CCR2	Hippocampus	Cortex_1	0.0		CCL2|CCR2|Hippocampus->Cortex_1
3360	CCL2	CCR2	Hippocampus	Cortex_2	0.0		CCL2|CCR2|Hippocampus->Cortex_2
3361	CCL2	CCR2	Hippocampus	Cortex_3	0.0		CCL2|CCR2|Hippocampus->Cortex_3
3362	CCL2	CCR2	Hippocampus	Cortex_4	0.0		CCL2|CCR2|Hippocampus->Cortex_4
3363	CCL2	CCR2	Hippocampus	Cortex_5	0.0		CCL2|CCR2|Hippocampus->Cortex_5
3364	CCL2	CCR2	Hippocampus	Fiber_tract	0.0		CCL2|CCR2|Hippocampus->Fiber_tract
3365	CCL2	CCR2	Hippocampus	Hippocampus	0.0		CCL2|CCR2|Hippocampus->Hippocampus
3366	CCL2	CCR2	Hippocampus	Hypothalamus_1	0.0		CCL2|CCR2|Hippocampus->Hypothalamus_1
3367	CCL2	CCR2	Hippocampus	Hypothalamus_2	0.0		CCL2|CCR2|Hippocampus->Hypothalamus_2
3368	CCL2	CCR2	Hippocampus	Lateral_ventricle	0.0		CCL2|CCR2|Hippocampus->Lateral_ventricle
3369	CCL2	CCR2	Hippocampus	Pyramidal_layer	0.0		CCL2|CCR2|Hippocampus->Pyramidal_layer
3370	CCL2	CCR2	Hippocampus	Pyramidal_layer_dentate_gyrus	0.0		CCL2|CCR2|Hippocampus->Pyramidal_layer_dentate_gyrus
3371	CCL2	CCR2	Hippocampus	Striatum	0.0		CCL2|CCR2|Hippocampus->Striatum
3372	CCL2	CCR2	Hippocampus	Thalamus_1	0.0		CCL2|CCR2|Hippocampus->Thalamus_1
3373	CCL2	CCR2	Hippocampus	Thalamus_2	0.0		CCL2|CCR2|Hippocampus->Thalamus_2
3374	CCL2	CCR2	Hypothalamus_1	Cortex_1	0.0		CCL2|CCR2|Hypothalamus_1->Cortex_1
3375	CCL2	CCR2	Hypothalamus_1	Cortex_2	0.0		CCL2|CCR2|Hypothalamus_1->Cortex_2
3376	CCL2	CCR2	Hypothalamus_1	Cortex_3	0.0		CCL2|CCR2|Hypothalamus_1->Cortex_3
3377	CCL2	CCR2	Hypothalamus_1	Cortex_4	0.0		CCL2|CCR2|Hypothalamus_1->Cortex_4
3378	CCL2	CCR2	Hypothalamus_1	Cortex_5	0.0		CCL2|CCR2|Hypothalamus_1->Cortex_5
3379	CCL2	CCR2	Hypothalamus_1	Fiber_tract	0.0		CCL2|CCR2|Hypothalamus_1->Fiber_tract
3380	CCL2	CCR2	Hypothalamus_1	Hippocampus	0.0		CCL2|CCR2|Hypothalamus_1->Hippocampus
3381	CCL2	CCR2	Hypothalamus_1	Hypothalamus_1	0.0		CCL2|CCR2|Hypothalamus_1->Hypothalamus_1
3382	CCL2	CCR2	Hypothalamus_1	Hypothalamus_2	0.0		CCL2|CCR2|Hypothalamus_1->Hypothalamus_2
3383	CCL2	CCR2	Hypothalamus_1	Lateral_ventricle	0.0		CCL2|CCR2|Hypothalamus_1->Lateral_ventricle
3384	CCL2	CCR2	Hypothalamus_1	Pyramidal_layer	0.0		CCL2|CCR2|Hypothalamus_1->Pyramidal_layer
3385	CCL2	CCR2	Hypothalamus_1	Pyramidal_layer_dentate_gyrus	0.0		CCL2|CCR2|Hypothalamus_1->Pyramidal_layer_dentate_gyrus
3386	CCL2	CCR2	Hypothalamus_1	Striatum	0.0		CCL2|CCR2|Hypothalamus_1->Striatum
3387	CCL2	CCR2	Hypothalamus_1	Thalamus_1	0.0		CCL2|CCR2|Hypothalamus_1->Thalamus_1
3388	CCL2	CCR2	Hypothalamus_1	Thalamus_2	0.0		CCL2|CCR2|Hypothalamus_1->Thalamus_2
3389	CCL2	CCR2	Hypothalamus_2	Cortex_1	0.0		CCL2|CCR2|Hypothalamus_2->Cortex_1
3390	CCL2	CCR2	Hypothalamus_2	Cortex_2	0.0		CCL2|CCR2|Hypothalamus_2->Cortex_2
3391	CCL2	CCR2	Hypothalamus_2	Cortex_3	0.0		CCL2|CCR2|Hypothalamus_2->Cortex_3
3392	CCL2	CCR2	Hypothalamus_2	Cortex_4	0.0		CCL2|CCR2|Hypothalamus_2->Cortex_4
3393	CCL2	CCR2	Hypothalamus_2	Cortex_5	0.0		CCL2|CCR2|Hypothalamus_2->Cortex_5
3394	CCL2	CCR2	Hypothalamus_2	Fiber_tract	0.0		CCL2|CCR2|Hypothalamus_2->Fiber_tract
3395	CCL2	CCR2	Hypothalamus_2	Hippocampus	0.0		CCL2|CCR2|Hypothalamus_2->Hippocampus
3396	CCL2	CCR2	Hypothalamus_2	Hypothalamus_1	0.0		CCL2|CCR2|Hypothalamus_2->Hypothalamus_1
3397	CCL2	CCR2	Hypothalamus_2	Hypothalamus_2	0.0		CCL2|CCR2|Hypothalamus_2->Hypothalamus_2
3398	CCL2	CCR2	Hypothalamus_2	Lateral_ventricle	0.0		CCL2|CCR2|Hypothalamus_2->Lateral_ventricle
3399	CCL2	CCR2	Hypothalamus_2	Pyramidal_layer	0.0		CCL2|CCR2|Hypothalamus_2->Pyramidal_layer
3400	CCL2	CCR2	Hypothalamus_2	Pyramidal_layer_dentate_gyrus	0.0		CCL2|CCR2|Hypothalamus_2->Pyramidal_layer_dentate_gyrus
3401	CCL2	CCR2	Hypothalamus_2	Striatum	0.0		CCL2|CCR2|Hypothalamus_2->Striatum
3402	CCL2	CCR2	Hypothalamus_2	Thalamus_1	0.0		CCL2|CCR2|Hypothalamus_2->Thalamus_1
3403	CCL2	CCR2	Hypothalamus_2	Thalamus_2	0.0		CCL2|CCR2|Hypothalamus_2->Thalamus_2
3404	CCL2	CCR2	Lateral_ventricle	Cortex_2	0.0		CCL2|CCR2|Lateral_ventricle->Cortex_2
3405	CCL2	CCR2	Lateral_ventricle	Cortex_3	0.0		CCL2|CCR2|Lateral_ventricle->Cortex_3
3406	CCL2	CCR2	Lateral_ventricle	Cortex_5	0.0		CCL2|CCR2|Lateral_ventricle->Cortex_5
3407	CCL2	CCR2	Lateral_ventricle	Hypothalamus_1	0.0		CCL2|CCR2|Lateral_ventricle->Hypothalamus_1
3408	CCL2	CCR2	Lateral_ventricle	Hypothalamus_2	0.0		CCL2|CCR2|Lateral_ventricle->Hypothalamus_2
3409	CCL2	CCR2	Lateral_ventricle	Pyramidal_layer	0.0		CCL2|CCR2|Lateral_ventricle->Pyramidal_layer
3410	CCL2	CCR2	Lateral_ventricle	Pyramidal_layer_dentate_gyrus	0.0		CCL2|CCR2|Lateral_ventricle->Pyramidal_layer_dentate_gyrus
3411	CCL2	CCR2	Lateral_ventricle	Thalamus_1	0.0		CCL2|CCR2|Lateral_ventricle->Thalamus_1
3412	CCL2	CCR2	Pyramidal_layer	Cortex_1	0.0		CCL2|CCR2|Pyramidal_layer->Cortex_1
3413	CCL2	CCR2	Pyramidal_layer	Cortex_2	0.0		CCL2|CCR2|Pyramidal_layer->Cortex_2
3414	CCL2	CCR2	Pyramidal_layer	Cortex_3	0.0		CCL2|CCR2|Pyramidal_layer->Cortex_3
3415	CCL2	CCR2	Pyramidal_layer	Cortex_4	0.0		CCL2|CCR2|Pyramidal_layer->Cortex_4
3416	CCL2	CCR2	Pyramidal_layer	Cortex_5	0.0		CCL2|CCR2|Pyramidal_layer->Cortex_5
3417	CCL2	CCR2	Pyramidal_layer	Fiber_tract	0.0		CCL2|CCR2|Pyramidal_layer->Fiber_tract
3418	CCL2	CCR2	Pyramidal_layer	Hippocampus	0.0		CCL2|CCR2|Pyramidal_layer->Hippocampus
3419	CCL2	CCR2	Pyramidal_layer	Hypothalamus_1	0.0		CCL2|CCR2|Pyramidal_layer->Hypothalamus_1
3420	CCL2	CCR2	Pyramidal_layer	Hypothalamus_2	0.0		CCL2|CCR2|Pyramidal_layer->Hypothalamus_2
3421	CCL2	CCR2	Pyramidal_layer	Lateral_ventricle	0.0		CCL2|CCR2|Pyramidal_layer->Lateral_ventricle
3422	CCL2	CCR2	Pyramidal_layer	Pyramidal_layer	0.0		CCL2|CCR2|Pyramidal_layer->Pyramidal_layer
3423	CCL2	CCR2	Pyramidal_layer	Pyramidal_layer_dentate_gyrus	0.0		CCL2|CCR2|Pyramidal_layer->Pyramidal_layer_dentate_gyrus
3424	CCL2	CCR2	Pyramidal_layer	Striatum	0.0		CCL2|CCR2|Pyramidal_layer->Striatum
3425	CCL2	CCR2	Pyramidal_layer	Thalamus_1	0.0		CCL2|CCR2|Pyramidal_layer->Thalamus_1
3426	CCL2	CCR2	Pyramidal_layer	Thalamus_2	0.0		CCL2|CCR2|Pyramidal_layer->Thalamus_2
3427	CCL2	CCR2	Pyramidal_layer_dentate_gyrus	Cortex_2	0.0		CCL2|CCR2|Pyramidal_layer_dentate_gyrus->Cortex_2
3428	CCL2	CCR2	Pyramidal_layer_dentate_gyrus	Cortex_3	0.0		CCL2|CCR2|Pyramidal_layer_dentate_gyrus->Cortex_3
3429	CCL2	CCR2	Pyramidal_layer_dentate_gyrus	Cortex_5	0.0		CCL2|CCR2|Pyramidal_layer_dentate_gyrus->Cortex_5
3430	CCL2	CCR2	Pyramidal_layer_dentate_gyrus	Hypothalamus_1	0.0		CCL2|CCR2|Pyramidal_layer_dentate_gyrus->Hypothalamus_1
3431	CCL2	CCR2	Pyramidal_layer_dentate_gyrus	Hypothalamus_2	0.0		CCL2|CCR2|Pyramidal_layer_dentate_gyrus->Hypothalamus_2
3432	CCL2	CCR2	Pyramidal_layer_dentate_gyrus	Pyramidal_layer	0.0		CCL2|CCR2|Pyramidal_layer_dentate_gyrus->Pyramidal_layer
3433	CCL2	CCR2	Pyramidal_layer_dentate_gyrus	Pyramidal_layer_dentate_gyrus	0.0		CCL2|CCR2|Pyramidal_layer_dentate_gyrus->Pyramidal_layer_dentate_gyrus
3434	CCL2	CCR2	Pyramidal_layer_dentate_gyrus	Thalamus_1	0.0		CCL2|CCR2|Pyramidal_layer_dentate_gyrus->Thalamus_1
3435	CCL2	CCR2	Striatum	Cortex_2	0.0		CCL2|CCR2|Striatum->Cortex_2
3436	CCL2	CCR2	Striatum	Cortex_3	0.0		CCL2|CCR2|Striatum->Cortex_3
3437	CCL2	CCR2	Striatum	Cortex_5	0.0		CCL2|CCR2|Striatum->Cortex_5
3438	CCL2	CCR2	Striatum	Hypothalamus_1	0.0		CCL2|CCR2|Striatum->Hypothalamus_1
3439	CCL2	CCR2	Striatum	Hypothalamus_2	0.0		CCL2|CCR2|Striatum->Hypothalamus_2
3440	CCL2	CCR2	Striatum	Pyramidal_layer	0.0		CCL2|CCR2|Striatum->Pyramidal_layer
3441	CCL2	CCR2	Striatum	Pyramidal_layer_dentate_gyrus	0.0		CCL2|CCR2|Striatum->Pyramidal_layer_dentate_gyrus
3442	CCL2	CCR2	Striatum	Thalamus_1	0.0		CCL2|CCR2|Striatum->Thalamus_1
3443	CCL2	CCR2	Thalamus_1	Cortex_1	0.0		CCL2|CCR2|Thalamus_1->Cortex_1
3444	CCL2	CCR2	Thalamus_1	Cortex_2	0.0		CCL2|CCR2|Thalamus_1->Cortex_2
3445	CCL2	CCR2	Thalamus_1	Cortex_3	0.0		CCL2|CCR2|Thalamus_1->Cortex_3
3446	CCL2	CCR2	Thalamus_1	Cortex_4	0.0		CCL2|CCR2|Thalamus_1->Cortex_4
3447	CCL2	CCR2	Thalamus_1	Cortex_5	0.0		CCL2|CCR2|Thalamus_1->Cortex_5
3448	CCL2	CCR2	Thalamus_1	Fiber_tract	0.0		CCL2|CCR2|Thalamus_1->Fiber_tract
3449	CCL2	CCR2	Thalamus_1	Hippocampus	0.0		CCL2|CCR2|Thalamus_1->Hippocampus
3450	CCL2	CCR2	Thalamus_1	Hypothalamus_1	0.0		CCL2|CCR2|Thalamus_1->Hypothalamus_1
3451	CCL2	CCR2	Thalamus_1	Hypothalamus_2	0.0		CCL2|CCR2|Thalamus_1->Hypothalamus_2
3452	CCL2	CCR2	Thalamus_1	Lateral_ventricle	0.0		CCL2|CCR2|Thalamus_1->Lateral_ventricle
3453	CCL2	CCR2	Thalamus_1	Pyramidal_layer	0.0		CCL2|CCR2|Thalamus_1->Pyramidal_layer
3454	CCL2	CCR2	Thalamus_1	Pyramidal_layer_dentate_gyrus	0.0		CCL2|CCR2|Thalamus_1->Pyramidal_layer_dentate_gyrus
3455	CCL2	CCR2	Thalamus_1	Striatum	0.0		CCL2|CCR2|Thalamus_1->Striatum
3456	CCL2	CCR2	Thalamus_1	Thalamus_1	0.0		CCL2|CCR2|Thalamus_1->Thalamus_1
3457	CCL2	CCR2	Thalamus_1	Thalamus_2	0.0		CCL2|CCR2|Thalamus_1->Thalamus_2
3458	CCL2	CCR2	Thalamus_2	Cortex_2	0.0		CCL2|CCR2|Thalamus_2->Cortex_2
3459	CCL2	CCR2	Thalamus_2	Cortex_3	0.0		CCL2|CCR2|Thalamus_2->Cortex_3
3460	CCL2	CCR2	Thalamus_2	Cortex_5	0.0		CCL2|CCR2|Thalamus_2->Cortex_5
3461	CCL2	CCR2	Thalamus_2	Hypothalamus_1	0.0		CCL2|CCR2|Thalamus_2->Hypothalamus_1
3462	CCL2	CCR2	Thalamus_2	Hypothalamus_2	0.0		CCL2|CCR2|Thalamus_2->Hypothalamus_2
3463	CCL2	CCR2	Thalamus_2	Pyramidal_layer	0.0		CCL2|CCR2|Thalamus_2->Pyramidal_layer
3464	CCL2	CCR2	Thalamus_2	Pyramidal_layer_dentate_gyrus	0.0		CCL2|CCR2|Thalamus_2->Pyramidal_layer_dentate_gyrus
3465	CCL2	CCR2	Thalamus_2	Thalamus_1	0.0		CCL2|CCR2|Thalamus_2->Thalamus_1
3466	SHH	PTCH1	Pyramidal_layer_dentate_gyrus	Cortex_1	0.0		SHH|PTCH1|Pyramidal_layer_dentate_gyrus->Cortex_1
3467	SHH	PTCH1	Pyramidal_layer_dentate_gyrus	Cortex_2	0.0		SHH|PTCH1|Pyramidal_layer_dentate_gyrus->Cortex_2
3468	SHH	PTCH1	Pyramidal_layer_dentate_gyrus	Cortex_3	0.0		SHH|PTCH1|Pyramidal_layer_dentate_gyrus->Cortex_3
3469	SHH	PTCH1	Pyramidal_layer_dentate_gyrus	Cortex_4	0.0		SHH|PTCH1|Pyramidal_layer_dentate_gyrus->Cortex_4
3470	SHH	PTCH1	Pyramidal_layer_dentate_gyrus	Cortex_5	0.0		SHH|PTCH1|Pyramidal_layer_dentate_gyrus->Cortex_5
3471	SHH	PTCH1	Pyramidal_layer_dentate_gyrus	Fiber_tract	0.0		SHH|PTCH1|Pyramidal_layer_dentate_gyrus->Fiber_tract
3472	SHH	PTCH1	Pyramidal_layer_dentate_gyrus	Hippocampus	0.0		SHH|PTCH1|Pyramidal_layer_dentate_gyrus->Hippocampus
3473	SHH	PTCH1	Pyramidal_layer_dentate_gyrus	Hypothalamus_1	0.0		SHH|PTCH1|Pyramidal_layer_dentate_gyrus->Hypothalamus_1
3474	SHH	PTCH1	Pyramidal_layer_dentate_gyrus	Hypothalamus_2	0.0		SHH|PTCH1|Pyramidal_layer_dentate_gyrus->Hypothalamus_2
3475	SHH	PTCH1	Pyramidal_layer_dentate_gyrus	Lateral_ventricle	0.0		SHH|PTCH1|Pyramidal_layer_dentate_gyrus->Lateral_ventricle
3476	SHH	PTCH1	Pyramidal_layer_dentate_gyrus	Pyramidal_layer	0.0		SHH|PTCH1|Pyramidal_layer_dentate_gyrus->Pyramidal_layer
3477	SHH	PTCH1	Pyramidal_layer_dentate_gyrus	Pyramidal_layer_dentate_gyrus	0.0		SHH|PTCH1|Pyramidal_layer_dentate_gyrus->Pyramidal_layer_dentate_gyrus
3478	SHH	PTCH1	Pyramidal_layer_dentate_gyrus	Striatum	0.0		SHH|PTCH1|Pyramidal_layer_dentate_gyrus->Striatum
3479	SHH	PTCH1	Pyramidal_layer_dentate_gyrus	Thalamus_1	0.0		SHH|PTCH1|Pyramidal_layer_dentate_gyrus->Thalamus_1
3480	SHH	PTCH1	Pyramidal_layer_dentate_gyrus	Thalamus_2	0.0		SHH|PTCH1|Pyramidal_layer_dentate_gyrus->Thalamus_2
3481	TTR	LRP2	Cortex_1	Cortex_3	0.0		TTR|LRP2|Cortex_1->Cortex_3
3482	TTR	LRP2	Cortex_1	Cortex_4	0.0		TTR|LRP2|Cortex_1->Cortex_4
3483	TTR	LRP2	Cortex_1	Fiber_tract	0.0		TTR|LRP2|Cortex_1->Fiber_tract
3484	TTR	LRP2	Cortex_1	Hippocampus	0.0		TTR|LRP2|Cortex_1->Hippocampus
3485	TTR	LRP2	Cortex_1	Hypothalamus_2	0.0		TTR|LRP2|Cortex_1->Hypothalamus_2
3486	TTR	LRP2	Cortex_1	Pyramidal_layer	0.0		TTR|LRP2|Cortex_1->Pyramidal_layer
3487	TTR	LRP2	Cortex_1	Striatum	0.0		TTR|LRP2|Cortex_1->Striatum
3488	TTR	LRP2	Cortex_1	Thalamus_2	0.0		TTR|LRP2|Cortex_1->Thalamus_2
3489	TTR	LRP2	Cortex_2	Cortex_3	0.0		TTR|LRP2|Cortex_2->Cortex_3
3490	TTR	LRP2	Cortex_2	Cortex_4	0.0		TTR|LRP2|Cortex_2->Cortex_4
3491	TTR	LRP2	Cortex_2	Fiber_tract	0.0		TTR|LRP2|Cortex_2->Fiber_tract
3492	TTR	LRP2	Cortex_2	Hippocampus	0.0		TTR|LRP2|Cortex_2->Hippocampus
3493	TTR	LRP2	Cortex_2	Hypothalamus_2	0.0		TTR|LRP2|Cortex_2->Hypothalamus_2
3494	TTR	LRP2	Cortex_2	Pyramidal_layer	0.0		TTR|LRP2|Cortex_2->Pyramidal_layer
3495	TTR	LRP2	Cortex_2	Striatum	0.0		TTR|LRP2|Cortex_2->Striatum
3496	TTR	LRP2	Cortex_2	Thalamus_2	0.0		TTR|LRP2|Cortex_2->Thalamus_2
3497	TTR	LRP2	Cortex_3	Cortex_3	0.0		TTR|LRP2|Cortex_3->Cortex_3
3498	TTR	LRP2	Cortex_3	Cortex_4	0.0		TTR|LRP2|Cortex_3->Cortex_4
3499	TTR	LRP2	Cortex_3	Fiber_tract	0.0		TTR|LRP2|Cortex_3->Fiber_tract
3500	TTR	LRP2	Cortex_3	Hippocampus	0.0		TTR|LRP2|Cortex_3->Hippocampus
3501	TTR	LRP2	Cortex_3	Hypothalamus_2	0.0		TTR|LRP2|Cortex_3->Hypothalamus_2
3502	TTR	LRP2	Cortex_3	Pyramidal_layer	0.0		TTR|LRP2|Cortex_3->Pyramidal_layer
3503	TTR	LRP2	Cortex_3	Striatum	0.0		TTR|LRP2|Cortex_3->Striatum
3504	TTR	LRP2	Cortex_3	Thalamus_2	0.0		TTR|LRP2|Cortex_3->Thalamus_2
3505	TTR	LRP2	Cortex_4	Cortex_3	0.0		TTR|LRP2|Cortex_4->Cortex_3
3506	TTR	LRP2	Cortex_4	Cortex_4	0.0		TTR|LRP2|Cortex_4->Cortex_4
3507	TTR	LRP2	Cortex_4	Fiber_tract	0.0		TTR|LRP2|Cortex_4->Fiber_tract
3508	TTR	LRP2	Cortex_4	Hippocampus	0.0		TTR|LRP2|Cortex_4->Hippocampus
3509	TTR	LRP2	Cortex_4	Hypothalamus_2	0.0		TTR|LRP2|Cortex_4->Hypothalamus_2
3510	TTR	LRP2	Cortex_4	Pyramidal_layer	0.0		TTR|LRP2|Cortex_4->Pyramidal_layer
3511	TTR	LRP2	Cortex_4	Striatum	0.0		TTR|LRP2|Cortex_4->Striatum
3512	TTR	LRP2	Cortex_4	Thalamus_2	0.0		TTR|LRP2|Cortex_4->Thalamus_2
3513	TTR	LRP2	Cortex_5	Cortex_3	0.0		TTR|LRP2|Cortex_5->Cortex_3
3514	TTR	LRP2	Cortex_5	Cortex_4	0.0		TTR|LRP2|Cortex_5->Cortex_4
3515	TTR	LRP2	Cortex_5	Fiber_tract	0.0		TTR|LRP2|Cortex_5->Fiber_tract
3516	TTR	LRP2	Cortex_5	Hippocampus	0.0		TTR|LRP2|Cortex_5->Hippocampus
3517	TTR	LRP2	Cortex_5	Hypothalamus_2	0.0		TTR|LRP2|Cortex_5->Hypothalamus_2
3518	TTR	LRP2	Cortex_5	Pyramidal_layer	0.0		TTR|LRP2|Cortex_5->Pyramidal_layer
3519	TTR	LRP2	Cortex_5	Striatum	0.0		TTR|LRP2|Cortex_5->Striatum
3520	TTR	LRP2	Cortex_5	Thalamus_2	0.0		TTR|LRP2|Cortex_5->Thalamus_2
3521	TTR	LRP2	Fiber_tract	Cortex_3	0.0		TTR|LRP2|Fiber_tract->Cortex_3
3522	TTR	LRP2	Fiber_tract	Cortex_4	0.0		TTR|LRP2|Fiber_tract->Cortex_4
3523	TTR	LRP2	Fiber_tract	Fiber_tract	0.0		TTR|LRP2|Fiber_tract->Fiber_tract
3524	TTR	LRP2	Fiber_tract	Hippocampus	0.0		TTR|LRP2|Fiber_tract->Hippocampus
3525	TTR	LRP2	Fiber_tract	Hypothalamus_2	0.0		TTR|LRP2|Fiber_tract->Hypothalamus_2
3526	TTR	LRP2	Fiber_tract	Pyramidal_layer	0.0		TTR|LRP2|Fiber_tract->Pyramidal_layer
3527	TTR	LRP2	Fiber_tract	Striatum	0.0		TTR|LRP2|Fiber_tract->Striatum
3528	TTR	LRP2	Fiber_tract	Thalamus_2	0.0		TTR|LRP2|Fiber_tract->Thalamus_2
3529	TTR	LRP2	Hippocampus	Cortex_3	0.0		TTR|LRP2|Hippocampus->Cortex_3
3530	TTR	LRP2	Hippocampus	Cortex_4	0.0		TTR|LRP2|Hippocampus->Cortex_4
3531	TTR	LRP2	Hippocampus	Fiber_tract	0.0		TTR|LRP2|Hippocampus->Fiber_tract
3532	TTR	LRP2	Hippocampus	Hippocampus	0.0		TTR|LRP2|Hippocampus->Hippocampus
3533	TTR	LRP2	Hippocampus	Hypothalamus_2	0.0		TTR|LRP2|Hippocampus->Hypothalamus_2
3534	TTR	LRP2	Hippocampus	Pyramidal_layer	0.0		TTR|LRP2|Hippocampus->Pyramidal_layer
3535	TTR	LRP2	Hippocampus	Striatum	0.0		TTR|LRP2|Hippocampus->Striatum
3536	TTR	LRP2	Hippocampus	Thalamus_2	0.0		TTR|LRP2|Hippocampus->Thalamus_2
3537	TTR	LRP2	Hypothalamus_1	Cortex_3	0.0		TTR|LRP2|Hypothalamus_1->Cortex_3
3538	TTR	LRP2	Hypothalamus_1	Cortex_4	0.0		TTR|LRP2|Hypothalamus_1->Cortex_4
3539	TTR	LRP2	Hypothalamus_1	Fiber_tract	0.0		TTR|LRP2|Hypothalamus_1->Fiber_tract
3540	TTR	LRP2	Hypothalamus_1	Hippocampus	0.0		TTR|LRP2|Hypothalamus_1->Hippocampus
3541	TTR	LRP2	Hypothalamus_1	Hypothalamus_2	0.0		TTR|LRP2|Hypothalamus_1->Hypothalamus_2
3542	TTR	LRP2	Hypothalamus_1	Pyramidal_layer	0.0		TTR|LRP2|Hypothalamus_1->Pyramidal_layer
3543	TTR	LRP2	Hypothalamus_1	Striatum	0.0		TTR|LRP2|Hypothalamus_1->Striatum
3544	TTR	LRP2	Hypothalamus_1	Thalamus_2	0.0		TTR|LRP2|Hypothalamus_1->Thalamus_2
3545	TTR	LRP2	Hypothalamus_2	Cortex_3	0.0		TTR|LRP2|Hypothalamus_2->Cortex_3
3546	TTR	LRP2	Hypothalamus_2	Cortex_4	0.0		TTR|LRP2|Hypothalamus_2->Cortex_4
3547	TTR	LRP2	Hypothalamus_2	Fiber_tract	0.0		TTR|LRP2|Hypothalamus_2->Fiber_tract
3548	TTR	LRP2	Hypothalamus_2	Hippocampus	0.0		TTR|LRP2|Hypothalamus_2->Hippocampus
3549	TTR	LRP2	Hypothalamus_2	Hypothalamus_2	0.0		TTR|LRP2|Hypothalamus_2->Hypothalamus_2
3550	TTR	LRP2	Hypothalamus_2	Pyramidal_layer	0.0		TTR|LRP2|Hypothalamus_2->Pyramidal_layer
3551	TTR	LRP2	Hypothalamus_2	Striatum	0.0		TTR|LRP2|Hypothalamus_2->Striatum
3552	TTR	LRP2	Hypothalamus_2	Thalamus_2	0.0		TTR|LRP2|Hypothalamus_2->Thalamus_2
3553	TTR	LRP2	Lateral_ventricle	Cortex_3	0.0		TTR|LRP2|Lateral_ventricle->Cortex_3
3554	TTR	LRP2	Lateral_ventricle	Cortex_4	0.0		TTR|LRP2|Lateral_ventricle->Cortex_4
3555	TTR	LRP2	Lateral_ventricle	Fiber_tract	0.0		TTR|LRP2|Lateral_ventricle->Fiber_tract
3556	TTR	LRP2	Lateral_ventricle	Hippocampus	0.0		TTR|LRP2|Lateral_ventricle->Hippocampus
3557	TTR	LRP2	Lateral_ventricle	Hypothalamus_2	0.0		TTR|LRP2|Lateral_ventricle->Hypothalamus_2
3558	TTR	LRP2	Lateral_ventricle	Pyramidal_layer	0.0		TTR|LRP2|Lateral_ventricle->Pyramidal_layer
3559	TTR	LRP2	Lateral_ventricle	Striatum	0.0		TTR|LRP2|Lateral_ventricle->Striatum
3560	TTR	LRP2	Lateral_ventricle	Thalamus_2	0.0		TTR|LRP2|Lateral_ventricle->Thalamus_2
3561	TTR	LRP2	Pyramidal_layer	Cortex_3	0.0		TTR|LRP2|Pyramidal_layer->Cortex_3
3562	TTR	LRP2	Pyramidal_layer	Cortex_4	0.0		TTR|LRP2|Pyramidal_layer->Cortex_4
3563	TTR	LRP2	Pyramidal_layer	Fiber_tract	0.0		TTR|LRP2|Pyramidal_layer->Fiber_tract
3564	TTR	LRP2	Pyramidal_layer	Hippocampus	0.0		TTR|LRP2|Pyramidal_layer->Hippocampus
3565	TTR	LRP2	Pyramidal_layer	Hypothalamus_2	0.0		TTR|LRP2|Pyramidal_layer->Hypothalamus_2
3566	TTR	LRP2	Pyramidal_layer	Pyramidal_layer	0.0		TTR|LRP2|Pyramidal_layer->Pyramidal_layer
3567	TTR	LRP2	Pyramidal_layer	Striatum	0.0		TTR|LRP2|Pyramidal_layer->Striatum
3568	TTR	LRP2	Pyramidal_layer	Thalamus_2	0.0		TTR|LRP2|Pyramidal_layer->Thalamus_2
3569	TTR	LRP2	Pyramidal_layer_dentate_gyrus	Cortex_3	0.0		TTR|LRP2|Pyramidal_layer_dentate_gyrus->Cortex_3
3570	TTR	LRP2	Pyramidal_layer_dentate_gyrus	Cortex_4	0.0		TTR|LRP2|Pyramidal_layer_dentate_gyrus->Cortex_4
3571	TTR	LRP2	Pyramidal_layer_dentate_gyrus	Fiber_tract	0.0		TTR|LRP2|Pyramidal_layer_dentate_gyrus->Fiber_tract
3572	TTR	LRP2	Pyramidal_layer_dentate_gyrus	Hippocampus	0.0		TTR|LRP2|Pyramidal_layer_dentate_gyrus->Hippocampus
3573	TTR	LRP2	Pyramidal_layer_dentate_gyrus	Hypothalamus_2	0.0		TTR|LRP2|Pyramidal_layer_dentate_gyrus->Hypothalamus_2
3574	TTR	LRP2	Pyramidal_layer_dentate_gyrus	Pyramidal_layer	0.0		TTR|LRP2|Pyramidal_layer_dentate_gyrus->Pyramidal_layer
3575	TTR	LRP2	Pyramidal_layer_dentate_gyrus	Striatum	0.0		TTR|LRP2|Pyramidal_layer_dentate_gyrus->Striatum
3576	TTR	LRP2	Pyramidal_layer_dentate_gyrus	Thalamus_2	0.0		TTR|LRP2|Pyramidal_layer_dentate_gyrus->Thalamus_2
3577	TTR	LRP2	Striatum	Cortex_3	0.0		TTR|LRP2|Striatum->Cortex_3
3578	TTR	LRP2	Striatum	Cortex_4	0.0		TTR|LRP2|Striatum->Cortex_4
3579	TTR	LRP2	Striatum	Fiber_tract	0.0		TTR|LRP2|Striatum->Fiber_tract
3580	TTR	LRP2	Striatum	Hippocampus	0.0		TTR|LRP2|Striatum->Hippocampus
3581	TTR	LRP2	Striatum	Hypothalamus_2	0.0		TTR|LRP2|Striatum->Hypothalamus_2
3582	TTR	LRP2	Striatum	Pyramidal_layer	0.0		TTR|LRP2|Striatum->Pyramidal_layer
3583	TTR	LRP2	Striatum	Striatum	0.0		TTR|LRP2|Striatum->Striatum
3584	TTR	LRP2	Striatum	Thalamus_2	0.0		TTR|LRP2|Striatum->Thalamus_2
3585	TTR	LRP2	Thalamus_1	Cortex_3	0.0		TTR|LRP2|Thalamus_1->Cortex_3
3586	TTR	LRP2	Thalamus_1	Cortex_4	0.0		TTR|LRP2|Thalamus_1->Cortex_4
3587	TTR	LRP2	Thalamus_1	Fiber_tract	0.0		TTR|LRP2|Thalamus_1->Fiber_tract
3588	TTR	LRP2	Thalamus_1	Hippocampus	0.0		TTR|LRP2|Thalamus_1->Hippocampus
3589	TTR	LRP2	Thalamus_1	Hypothalamus_2	0.0		TTR|LRP2|Thalamus_1->Hypothalamus_2
3590	TTR	LRP2	Thalamus_1	Pyramidal_layer	0.0		TTR|LRP2|Thalamus_1->Pyramidal_layer
3591	TTR	LRP2	Thalamus_1	Striatum	0.0		TTR|LRP2|Thalamus_1->Striatum
3592	TTR	LRP2	Thalamus_1	Thalamus_2	0.0		TTR|LRP2|Thalamus_1->Thalamus_2
3593	TTR	LRP2	Thalamus_2	Cortex_3	0.0		TTR|LRP2|Thalamus_2->Cortex_3
3594	TTR	LRP2	Thalamus_2	Cortex_4	0.0		TTR|LRP2|Thalamus_2->Cortex_4
3595	TTR	LRP2	Thalamus_2	Fiber_tract	0.0		TTR|LRP2|Thalamus_2->Fiber_tract
3596	TTR	LRP2	Thalamus_2	Hippocampus	0.0		TTR|LRP2|Thalamus_2->Hippocampus
3597	TTR	LRP2	Thalamus_2	Hypothalamus_2	0.0		TTR|LRP2|Thalamus_2->Hypothalamus_2
3598	TTR	LRP2	Thalamus_2	Pyramidal_layer	0.0		TTR|LRP2|Thalamus_2->Pyramidal_layer
3599	TTR	LRP2	Thalamus_2	Striatum	0.0		TTR|LRP2|Thalamus_2->Striatum
3600	TTR	LRP2	Thalamus_2	Thalamus_2	0.0		TTR|LRP2|Thalamus_2->Thalamus_2
