rank	gene	moran_i	pval_norm	var_norm	pval_norm_fdr_bh
1	Nrgn	0.8747529676	0	0.0001307333572	0
2	Mbp	0.8687230513	0	0.0001307333572	0
3	Camk2n1	0.866541899	0	0.0001307333572	0
4	Slc17a7	0.8617611594	0	0.0001307333572	0
5	Ttr	0.8419864853	0	0.0001307333572	0
6	Prkcd	0.8235504334	0	0.0001307333572	0
7	Pmch	0.8181554543	0	0.0001307333572	0
8	Fth1	0.8112594961	0	0.0001307333572	0
9	Mobp	0.8109466932	0	0.0001307333572	0
10	Cck	0.810927216	0	0.0001307333572	0
11	Agrp	0.7985395124	0	0.0001307333572	0
12	Tcf7l2	0.7941815397	0	0.0001307333572	0
13	Ddn	0.7846767848	0	0.0001307333572	0
14	Olfm1	0.7632913155	0	0.0001307333572	0
15	Agt	0.7589971461	0	0.0001307333572	0
16	Tnnt1	0.753224808	0	0.0001307333572	0
17	Sparc	0.7528975608	0	0.0001307333572	0
18	Nptxr	0.752630374	0	0.0001307333572	0
19	Plp1	0.7476597898	0	0.0001307333572	0
20	Hcrt	0.7472004089	0	0.0001307333572	0
21	Baiap3	0.7436609413	0	0.0001307333572	0
22	Psd	0.7411152799	0	0.0001307333572	0
23	Gal	0.7365358405	0	0.0001307333572	0
24	Pcp4	0.7296646114	0	0.0001307333572	0
25	Itpka	0.7270762234	0	0.0001307333572	0
26	Mef2c	0.7242138985	0	0.0001307333572	0
27	Snap25	0.7209868009	0	0.0001307333572	0
28	Ctxn1	0.7156063483	0	0.0001307333572	0
29	Gpx3	0.7116002557	0	0.0001307333572	0
30	Gm5741	0.7096266294	0	0.0001307333572	0
31	Nnat	0.7086370713	0	0.0001307333572	0
32	Trf	0.705200325	0	0.0001307333572	0
33	Plekhb1	0.7042557633	0	0.0001307333572	0
34	Calm1	0.7013731568	0	0.0001307333572	0
35	Fezf1	0.6980242326	0	0.0001307333572	0
36	Cnp	0.6938608029	0	0.0001307333572	0
37	Ppp3ca	0.6933198889	0	0.0001307333572	0
38	Stx1a	0.688827278	0	0.0001307333572	0
39	Chn1	0.6849566855	0	0.0001307333572	0
40	Hpcal4	0.6811622041	0	0.0001307333572	0
41	Ctxn3	0.6802289461	0	0.0001307333572	0
42	Mal	0.6797751977	0	0.0001307333572	0
43	Tmsb4x	0.6767193571	0	0.0001307333572	0
44	Cldn11	0.6741097364	0	0.0001307333572	0
45	Calb2	0.6726689227	0	0.0001307333572	0
46	Dbi	0.6723654348	0	0.0001307333572	0
47	Slc30a3	0.6679397776	0	0.0001307333572	0
48	Cplx2	0.6661090442	0	0.0001307333572	0
49	Hpca	0.6655287755	0	0.0001307333572	0
50	3110035E14Rik	0.6651322123	0	0.0001307333572	0
51	Synpo2	0.6634751601	0	0.0001307333572	0
52	Selenow	0.6620039857	0	0.0001307333572	0
53	Hap1	0.6609112226	0	0.0001307333572	0
54	Cbln1	0.6605678725	0	0.0001307333572	0
55	Shox2	0.6588925905	0	0.0001307333572	0
56	Zic1	0.6581660655	0	0.0001307333572	0
57	Snca	0.6575986328	0	0.0001307333572	0
58	Gpm6a	0.6556662365	0	0.0001307333572	0
59	Lamp5	0.6552233503	0	0.0001307333572	0
60	6330403K07Rik	0.6515693225	0	0.0001307333572	0
61	Zcchc12	0.6499389461	0	0.0001307333572	0
62	Resp18	0.649582258	0	0.0001307333572	0
63	Ramp3	0.6487352472	0	0.0001307333572	0
64	Mag	0.6486624105	0	0.0001307333572	0
65	Rtn1	0.646974306	0	0.0001307333572	0
66	Nsmf	0.6460741811	0	0.0001307333572	0
67	Calm2	0.6440579213	0	0.0001307333572	0
68	Qdpr	0.6440329439	0	0.0001307333572	0
69	Ttc9b	0.6401400922	0	0.0001307333572	0
70	Slc17a6	0.6392257252	0	0.0001307333572	0
71	Dlk1	0.6388318059	0	0.0001307333572	0
72	Ly6h	0.6381851709	0	0.0001307333572	0
73	AW551984	0.6359368198	0	0.0001307333572	0
74	Bcas1	0.6354865142	0	0.0001307333572	0
75	Sptbn2	0.6353879221	0	0.0001307333572	0
76	Nov	0.6339223874	0	0.0001307333572	0
77	Ngb	0.6337492602	0	0.0001307333572	0
78	Rps27a	0.630856417	0	0.0001307333572	0
79	Tbr1	0.6307605239	0	0.0001307333572	0
80	Arhgap36	0.6306378497	0	0.0001307333572	0
81	1110008P14Rik	0.629336635	0	0.0001307333572	0
82	Cryab	0.6278206101	0	0.0001307333572	0
83	Amotl1	0.6274572059	0	0.0001307333572	0
84	Spink8	0.6271915612	0	0.0001307333572	0
85	Mog	0.6247771275	0	0.0001307333572	0
86	Rasgrp1	0.6247050121	0	0.0001307333572	0
87	Arpp21	0.6240899165	0	0.0001307333572	0
88	Rps12	0.6235184537	0	0.0001307333572	0
89	Defb11	0.6216935005	0	0.0001307333572	0
90	Lypd1	0.6202449233	0	0.0001307333572	0
91	2900040C04Rik	0.6197809045	0	0.0001307333572	0
92	Uchl1	0.6186043443	0	0.0001307333572	0
93	Icam5	0.617096187	0	0.0001307333572	0
94	Cplx1	0.6142302492	0	0.0001307333572	0
95	Baiap2	0.6132323474	0	0.0001307333572	0
96	Sept4	0.612811785	0	0.0001307333572	0
97	Plekhg1	0.6126897183	0	0.0001307333572	0
98	Adora2a	0.6117254915	0	0.0001307333572	0
99	Pcsk1n	0.6112309648	0	0.0001307333572	0
100	Hpcal1	0.6101940413	0	0.0001307333572	0
101	Folr1	0.6077976391	0	0.0001307333572	0
102	Sv2b	0.607687822	0	0.0001307333572	0
103	Atp1a1	0.6076243911	0	0.0001307333572	0
104	Ntng1	0.6073738783	0	0.0001307333572	0
105	Ptgds	0.6061241514	0	0.0001307333572	0
106	1500015O10Rik	0.6059402305	0	0.0001307333572	0
107	Adcy1	0.6058481102	0	0.0001307333572	0
108	Irs4	0.6050587164	0	0.0001307333572	0
109	Ngef	0.6045402722	0	0.0001307333572	0
110	Ptk2b	0.6021035334	0	0.0001307333572	0
111	Prkcb	0.602099795	0	0.0001307333572	0
112	Pou4f1	0.6009848394	0	0.0001307333572	0
113	Gda	0.600484424	0	0.0001307333572	0
114	Rps8	0.6003070674	0	0.0001307333572	0
115	Fbxl16	0.5999055827	0	0.0001307333572	0
116	Penk	0.5997830437	0	0.0001307333572	0
117	Eef1a1	0.5997363557	0	0.0001307333572	0
118	Crym	0.5995246192	0	0.0001307333572	0
119	Dnm1	0.5990696662	0	0.0001307333572	0
120	Scn1b	0.5981138812	0	0.0001307333572	0
121	Ndrg4	0.5981133166	0	0.0001307333572	0
122	Rpl35a	0.5975815037	0	0.0001307333572	0
123	Cabp1	0.5974647753	0	0.0001307333572	0
124	Pdp1	0.5970352155	0	0.0001307333572	0
125	Rpl17	0.5963734283	0	0.0001307333572	0
126	Cartpt	0.592916885	0	0.0001307333572	0
127	Arf3	0.5914273203	0	0.0001307333572	0
128	Enpp2	0.5908874503	0	0.0001307333572	0
129	Tspan2	0.5891661506	0	0.0001307333572	0
130	Enc1	0.5879667992	0	0.0001307333572	0
131	Rora	0.5875279945	0	0.0001307333572	0
132	Calml4	0.5871977323	0	0.0001307333572	0
133	Slc6a11	0.5842957475	0	0.0001307333572	0
134	Clic6	0.5842409096	0	0.0001307333572	0
135	Lmo4	0.5835329593	0	0.0001307333572	0
136	Gfap	0.5820567453	0	0.0001307333572	0
137	Cbln4	0.5809655089	0	0.0001307333572	0
138	Tmsb10	0.5809018089	0	0.0001307333572	0
139	Tmem88b	0.5806677013	0	0.0001307333572	0
140	Prr32	0.5803311645	0	0.0001307333572	0
141	Trh	0.5801698583	0	0.0001307333572	0
142	Rprml	0.5791900058	0	0.0001307333572	0
143	Nap1l5	0.5768219892	0	0.0001307333572	0
144	Wfdc2	0.5760094889	0	0.0001307333572	0
145	Rpl9	0.5736957634	0	0.0001307333572	0
146	Ermn	0.5736200367	0	0.0001307333572	0
147	Syt1	0.5725024399	0	0.0001307333572	0
148	Gap43	0.5723036593	0	0.0001307333572	0
149	Vsnl1	0.5721240951	0	0.0001307333572	0
150	Dlgap1	0.571364312	0	0.0001307333572	0
151	Ncdn	0.5712534663	0	0.0001307333572	0
152	Ecel1	0.5703041621	0	0.0001307333572	0
153	Rims3	0.5701485624	0	0.0001307333572	0
154	Apod	0.5696786359	0	0.0001307333572	0
155	Ppp3r1	0.5685393836	0	0.0001307333572	0
156	Igfbp6	0.5674836421	0	0.0001307333572	0
157	Adarb1	0.5660416704	0	0.0001307333572	0
158	Slc16a8	0.5647966754	0	0.0001307333572	0
159	Ppp1r14a	0.5647029224	0	0.0001307333572	0
160	Bc1	0.5640586216	0	0.0001307333572	0
161	Kcnj13	0.5638859824	0	0.0001307333572	0
162	Zbtb18	0.5636982702	0	0.0001307333572	0
163	Rgs4	0.5632110974	0	0.0001307333572	0
164	Epop	0.5631119012	0	0.0001307333572	0
165	Otp	0.5612043933	0	0.0001307333572	0
166	Prkcg	0.5593965676	0	0.0001307333572	0
167	Tmem72	0.5591028174	0	0.0001307333572	0
168	Kcnh3	0.5588560219	0	0.0001307333572	0
169	Atp2b1	0.5582368441	0	0.0001307333572	0
170	Kcne2	0.557285981	0	0.0001307333572	0
171	Tmem132a	0.5540813266	0	0.0001307333572	0
172	Opalin	0.553515245	0	0.0001307333572	0
173	Pdlim2	0.5528302973	0	0.0001307333572	0
174	Gpr88	0.552754504	0	0.0001307333572	0
175	Slc4a5	0.5524868096	0	0.0001307333572	0
176	Ndn	0.5521509741	0	0.0001307333572	0
177	Nptx1	0.5521421209	0	0.0001307333572	0
178	Kalrn	0.550829114	0	0.0001307333572	0
179	Ywhah	0.550801185	0	0.0001307333572	0
180	Nrn1	0.5506516536	0	0.0001307333572	0
181	Syn2	0.5506308949	0	0.0001307333572	0
182	Ugt8a	0.5505691449	0	0.0001307333572	0
183	Pde1a	0.5488524237	0	0.0001307333572	0
184	Nrsn2	0.5486758878	0	0.0001307333572	0
185	Gsn	0.5477044253	0	0.0001307333572	0
186	Zwint	0.5472556246	0	0.0001307333572	0
187	Fa2h	0.5466321426	0	0.0001307333572	0
188	Dkk3	0.5454570566	0	0.0001307333572	0
189	Rps11	0.5450827377	0	0.0001307333572	0
190	Gm38534	0.544487559	0	0.0001307333572	0
191	Cnih2	0.5443993299	0	0.0001307333572	0
192	Ppp1r1a	0.5441101107	0	0.0001307333572	0
193	Ghrh	0.5437370233	0	0.0001307333572	0
194	Dgkz	0.5436588968	0	0.0001307333572	0
195	Csrp1	0.5433578705	0	0.0001307333572	0
196	Tac1	0.5431443653	0	0.0001307333572	0
197	Rpl14	0.5423718149	0	0.0001307333572	0
198	Pllp	0.5420800911	0	0.0001307333572	0
199	Crabp1	0.5411457865	0	0.0001307333572	0
200	Fam131a	0.5411396963	0	0.0001307333572	0
201	Myh7	0.5410297064	0	0.0001307333572	0
202	Lmo3	0.5397947705	0	0.0001307333572	0
203	2010300C02Rik	0.5394689653	0	0.0001307333572	0
204	Fxyd6	0.5388556766	0	0.0001307333572	0
205	Mpped1	0.5383210089	0	0.0001307333572	0
206	Aqp1	0.5383112614	0	0.0001307333572	0
207	Camkv	0.5380216439	0	0.0001307333572	0
208	Lbhd2	0.537912276	0	0.0001307333572	0
209	Lingo1	0.5374540837	0	0.0001307333572	0
210	Basp1	0.5354364822	0	0.0001307333572	0
211	H2-Q2	0.5354256856	0	0.0001307333572	0
212	Trbc2	0.5352681911	0	0.0001307333572	0
213	Ptpn3	0.5345850656	0	0.0001307333572	0
214	Rasgef1a	0.5332307842	0	0.0001307333572	0
215	Neurod6	0.5327605115	0	0.0001307333572	0
216	Gabrq	0.5319023388	0	0.0001307333572	0
217	Foxg1	0.5317095062	0	0.0001307333572	0
218	Six6	0.5312081362	0	0.0001307333572	0
219	Cx3cl1	0.5307451351	0	0.0001307333572	0
220	Ahi1	0.5301305846	0	0.0001307333572	0
221	Prr18	0.5298564283	0	0.0001307333572	0
222	Gatm	0.5296063047	0	0.0001307333572	0
223	Dclk1	0.5293609687	0	0.0001307333572	0
224	Six3	0.528867271	0	0.0001307333572	0
225	Rgs7bp	0.527914885	0	0.0001307333572	0
226	Thy1	0.5276764281	0	0.0001307333572	0
227	Rps9	0.526731365	0	0.0001307333572	0
228	Atp1b1	0.5249973267	0	0.0001307333572	0
229	Igsf1	0.523974245	0	0.0001307333572	0
230	Pld3	0.5239214375	0	0.0001307333572	0
231	Prkar1b	0.5236247766	0	0.0001307333572	0
232	Gpr37	0.5233484747	0	0.0001307333572	0
233	Arpp19	0.522412998	0	0.0001307333572	0
234	Cabp7	0.5216823357	0	0.0001307333572	0
235	F5	0.520906979	0	0.0001307333572	0
236	Gm32468	0.5209064452	0	0.0001307333572	0
237	Bsn	0.5204198615	0	0.0001307333572	0
238	Rps5	0.51945446	0	0.0001307333572	0
239	Gria2	0.5193797019	0	0.0001307333572	0
240	Rps3a1	0.5175086915	0	0.0001307333572	0
241	Itih3	0.5168001043	0	0.0001307333572	0
242	Clstn1	0.5150027634	0	0.0001307333572	0
243	Zfhx3	0.5149099442	0	0.0001307333572	0
244	Foxp2	0.5149018295	0	0.0001307333572	0
245	Rprm	0.5138837533	0	0.0001307333572	0
246	Ndrg1	0.5131471645	0	0.0001307333572	0
247	Tppp3	0.5130643091	0	0.0001307333572	0
248	Oxt	0.5119010474	0	0.0001307333572	0
249	Kcnj4	0.5112878589	0	0.0001307333572	0
250	Car2	0.5112798244	0	0.0001307333572	0
251	Cldn2	0.509820638	0	0.0001307333572	0
252	Bex2	0.5094359459	0	0.0001307333572	0
253	Steap1	0.5089399271	0	0.0001307333572	0
254	Tmem130	0.5087205447	0	0.0001307333572	0
255	Rpl22l1	0.5085456687	0	0.0001307333572	0
256	Rpl11	0.5080103324	0	0.0001307333572	0
257	Dynll1	0.5075018204	0	0.0001307333572	0
258	Kcnip2	0.5061059347	0	0.0001307333572	0
259	Nkx2-4	0.5045831577	0	0.0001307333572	0
260	Tmem212	0.5045032276	0	0.0001307333572	0
261	Patj	0.5025561272	0	0.0001307333572	0
262	Calb1	0.502500749	0	0.0001307333572	0
263	Bhlhe22	0.5014329847	0	0.0001307333572	0
264	Atp2a2	0.5009393313	0	0.0001307333572	0
265	Ppp1r1b	0.5007180763	0	0.0001307333572	0
266	Sst	0.5000633164	0	0.0001307333572	0
267	Sostdc1	0.4995190791	0	0.0001307333572	0
268	Rpl8	0.4984533463	0	0.0001307333572	0
269	Chrnb4	0.4979301838	0	0.0001307333572	0
270	Rax	0.4976121782	0	0.0001307333572	0
271	Syt5	0.4971094314	0	0.0001307333572	0
272	Syp	0.4955442155	0	0.0001307333572	0
273	Ipcef1	0.4947619385	0	0.0001307333572	0
274	Atp2b4	0.4943033282	0	0.0001307333572	0
275	Cpne6	0.4941127293	0	0.0001307333572	0
276	Gm11549	0.4937877785	0	0.0001307333572	0
277	Wfs1	0.4932531264	0	0.0001307333572	0
278	Fxyd7	0.493214532	0	0.0001307333572	0
279	Rab3a	0.4909552173	0	0.0001307333572	0
280	Rab37	0.4898108406	0	0.0001307333572	0
281	Frmpd1os	0.4896926496	0	0.0001307333572	0
282	Kl	0.4895961478	0	0.0001307333572	0
283	Cyp26b1	0.4891407926	0	0.0001307333572	0
284	Lbp	0.4885489757	0	0.0001307333572	0
285	Rpl10	0.4880106312	0	0.0001307333572	0
286	Snrpn	0.4878512989	0	0.0001307333572	0
287	Cacng3	0.4877206889	0	0.0001307333572	0
288	Tubb2a	0.4874158727	0	0.0001307333572	0
289	Grb14	0.4872781914	0	0.0001307333572	0
290	Dkkl1	0.4868698567	0	0.0001307333572	0
291	Gnas	0.4865410585	0	0.0001307333572	0
292	Pvalb	0.4860691902	0	0.0001307333572	0
293	Vamp1	0.4854435329	0	0.0001307333572	0
294	Neurl1a	0.4851870304	0	0.0001307333572	0
295	Mapk1	0.483987454	0	0.0001307333572	0
296	Gabrd	0.4838918461	0	0.0001307333572	0
297	Chrm1	0.4837749961	0	0.0001307333572	0
298	Ncald	0.4835546415	0	0.0001307333572	0
299	Ptpn4	0.4832916588	0	0.0001307333572	0
300	Krt18	0.4827969159	0	0.0001307333572	0
301	Egr3	0.4827471215	0	0.0001307333572	0
302	Gaa	0.4825058422	0	0.0001307333572	0
303	Bok	0.4821941315	0	0.0001307333572	0
304	Wdr6	0.48185442	0	0.0001307333572	0
305	Syn1	0.4810838311	0	0.0001307333572	0
306	Aldoa	0.4796021839	0	0.0001307333572	0
307	Rps6	0.4793321288	0	0.0001307333572	0
308	Gabre	0.4772603784	0	0.0001307333572	0
309	Neurod2	0.4768909965	0	0.0001307333572	0
310	Scg2	0.4760595307	0	0.0001307333572	0
311	Olig1	0.4754864739	0	0.0001307333572	0
312	Wipf3	0.4750921657	0	0.0001307333572	0
313	Stmn2	0.4747882846	0	0.0001307333572	0
314	Rhog	0.4747364003	0	0.0001307333572	0
315	Slc24a2	0.4744175457	0	0.0001307333572	0
316	Plekhh1	0.474294625	0	0.0001307333572	0
317	Synpr	0.4741621412	0	0.0001307333572	0
318	Aspa	0.4738835804	0	0.0001307333572	0
319	Evi2a	0.4736334155	0	0.0001307333572	0
320	Stmn3	0.4732501573	0	0.0001307333572	0
321	Cit	0.4705749921	0	0.0001307333572	0
322	Rasgrf2	0.4699140674	0	0.0001307333572	0
323	Lpar1	0.4692361691	0	0.0001307333572	0
324	Gabbr2	0.468539452	0	0.0001307333572	0
325	C1qtnf4	0.4680932463	0	0.0001307333572	0
326	Wasf1	0.466520824	0	0.0001307333572	0
327	Calcr	0.4663043326	0	0.0001307333572	0
328	Adgrb2	0.4656472315	0	0.0001307333572	0
329	Fibcd1	0.4653755678	0	0.0001307333572	0
330	Ywhaz	0.4652791345	0	0.0001307333572	0
331	Hs3st2	0.4644109725	0	0.0001307333572	0
332	Col8a2	0.4643874168	0	0.0001307333572	0
333	Myl4	0.4640463021	0	0.0001307333572	0
334	Necab2	0.4640158656	0	0.0001307333572	0
335	Rgs16	0.4639374562	0	0.0001307333572	0
336	Avp	0.4637275024	0	0.0001307333572	0
337	Gjb1	0.4624972527	0	0.0001307333572	0
338	Cyfip2	0.4621036518	0	0.0001307333572	0
339	Mmp17	0.4612518815	0	0.0001307333572	0
340	Ccdc136	0.4611209871	0	0.0001307333572	0
341	Tmem91	0.4607991791	0	0.0001307333572	0
342	Rps15a	0.4604084747	0	0.0001307333572	0
343	Osbpl1a	0.4600424974	0	0.0001307333572	0
344	Dynlrb2	0.4600227005	0	0.0001307333572	0
345	Rpl3	0.4596741361	0	0.0001307333572	0
346	Fam183b	0.4593592756	0	0.0001307333572	0
347	Otx2	0.4585812173	0	0.0001307333572	0
348	Nkx6-2	0.4579547155	0	0.0001307333572	0
349	Ogfrl1	0.4579452322	0	0.0001307333572	0
350	Caly	0.4571056429	0	0.0001307333572	0
351	Hlf	0.4566745025	0	0.0001307333572	0
352	Vat1l	0.4559709596	0	0.0001307333572	0
353	Gabra1	0.4552655486	0	0.0001307333572	0
354	Mmd	0.4552565617	0	0.0001307333572	0
355	Cd59a	0.4548065503	0	0.0001307333572	0
356	Tagln3	0.4540204489	0	0.0001307333572	0
357	Ccdc153	0.4534538011	0	0.0001307333572	0
358	Plcb4	0.453073355	0	0.0001307333572	0
359	Gng3	0.4526268913	0	0.0001307333572	0
360	Cmtm5	0.4523237225	0	0.0001307333572	0
361	Ak5	0.4519646068	0	0.0001307333572	0
362	Itm2c	0.451841756	0	0.0001307333572	0
363	Tuba4a	0.4518104534	0	0.0001307333572	0
364	Npy	0.4515605983	0	0.0001307333572	0
365	Fndc3c1	0.451439397	0	0.0001307333572	0
366	Atp1a3	0.4513187131	0	0.0001307333572	0
367	Stxbp1	0.450799837	0	0.0001307333572	0
368	Cpne9	0.4506636785	0	0.0001307333572	0
369	Lrrc10b	0.4485769613	0	0.0001307333572	0
370	Plxnd1	0.4483575888	0	0.0001307333572	0
371	Nsf	0.4482986709	0	0.0001307333572	0
372	Serpini1	0.4481659259	0	0.0001307333572	0
373	Nts	0.4476448204	0	0.0001307333572	0
374	Efnb3	0.4474796753	0	0.0001307333572	0
375	Chgb	0.4474700133	0	0.0001307333572	0
376	Pnck	0.4473404753	0	0.0001307333572	0
377	Nr5a1	0.4470604712	0	0.0001307333572	0
378	Ephx4	0.447003156	0	0.0001307333572	0
379	Nr4a2	0.4454143562	0	0.0001307333572	0
380	Drc7	0.4452951961	0	0.0001307333572	0
381	Ttyh2	0.4442744714	0	0.0001307333572	0
382	Tyrp1	0.4436859593	0	0.0001307333572	0
383	Pacs2	0.4432504661	0	0.0001307333572	0
384	Cacnb3	0.4430084925	0	0.0001307333572	0
385	Diras2	0.4423424887	0	0.0001307333572	0
386	Pgrmc1	0.4420912953	0	0.0001307333572	0
387	Asb4	0.4417590633	0	0.0001307333572	0
388	Gapdh	0.4410596756	0	0.0001307333572	0
389	Kcnab2	0.4409855629	0	0.0001307333572	0
390	Wdr86	0.440715134	0	0.0001307333572	0
391	C1ql2	0.4405800172	0	0.0001307333572	0
392	Mia	0.4404051532	0	0.0001307333572	0
393	Ins2	0.4400740778	0	0.0001307333572	0
394	Pcsk2	0.4398690721	0	0.0001307333572	0
395	Nefh	0.4398268311	0	0.0001307333572	0
396	Car12	0.4392793395	0	0.0001307333572	0
397	Atp6v1g2	0.4390725196	0	0.0001307333572	0
398	Phldb1	0.4383031595	0	0.0001307333572	0
399	Camk4	0.4382924807	0	0.0001307333572	0
400	Cfap126	0.4382327351	0	0.0001307333572	0
401	Camk2b	0.4379512021	0	0.0001307333572	0
402	Cers2	0.4368929006	0	0.0001307333572	0
403	Prkce	0.4367474288	0	0.0001307333572	0
404	Slc44a1	0.4359765764	0	0.0001307333572	0
405	Itpr1	0.4359217338	0	0.0001307333572	0
406	Syt7	0.4358817014	0	0.0001307333572	0
407	Nefl	0.4357620274	0	0.0001307333572	0
408	Gjc2	0.4350668894	0	0.0001307333572	0
409	Hcn2	0.4350399608	0	0.0001307333572	0
410	Aldh1a1	0.4345680115	0	0.0001307333572	0
411	Atp1a2	0.4339926284	0	0.0001307333572	0
412	Ppp1r17	0.4339048606	0	0.0001307333572	0
413	Gna12	0.4338956643	0	0.0001307333572	0
414	Nptn	0.4338880827	0	0.0001307333572	0
415	Trnp1	0.4337007277	0	0.0001307333572	0
416	Rasd1	0.4332732171	0	0.0001307333572	0
417	Gabra4	0.4323430559	0	0.0001307333572	0
418	Myrf	0.4322829962	0	0.0001307333572	0
419	AI593442	0.4322245875	0	0.0001307333572	0
420	Tac2	0.431715868	0	0.0001307333572	0
421	Bex1	0.4315262059	0	0.0001307333572	0
422	Desi1	0.4314446997	0	0.0001307333572	0
423	Plk2	0.4311953467	0	0.0001307333572	0
424	Nkx2-1	0.4307810233	0	0.0001307333572	0
425	Fam163b	0.4305365986	0	0.0001307333572	0
426	Gpr101	0.4303433269	0	0.0001307333572	0
427	Pgm2l1	0.4301264809	0	0.0001307333572	0
428	Tmem63a	0.4300397667	0	0.0001307333572	0
429	Plppr4	0.4298216218	0	0.0001307333572	0
430	Gpr50	0.4298044721	0	0.0001307333572	0
431	Abca4	0.4296211534	0	0.0001307333572	0
432	Satb2	0.4291620617	0	0.0001307333572	0
433	Rab3c	0.4290829138	0	0.0001307333572	0
434	Pifo	0.4287939694	0	0.0001307333572	0
435	Arhgap33	0.4285539407	0	0.0001307333572	0
436	Phf24	0.4284169888	0	0.0001307333572	0
437	Thra	0.4283777019	0	0.0001307333572	0
438	Nexn	0.4267550649	0	0.0001307333572	0
439	Nefm	0.4266542293	0	0.0001307333572	0
440	Ccl27a	0.4265795226	0	0.0001307333572	0
441	Rtn4r	0.4261913977	0	0.0001307333572	0
442	Grm1	0.4251173483	0	0.0001307333572	0
443	Vstm2l	0.4249844423	0	0.0001307333572	0
444	Pcp4l1	0.4243983009	0	0.0001307333572	0
445	Cox8b	0.4239849059	0	0.0001307333572	0
446	Krt12	0.4235545621	0	0.0001307333572	0
447	Nrip3	0.4233417051	0	0.0001307333572	0
448	Gjc3	0.4229017267	0	0.0001307333572	0
449	Chst1	0.4226780151	0	0.0001307333572	0
450	Cga	0.4225393133	0	0.0001307333572	0
451	Eno2	0.4224667821	0	0.0001307333572	0
452	Tesc	0.4220263354	0	0.0001307333572	0
453	Kcnv1	0.4215369244	0	0.0001307333572	0
454	Zdhhc22	0.4211057873	0	0.0001307333572	0
455	Ldha	0.4210393305	0	0.0001307333572	0
456	Gprasp2	0.419680771	0	0.0001307333572	0
457	Nr2f2	0.4188741892	0	0.0001307333572	0
458	Sowaha	0.4187271751	0	0.0001307333572	0
459	Prkacb	0.4185297295	0	0.0001307333572	0
460	Plcb1	0.4179704452	0	0.0001307333572	0
461	Camkk2	0.4179050819	0	0.0001307333572	0
462	Trim54	0.4172144877	0	0.0001307333572	0
463	Satb1	0.4170222611	0	0.0001307333572	0
464	Nsg2	0.4163860765	0	0.0001307333572	0
465	Sox10	0.4157974321	0	0.0001307333572	0
466	Eps8l2	0.4154883686	0	0.0001307333572	0
467	Spint2	0.415270258	0	0.0001307333572	0
468	Gltp	0.4151659139	0	0.0001307333572	0
469	Litaf	0.4149937066	0	0.0001307333572	0
470	Abhd12b	0.4140014317	0	0.0001307333572	0
471	Peg3	0.4132787358	0	0.0001307333572	0
472	Pla2g16	0.4131114555	0	0.0001307333572	0
473	Cnksr2	0.4129936805	0	0.0001307333572	0
474	Ptprn	0.4120101404	0	0.0001307333572	0
475	Gpr151	0.4119599711	0	0.0001307333572	0
476	Anln	0.4113488452	0	0.0001307333572	0
477	Crip2	0.4106331375	0	0.0001307333572	0
478	Slc12a2	0.4105083958	0	0.0001307333572	0
479	Cnih3	0.4104479571	0	0.0001307333572	0
480	Gm19935	0.4099942284	0	0.0001307333572	0
481	Plcxd2	0.4099582643	0	0.0001307333572	0
482	Fzd5	0.4094783832	0	0.0001307333572	0
483	Cd9	0.4093379956	0	0.0001307333572	0
484	Rps4x	0.4071510039	0	0.0001307333572	0
485	Pantr1	0.406936013	0	0.0001307333572	0
486	Tmbim1	0.4062171245	0	0.0001307333572	0
487	Rtl8a	0.4060794255	0	0.0001307333572	0
488	Cd82	0.4059297466	0	0.0001307333572	0
489	Rpl6	0.4057929283	0	0.0001307333572	0
490	Lct	0.405572491	0	0.0001307333572	0
491	Tmem255a	0.4050707632	0	0.0001307333572	0
492	Syt4	0.4044122473	0	0.0001307333572	0
493	Clic4	0.4043871239	0	0.0001307333572	0
494	Bsx	0.404105156	0	0.0001307333572	0
495	Cdh26	0.4039630881	0	0.0001307333572	0
496	Lypd6b	0.4038614692	0	0.0001307333572	0
497	Klk8	0.4025404248	0	0.0001307333572	0
498	Negr1	0.402345159	0	0.0001307333572	0
499	Htr2c	0.4022532433	0	0.0001307333572	0
500	Pitx2	0.4021942081	0	0.0001307333572	0
501	Bcl11a	0.4016980979	0	0.0001307333572	0
502	Igfbp4	0.4001954308	0	0.0001307333572	0
503	Ndufa4	0.4001787473	0	0.0001307333572	0
504	Pcbd1	0.3998333444	0	0.0001307333572	0
505	A730017C20Rik	0.3992958135	0	0.0001307333572	0
506	Gng11	0.3991526458	0	0.0001307333572	0
507	Tuba1c	0.3989929682	0	0.0001307333572	0
508	Gbx2	0.3989271673	0	0.0001307333572	0
509	Vat1	0.3980417509	0	0.0001307333572	0
510	Khdrbs3	0.3971817792	0	0.0001307333572	0
511	Tmem178	0.3970783982	0	0.0001307333572	0
512	Vav3	0.3964408271	0	0.0001307333572	0
513	Tmem59l	0.3962462074	0	0.0001307333572	0
514	Tiam1	0.3962106712	0	0.0001307333572	0
515	Ppia	0.3958006119	0	0.0001307333572	0
516	Scg5	0.3954637733	0	0.0001307333572	0
517	Apoc1	0.3951795387	0	0.0001307333572	0
518	Cbln2	0.3948156231	0	0.0001307333572	0
519	Tcf4	0.3946603122	0	0.0001307333572	0
520	Mdh1	0.3935032867	0	0.0001307333572	0
521	Lef1	0.3933957571	0	0.0001307333572	0
522	Slc32a1	0.3927817635	0	0.0001307333572	0
523	Sprn	0.3925849928	0	0.0001307333572	0
524	Kcna2	0.3924166156	0	0.0001307333572	0
525	Carhsp1	0.3923658188	0	0.0001307333572	0
526	Stum	0.3923655316	0	0.0001307333572	0
527	Ubb	0.3922970315	0	0.0001307333572	0
528	Lynx1	0.3919253968	0	0.0001307333572	0
529	Trpv4	0.3916835916	0	0.0001307333572	0
530	Sipa1l1	0.3912823335	0	0.0001307333572	0
531	Igfbp2	0.3910930449	0	0.0001307333572	0
532	Dbndd2	0.3908576636	0	0.0001307333572	0
533	Napb	0.3905377487	0	0.0001307333572	0
534	Prdm8	0.3900081392	0	0.0001307333572	0
535	Rbm47	0.3895727346	0	0.0001307333572	0
536	Pnmal2	0.389571309	0	0.0001307333572	0
537	Ensa	0.3894733335	0	0.0001307333572	0
538	Grm4	0.3891295238	0	0.0001307333572	0
539	Hs3st4	0.3886658397	0	0.0001307333572	0
540	Fkbp1a	0.3883559441	0	0.0001307333572	0
541	Myoc	0.3876307832	0	0.0001307333572	0
542	Mical2	0.3870546586	0	0.0001307333572	0
543	Krt8	0.3870438182	0	0.0001307333572	0
544	Pth2	0.3869674712	0	0.0001307333572	0
545	Cited1	0.385652115	0	0.0001307333572	0
546	Efhd1	0.3855955496	0	0.0001307333572	0
547	Gucy1a1	0.3853540943	0	0.0001307333572	0
548	Homer1	0.3839545244	0	0.0001307333572	0
549	Trp53i11	0.3829904241	0	0.0001307333572	0
550	Fam212b	0.3828023661	0	0.0001307333572	0
551	Josd2	0.3824682476	0	0.0001307333572	0
552	Calm3	0.3818043874	0	0.0001307333572	0
553	Elmo1	0.3817523494	0	0.0001307333572	0
554	R3hdm4	0.3816141568	0	0.0001307333572	0
555	Grin2a	0.381392915	0	0.0001307333572	0
556	Elovl1	0.3811392207	0	0.0001307333572	0
557	Slc6a9	0.3807924519	0	0.0001307333572	0
558	Msx1	0.3807273234	0	0.0001307333572	0
559	Brinp1	0.3806378611	0	0.0001307333572	0
560	Dact2	0.3805048061	0	0.0001307333572	0
561	Rarres2	0.3794928966	0	0.0001307333572	0
562	Rbfox3	0.379300665	0	0.0001307333572	0
563	Ndrg3	0.3789421177	0	0.0001307333572	0
564	Grp	0.3787196495	0	0.0001307333572	0
565	Fgfr2	0.3784575887	0	0.0001307333572	0
566	Grin1	0.3782053598	0	0.0001307333572	0
567	Cpne7	0.377878776	0	0.0001307333572	0
568	Dsp	0.3777365987	0	0.0001307333572	0
569	Gad1	0.3773223523	0	0.0001307333572	0
570	Fezf2	0.37703108	0	0.0001307333572	0
571	Shisa6	0.376723322	0	0.0001307333572	0
572	Slc39a10	0.376173561	0	0.0001307333572	0
573	Snhg11	0.3758686908	0	0.0001307333572	0
574	Hapln2	0.3754999545	0	0.0001307333572	0
575	Podxl2	0.3752119679	0	0.0001307333572	0
576	Zmat4	0.3752091385	0	0.0001307333572	0
577	Epn3	0.3750292388	0	0.0001307333572	0
578	Magel2	0.3749593331	0	0.0001307333572	0
579	Frmd8	0.3749557867	0	0.0001307333572	0
580	Kcnc2	0.3747950447	0	0.0001307333572	0
581	Bex3	0.3743069042	0	0.0001307333572	0
582	Cacna1g	0.3740944607	0	0.0001307333572	0
583	Mlf1	0.3736912115	0	0.0001307333572	0
584	Nwd2	0.3733856369	0	0.0001307333572	0
585	Camta2	0.3733150313	0	0.0001307333572	0
586	Impact	0.3732446679	0	0.0001307333572	0
587	Sh3gl2	0.3732436065	0	0.0001307333572	0
588	Ache	0.3729020319	0	0.0001307333572	0
589	Slc25a22	0.3727920212	0	0.0001307333572	0
590	1700001C02Rik	0.3712370019	0	0.0001307333572	0
591	Wscd1	0.3700732832	0	0.0001307333572	0
592	Gprasp1	0.3696346978	0	0.0001307333572	0
593	Elmod1	0.3693115917	0	0.0001307333572	0
594	Pitpnc1	0.3692437114	0	0.0001307333572	0
595	Gabra5	0.3690474986	0	0.0001307333572	0
596	Cyp46a1	0.3689932327	0	0.0001307333572	0
597	1700012B09Rik	0.368776389	0	0.0001307333572	0
598	Cadps2	0.3685897516	0	0.0001307333572	0
599	Slc22a17	0.3670835533	0	0.0001307333572	0
600	Th	0.3668049142	0	0.0001307333572	0
601	Eif4a2	0.3666112126	0	0.0001307333572	0
602	Car14	0.3664663075	0	0.0001307333572	0
603	Fbxw7	0.3659771058	0	0.0001307333572	0
604	Stk32c	0.365974516	0	0.0001307333572	0
605	Kcnab3	0.3649713887	0	0.0001307333572	0
606	Gm29538	0.3649275762	0	0.0001307333572	0
607	Nell1	0.3649181922	0	0.0001307333572	0
608	Fam49a	0.3647916602	0	0.0001307333572	0
609	Smim22	0.3641736276	0	0.0001307333572	0
610	1810041L15Rik	0.364141534	0	0.0001307333572	0
611	Cntn2	0.3638262217	0	0.0001307333572	0
612	Syngr1	0.3632985252	0	0.0001307333572	0
613	Epha4	0.3631243162	0	0.0001307333572	0
614	Kcnf1	0.3630052432	0	0.0001307333572	0
615	Ccdc42	0.3624329778	0	0.0001307333572	0
616	Tnfaip6	0.362202387	0	0.0001307333572	0
617	Necab1	0.361981277	0	0.0001307333572	0
618	Nell2	0.3619199472	0	0.0001307333572	0
619	Fam19a1	0.3618073378	0	0.0001307333572	0
620	Kitl	0.3615641583	0	0.0001307333572	0
621	Efhd2	0.3614719473	0	0.0001307333572	0
622	Nlk	0.3613225629	0	0.0001307333572	0
623	Unc5b	0.3611483383	0	0.0001307333572	0
624	Ppp3cb	0.3611470692	0	0.0001307333572	0
625	Fndc5	0.3611181024	0	0.0001307333572	0
626	St6galnac5	0.3611120037	0	0.0001307333572	0
627	Gria1	0.3610026715	0	0.0001307333572	0
628	Syt9	0.3609554128	0	0.0001307333572	0
629	Doc2a	0.3601007806	0	0.0001307333572	0
630	Meis2	0.3589641278	0	0.0001307333572	0
631	Arhgef25	0.358810719	0	0.0001307333572	0
632	Sncg	0.3586911783	0	0.0001307333572	0
633	Syt17	0.3586024998	0	0.0001307333572	0
634	Gria3	0.358516815	0	0.0001307333572	0
635	Nsg1	0.3582627898	0	0.0001307333572	0
636	Map2k1	0.3575652281	0	0.0001307333572	0
637	Rnf13	0.3572016321	0	0.0001307333572	0
638	Nxph3	0.3571330551	0	0.0001307333572	0
639	Etv1	0.3560373172	0	0.0001307333572	0
640	Rsph1	0.3560309174	0	0.0001307333572	0
641	Atp6ap2	0.3558914141	0	0.0001307333572	0
642	Car10	0.3558155091	0	0.0001307333572	0
643	Hdc	0.3555227591	0	0.0001307333572	0
644	Lhx9	0.3554011994	0	0.0001307333572	0
645	Mllt11	0.3552837937	0	0.0001307333572	0
646	Slain1	0.355180865	0	0.0001307333572	0
647	Ddit4l	0.3551588988	0	0.0001307333572	0
648	Krt90	0.3551263095	0	0.0001307333572	0
649	Syt2	0.3548002503	0	0.0001307333572	0
650	Gad2	0.3546215196	0	0.0001307333572	0
651	Tmem158	0.3542868768	0	0.0001307333572	0
652	Jph4	0.3540603149	0	0.0001307333572	0
653	Hrh3	0.3539106934	0	0.0001307333572	0
654	Serpinb1a	0.3531035203	0	0.0001307333572	0
655	Gls	0.3530301854	0	0.0001307333572	0
656	Bcl11b	0.3529533626	0	0.0001307333572	0
657	Olfm2	0.3528195034	0	0.0001307333572	0
658	Mb21d2	0.3527802435	0	0.0001307333572	0
659	Chrna4	0.3525850817	0	0.0001307333572	0
660	Sirt2	0.3521199183	0	0.0001307333572	0
661	Serp2	0.3515527936	0	0.0001307333572	0
662	Rasgrf1	0.351344816	0	0.0001307333572	0
663	Rnd2	0.3512826148	0	0.0001307333572	0
664	Ctxn2	0.3511568264	0	0.0001307333572	0
665	Ddr1	0.3508164235	0	0.0001307333572	0
666	Golga7b	0.3507121607	0	0.0001307333572	0
667	Myo5b	0.3505820132	0	0.0001307333572	0
668	Rgs14	0.3505410833	0	0.0001307333572	0
669	Erbin	0.349749808	0	0.0001307333572	0
670	Mal2	0.3494400264	0	0.0001307333572	0
671	Spock3	0.3492825042	0	0.0001307333572	0
672	Scn3b	0.3488683113	0	0.0001307333572	0
673	Sulf1	0.3488340904	0	0.0001307333572	0
674	Slc29a4	0.3485806981	0	0.0001307333572	0
675	Dbndd1	0.3485070847	0	0.0001307333572	0
676	Col8a1	0.3484399923	0	0.0001307333572	0
677	Timp2	0.3475628148	0	0.0001307333572	0
678	Sytl4	0.3472253193	0	0.0001307333572	0
679	Pkig	0.3469751971	0	0.0001307333572	0
680	2410004P03Rik	0.346797925	0	0.0001307333572	0
681	Kcnmb4	0.3467722707	0	0.0001307333572	0
682	Dmtn	0.3466879215	0	0.0001307333572	0
683	Phlda3	0.3461528617	0	0.0001307333572	0
684	A830009L08Rik	0.3458179808	0	0.0001307333572	0
685	Cckbr	0.3457458016	0	0.0001307333572	0
686	Egr1	0.3457419252	0	0.0001307333572	0
687	Wnt4	0.3457115701	0	0.0001307333572	0
688	Celf5	0.345432892	0	0.0001307333572	0
689	Lrrc23	0.3448577671	0	0.0001307333572	0
690	Sept3	0.3441758626	0	0.0001307333572	0
691	Mast3	0.3436328085	0	0.0001307333572	0
692	Ctgf	0.343552735	0	0.0001307333572	0
693	Synpo	0.3433047757	0	0.0001307333572	0
694	Nat8l	0.3427419873	0	0.0001307333572	0
695	Matk	0.3424719295	0	0.0001307333572	0
696	Slc13a4	0.3409451167	0	0.0001307333572	0
697	Scrt1	0.3407612246	0	0.0001307333572	0
698	1110017D15Rik	0.3406697036	0	0.0001307333572	0
699	Rasl10a	0.3402698431	0	0.0001307333572	0
700	Amigo2	0.3397403253	0	0.0001307333572	0
701	Smim5	0.3394301613	0	0.0001307333572	0
702	Galnt9	0.3393893313	0	0.0001307333572	0
703	Gal3st1	0.3391521313	0	0.0001307333572	0
704	Slc8a2	0.3390353744	0	0.0001307333572	0
705	Tshz2	0.3389977402	0	0.0001307333572	0
706	Pou3f1	0.3389593869	0	0.0001307333572	0
707	Spaca9	0.3389278833	0	0.0001307333572	0
708	Cnr1	0.3388661612	0	0.0001307333572	0
709	Tprn	0.3383712999	0	0.0001307333572	0
710	Esyt3	0.3379066614	0	0.0001307333572	0
711	Sez6	0.3378253035	0	0.0001307333572	0
712	Itgb4	0.33772612	0	0.0001307333572	0
713	Slc24a3	0.3371167866	0	0.0001307333572	0
714	Syt13	0.3358236249	0	0.0001307333572	0
715	Kcng1	0.3358209476	0	0.0001307333572	0
716	Cd83	0.335792208	0	0.0001307333572	0
717	Peg10	0.3354408204	0	0.0001307333572	0
718	Ptms	0.3353494228	0	0.0001307333572	0
719	Fam19a2	0.3352066475	0	0.0001307333572	0
720	Tmem125	0.3350856133	0	0.0001307333572	0
721	Scn2a	0.3350196705	0	0.0001307333572	0
722	Igsf21	0.3349364045	0	0.0001307333572	0
723	Ace	0.3347999519	0	0.0001307333572	0
724	Gab1	0.3346869362	0	0.0001307333572	0
725	C1ql3	0.3346697556	0	0.0001307333572	0
726	Camk2d	0.3345689964	0	0.0001307333572	0
727	Pdyn	0.3345074097	0	0.0001307333572	0
728	Rasal1	0.3344030185	0	0.0001307333572	0
729	Marcksl1	0.3334318684	0	0.0001307333572	0
730	Cap2	0.3334211304	0	0.0001307333572	0
731	Lypd6	0.3333994188	0	0.0001307333572	0
732	Gamt	0.3330635643	0	0.0001307333572	0
733	Tctex1d4	0.3326844522	0	0.0001307333572	0
734	Rasl11b	0.3320038774	0	0.0001307333572	0
735	Snap91	0.331675668	0	0.0001307333572	0
736	Pcdh8	0.3314118246	0	0.0001307333572	0
737	Gng8	0.330802482	0	0.0001307333572	0
738	Prlr	0.3306940554	0	0.0001307333572	0
739	Fxyd1	0.3306558872	0	0.0001307333572	0
740	A2m	0.3305505652	0	0.0001307333572	0
741	Cpne4	0.3304517047	0	0.0001307333572	0
742	Rnf112	0.3302600033	0	0.0001307333572	0
743	Unc13c	0.3297939415	0	0.0001307333572	0
744	Pde8a	0.3296705625	0	0.0001307333572	0
745	Gm2115	0.3293240184	0	0.0001307333572	0
746	Lrtm2	0.3292414728	0	0.0001307333572	0
747	Plppr2	0.3291263819	0	0.0001307333572	0
748	Pde1b	0.3289248266	0	0.0001307333572	0
749	Gabbr1	0.3285425918	0	0.0001307333572	0
750	Frrs1l	0.3282203445	0	0.0001307333572	0
751	Zcchc18	0.3280739629	0	0.0001307333572	0
752	Necab3	0.3279813587	0	0.0001307333572	0
753	Rph3a	0.3279303236	0	0.0001307333572	0
754	Gabra2	0.3278075548	0	0.0001307333572	0
755	Thbs4	0.3277741209	0	0.0001307333572	0
756	Arhgef10	0.3276312673	0	0.0001307333572	0
757	Arsg	0.3275721717	0	0.0001307333572	0
758	Sub1	0.3274975596	0	0.0001307333572	0
759	Hopx	0.3274812948	0	0.0001307333572	0
760	Spock1	0.3273883343	0	0.0001307333572	0
761	Fnbp1	0.3270537618	0	0.0001307333572	0
762	1700024G13Rik	0.3269448825	0	0.0001307333572	0
763	Meig1	0.3266448417	0	0.0001307333572	0
764	Cd63	0.3263107817	0	0.0001307333572	0
765	Stxbp6	0.3262946168	0	0.0001307333572	0
766	Rap1gap2	0.3262390264	0	0.0001307333572	0
767	S100a6	0.326128391	0	0.0001307333572	0
768	Gucy1b1	0.3257515863	0	0.0001307333572	0
769	Arhgdig	0.3255286548	0	0.0001307333572	0
770	Adcyap1	0.3255274945	0	0.0001307333572	0
771	Sema4d	0.3254545157	0	0.0001307333572	0
772	Atp6ap1l	0.325428584	0	0.0001307333572	0
773	Fhl2	0.3253597513	0	0.0001307333572	0
774	Isl1	0.3251947145	0	0.0001307333572	0
775	Nr0b1	0.3251938961	0	0.0001307333572	0
776	Gfra2	0.3249969242	0	0.0001307333572	0
777	Cdk17	0.324991114	0	0.0001307333572	0
778	Pip5k1c	0.3249628578	0	0.0001307333572	0
779	S1pr5	0.3248232195	0	0.0001307333572	0
780	Cpne5	0.3245773588	0	0.0001307333572	0
781	Stac2	0.3244501692	0	0.0001307333572	0
782	Aqp4	0.3244261374	0	0.0001307333572	0
783	Rab15	0.324338819	0	0.0001307333572	0
784	Gprin1	0.3232819919	0	0.0001307333572	0
785	Aldh3b2	0.3230108687	0	0.0001307333572	0
786	Fam81a	0.3221097572	0	0.0001307333572	0
787	Klk6	0.3219031398	0	0.0001307333572	0
788	Cdc42ep2	0.3215101031	0	0.0001307333572	0
789	Atp6v1d	0.3211874151	0	0.0001307333572	0
790	Hbb-bs	0.3210247897	0	0.0001307333572	0
791	Svop	0.3210089133	0	0.0001307333572	0
792	Scn4b	0.3202535051	0	0.0001307333572	0
793	Trim59	0.3200555446	0	0.0001307333572	0
794	Alcam	0.3200056657	0	0.0001307333572	0
795	Jam3	0.319287485	0	0.0001307333572	0
796	Rasgef1c	0.31927327	0	0.0001307333572	0
797	Atp2a1	0.3192587304	0	0.0001307333572	0
798	C4b	0.3191286162	0	0.0001307333572	0
799	Lamb3	0.3184668572	0	0.0001307333572	0
800	Dpp10	0.3184180815	0	0.0001307333572	0
801	Tmie	0.3182363861	0	0.0001307333572	0
802	Rit2	0.318181392	0	0.0001307333572	0
803	Vim	0.3174290766	0	0.0001307333572	0
804	Zbtb20	0.3173004747	0	0.0001307333572	0
805	Mapk10	0.3172565057	0	0.0001307333572	0
806	Ina	0.3171662627	0	0.0001307333572	0
807	Limd2	0.3170048504	0	0.0001307333572	0
808	Rnf130	0.316772249	0	0.0001307333572	0
809	Mapk3	0.3167662747	0	0.0001307333572	0
810	Kcnab1	0.3165325462	0	0.0001307333572	0
811	Dbpht2	0.3162625367	0	0.0001307333572	0
812	Lefty1	0.3159918647	0	0.0001307333572	0
813	Grm2	0.3158579688	0	0.0001307333572	0
814	Zfp423	0.3153065043	0	0.0001307333572	0
815	Maged1	0.3147526936	0	0.0001307333572	0
816	Lhx2	0.3146323882	0	0.0001307333572	0
817	Sfrp5	0.3144154226	0	0.0001307333572	0
818	Col9a3	0.3133743483	0	0.0001307333572	0
819	Cldn1	0.3125449592	0	0.0001307333572	0
820	Kcnq5	0.3124933685	0	0.0001307333572	0
821	Epha7	0.3124707289	0	0.0001307333572	0
822	Mkl2	0.3123143852	0	0.0001307333572	0
823	Vipr2	0.312023969	0	0.0001307333572	0
824	Got1	0.3120138657	0	0.0001307333572	0
825	Slc2a12	0.3115483825	0	0.0001307333572	0
826	Mlip	0.3113513128	0	0.0001307333572	0
827	Cdkl5	0.3111209137	0	0.0001307333572	0
828	Prnp	0.310497614	0	0.0001307333572	0
829	Gabrg2	0.3100631719	0	0.0001307333572	0
830	Ak7	0.3099916542	0	0.0001307333572	0
831	Tyro3	0.3098811956	0	0.0001307333572	0
832	Id2	0.3097639083	0	0.0001307333572	0
833	Lmx1a	0.3096827727	0	0.0001307333572	0
834	Tanc1	0.3093437526	0	0.0001307333572	0
835	Pamr1	0.3091996097	0	0.0001307333572	0
836	Dusp14	0.3091684011	0	0.0001307333572	0
837	Pebp1	0.3089443168	0	0.0001307333572	0
838	Rd3	0.3089056972	0	0.0001307333572	0
839	Erc2	0.3086858803	0	0.0001307333572	0
840	Lrrtm1	0.3086635341	0	0.0001307333572	0
841	Slc4a2	0.3078998699	0	0.0001307333572	0
842	Rgs9	0.3078596731	0	0.0001307333572	0
843	Plekhg3	0.3078072367	0	0.0001307333572	0
844	Ptpn5	0.3077243942	0	0.0001307333572	0
845	Sphkap	0.3075692577	0	0.0001307333572	0
846	Lrrn2	0.3073414427	0	0.0001307333572	0
847	Car11	0.3072624571	0	0.0001307333572	0
848	Trhr	0.3071149254	0	0.0001307333572	0
849	Padi2	0.3066238544	0	0.0001307333572	0
850	Chga	0.3065043271	0	0.0001307333572	0
851	C2cd2l	0.3063263308	0	0.0001307333572	0
852	Tcap	0.3053713777	0	0.0001307333572	0
853	D430041D05Rik	0.3050170621	0	0.0001307333572	0
854	Fhad1	0.3049666094	0	0.0001307333572	0
855	Otof	0.3045322787	0	0.0001307333572	0
856	Enpp6	0.3043763891	0	0.0001307333572	0
857	Dpp6	0.3043504284	0	0.0001307333572	0
858	Btbd3	0.30418322	0	0.0001307333572	0
859	Gpr153	0.3039094674	0	0.0001307333572	0
860	Pon1	0.3032410836	0	0.0001307333572	0
861	Timp3	0.302577275	0	0.0001307333572	0
862	Lin7b	0.3025514679	0	0.0001307333572	0
863	Rapgefl1	0.3024752466	0	0.0001307333572	0
864	Cda	0.302449468	0	0.0001307333572	0
865	Ube2ql1	0.3022951271	0	0.0001307333572	0
866	Pitpnm2	0.3022850917	0	0.0001307333572	0
867	Rab3b	0.3022829038	0	0.0001307333572	0
868	Pla2g5	0.3019590168	0	0.0001307333572	0
869	Ano3	0.301930891	0	0.0001307333572	0
870	Rbp1	0.3018005485	0	0.0001307333572	0
871	Adra1b	0.3010503767	0	0.0001307333572	0
872	Syngr3	0.3005194126	0	0.0001307333572	0
873	Fam19a4	0.3004027979	0	0.0001307333572	0
874	Tekt1	0.3002888258	0	0.0001307333572	0
875	Cplx3	0.2997147547	0	0.0001307333572	0
876	Nr4a3	0.2992758637	0	0.0001307333572	0
877	Foxj1	0.2988691826	0	0.0001307333572	0
878	Rab40b	0.2987619174	0	0.0001307333572	0
879	Cadm3	0.2983557841	0	0.0001307333572	0
880	Pja2	0.2980640987	0	0.0001307333572	0
881	Etl4	0.2980086317	0	0.0001307333572	0
882	Sccpdh	0.2979508687	0	0.0001307333572	0
883	Prmt8	0.297808701	0	0.0001307333572	0
884	Lhx1os	0.2977239935	0	0.0001307333572	0
885	Zeb2	0.2968549189	0	0.0001307333572	0
886	Sbpl	0.2968418856	0	0.0001307333572	0
887	Scn5a	0.2966151263	0	0.0001307333572	0
888	Dgkk	0.2965602527	0	0.0001307333572	0
889	Npc2	0.296545646	0	0.0001307333572	0
890	Syndig1l	0.2964950204	0	0.0001307333572	0
891	Inf2	0.2964473949	0	0.0001307333572	0
892	Disp2	0.2962119793	0	0.0001307333572	0
893	Ifi27	0.2960433142	0	0.0001307333572	0
894	Adssl1	0.2959252637	0	0.0001307333572	0
895	Rap1gap	0.2950323846	0	0.0001307333572	0
896	Sh3bgrl3	0.2946193645	0	0.0001307333572	0
897	Synj1	0.2943737945	0	0.0001307333572	0
898	Rtn4rl1	0.2942641402	0	0.0001307333572	0
899	Tusc3	0.2938139376	0	0.0001307333572	0
900	Chrna3	0.2934608007	0	0.0001307333572	0
901	Ap1s2	0.2930690332	0	0.0001307333572	0
902	Gabrb3	0.2929335496	0	0.0001307333572	0
903	Gm1673	0.2928800076	0	0.0001307333572	0
904	Pgbd5	0.2925691046	0	0.0001307333572	0
905	Abr	0.2922474477	0	0.0001307333572	0
906	Gm2694	0.2912537964	0	0.0001307333572	0
907	Pdxp	0.2908906127	0	0.0001307333572	0
908	Camk1d	0.2908814307	0	0.0001307333572	0
909	Cacng5	0.290849311	0	0.0001307333572	0
910	Myl12b	0.2907720174	0	0.0001307333572	0
911	Dnali1	0.2905617963	0	0.0001307333572	0
912	Sema3b	0.2905134301	0	0.0001307333572	0
913	Prkca	0.2902480309	0	0.0001307333572	0
914	Gnal	0.2901799839	0	0.0001307333572	0
915	Hba-a1	0.2900114353	0	0.0001307333572	0
916	Nrep	0.2897287032	0	0.0001307333572	0
917	Scn8a	0.2894661752	0	0.0001307333572	0
918	Tmem98	0.2893402275	0	0.0001307333572	0
919	Matn2	0.2893368807	0	0.0001307333572	0
920	Nckap1	0.289262218	0	0.0001307333572	0
921	Plxdc1	0.2892490941	0	0.0001307333572	0
922	Lmo1	0.2892445492	0	0.0001307333572	0
923	Coro1a	0.2892076687	0	0.0001307333572	0
924	Ier5	0.2890980304	0	0.0001307333572	0
925	Unc5a	0.2889861316	0	0.0001307333572	0
926	Gsg1l	0.2885294989	0	0.0001307333572	0
927	Atp6v1c1	0.2884024968	0	0.0001307333572	0
928	Ucp2	0.2883097599	0	0.0001307333572	0
929	Unc13a	0.288294574	0	0.0001307333572	0
930	Ido1	0.2881604571	0	0.0001307333572	0
931	Ldb2	0.2877869786	0	0.0001307333572	0
932	Celf6	0.2876561304	0	0.0001307333572	0
933	Ephb6	0.2876390508	0	0.0001307333572	0
934	Hapln4	0.2869430159	0	0.0001307333572	0
935	Tspan15	0.2868143817	0	0.0001307333572	0
936	Vgf	0.2864875711	0	0.0001307333572	0
937	Dgkb	0.2861588169	0	0.0001307333572	0
938	Igfn1	0.2860542835	0	0.0001307333572	0
939	Odf3b	0.2859581354	0	0.0001307333572	0
940	Eef1g	0.2856328807	0	0.0001307333572	0
941	Nenf	0.2853975952	0	0.0001307333572	0
942	Tsc22d1	0.2852703645	0	0.0001307333572	0
943	Dbn1	0.284937508	0	0.0001307333572	0
944	Nt5dc3	0.2848886219	0	0.0001307333572	0
945	Mcam	0.2847517804	0	0.0001307333572	0
946	Pgr15l	0.2845896235	0	0.0001307333572	0
947	Cobl	0.284367142	0	0.0001307333572	0
948	Cdh13	0.2841333631	0	0.0001307333572	0
949	Sh3gl3	0.2827590673	0	0.0001307333572	0
950	Slc5a7	0.2820935926	0	0.0001307333572	0
951	Crlf1	0.2815956975	0	0.0001307333572	0
952	Gpr26	0.281563949	0	0.0001307333572	0
953	3300002A11Rik	0.2810159823	0	0.0001307333572	0
954	Agpat4	0.2805624459	0	0.0001307333572	0
955	Nat14	0.280434314	0	0.0001307333572	0
956	Spag16	0.2801450794	0	0.0001307333572	0
957	Hk1	0.2801204619	0	0.0001307333572	0
958	Kcnip4	0.279937683	0	0.0001307333572	0
959	Pafah1b3	0.2796896172	0	0.0001307333572	0
960	Kcnc1	0.2796874888	0	0.0001307333572	0
961	Sort1	0.2793519467	0	0.0001307333572	0
962	Cacna2d1	0.2787427528	0	0.0001307333572	0
963	Lhfp	0.2787022994	0	0.0001307333572	0
964	Lzts1	0.2784780096	0	0.0001307333572	0
965	Mat2b	0.2784601686	0	0.0001307333572	0
966	Nppa	0.2783655353	0	0.0001307333572	0
967	Tmem121b	0.2779546828	0	0.0001307333572	0
968	Lrrc4c	0.2778044956	0	0.0001307333572	0
969	Fgf13	0.2776950153	0	0.0001307333572	0
970	Hbb-bt	0.2775893872	0	0.0001307333572	0
971	Hivep2	0.2775862174	0	0.0001307333572	0
972	Pfn2	0.277389865	0	0.0001307333572	0
973	Rab26	0.2773338369	0	0.0001307333572	0
974	Prmt2	0.2767598943	0	0.0001307333572	0
975	Galnt16	0.2766676313	0	0.0001307333572	0
976	Actr3b	0.2766333178	0	0.0001307333572	0
977	Nxph4	0.2764683521	0	0.0001307333572	0
978	Cdhr4	0.2762894565	0	0.0001307333572	0
979	Irx2	0.2758946091	0	0.0001307333572	0
980	Atp6v1a	0.2754275785	0	0.0001307333572	0
981	Mtfp1	0.2753981768	0	0.0001307333572	0
982	Usp29	0.2751960963	0	0.0001307333572	0
983	Vip	0.2751957107	0	0.0001307333572	0
984	Kcnh7	0.2750939572	0	0.0001307333572	0
985	Cmbl	0.2748852532	0	0.0001307333572	0
986	Tunar	0.2746188554	0	0.0001307333572	0
987	Gng2	0.2745928959	0	0.0001307333572	0
988	Plk5	0.2744555369	0	0.0001307333572	0
989	Hba-a2	0.2744200686	0	0.0001307333572	0
990	Eno1	0.2742878885	0	0.0001307333572	0
991	Gpr158	0.2741248164	0	0.0001307333572	0
992	Strn4	0.2740807084	0	0.0001307333572	0
993	Nme9	0.2740230813	0	0.0001307333572	0
994	Hemk1	0.2739441704	0	0.0001307333572	0
995	Cygb	0.2737720157	0	0.0001307333572	0
996	Reps2	0.2735795259	0	0.0001307333572	0
997	Gpr62	0.2733488946	0	0.0001307333572	0
998	Slitrk6	0.2731574872	0	0.0001307333572	0
999	Tmem35a	0.2727600164	0	0.0001307333572	0
1000	Pcolce	0.2726742842	0	0.0001307333572	0
1001	Wnt9b	0.2726508663	0	0.0001307333572	0
1002	Foxp1	0.272622853	0	0.0001307333572	0
1003	Rgs3	0.2723917045	0	0.0001307333572	0
1004	Aak1	0.2716432509	0	0.0001307333572	0
1005	Akap5	0.2716041604	0	0.0001307333572	0
1006	Cfap161	0.2715452479	0	0.0001307333572	0
1007	Kcnc4	0.271382153	0	0.0001307333572	0
1008	Phyhip	0.2707566152	0	0.0001307333572	0
1009	Nr5a1os	0.269476133	0	0.0001307333572	0
1010	Slc39a4	0.2690335427	0	0.0001307333572	0
1011	Osbp2	0.2689849917	0	0.0001307333572	0
1012	Atp6v0e2	0.268912719	0	0.0001307333572	0
1013	Dock10	0.2685786925	0	0.0001307333572	0
1014	4833427G06Rik	0.2684306824	0	0.0001307333572	0
1015	Nmral1	0.2683427585	0	0.0001307333572	0
1016	Tceal3	0.2681612081	0	0.0001307333572	0
1017	Cfap52	0.2680783206	0	0.0001307333572	0
1018	Cox6a2	0.2680041287	0	0.0001307333572	0
1019	Rspo1	0.2679743257	0	0.0001307333572	0
1020	Vstm2a	0.2677967338	0	0.0001307333572	0
1021	Cacna1e	0.2676886518	0	0.0001307333572	0
1022	Brk1	0.2676404098	0	0.0001307333572	0
1023	Tspan13	0.2671860998	0	0.0001307333572	0
1024	Dcn	0.2669915167	0	0.0001307333572	0
1025	Xylt2	0.2667484682	0	0.0001307333572	0
1026	Gstm6	0.2662666036	0	0.0001307333572	0
1027	Rdh5	0.2657180994	0	0.0001307333572	0
1028	Riiad1	0.2648015566	0	0.0001307333572	0
1029	Gng4	0.2645432534	0	0.0001307333572	0
1030	B630019K06Rik	0.2645306904	0	0.0001307333572	0
1031	Ppm1e	0.2643872953	0	0.0001307333572	0
1032	L1cam	0.2642872654	0	0.0001307333572	0
1033	Hcn4	0.2641912947	0	0.0001307333572	0
1034	Prkch	0.2639355747	0	0.0001307333572	0
1035	Kcnj3	0.263910151	0	0.0001307333572	0
1036	Drd2	0.2637052072	0	0.0001307333572	0
1037	Plekhd1	0.2634916973	0	0.0001307333572	0
1038	Caln1	0.2634286446	0	0.0001307333572	0
1039	Hspa12a	0.2632880952	0	0.0001307333572	0
1040	Neurod1	0.2632496217	0	0.0001307333572	0
1041	C130021I20Rik	0.2627618387	0	0.0001307333572	0
1042	Tmx4	0.2621116823	0	0.0001307333572	0
1043	Unc5d	0.2619604615	0	0.0001307333572	0
1044	Tmem179	0.2619042247	0	0.0001307333572	0
1045	Oca2	0.2616957134	0	0.0001307333572	0
1046	Gm10714	0.2616483593	0	0.0001307333572	0
1047	Klhl2	0.2615752874	0	0.0001307333572	0
1048	Olfr570	0.26090648	0	0.0001307333572	0
1049	Ociad2	0.2608990942	0	0.0001307333572	0
1050	Slc29a1	0.2607527721	0	0.0001307333572	0
1051	Sorl1	0.2606736019	0	0.0001307333572	0
1052	Pianp	0.2605598489	0	0.0001307333572	0
1053	Gabra3	0.2602088015	0	0.0001307333572	0
1054	Mgat5b	0.2599283738	0	0.0001307333572	0
1055	Elavl2	0.2598119708	0	0.0001307333572	0
1056	Chrnb3	0.2594741498	0	0.0001307333572	0
1057	Zic4	0.259220131	0	0.0001307333572	0
1058	Grasp	0.2591690536	0	0.0001307333572	0
1059	Ankrd63	0.2591345993	0	0.0001307333572	0
1060	Dnajb13	0.2590496817	0	0.0001307333572	0
1061	St3gal5	0.2589799059	0	0.0001307333572	0
1062	Rbp4	0.2589735943	0	0.0001307333572	0
1063	Serinc5	0.2589557259	0	0.0001307333572	0
1064	Shisa7	0.2582524646	0	0.0001307333572	0
1065	Gng7	0.2582224991	0	0.0001307333572	0
1066	Tceal9	0.2581571169	0	0.0001307333572	0
1067	Nol4	0.2577960533	0	0.0001307333572	0
1068	Sh3d19	0.2577346622	0	0.0001307333572	0
1069	Olig2	0.2576902573	0	0.0001307333572	0
1070	Ptpro	0.2576327995	0	0.0001307333572	0
1071	Cdc42ep1	0.2572777155	0	0.0001307333572	0
1072	Tmem184a	0.2568195813	0	0.0001307333572	0
1073	Syt16	0.2568125498	0	0.0001307333572	0
1074	Napa	0.2566675534	0	0.0001307333572	0
1075	1700011I03Rik	0.2566109786	0	0.0001307333572	0
1076	Sema3e	0.2565957779	0	0.0001307333572	0
1077	Snx10	0.256581752	0	0.0001307333572	0
1078	1700047M11Rik	0.2564010824	0	0.0001307333572	0
1079	Ppp1r32	0.2562892325	0	0.0001307333572	0
1080	Kctd1	0.2556004448	0	0.0001307333572	0
1081	Prph	0.2555468719	0	0.0001307333572	0
1082	Sorbs2	0.2555356077	0	0.0001307333572	0
1083	Trim9	0.2553986703	0	0.0001307333572	0
1084	Slc38a8	0.2553718566	0	0.0001307333572	0
1085	Tmem198	0.2553346644	0	0.0001307333572	0
1086	B4galnt1	0.2551130776	0	0.0001307333572	0
1087	Tceal6	0.2548884962	0	0.0001307333572	0
1088	Pcdh20	0.2546548308	0	0.0001307333572	0
1089	Ccdc146	0.2545800463	0	0.0001307333572	0
1090	Hrk	0.2544314818	0	0.0001307333572	0
1091	Ovol2	0.2541639882	0	0.0001307333572	0
1092	Mas1	0.2540871563	0	0.0001307333572	0
1093	Ets2	0.2533206581	0	0.0001307333572	0
1094	Tceal5	0.2532395967	0	0.0001307333572	0
1095	Syt6	0.2531281507	0	0.0001307333572	0
1096	Sema6a	0.2530296447	0	0.0001307333572	0
1097	Gpr4	0.2529913379	0	0.0001307333572	0
1098	Slc4a10	0.2529158724	0	0.0001307333572	0
1099	Slit1	0.2527802921	0	0.0001307333572	0
1100	1700037H04Rik	0.2525080124	0	0.0001307333572	0
1101	Usp11	0.252384165	0	0.0001307333572	0
1102	Crmp1	0.2523226656	0	0.0001307333572	0
1103	Igf2	0.2518094304	0	0.0001307333572	0
1104	Pomc	0.2515887262	0	0.0001307333572	0
1105	Robo2	0.2515752663	0	0.0001307333572	0
1106	Opcml	0.2514216738	0	0.0001307333572	0
1107	Ddc	0.2512823004	0	0.0001307333572	0
1108	Tmeff2	0.2512597808	0	0.0001307333572	0
1109	Rbms3	0.2511272286	0	0.0001307333572	0
1110	Serpina3n	0.250896685	0	0.0001307333572	0
1111	Id3	0.2506564004	0	0.0001307333572	0
1112	Sv2c	0.2504815184	0	0.0001307333572	0
1113	Pax3	0.2504565775	0	0.0001307333572	0
1114	Pnmal1	0.2500630155	0	0.0001307333572	0
1115	Parpbp	0.2498283952	0	0.0001307333572	0
1116	Fndc9	0.2494348568	0	0.0001307333572	0
1117	Nbdy	0.2494198016	0	0.0001307333572	0
1118	Gpr83	0.2494140199	0	0.0001307333572	0
1119	Otud7b	0.2493131353	0	0.0001307333572	0
1120	Nhlh2	0.2488985161	0	0.0001307333572	0
1121	Arhgap6	0.2485356465	0	0.0001307333572	0
1122	Kcnc3	0.248526448	0	0.0001307333572	0
1123	Tnfrsf8	0.2484205178	0	0.0001307333572	0
1124	Mgst1	0.2483724439	0	0.0001307333572	0
1125	Npy2r	0.248366365	0	0.0001307333572	0
1126	Jpt1	0.2478280201	0	0.0001307333572	0
1127	Grik3	0.2477976254	0	0.0001307333572	0
1128	Dagla	0.2476709985	0	0.0001307333572	0
1129	Pja1	0.2476316217	0	0.0001307333572	0
1130	Lpl	0.247052205	0	0.0001307333572	0
1131	Capsl	0.2469372414	0	0.0001307333572	0
1132	1700007K13Rik	0.2469350712	0	0.0001307333572	0
1133	Cfap206	0.2468620334	0	0.0001307333572	0
1134	Fam159b	0.246402288	0	0.0001307333572	0
1135	Coch	0.2460560517	0	0.0001307333572	0
1136	B3galt2	0.2460132159	0	0.0001307333572	0
1137	Cadm1	0.2459494745	0	0.0001307333572	0
1138	Ucn3	0.2456528889	0	0.0001307333572	0
1139	Rwdd2a	0.2455589839	0	0.0001307333572	0
1140	S100a10	0.2453739311	0	0.0001307333572	0
1141	Grm5	0.2451487236	0	0.0001307333572	0
1142	A830018L16Rik	0.2451470215	0	0.0001307333572	0
1143	Dmkn	0.2450790301	0	0.0001307333572	0
1144	Prox1	0.2449719675	0	0.0001307333572	0
1145	Tmprss11a	0.2449141752	0	0.0001307333572	0
1146	Tbca	0.244898501	0	0.0001307333572	0
1147	Tspan18	0.2448732534	0	0.0001307333572	0
1148	Medag	0.2447379283	0	0.0001307333572	0
1149	Grin2b	0.244467576	0	0.0001307333572	0
1150	Kctd4	0.2443673728	0	0.0001307333572	0
1151	Kcnq3	0.2443478622	0	0.0001307333572	0
1152	Ly6e	0.2437781723	0	0.0001307333572	0
1153	Ezr	0.2433404102	0	0.0001307333572	0
1154	Robo3	0.2432312941	0	0.0001307333572	0
1155	Igha	0.2428899157	0	0.0001307333572	0
1156	Sec14l1	0.242778768	0	0.0001307333572	0
1157	Iscu	0.2426975391	0	0.0001307333572	0
1158	1110032F04Rik	0.2420008254	0	0.0001307333572	0
1159	Rgs8	0.2419786488	0	0.0001307333572	0
1160	Mgp	0.24177549	0	0.0001307333572	0
1161	Grina	0.2416979338	0	0.0001307333572	0
1162	Dnah6	0.2415463491	0	0.0001307333572	0
1163	Tmem163	0.2414099223	0	0.0001307333572	0
1164	Rcn1	0.241354492	0	0.0001307333572	0
1165	Prelp	0.2412716548	0	0.0001307333572	0
1166	Emx1	0.2412420505	0	0.0001307333572	0
1167	Krt15	0.2411524946	0	0.0001307333572	0
1168	Camkk1	0.2409894597	0	0.0001307333572	0
1169	Spon1	0.2408736039	0	0.0001307333572	0
1170	Npvf	0.2408180969	0	0.0001307333572	0
1171	Glra3	0.2406558585	0	0.0001307333572	0
1172	Pdzrn3	0.2406387441	0	0.0001307333572	0
1173	Ubxn10	0.240594056	0	0.0001307333572	0
1174	Arpc1b	0.2405859953	0	0.0001307333572	0
1175	Actl6b	0.2405402955	0	0.0001307333572	0
1176	Cd34	0.2404072976	0	0.0001307333572	0
1177	Nrp2	0.240381559	0	0.0001307333572	0
1178	Galnt6	0.2403208445	0	0.0001307333572	0
1179	Lrrc55	0.2401063325	0	0.0001307333572	0
1180	Garnl3	0.2396639679	0	0.0001307333572	0
1181	Fabp7	0.23961939	0	0.0001307333572	0
1182	Arhgef9	0.2393952585	0	0.0001307333572	0
1183	Fam159a	0.2392366455	0	0.0001307333572	0
1184	Tspyl2	0.2390891054	0	0.0001307333572	0
1185	Gm34466	0.2389522242	0	0.0001307333572	0
1186	Pkia	0.2389248368	0	0.0001307333572	0
1187	Cib2	0.2388324318	0	0.0001307333572	0
1188	Bex4	0.2388289732	0	0.0001307333572	0
1189	Large1	0.2383729786	0	0.0001307333572	0
1190	Rapgef5	0.2380896012	0	0.0001307333572	0
1191	Doc2b	0.2380397846	0	0.0001307333572	0
1192	Rassf3	0.2376016239	0	0.0001307333572	0
1193	Aebp1	0.2375788499	0	0.0001307333572	0
1194	Tiam2	0.2375235761	0	0.0001307333572	0
1195	Amph	0.2372715669	0	0.0001307333572	0
1196	Gm10419	0.2372453018	0	0.0001307333572	0
1197	Rac3	0.2370738185	0	0.0001307333572	0
1198	Cds1	0.2370484237	0	0.0001307333572	0
1199	Rogdi	0.2370251716	0	0.0001307333572	0
1200	Tmem56	0.2369595	0	0.0001307333572	0
1201	Enkur	0.2369087436	0	0.0001307333572	0
1202	Madd	0.2366318405	0	0.0001307333572	0
1203	Asphd2	0.2362855451	0	0.0001307333572	0
1204	Lum	0.2361071835	0	0.0001307333572	0
1205	Etnppl	0.2360562658	0	0.0001307333572	0
1206	Smoc2	0.2360037298	0	0.0001307333572	0
1207	Rspo2	0.2358900747	0	0.0001307333572	0
1208	Pak6	0.2357198838	0	0.0001307333572	0
1209	Atp5g1	0.2356840557	0	0.0001307333572	0
1210	Ryr2	0.2353632706	0	0.0001307333572	0
1211	Kcng2	0.2348617756	0	0.0001307333572	0
1212	Gm19410	0.2348464938	0	0.0001307333572	0
1213	Acta2	0.2344449808	0	0.0001307333572	0
1214	Dnah1	0.2341940721	0	0.0001307333572	0
1215	Nos1	0.2340027534	0	0.0001307333572	0
1216	Ypel3	0.2335362359	0	0.0001307333572	0
1217	Cyb561	0.2333352527	0	0.0001307333572	0
1218	Il16	0.233318965	0	0.0001307333572	0
1219	Id4	0.2332452354	0	0.0001307333572	0
1220	Adora1	0.2329934283	0	0.0001307333572	0
1221	BC039966	0.2319277116	0	0.0001307333572	0
1222	Lgi1	0.2316386115	0	0.0001307333572	0
1223	Nr3c2	0.2316283041	0	0.0001307333572	0
1224	Fkbp1b	0.2315633877	0	0.0001307333572	0
1225	Car4	0.2314946123	0	0.0001307333572	0
1226	Rsph9	0.2313848927	0	0.0001307333572	0
1227	Apba2	0.2312461167	0	0.0001307333572	0
1228	Chl1	0.2312401939	0	0.0001307333572	0
1229	Kcng4	0.231134	0	0.0001307333572	0
1230	Gm17660	0.2309331533	0	0.0001307333572	0
1231	Glra2	0.2308547768	0	0.0001307333572	0
1232	Galnt17	0.2307958561	0	0.0001307333572	0
1233	Pmp22	0.2307771691	0	0.0001307333572	0
1234	Hcn1	0.2306002962	0	0.0001307333572	0
1235	Slc6a13	0.2304025584	0	0.0001307333572	0
1236	Frzb	0.2300448987	0	0.0001307333572	0
1237	4833423E24Rik	0.2298631006	0	0.0001307333572	0
1238	Slitrk1	0.229856246	0	0.0001307333572	0
1239	Kcnq2	0.229765512	0	0.0001307333572	0
1240	Dner	0.2294517238	0	0.0001307333572	0
1241	Pnoc	0.229449511	0	0.0001307333572	0
1242	Cpn1	0.2293961739	0	0.0001307333572	0
1243	Lhfpl3	0.2288343151	0	0.0001307333572	0
1244	Cfap65	0.2286463789	0	0.0001307333572	0
1245	Cnrip1	0.228571925	0	0.0001307333572	0
1246	Slc2a3	0.228306634	0	0.0001307333572	0
1247	Cux2	0.2281272275	0	0.0001307333572	0
1248	Plxnb3	0.2277528975	0	0.0001307333572	0
1249	Rgs7	0.227625539	0	0.0001307333572	0
1250	Sntn	0.2272186547	0	0.0001307333572	0
1251	Drd1	0.2270359021	0	0.0001307333572	0
1252	Tmem27	0.2269475706	0	0.0001307333572	0
1253	Cd24a	0.226737265	0	0.0001307333572	0
1254	Slc22a6	0.226687115	0	0.0001307333572	0
1255	Ebf3	0.2265534549	0	0.0001307333572	0
1256	Rin1	0.2265199159	0	0.0001307333572	0
1257	Klhdc8b	0.226439965	0	0.0001307333572	0
1258	Fgf1	0.2260766701	0	0.0001307333572	0
1259	Chst8	0.2259188559	0	0.0001307333572	0
1260	Rorb	0.2258989698	0	0.0001307333572	0
1261	Tubb2b	0.2258954874	0	0.0001307333572	0
1262	Fhod3	0.2258181938	0	0.0001307333572	0
1263	Rfx3	0.2256621319	0	0.0001307333572	0
1264	Epha5	0.2256091831	0	0.0001307333572	0
1265	Prss12	0.2255315704	0	0.0001307333572	0
1266	Mink1	0.2252594972	0	0.0001307333572	0
1267	Sema3a	0.2252150794	0	0.0001307333572	0
1268	Kcnj9	0.2251406993	0	0.0001307333572	0
1269	Adarb2	0.2250324714	0	0.0001307333572	0
1270	Rtl8b	0.224928471	0	0.0001307333572	0
1271	Necap1	0.2248051939	0	0.0001307333572	0
1272	Tmem215	0.2241974495	0	0.0001307333572	0
1273	Rgs17	0.2241310285	0	0.0001307333572	0
1274	Pcdh17	0.2239501063	0	0.0001307333572	0
1275	Efcab6	0.2239326318	0	0.0001307333572	0
1276	Homer3	0.2239209457	0	0.0001307333572	0
1277	H2afz	0.2237192826	0	0.0001307333572	0
1278	Neat1	0.223557973	0	0.0001307333572	0
1279	Lzts3	0.2234436973	0	0.0001307333572	0
1280	Ppp1r36	0.223171688	0	0.0001307333572	0
1281	Ano1	0.2231509066	0	0.0001307333572	0
1282	Mboat7	0.2230601542	0	0.0001307333572	0
1283	Cacng4	0.2230195233	0	0.0001307333572	0
1284	Il33	0.2228315625	0	0.0001307333572	0
1285	Pld5	0.2228085376	0	0.0001307333572	0
1286	Sema5a	0.2226994507	0	0.0001307333572	0
1287	Erbb3	0.2224440888	0	0.0001307333572	0
1288	Btbd11	0.2223337973	0	0.0001307333572	0
1289	Col23a1	0.2222280175	0	0.0001307333572	0
1290	Sertm1	0.2221895657	0	0.0001307333572	0
1291	Dlg3	0.2220654158	0	0.0001307333572	0
1292	Mpp3	0.222022035	0	0.0001307333572	0
1293	Adcy2	0.2218291895	0	0.0001307333572	0
1294	Met	0.221426397	0	0.0001307333572	0
1295	A830010M20Rik	0.2212723097	0	0.0001307333572	0
1296	Grb10	0.2209466189	0	0.0001307333572	0
1297	Iqsec2	0.2209258281	0	0.0001307333572	0
1298	Slc18a2	0.2206564936	0	0.0001307333572	0
1299	Islr2	0.2204142868	0	0.0001307333572	0
1300	Pclo	0.220225776	0	0.0001307333572	0
1301	Sez6l	0.2200692087	0	0.0001307333572	0
1302	Gnb3	0.219874277	0	0.0001307333572	0
1303	Lgals3bp	0.2198600923	0	0.0001307333572	0
1304	Ass1	0.2197933536	0	0.0001307333572	0
1305	Rnf152	0.2193090337	0	0.0001307333572	0
1306	Tsnax	0.2192871107	0	0.0001307333572	0
1307	Btbd10	0.2190932274	0	0.0001307333572	0
1308	Zdhhc8	0.2190624283	0	0.0001307333572	0
1309	Blcap	0.2189904537	0	0.0001307333572	0
1310	Spag8	0.2186759886	0	0.0001307333572	0
1311	Tspan9	0.2185785006	0	0.0001307333572	0
1312	Cpm	0.2185322383	0	0.0001307333572	0
1313	Hs6st2	0.2184058094	0	0.0001307333572	0
1314	Prr29	0.218170795	0	0.0001307333572	0
1315	Klhl23	0.2181305287	0	0.0001307333572	0
1316	Zfp804a	0.21807242	0	0.0001307333572	0
1317	Bst2	0.2180337662	0	0.0001307333572	0
1318	Ninj2	0.2180008318	0	0.0001307333572	0
1319	Slc6a20a	0.2179452438	0	0.0001307333572	0
1320	Iqgap2	0.217917152	0	0.0001307333572	0
1321	Rasgef1b	0.2178756161	0	0.0001307333572	0
1322	Tmem191c	0.2173301603	0	0.0001307333572	0
1323	Tnc	0.2171120459	0	0.0001307333572	0
1324	A2ml1	0.2168599692	0	0.0001307333572	0
1325	Gng5	0.2168333159	0	0.0001307333572	0
1326	Tnni1	0.2167356793	0	0.0001307333572	0
1327	Lamc2	0.2165729823	0	0.0001307333572	0
1328	Gjc1	0.2165304249	0	0.0001307333572	0
1329	Myo1d	0.2163689254	0	0.0001307333572	0
1330	Stoml3	0.2163078691	0	0.0001307333572	0
1331	Etv5	0.216248212	0	0.0001307333572	0
1332	Igfbp5	0.2161821895	0	0.0001307333572	0
1333	Arhgef4	0.2161178487	0	0.0001307333572	0
1334	Sgsm1	0.2160490241	0	0.0001307333572	0
1335	Cdk18	0.215918874	0	0.0001307333572	0
1336	Anxa5	0.2156560565	0	0.0001307333572	0
1337	Morf4l2	0.2152833457	0	0.0001307333572	0
1338	Arf1	0.2149606458	0	0.0001307333572	0
1339	Cldn3	0.2147739868	0	0.0001307333572	0
1340	Tspan5	0.2147159725	0	0.0001307333572	0
1341	Plppr3	0.2146910156	0	0.0001307333572	0
1342	Zp3	0.2143895388	0	0.0001307333572	0
1343	Slc18a3	0.2142454954	0	0.0001307333572	0
1344	Spef2	0.2139161188	0	0.0001307333572	0
1345	Rgs12	0.2135011206	0	0.0001307333572	0
1346	Rmst	0.2134570834	0	0.0001307333572	0
1347	Arpc2	0.213456343	0	0.0001307333572	0
1348	Urah	0.2134523957	0	0.0001307333572	0
1349	Sumo2	0.2132966505	0	0.0001307333572	0
1350	Cdkn1c	0.2129933144	0	0.0001307333572	0
1351	Gpr22	0.212842694	0	0.0001307333572	0
1352	Trpm3	0.2128190354	0	0.0001307333572	0
1353	Fam81b	0.2127154461	0	0.0001307333572	0
1354	Pltp	0.2124895949	0	0.0001307333572	0
1355	Sema7a	0.2123579891	0	0.0001307333572	0
1356	Mrap2	0.2122703463	0	0.0001307333572	0
1357	Ret	0.2120174478	0	0.0001307333572	0
1358	Ankrd33b	0.2118746809	0	0.0001307333572	0
1359	Tmem176b	0.2116309041	0	0.0001307333572	0
1360	Snn	0.2115322172	0	0.0001307333572	0
1361	Htr7	0.2114186505	0	0.0001307333572	0
1362	Cox6b2	0.2113618372	0	0.0001307333572	0
1363	Rgs10	0.2112453426	0	0.0001307333572	0
1364	Avil	0.2110132693	0	0.0001307333572	0
1365	Ccnd2	0.2108103141	0	0.0001307333572	0
1366	Samd5	0.2107284363	0	0.0001307333572	0
1367	Cadps	0.2106326023	0	0.0001307333572	0
1368	Cdk14	0.2106141216	0	0.0001307333572	0
1369	Aldh1a2	0.2106140807	0	0.0001307333572	0
1370	Sstr2	0.2105567514	0	0.0001307333572	0
1371	Sytl2	0.2105385425	0	0.0001307333572	0
1372	Aoc1	0.2103760002	0	0.0001307333572	0
1373	Gnb4	0.2103467372	0	0.0001307333572	0
1374	Olfm3	0.2102984198	0	0.0001307333572	0
1375	Gstm7	0.2102816731	0	0.0001307333572	0
1376	Nfasc	0.2101802351	0	0.0001307333572	0
1377	Nova1	0.2097589813	0	0.0001307333572	0
1378	Cab39l	0.2097444812	0	0.0001307333572	0
1379	Megf9	0.2096720672	0	0.0001307333572	0
1380	Sgms2	0.209428495	0	0.0001307333572	0
1381	Mdfic	0.2093752647	0	0.0001307333572	0
1382	Crygn	0.2093744295	0	0.0001307333572	0
1383	Cacnb1	0.2093028284	0	0.0001307333572	0
1384	Rgl1	0.2091996552	0	0.0001307333572	0
1385	Tle4	0.2091588921	0	0.0001307333572	0
1386	Atl1	0.2090793809	0	0.0001307333572	0
1387	Sidt1	0.2089535489	0	0.0001307333572	0
1388	Rab9b	0.2087625067	0	0.0001307333572	0
1389	Ndst4	0.2086903574	0	0.0001307333572	0
1390	Lrrc74b	0.2086786602	0	0.0001307333572	0
1391	Gdpd5	0.2086054258	0	0.0001307333572	0
1392	Col6a5	0.2083741535	0	0.0001307333572	0
1393	Hist1h2bc	0.2083254215	0	0.0001307333572	0
1394	Lrrn1	0.2083061022	0	0.0001307333572	0
1395	Lancl1	0.2081913734	0	0.0001307333572	0
1396	Scube3	0.2081631389	0	0.0001307333572	0
1397	Tpd52l1	0.208112224	0	0.0001307333572	0
1398	Gfra4	0.2080930319	0	0.0001307333572	0
1399	Pcdh19	0.2079144123	0	0.0001307333572	0
1400	Acta1	0.2078951074	0	0.0001307333572	0
1401	Tpm1	0.2076803515	0	0.0001307333572	0
1402	Glt8d2	0.207515499	0	0.0001307333572	0
1403	Herc3	0.2074998832	0	0.0001307333572	0
1404	Il34	0.2072177305	0	0.0001307333572	0
1405	Lcn2	0.2070749965	0	0.0001307333572	0
1406	Araf	0.2067176604	0	0.0001307333572	0
1407	Sec14l5	0.2065167693	0	0.0001307333572	0
1408	Plxnc1	0.2062948351	0	0.0001307333572	0
1409	Slc6a3	0.2062944088	0	0.0001307333572	0
1410	Kcnh1	0.2062293224	0	0.0001307333572	0
1411	Pop5	0.2061836068	0	0.0001307333572	0
1412	Sgpp2	0.2059745136	0	0.0001307333572	0
1413	Scn1a	0.205962601	0	0.0001307333572	0
1414	Ddah1	0.2056783698	0	0.0001307333572	0
1415	Nxph1	0.2055136054	0	0.0001307333572	0
1416	Klhdc8a	0.2055057229	0	0.0001307333572	0
1417	Smco3	0.2053190686	0	0.0001307333572	0
1418	Efnb2	0.2052438942	0	0.0001307333572	0
1419	Krt1	0.2052405032	0	0.0001307333572	0
1420	Slc6a7	0.2052271172	0	0.0001307333572	0
1421	C230072F16Rik	0.2050312579	0	0.0001307333572	0
1422	Smim1	0.2049021995	0	0.0001307333572	0
1423	Prr5l	0.2048788779	0	0.0001307333572	0
1424	Klhl13	0.2046976894	0	0.0001307333572	0
1425	Cd4	0.2046113871	0	0.0001307333572	0
1426	Bmp3	0.2045403927	0	0.0001307333572	0
1427	Ntrk3	0.2041838323	0	0.0001307333572	0
1428	Serinc2	0.2041512483	0	0.0001307333572	0
1429	Slc16a2	0.2040321384	0	0.0001307333572	0
1430	B3gat1	0.2038993773	0	0.0001307333572	0
1431	Il1rap	0.2038607522	0	0.0001307333572	0
1432	Cyp19a1	0.2037668004	0	0.0001307333572	0
1433	Pex5l	0.2036538572	0	0.0001307333572	0
1434	Ltc4s	0.2036258127	0	0.0001307333572	0
1435	Psme1	0.2035477248	0	0.0001307333572	0
1436	Tmod1	0.2034319157	0	0.0001307333572	0
1437	Elk1	0.2031169055	0	0.0001307333572	0
1438	Rnf138rt1	0.2030617468	0	0.0001307333572	0
1439	Mapk15	0.2029208297	0	0.0001307333572	0
1440	Arxes2	0.2028690044	0	0.0001307333572	0
1441	Ifi27l2a	0.2027634755	0	0.0001307333572	0
1442	Cpne8	0.2026318077	0	0.0001307333572	0
1443	Lmo7	0.2021676494	0	0.0001307333572	0
1444	Prcd	0.2021318051	0	0.0001307333572	0
1445	Shisa8	0.2021179713	0	0.0001307333572	0
1446	Dock4	0.2020143964	0	0.0001307333572	0
1447	Egr4	0.2020031245	0	0.0001307333572	0
1448	Slc7a3	0.2019350233	0	0.0001307333572	0
1449	Smyd2	0.2016977061	0	0.0001307333572	0
1450	Bdnf	0.2012897056	0	0.0001307333572	0
1451	Rpusd1	0.2012401014	0	0.0001307333572	0
1452	Lhfpl1	0.2011767889	0	0.0001307333572	0
1453	Rasd2	0.20106895	0	0.0001307333572	0
1454	Rps6ka2	0.2010475792	0	0.0001307333572	0
1455	Nbl1	0.2009400471	0	0.0001307333572	0
1456	1700088E04Rik	0.2007391961	0	0.0001307333572	0
1457	Dnah10	0.2006198319	0	0.0001307333572	0
1458	Npdc1	0.2005857285	0	0.0001307333572	0
1459	1500011B03Rik	0.2001822004	0	0.0001307333572	0
1460	Rerg	0.2001564562	0	0.0001307333572	0
1461	Myb	0.2001352145	0	0.0001307333572	0
1462	Add2	0.2000475422	0	0.0001307333572	0
1463	Map6d1	0.1998476993	0	0.0001307333572	0
1464	Ypel1	0.1998341713	0	0.0001307333572	0
1465	Nek5	0.1998073514	0	0.0001307333572	0
1466	Serpinf1	0.1997608075	0	0.0001307333572	0
1467	Brinp3	0.1996611709	0	0.0001307333572	0
1468	Hydin	0.1994534605	0	0.0001307333572	0
1469	Megf11	0.1993745919	0	0.0001307333572	0
1470	Tmem145	0.1991496922	0	0.0001307333572	0
1471	Lgals3	0.1991031667	0	0.0001307333572	0
1472	Pdlim7	0.1990437404	0	0.0001307333572	0
1473	Maats1	0.1990214019	0	0.0001307333572	0
1474	Nr5a2	0.1989372724	0	0.0001307333572	0
1475	Cdc25c	0.1988438975	0	0.0001307333572	0
1476	2900052N01Rik	0.1987963397	0	0.0001307333572	0
1477	Kcnip1	0.1986305757	0	0.0001307333572	0
1478	Faah	0.1985315984	0	0.0001307333572	0
1479	Ifitm3	0.1984790554	0	0.0001307333572	0
1480	Trmt112	0.1983066888	0	0.0001307333572	0
1481	Col1a2	0.1982773395	0	0.0001307333572	0
1482	Flywch2	0.1982694385	0	0.0001307333572	0
1483	Adgb	0.197887894	0	0.0001307333572	0
1484	Sulf2	0.1978264276	0	0.0001307333572	0
1485	Wdr72	0.1977983526	0	0.0001307333572	0
1486	Camk1g	0.1976688596	0	0.0001307333572	0
1487	Tdo2	0.1976570031	0	0.0001307333572	0
1488	Serpinb1b	0.1976154345	0	0.0001307333572	0
1489	Tpbg	0.1975629245	0	0.0001307333572	0
1490	Cthrc1	0.1975115688	0	0.0001307333572	0
1491	Vwa5b1	0.1974692237	0	0.0001307333572	0
1492	Arhgap15	0.1973475946	0	0.0001307333572	0
1493	Adgrg1	0.1972378145	0	0.0001307333572	0
1494	St6galnac2	0.1971310201	0	0.0001307333572	0
1495	Plcl1	0.1969170287	0	0.0001307333572	0
1496	Lrpap1	0.1968746116	0	0.0001307333572	0
1497	Fmod	0.1966713564	0	0.0001307333572	0
1498	Adam11	0.1963172448	0	0.0001307333572	0
1499	Fkbp4	0.1960023387	0	0.0001307333572	0
1500	Mmp15	0.1949632742	0	0.0001307333572	0
1501	Rasl11a	0.1949383623	0	0.0001307333572	0
1502	1700016K19Rik	0.1948480431	0	0.0001307333572	0
1503	Lrp11	0.1947776292	0	0.0001307333572	0
1504	Samd14	0.1947052243	0	0.0001307333572	0
1505	Sox8	0.1946630719	0	0.0001307333572	0
1506	Elovl7	0.194590694	0	0.0001307333572	0
1507	Anxa8	0.1944621832	0	0.0001307333572	0
1508	Gm867	0.1943933224	0	0.0001307333572	0
1509	Tenm2	0.1942485996	0	0.0001307333572	0
1510	Junb	0.194196516	0	0.0001307333572	0
1511	Apoc3	0.1941289253	0	0.0001307333572	0
1512	Clstn2	0.1940698639	0	0.0001307333572	0
1513	Adgrf5	0.1940475445	0	0.0001307333572	0
1514	Crip1	0.1939375147	0	0.0001307333572	0
1515	Speg	0.1934023344	0	0.0001307333572	0
1516	Fam47e	0.1934017608	0	0.0001307333572	0
1517	Fmnl1	0.1933206378	0	0.0001307333572	0
1518	Lhx5	0.1932291943	0	0.0001307333572	0
1519	Plagl1	0.1931932569	0	0.0001307333572	0
1520	Reln	0.1931216501	0	0.0001307333572	0
1521	Tm4sf5	0.1931216129	0	0.0001307333572	0
1522	Vamp8	0.1928427457	0	0.0001307333572	0
1523	Tagln	0.1924323402	0	0.0001307333572	0
1524	Gck	0.1922841897	0	0.0001307333572	0
1525	Ptprt	0.1920308956	0	0.0001307333572	0
1526	Kcnd2	0.1916962758	0	0.0001307333572	0
1527	Rxrg	0.1914638218	0	0.0001307333572	0
1528	Cdhr3	0.1911829832	0	0.0001307333572	0
1529	Plch2	0.191053039	0	0.0001307333572	0
1530	Npnt	0.191051955	0	0.0001307333572	0
1531	Mlf2	0.1908147094	0	0.0001307333572	0
1532	Iqub	0.1907695486	0	0.0001307333572	0
1533	Adamts4	0.1906272304	0	0.0001307333572	0
1534	Spint1	0.1905056877	0	0.0001307333572	0
1535	Car9	0.1904190826	0	0.0001307333572	0
1536	Itm2b	0.1904096054	0	0.0001307333572	0
1537	Nfib	0.190387705	0	0.0001307333572	0
1538	Cdh22	0.1902552076	0	0.0001307333572	0
1539	1700001L19Rik	0.1901947567	0	0.0001307333572	0
1540	Fam166b	0.1900026426	0	0.0001307333572	0
1541	Slc7a4	0.1898473275	0	0.0001307333572	0
1542	Alas2	0.1898472703	0	0.0001307333572	0
1543	Orai2	0.1897979212	0	0.0001307333572	0
1544	Gm14964	0.1896932815	0	0.0001307333572	0
1545	Spp1	0.1894175655	0	0.0001307333572	0
1546	Cnn3	0.1894053258	0	0.0001307333572	0
1547	Ighm	0.1892893539	0	0.0001307333572	0
1548	Cacna2d3	0.1892338914	0	0.0001307333572	0
1549	Mef2d	0.189208621	0	0.0001307333572	0
1550	Bmp6	0.1891727735	0	0.0001307333572	0
1551	Nipal4	0.1891699642	0	0.0001307333572	0
1552	Moxd1	0.1890107468	0	0.0001307333572	0
1553	Cacna1a	0.1888869804	0	0.0001307333572	0
1554	Lrrc51	0.1888717772	0	0.0001307333572	0
1555	Prkcq	0.188858424	0	0.0001307333572	0
1556	Dnah9	0.188755872	0	0.0001307333572	0
1557	Dgkh	0.1887420768	0	0.0001307333572	0
1558	Gabrg1	0.1887061302	0	0.0001307333572	0
1559	Dtl	0.1884689016	0	0.0001307333572	0
1560	Ces1d	0.188443647	0	0.0001307333572	0
1561	B3galt5	0.1882130769	0	0.0001307333572	0
1562	Rragd	0.1882039836	0	0.0001307333572	0
1563	Pls3	0.1879619873	0	0.0001307333572	0
1564	Nptx2	0.1877404976	0	0.0001307333572	0
1565	Wdr63	0.1876408705	0	0.0001307333572	0
1566	Ccdc3	0.1874039674	0	0.0001307333572	0
1567	Ccdc78	0.1872229447	0	0.0001307333572	0
1568	Ralyl	0.1872100437	0	0.0001307333572	0
1569	Ifitm10	0.1871495344	0	0.0001307333572	0
1570	Gpx8	0.1868135278	0	0.0001307333572	0
1571	Rilpl1	0.1865860886	0	0.0001307333572	0
1572	Ssbp4	0.1864497046	0	0.0001307333572	0
1573	Kcnk13	0.1863835041	0	0.0001307333572	0
1574	Nrtn	0.1863577131	0	0.0001307333572	0
1575	Gm17455	0.1863355791	0	0.0001307333572	0
1576	Sel1l3	0.1863231122	0	0.0001307333572	0
1577	Col25a1	0.1863225782	0	0.0001307333572	0
1578	Arhgap25	0.1862072976	0	0.0001307333572	0
1579	Crhr2	0.1860685954	0	0.0001307333572	0
1580	Ajap1	0.1860123218	0	0.0001307333572	0
1581	Tro	0.1859988563	0	0.0001307333572	0
1582	Fgfr1	0.1859861733	0	0.0001307333572	0
1583	Slc5a5	0.1858984787	0	0.0001307333572	0
1584	Atrnl1	0.1856988868	0	0.0001307333572	0
1585	S100a11	0.1856477805	0	0.0001307333572	0
1586	Nt5dc2	0.1853594041	0	0.0001307333572	0
1587	Cdh4	0.1852442916	0	0.0001307333572	0
1588	Scn7a	0.1850546662	0	0.0001307333572	0
1589	Hmx2	0.1849300455	0	0.0001307333572	0
1590	Mab21l2	0.1849225452	0	0.0001307333572	0
1591	Gjb2	0.184797979	0	0.0001307333572	0
1592	D730003K21Rik	0.1846998143	0	0.0001307333572	0
1593	Rasgrp2	0.1844982398	0	0.0001307333572	0
1594	Crtac1	0.1844674712	0	0.0001307333572	0
1595	C730002L08Rik	0.1843689301	0	0.0001307333572	0
1596	Cacna1i	0.184236153	0	0.0001307333572	0
1597	Trim2	0.1841800839	0	0.0001307333572	0
1598	Strip2	0.184049427	0	0.0001307333572	0
1599	Hnf1b	0.1838403534	0	0.0001307333572	0
1600	Thrsp	0.1838223135	0	0.0001307333572	0
1601	Slc35d3	0.1838029982	0	0.0001307333572	0
1602	Slc9a4	0.1837005258	0	0.0001307333572	0
1603	Anxa2	0.1836829073	0	0.0001307333572	0
1604	Dmxl2	0.1835970121	0	0.0001307333572	0
1605	Rsph4a	0.1834381686	0	0.0001307333572	0
1606	Acox2	0.1833597092	0	0.0001307333572	0
1607	Pla2g2f	0.1832317417	0	0.0001307333572	0
1608	Hp	0.1829622547	0	0.0001307333572	0
1609	Parm1	0.1829621385	0	0.0001307333572	0
1610	Filip1	0.1828136473	0	0.0001307333572	0
1611	Sipa1l3	0.1826816902	0	0.0001307333572	0
1612	Brinp2	0.1825230601	0	0.0001307333572	0
1613	Cebpd	0.1824577845	0	0.0001307333572	0
1614	Efr3a	0.182410704	0	0.0001307333572	0
1615	Cd200	0.1823271232	0	0.0001307333572	0
1616	Crhr1	0.1822887728	0	0.0001307333572	0
1617	Cckar	0.1820091516	0	0.0001307333572	0
1618	Rgs6	0.1819663953	0	0.0001307333572	0
1619	Extl1	0.1818451796	0	0.0001307333572	0
1620	A830036E02Rik	0.181836407	0	0.0001307333572	0
1621	Tjp3	0.181656111	0	0.0001307333572	0
1622	Tspan33	0.1816096516	0	0.0001307333572	0
1623	AC149090.1	0.1815756403	0	0.0001307333572	0
1624	Pi16	0.1812033452	0	0.0001307333572	0
1625	Arpc5	0.1811534655	0	0.0001307333572	0
1626	Pcnx2	0.1810332429	0	0.0001307333572	0
1627	Tgfb2	0.1809900416	0	0.0001307333572	0
1628	Apobec2	0.1806501798	0	0.0001307333572	0
1629	Gpr161	0.1806427437	0	0.0001307333572	0
1630	Gdf11	0.180438853	0	0.0001307333572	0
1631	St8sia5	0.1804017706	0	0.0001307333572	0
1632	Smpd3	0.1803549444	0	0.0001307333572	0
1633	Ccdc113	0.1800697936	0	0.0001307333572	0
1634	Wif1	0.1796800809	0	0.0001307333572	0
1635	Nrip2	0.1795562904	0	0.0001307333572	0
1636	Cntnap5a	0.1794759901	0	0.0001307333572	0
1637	Htr5b	0.17946757	0	0.0001307333572	0
1638	Sp9	0.1794485391	0	0.0001307333572	0
1639	Ergic3	0.1793893441	0	0.0001307333572	0
1640	Fbxo34	0.1792220585	0	0.0001307333572	0
1641	Pkp2	0.1791412863	0	0.0001307333572	0
1642	Tmem38a	0.1790768341	0	0.0001307333572	0
1643	Crb3	0.1788979035	0	0.0001307333572	0
1644	Ttc16	0.1788583954	0	0.0001307333572	0
1645	Fam189a1	0.178791431	0	0.0001307333572	0
1646	Hhip	0.1786680635	0	0.0001307333572	0
1647	Gm16365	0.1782154737	0	0.0001307333572	0
1648	Srp14	0.1781578517	0	0.0001307333572	0
1649	Rimbp2	0.1780553458	0	0.0001307333572	0
1650	Rftn1	0.1779208182	0	0.0001307333572	0
1651	St6gal2	0.177646794	0	0.0001307333572	0
1652	Tmem9	0.1776150228	0	0.0001307333572	0
1653	Scn9a	0.1773824088	0	0.0001307333572	0
1654	Cfap57	0.1770987567	0	0.0001307333572	0
1655	Kctd8	0.177043984	0	0.0001307333572	0
1656	Card19	0.1769714751	0	0.0001307333572	0
1657	Wdr7	0.1768419635	0	0.0001307333572	0
1658	Zfp474	0.1766955242	0	0.0001307333572	0
1659	Dmrt3	0.1766507608	0	0.0001307333572	0
1660	Olfml2b	0.1765707301	0	0.0001307333572	0
1661	Smim26	0.1765152096	0	0.0001307333572	0
1662	Gpc1	0.1763528893	0	0.0001307333572	0
1663	Rffl	0.1763456251	0	0.0001307333572	0
1664	Slco2a1	0.176339058	0	0.0001307333572	0
1665	Cacna2d2	0.1762406264	0	0.0001307333572	0
1666	Cxcl10	0.1762103124	0	0.0001307333572	0
1667	Zdhhc2	0.1761617394	0	0.0001307333572	0
1668	Rgs2	0.1761428818	0	0.0001307333572	0
1669	Txnip	0.1761190739	0	0.0001307333572	0
1670	Gnb5	0.1760618576	0	0.0001307333572	0
1671	Cacybp	0.1760430107	0	0.0001307333572	0
1672	Ppfia2	0.1760292916	0	0.0001307333572	0
1673	Syndig1	0.1756913224	0	0.0001307333572	0
1674	Gpd1	0.1756747731	0	0.0001307333572	0
1675	Krt77	0.1756537151	0	0.0001307333572	0
1676	Pls1	0.1754314702	0	0.0001307333572	0
1677	Whrn	0.1753544876	0	0.0001307333572	0
1678	Zfand5	0.1752662404	0	0.0001307333572	0
1679	Kcnma1	0.1748057476	0	0.0001307333572	0
1680	Prickle2	0.1747980721	0	0.0001307333572	0
1681	Htr2a	0.1747714737	0	0.0001307333572	0
1682	Asgr1	0.174533378	0	0.0001307333572	0
1683	Grhl1	0.1743267352	0	0.0001307333572	0
1684	Ccdc33	0.1741753866	0	0.0001307333572	0
1685	Coprs	0.1740547557	0	0.0001307333572	0
1686	Tbc1d9	0.1739649781	0	0.0001307333572	0
1687	Morn5	0.1739505259	0	0.0001307333572	0
1688	Abracl	0.173909034	0	0.0001307333572	0
1689	Srgap3	0.1738337501	0	0.0001307333572	0
1690	Ctsd	0.1737049606	0	0.0001307333572	0
1691	Baiap2l1	0.1731225247	0	0.0001307333572	0
1692	Trhde	0.1730232537	0	0.0001307333572	0
1693	Prrg1	0.1730151324	0	0.0001307333572	0
1694	Nmb	0.1727865577	0	0.0001307333572	0
1695	Ccdc180	0.1727858733	0	0.0001307333572	0
1696	Spata2l	0.1727489292	0	0.0001307333572	0
1697	Dapk1	0.1725163955	0	0.0001307333572	0
1698	Nbea	0.1724956574	0	0.0001307333572	0
1699	Cyth2	0.1723462949	0	0.0001307333572	0
1700	P3h4	0.1723315961	0	0.0001307333572	0
1701	Fbln1	0.1721706823	0	0.0001307333572	0
1702	Adamts15	0.1718487276	0	0.0001307333572	0
1703	Stard8	0.1718401854	0	0.0001307333572	0
1704	Sgk1	0.1717918323	0	0.0001307333572	0
1705	D630024D03Rik	0.1716327453	0	0.0001307333572	0
1706	Csrp2	0.1716326659	0	0.0001307333572	0
1707	Cfap45	0.1715698003	0	0.0001307333572	0
1708	Jsrp1	0.1713111195	0	0.0001307333572	0
1709	Ranbp3l	0.1712699987	0	0.0001307333572	0
1710	Ogn	0.1709506822	0	0.0001307333572	0
1711	Armc3	0.1709227469	0	0.0001307333572	0
1712	Tspan6	0.1707591074	0	0.0001307333572	0
1713	Chrm3	0.1705324815	0	0.0001307333572	0
1714	Emb	0.1703970032	0	0.0001307333572	0
1715	Osr1	0.1703545666	0	0.0001307333572	0
1716	Selenoh	0.170304262	0	0.0001307333572	0
1717	Snhg7os	0.1702379776	0	0.0001307333572	0
1718	Npw	0.1700230501	0	0.0001307333572	0
1719	Irx1	0.1699307843	0	0.0001307333572	0
1720	Col1a1	0.1698989897	0	0.0001307333572	0
1721	Ackr1	0.1696384828	0	0.0001307333572	0
1722	Acsl5	0.1696113876	0	0.0001307333572	0
1723	Vwa3a	0.1695880302	0	0.0001307333572	0
1724	Alg2	0.1695544583	0	0.0001307333572	0
1725	Rem2	0.1694281673	0	0.0001307333572	0
1726	Bbox1	0.1693362442	0	0.0001307333572	0
1727	Pthlh	0.1688684904	0	0.0001307333572	0
1728	Epha8	0.1688661911	0	0.0001307333572	0
1729	Fxyd2	0.1688477243	0	0.0001307333572	0
1730	F2r	0.1686870767	0	0.0001307333572	0
1731	Prox1os	0.1686314186	0	0.0001307333572	0
1732	Smad3	0.1686250567	0	0.0001307333572	0
1733	Pcolce2	0.1684999523	0	0.0001307333572	0
1734	1700007G11Rik	0.1683548448	0	0.0001307333572	0
1735	H3f3a	0.1682856289	0	0.0001307333572	0
1736	Slitrk5	0.1682350703	0	0.0001307333572	0
1737	Fhl1	0.1680066048	0	0.0001307333572	0
1738	Gsta4	0.1679695177	0	0.0001307333572	0
1739	Omd	0.1679195089	0	0.0001307333572	0
1740	Nme5	0.1678544856	0	0.0001307333572	0
1741	Cd109	0.1676229759	0	0.0001307333572	0
1742	Thsd4	0.1675067608	0	0.0001307333572	0
1743	Itpkb	0.1673844165	0	0.0001307333572	0
1744	Cpa3	0.1673216141	0	0.0001307333572	0
1745	Cd74	0.1671189998	0	0.0001307333572	0
1746	Crocc2	0.1667894114	0	0.0001307333572	0
1747	Ccdc81	0.1666697964	0	0.0001307333572	0
1748	Slc2a13	0.1665936491	0	0.0001307333572	0
1749	Fam84b	0.1665317506	0	0.0001307333572	0
1750	Syngr2	0.1665136704	0	0.0001307333572	0
1751	Foxa1	0.1664855854	0	0.0001307333572	0
1752	Lrrtm4	0.1664790226	0	0.0001307333572	0
1753	Neto2	0.1664407206	0	0.0001307333572	0
1754	C030029H02Rik	0.1663224682	0	0.0001307333572	0
1755	Trappc2l	0.1663061568	0	0.0001307333572	0
1756	Serping1	0.1662240461	0	0.0001307333572	0
1757	Slc14a2	0.1660314722	0	0.0001307333572	0
1758	Arpc3	0.1659484697	0	0.0001307333572	0
1759	H2-Aa	0.165917281	0	0.0001307333572	0
1760	Crabp2	0.1658353503	0	0.0001307333572	0
1761	Paqr6	0.1654294678	0	0.0001307333572	0
1762	Il13ra2	0.1654000603	0	0.0001307333572	0
1763	Trpc3	0.1653748142	0	0.0001307333572	0
1764	Stim2	0.1652877976	0	0.0001307333572	0
1765	Oprk1	0.1652700089	0	0.0001307333572	0
1766	Chodl	0.1652198697	0	0.0001307333572	0
1767	A730046J19Rik	0.1651644807	0	0.0001307333572	0
1768	Hspa5	0.1651470858	0	0.0001307333572	0
1769	Cfap43	0.164939545	0	0.0001307333572	0
1770	Slc7a14	0.1648560551	0	0.0001307333572	0
1771	Nop10	0.1647319986	0	0.0001307333572	0
1772	H3f3b	0.1643991956	0	0.0001307333572	0
1773	Ephx1	0.1643639379	0	0.0001307333572	0
1774	Inhba	0.1643128039	0	0.0001307333572	0
1775	Mctp1	0.1643118776	0	0.0001307333572	0
1776	Gm12371	0.1642967971	0	0.0001307333572	0
1777	D630023F18Rik	0.1642358068	0	0.0001307333572	0
1778	Jup	0.1641816688	0	0.0001307333572	0
1779	Mxra8	0.1641783061	0	0.0001307333572	0
1780	Steap2	0.1640728261	0	0.0001307333572	0
1781	Lhfpl5	0.1640078344	0	0.0001307333572	0
1782	Lamp2	0.1639597107	0	0.0001307333572	0
1783	Gpld1	0.1638753157	0	0.0001307333572	0
1784	Ifitm1	0.1637845576	0	0.0001307333572	0
1785	Hes5	0.1636458699	0	0.0001307333572	0
1786	Cgref1	0.1636429892	0	0.0001307333572	0
1787	Erp29	0.1635016125	0	0.0001307333572	0
1788	Stxbp3	0.1634895045	0	0.0001307333572	0
1789	Cort	0.1631762284	0	0.0001307333572	0
1790	Bsg	0.1631494092	0	0.0001307333572	0
1791	6030419C18Rik	0.1631057516	0	0.0001307333572	0
1792	Cfap77	0.1630252202	0	0.0001307333572	0
1793	Ccbe1	0.1629516317	0	0.0001307333572	0
1794	Tnnc1	0.1626878791	0	0.0001307333572	0
1795	Gm16160	0.1624860563	0	0.0001307333572	0
1796	Dync1i1	0.1624571675	0	0.0001307333572	0
1797	2810433D01Rik	0.1624308335	0	0.0001307333572	0
1798	Cachd1	0.1623027732	0	0.0001307333572	0
1799	Cacna1b	0.1622911149	0	0.0001307333572	0
1800	Slc35f1	0.1621656704	0	0.0001307333572	0
1801	Celf3	0.1621534409	0	0.0001307333572	0
1802	Dgat2	0.1620863817	0	0.0001307333572	0
1803	Peak1	0.162058361	0	0.0001307333572	0
1804	Evc2	0.162038107	0	0.0001307333572	0
1805	Lrrc71	0.1617547701	0	0.0001307333572	0
1806	A330009N23Rik	0.1615558549	0	0.0001307333572	0
1807	Tmem107	0.1615084846	0	0.0001307333572	0
1808	Cxcl14	0.1614267157	0	0.0001307333572	0
1809	B4galt5	0.1614156996	0	0.0001307333572	0
1810	Coro2b	0.1613041688	0	0.0001307333572	0
1811	Chat	0.1610335157	0	0.0001307333572	0
1812	Stk25	0.1609870941	0	0.0001307333572	0
1813	Srebf1	0.1607858532	0	0.0001307333572	0
1814	Actr2	0.1604835338	0	0.0001307333572	0
1815	Miat	0.1603853767	0	0.0001307333572	0
1816	Sept6	0.1603651892	0	0.0001307333572	0
1817	Vwf	0.1601690472	0	0.0001307333572	0
1818	Stra6	0.1600691761	0	0.0001307333572	0
1819	Lrrtm3	0.1600572075	0	0.0001307333572	0
1820	Ttc29	0.1598470078	0	0.0001307333572	0
1821	Gm12144	0.1598001808	0	0.0001307333572	0
1822	Ext1	0.15948268	0	0.0001307333572	0
1823	Hist1h1c	0.159401667	0	0.0001307333572	0
1824	Plekhg5	0.1592062075	0	0.0001307333572	0
1825	Fam69b	0.1591425279	0	0.0001307333572	0
1826	Rbbp7	0.1591096961	0	0.0001307333572	0
1827	Actr3	0.1590556506	0	0.0001307333572	0
1828	Kctd13	0.1590255119	0	0.0001307333572	0
1829	Arl15	0.1587069068	0	0.0001307333572	0
1830	Thrb	0.1586984769	0	0.0001307333572	0
1831	Cdhr1	0.1585140736	0	0.0001307333572	0
1832	Klhl1	0.1584927979	0	0.0001307333572	0
1833	Prrt1	0.1584661135	0	0.0001307333572	0
1834	Pithd1	0.1583559391	0	0.0001307333572	0
1835	Cacna1c	0.1582137561	0	0.0001307333572	0
1836	Susd4	0.1580979857	0	0.0001307333572	0
1837	Gpr149	0.1579523085	0	0.0001307333572	0
1838	1700019G24Rik	0.1578785158	0	0.0001307333572	0
1839	Npm1	0.157789024	0	0.0001307333572	0
1840	Ccdc121	0.1577424239	0	0.0001307333572	0
1841	Tmprss6	0.1575194011	0	0.0001307333572	0
1842	Crb2	0.1575007776	0	0.0001307333572	0
1843	Plin3	0.1574175115	0	0.0001307333572	0
1844	Cd44	0.1573008871	0	0.0001307333572	0
1845	Plxnb2	0.1571525337	0	0.0001307333572	0
1846	Kcnk2	0.1570707264	0	0.0001307333572	0
1847	Fbll1	0.156983919	0	0.0001307333572	0
1848	Ntf3	0.1569629527	0	0.0001307333572	0
1849	Myh3	0.1567979686	0	0.0001307333572	0
1850	Lhb	0.1566723945	0	0.0001307333572	0
1851	Efcab10	0.1565959822	0	0.0001307333572	0
1852	Spa17	0.1564893264	0	0.0001307333572	0
1853	Pfkl	0.1564840867	0	0.0001307333572	0
1854	Gm13205	0.1564354182	0	0.0001307333572	0
1855	Grin3a	0.1564337072	0	0.0001307333572	0
1856	Fstl5	0.1563364925	0	0.0001307333572	0
1857	Hmgb2	0.1562559241	0	0.0001307333572	0
1858	Lrrc4	0.155931795	0	0.0001307333572	0
1859	Prg4	0.155901396	0	0.0001307333572	0
1860	Susd2	0.1558870638	0	0.0001307333572	0
1861	Spsb1	0.15588672	0	0.0001307333572	0
1862	Dio3	0.1558705733	0	0.0001307333572	0
1863	Cdr2	0.1558259096	0	0.0001307333572	0
1864	Slit2	0.155539477	0	0.0001307333572	0
1865	Arel1	0.1555192554	0	0.0001307333572	0
1866	Mfsd4a	0.1555112617	0	0.0001307333572	0
1867	Arl4a	0.1554827336	0	0.0001307333572	0
1868	Cgnl1	0.1554670354	0	0.0001307333572	0
1869	Pcsk9	0.1552823333	0	0.0001307333572	0
1870	Prr7	0.1552542288	0	0.0001307333572	0
1871	Tm4sf1	0.1552442328	0	0.0001307333572	0
1872	Numbl	0.1551667677	0	0.0001307333572	0
1873	Tekt5	0.1551145115	0	0.0001307333572	0
1874	Zdbf2	0.1550745403	0	0.0001307333572	0
1875	Ptprk	0.1550003364	0	0.0001307333572	0
1876	Islr	0.1549425294	0	0.0001307333572	0
1877	Adgrb3	0.1547978074	0	0.0001307333572	0
1878	Crhbp	0.1546796047	0	0.0001307333572	0
1879	Chek2	0.1545758912	0	0.0001307333572	0
1880	Pgam2	0.1542940885	0	0.0001307333572	0
1881	Ccnd1	0.1540365256	0	0.0001307333572	0
1882	Atpaf1	0.1540275517	0	0.0001307333572	0
1883	Sptb	0.1538847891	0	0.0001307333572	0
1884	Zfp185	0.1538308851	0	0.0001307333572	0
1885	Cidea	0.1537585667	0	0.0001307333572	0
1886	Auts2	0.1536586772	0	0.0001307333572	0
1887	Fap	0.1536333309	0	0.0001307333572	0
1888	Mdk	0.1536001359	0	0.0001307333572	0
1889	Isg20	0.1535078933	0	0.0001307333572	0
1890	Adra2c	0.1533987018	0	0.0001307333572	0
1891	Wdr83os	0.1533240898	0	0.0001307333572	0
1892	Arxes1	0.1531439994	0	0.0001307333572	0
1893	1190002N15Rik	0.1529391607	0	0.0001307333572	0
1894	Fzd10	0.1527877475	0	0.0001307333572	0
1895	Tspo	0.1527615011	0	0.0001307333572	0
1896	Ifitm2	0.1527331393	0	0.0001307333572	0
1897	Ociad1	0.1527275471	0	0.0001307333572	0
1898	Plpp2	0.1527239093	0	0.0001307333572	0
1899	Rnd1	0.1526898839	0	0.0001307333572	0
1900	Syne1	0.1526560233	0	0.0001307333572	0
1901	Tbata	0.1525986931	0	0.0001307333572	0
1902	Iqca	0.1525552701	0	0.0001307333572	0
1903	Brs3	0.1524375878	0	0.0001307333572	0
1904	Hspb8	0.1523841497	0	0.0001307333572	0
1905	Col3a1	0.152334259	0	0.0001307333572	0
1906	Col6a1	0.1523182535	0	0.0001307333572	0
1907	Rhof	0.1520554474	0	0.0001307333572	0
1908	Fam210b	0.1520374291	0	0.0001307333572	0
1909	Rcn3	0.1519549771	0	0.0001307333572	0
1910	Aif1l	0.1518367011	0	0.0001307333572	0
1911	Scrn1	0.1517836154	0	0.0001307333572	0
1912	Dpysl4	0.1516658627	0	0.0001307333572	0
1913	Pam	0.1515503217	0	0.0001307333572	0
1914	Usp46	0.1514714037	0	0.0001307333572	0
1915	Fam3c	0.1514588181	0	0.0001307333572	0
1916	Catip	0.1514366112	0	0.0001307333572	0
1917	Trpc6	0.1513594965	0	0.0001307333572	0
1918	Actn1	0.151259308	0	0.0001307333572	0
1919	Cul4b	0.1511726292	0	0.0001307333572	0
1920	Tceal1	0.1510952738	0	0.0001307333572	0
1921	H2-Eb1	0.1510448328	0	0.0001307333572	0
1922	Kcnh2	0.150862511	0	0.0001307333572	0
1923	Me3	0.1508273726	0	0.0001307333572	0
1924	Net1	0.1507342543	0	0.0001307333572	0
1925	Tmem132c	0.1507055958	0	0.0001307333572	0
1926	Thsd7a	0.1504312054	0	0.0001307333572	0
1927	3110039M20Rik	0.1504235922	0	0.0001307333572	0
1928	Lgals1	0.1503390013	0	0.0001307333572	0
1929	Wfikkn2	0.1502695818	0	0.0001307333572	0
1930	Bhlhe40	0.1499955686	0	0.0001307333572	0
1931	Dyrk2	0.1499415052	0	0.0001307333572	0
1932	Mylk	0.1498961686	0	0.0001307333572	0
1933	Gm996	0.1498580523	0	0.0001307333572	0
1934	Socs6	0.1498500815	0	0.0001307333572	0
1935	Mest	0.1497601294	0	0.0001307333572	0
1936	Frmpd2	0.1493664551	0	0.0001307333572	0
1937	Dab1	0.1490294927	0	0.0001307333572	0
1938	Esr1	0.1489742327	0	0.0001307333572	0
1939	Kcnk9	0.148638572	0	0.0001307333572	0
1940	Mapk8	0.1485957351	0	0.0001307333572	0
1941	Lcat	0.1481150756	0	0.0001307333572	0
1942	Tcn2	0.1480500008	0	0.0001307333572	0
1943	Banp	0.1480139666	0	0.0001307333572	0
1944	Eci3	0.1479098046	0	0.0001307333572	0
1945	Apol11b	0.1478460352	0	0.0001307333572	0
1946	Cdh9	0.1478327594	0	0.0001307333572	0
1947	Trpc7	0.1477308582	0	0.0001307333572	0
1948	Oprl1	0.1476650193	0	0.0001307333572	0
1949	Slc7a10	0.1476218272	0	0.0001307333572	0
1950	Kcnt1	0.1476108467	0	0.0001307333572	0
1951	Tgfbi	0.1475281327	0	0.0001307333572	0
1952	Slc31a1	0.1472796651	0	0.0001307333572	0
1953	Crim1	0.1471737523	0	0.0001307333572	0
1954	Maged2	0.1469214146	0	0.0001307333572	0
1955	Capza2	0.1468582342	0	0.0001307333572	0
1956	Galnt14	0.1466726988	0	0.0001307333572	0
1957	Itpripl1	0.1464343267	0	0.0001307333572	0
1958	Apaf1	0.146154779	0	0.0001307333572	0
1959	Zdhhc23	0.1460831627	0	0.0001307333572	0
1960	Ak4	0.14602227	0	0.0001307333572	0
1961	Qpct	0.1459593753	0	0.0001307333572	0
1962	Cacna1h	0.1458940238	0	0.0001307333572	0
1963	Chst2	0.1458685381	0	0.0001307333572	0
1964	Med28	0.1457636008	0	0.0001307333572	0
1965	Gm48510	0.1457007903	0	0.0001307333572	0
1966	Rrad	0.1455837091	0	0.0001307333572	0
1967	Bcat1	0.1455072555	0	0.0001307333572	0
1968	Creg2	0.145500493	0	0.0001307333572	0
1969	Sept9	0.1454374452	0	0.0001307333572	0
1970	Ube2b	0.1453568701	0	0.0001307333572	0
1971	Gm11992	0.1452797244	0	0.0001307333572	0
1972	Trp73	0.1452392682	0	0.0001307333572	0
1973	Man1a	0.1451443132	0	0.0001307333572	0
1974	Mesd	0.1449372756	0	0.0001307333572	0
1975	Tbx3	0.1448609052	0	0.0001307333572	0
1976	Acvr2a	0.1448239832	0	0.0001307333572	0
1977	Polr2g	0.1448112446	0	0.0001307333572	0
1978	Mlc1	0.1446698718	0	0.0001307333572	0
1979	Hspa2	0.1445639009	0	0.0001307333572	0
1980	Atp6v1c2	0.1443331116	0	0.0001307333572	0
1981	Dlk2	0.144129452	0	0.0001307333572	0
1982	Wls	0.1441082656	0	0.0001307333572	0
1983	Ptprj	0.1440768936	0	0.0001307333572	0
1984	Ermp1	0.1437691601	0	0.0001307333572	0
1985	Gm2990	0.1436348206	0	0.0001307333572	0
1986	Npr3	0.1435944649	0	0.0001307333572	0
1987	Hmgn2	0.1435175429	0	0.0001307333572	0
1988	Rbp2	0.1434889397	0	0.0001307333572	0
1989	1500009L16Rik	0.1434456345	0	0.0001307333572	0
1990	Adra2a	0.1433346537	0	0.0001307333572	0
1991	Nr4a1	0.1432209183	0	0.0001307333572	0
1992	Aifm3	0.143112883	0	0.0001307333572	0
1993	Efna3	0.1429512706	0	0.0001307333572	0
1994	Pip4k2c	0.1428249855	0	0.0001307333572	0
1995	Magt1	0.1427923475	0	0.0001307333572	0
1996	Gm973	0.1424694414	0	0.0001307333572	0
1997	Plxna2	0.142436366	0	0.0001307333572	0
1998	Slc1a1	0.1423502961	0	0.0001307333572	0
1999	Shisa9	0.1419274071	0	0.0001307333572	0
2000	Chchd4	0.1417793098	0	0.0001307333572	0
2001	Armh1	0.1417434685	0	0.0001307333572	0
2002	Nudt10	0.1416935616	0	0.0001307333572	0
2003	Porcn	0.1416386242	0	0.0001307333572	0
2004	Tmem114	0.1415368026	0	0.0001307333572	0
2005	Lix1	0.1415182561	0	0.0001307333572	0
2006	Insc	0.1413543558	0	0.0001307333572	0
2007	AC154509.1	0.141239206	0	0.0001307333572	0
2008	Kcns1	0.1410598476	0	0.0001307333572	0
2009	Mir124a-1hg	0.1408563424	0	0.0001307333572	0
2010	Hc	0.1408548175	0	0.0001307333572	0
2011	Gpc4	0.140578435	0	0.0001307333572	0
2012	Efcab1	0.1405457453	0	0.0001307333572	0
2013	Deptor	0.140541912	0	0.0001307333572	0
2014	Scube1	0.140534154	0	0.0001307333572	0
2015	Slc17a8	0.1403151311	0	0.0001307333572	0
2016	Dusp5	0.1400358454	0	0.0001307333572	0
2017	Prr36	0.139887483	0	0.0001307333572	0
2018	Ola1	0.1398013883	0	0.0001307333572	0
2019	Tmem52	0.1397507531	0	0.0001307333572	0
2020	Armc4	0.1395628775	0	0.0001307333572	0
2021	Npy1r	0.139455317	0	0.0001307333572	0
2022	Tox2	0.1393341955	0	0.0001307333572	0
2023	Lrrn3	0.139334183	0	0.0001307333572	0
2024	Cox14	0.1387865285	0	0.0001307333572	0
2025	Tc2n	0.1387664783	0	0.0001307333572	0
2026	Rab20	0.138758939	0	0.0001307333572	0
2027	Epdr1	0.1387048128	0	0.0001307333572	0
2028	Pih1d2	0.1385339293	0	0.0001307333572	0
2029	Ccdc106	0.1385307605	0	0.0001307333572	0
2030	Slc25a39	0.1384341764	0	0.0001307333572	0
2031	Elof1	0.1384255161	0	0.0001307333572	0
2032	Ccdc155	0.1384080068	0	0.0001307333572	0
2033	B3galnt1	0.1383301074	0	0.0001307333572	0
2034	Ap3s1	0.1382109322	0	0.0001307333572	0
2035	Ankrd46	0.138199215	0	0.0001307333572	0
2036	Dnaic2	0.1381828068	0	0.0001307333572	0
2037	Gm45441	0.1381256797	0	0.0001307333572	0
2038	Mcfd2	0.1380461377	0	0.0001307333572	0
2039	Scgn	0.1379719472	0	0.0001307333572	0
2040	Ptpru	0.1378931725	0	0.0001307333572	0
2041	Gm26644	0.137851701	0	0.0001307333572	0
2042	Ccdc74a	0.1377937398	0	0.0001307333572	0
2043	Irx5	0.1376927801	0	0.0001307333572	0
2044	Cpne2	0.1376862561	0	0.0001307333572	0
2045	Casr	0.1375014535	0	0.0001307333572	0
2046	Ctsz	0.1374917409	0	0.0001307333572	0
2047	Igfbpl1	0.137410802	0	0.0001307333572	0
2048	Spag6l	0.1373098847	0	0.0001307333572	0
2049	Adamtsl2	0.1370877734	0	0.0001307333572	0
2050	Cdkl4	0.1370786348	0	0.0001307333572	0
2051	Car7	0.1370179297	0	0.0001307333572	0
2052	Slc26a4	0.1370158458	0	0.0001307333572	0
2053	Sorcs3	0.1369667906	0	0.0001307333572	0
2054	Nms	0.1369513357	0	0.0001307333572	0
2055	Slc16a11	0.1366249097	0	0.0001307333572	0
2056	Stxbp5	0.1366141176	0	0.0001307333572	0
2057	Nupr1	0.1365385079	0	0.0001307333572	0
2058	Tgfa	0.1364772073	0	0.0001307333572	0
2059	Nipsnap1	0.1364437421	0	0.0001307333572	0
2060	Htr1b	0.1364343274	0	0.0001307333572	0
2061	Gpr139	0.1363059633	0	0.0001307333572	0
2062	Smim18	0.136220271	0	0.0001307333572	0
2063	Chst15	0.1361389366	0	0.0001307333572	0
2064	Sdc2	0.1358554245	0	0.0001307333572	0
2065	Kcne4	0.1357378476	0	0.0001307333572	0
2066	Arl6ip1	0.1355680548	0	0.0001307333572	0
2067	Pdhb	0.1353950738	0	0.0001307333572	0
2068	Prps1	0.1353283294	0	0.0001307333572	0
2069	Mcts1	0.1353266873	0	0.0001307333572	0
2070	Snhg12	0.1352441816	0	0.0001307333572	0
2071	Togaram2	0.1349639963	0	0.0001307333572	0
2072	Mycbpap	0.1347782166	0	0.0001307333572	0
2073	Zfpm2	0.1347132796	0	0.0001307333572	0
2074	Zfhx4	0.1346979204	0	0.0001307333572	0
2075	Gm38165	0.13464384	0	0.0001307333572	0
2076	Lgi2	0.1344697328	0	0.0001307333572	0
2077	Angptl2	0.1344142286	0	0.0001307333572	0
2078	6330420H09Rik	0.1342049812	0	0.0001307333572	0
2079	Gm13889	0.134103892	0	0.0001307333572	0
2080	Nedd4l	0.1340977989	0	0.0001307333572	0
2081	Cntnap4	0.13396639	0	0.0001307333572	0
2082	Cfh	0.133953986	0	0.0001307333572	0
2083	Dnal4	0.13392974	0	0.0001307333572	0
2084	Lamb1	0.1338765157	0	0.0001307333572	0
2085	Sdcbp	0.1337998472	0	0.0001307333572	0
2086	Tpm2	0.1337990216	0	0.0001307333572	0
2087	Col18a1	0.1337545037	0	0.0001307333572	0
2088	Phactr2	0.1336735083	0	0.0001307333572	0
2089	Gm39653	0.1335519119	0	0.0001307333572	0
2090	Luzp1	0.1333619016	0	0.0001307333572	0
2091	Il17re	0.1333397825	0	0.0001307333572	0
2092	C1d	0.1333000642	0	0.0001307333572	0
2093	Sybu	0.1332877234	0	0.0001307333572	0
2094	Kcnk1	0.1331579566	0	0.0001307333572	0
2095	Dlx6	0.1330841202	0	0.0001307333572	0
2096	Il20rb	0.132816787	0	0.0001307333572	0
2097	Lrrc36	0.1327781407	0	0.0001307333572	0
2098	Sap30bpos	0.1325663675	0	0.0001307333572	0
2099	Wnt10a	0.132521129	0	0.0001307333572	0
2100	Mkl1	0.1324199269	0	0.0001307333572	0
2101	Arl6ip5	0.1324166133	0	0.0001307333572	0
2102	Dnajb5	0.1322159688	0	0.0001307333572	0
2103	Tshb	0.1320328782	0	0.0001307333572	0
2104	Lims2	0.132000193	0	0.0001307333572	0
2105	Efemp1	0.131955675	0	0.0001307333572	0
2106	Mdga1	0.131938343	0	0.0001307333572	0
2107	Pbx3	0.1319240008	0	0.0001307333572	0
2108	Tcf21	0.1318636974	0	0.0001307333572	0
2109	Entpd6	0.1317031379	0	0.0001307333572	0
2110	Chrd	0.1315616388	0	0.0001307333572	0
2111	C130071C03Rik	0.1315588216	0	0.0001307333572	0
2112	Cdh8	0.1315435537	0	0.0001307333572	0
2113	Ccsap	0.1315348419	0	0.0001307333572	0
2114	Adgrl2	0.1315265447	0	0.0001307333572	0
2115	Got1l1	0.1314801032	0	0.0001307333572	0
2116	Rbfox1	0.1314542118	0	0.0001307333572	0
2117	Sla	0.1313639478	0	0.0001307333572	0
2118	Anxa11	0.1312856655	0	0.0001307333572	0
2119	Lingo3	0.1309893139	0	0.0001307333572	0
2120	St18	0.1309131264	0	0.0001307333572	0
2121	Trank1	0.1307811144	0	0.0001307333572	0
2122	Bdh2	0.1305626418	0	0.0001307333572	0
2123	Twf2	0.1305141688	0	0.0001307333572	0
2124	Sptssb	0.1304848816	0	0.0001307333572	0
2125	Acot5	0.1303624251	0	0.0001307333572	0
2126	Fam167a	0.1302875898	0	0.0001307333572	0
2127	Msra	0.1301582772	0	0.0001307333572	0
2128	Slc38a3	0.130150573	0	0.0001307333572	0
2129	H2-Ab1	0.1299554663	0	0.0001307333572	0
2130	Marc2	0.1299296537	0	0.0001307333572	0
2131	Gm44109	0.1298299729	0	0.0001307333572	0
2132	Drc1	0.1298216616	0	0.0001307333572	0
2133	Gas6	0.1298046911	0	0.0001307333572	0
2134	Cotl1	0.1296739594	0	0.0001307333572	0
2135	Daw1	0.1296043603	0	0.0001307333572	0
2136	Rab26os	0.129585705	0	0.0001307333572	0
2137	Tram1l1	0.1295320389	0	0.0001307333572	0
2138	Gmpr	0.1294786725	0	0.0001307333572	0
2139	Crocc	0.1294763621	0	0.0001307333572	0
2140	Lrfn5	0.1294261392	0	0.0001307333572	0
2141	Ppp1cc	0.1293638219	0	0.0001307333572	0
2142	Esrrg	0.1293212624	0	0.0001307333572	0
2143	Gm29157	0.1292400163	0	0.0001307333572	0
2144	AC154683.1	0.1292358169	0	0.0001307333572	0
2145	Dnah2	0.1290458087	0	0.0001307333572	0
2146	Arc	0.1290394293	0	0.0001307333572	0
2147	Rnf122	0.1290298388	0	0.0001307333572	0
2148	Cnmd	0.1288586504	0	0.0001307333572	0
2149	Pf4	0.1287075177	0	0.0001307333572	0
2150	Lypla2	0.1286172515	0	0.0001307333572	0
2151	Vpreb1	0.1285577495	0	0.0001307333572	0
2152	Vstm2b	0.1284534792	0	0.0001307333572	0
2153	Fam160a1	0.1284194125	0	0.0001307333572	0
2154	Nxn	0.128306196	0	0.0001307333572	0
2155	Rhbdl3	0.128077008	0	0.0001307333572	0
2156	Wnt6	0.1280504794	0	0.0001307333572	0
2157	Gstm2	0.1279795467	0	0.0001307333572	0
2158	Myl12a	0.1278352081	0	0.0001307333572	0
2159	Nuf2	0.1274991053	0	0.0001307333572	0
2160	Serpinh1	0.1274548658	0	0.0001307333572	0
2161	Hsd11b1	0.1274315971	0	0.0001307333572	0
2162	Tcea3	0.12733165	0	0.0001307333572	0
2163	Morn3	0.1271623329	0	0.0001307333572	0
2164	Mapk14	0.1270955881	0	0.0001307333572	0
2165	Abhd2	0.1270003464	0	0.0001307333572	0
2166	Cnnm1	0.1269986328	0	0.0001307333572	0
2167	Irx3	0.1269756193	0	0.0001307333572	0
2168	Gm17750	0.1268645453	0	0.0001307333572	0
2169	2810455O05Rik	0.1268149322	0	0.0001307333572	0
2170	Wnt7b	0.1267338234	0	0.0001307333572	0
2171	Vps29	0.1267065355	0	0.0001307333572	0
2172	Drc3	0.1266082807	0	0.0001307333572	0
2173	Jun	0.126484822	0	0.0001307333572	0
2174	3632451O06Rik	0.1263920969	0	0.0001307333572	0
2175	B230110G15Rik	0.1263178642	0	0.0001307333572	0
2176	Zic3	0.1262172945	0	0.0001307333572	0
2177	Ubxn11	0.1262077265	0	0.0001307333572	0
2178	Tmem176a	0.1261651728	0	0.0001307333572	0
2179	Pde10a	0.1261361451	0	0.0001307333572	0
2180	Mc3r	0.1260765971	0	0.0001307333572	0
2181	Dusp18	0.1260129788	0	0.0001307333572	0
2182	Ptpdc1	0.1259692066	0	0.0001307333572	0
2183	Cfap100	0.1259375433	0	0.0001307333572	0
2184	Ndnf	0.1257538799	0	0.0001307333572	0
2185	Sms	0.1256750111	0	0.0001307333572	0
2186	Lcmt1	0.1255965165	0	0.0001307333572	0
2187	Paqr9	0.1255796082	0	0.0001307333572	0
2188	Ripor2	0.1255531897	0	0.0001307333572	0
2189	Extl2	0.1255346733	0	0.0001307333572	0
2190	BC029722	0.1254646527	0	0.0001307333572	0
2191	Gss	0.1253540647	0	0.0001307333572	0
2192	Cdh3	0.1253409909	0	0.0001307333572	0
2193	Slc4a1	0.125293789	0	0.0001307333572	0
2194	Anxa6	0.1251751481	0	0.0001307333572	0
2195	Popdc3	0.1249617139	0	0.0001307333572	0
2196	Sfrp1	0.1247162321	0	0.0001307333572	0
2197	Eif1b	0.1246714537	0	0.0001307333572	0
2198	AF529169	0.1246156061	0	0.0001307333572	0
2199	Cfap54	0.124587045	0	0.0001307333572	0
2200	Gm42517	0.1245589761	0	0.0001307333572	0
2201	Psma1	0.1245160562	0	0.0001307333572	0
2202	Rps27l	0.1244330598	0	0.0001307333572	0
2203	Pkib	0.124383395	0	0.0001307333572	0
2204	Ak9	0.1243083632	0	0.0001307333572	0
2205	Zmym3	0.1241968387	0	0.0001307333572	0
2206	Tekt4	0.1241107268	0	0.0001307333572	0
2207	Lztr1	0.1240709832	0	0.0001307333572	0
2208	Sebox	0.1240623842	0	0.0001307333572	0
2209	Id1	0.1240299131	0	0.0001307333572	0
2210	Asb2	0.1239690164	0	0.0001307333572	0
2211	Arhgap20	0.1239385187	0	0.0001307333572	0
2212	Plpp1	0.1237856347	0	0.0001307333572	0
2213	Morn2	0.1237221113	0	0.0001307333572	0
2214	Fbxo10	0.1236271655	0	0.0001307333572	0
2215	Tbx3os2	0.1235152945	0	0.0001307333572	0
2216	S100a9	0.1234830876	0	0.0001307333572	0
2217	Sh3bgrl2	0.1232977842	0	0.0001307333572	0
2218	Sema4f	0.1229985713	0	0.0001307333572	0
2219	Pbxip1	0.1229517387	0	0.0001307333572	0
2220	Cmtm8	0.1228699085	0	0.0001307333572	0
2221	Ccdc60	0.1228469368	0	0.0001307333572	0
2222	Stk39	0.1227269161	0	0.0001307333572	0
2223	Tnfaip8l3	0.1225009012	0	0.0001307333572	0
2224	Acaa2	0.1223768431	0	0.0001307333572	0
2225	Arhgef3	0.1221905469	0	0.0001307333572	0
2226	Kctd12	0.122081116	0	0.0001307333572	0
2227	Ccdc162	0.1220713346	0	0.0001307333572	0
2228	Sec61b	0.1220029788	0	0.0001307333572	0
2229	Dock9	0.121865375	0	0.0001307333572	0
2230	Osbpl3	0.1217706541	0	0.0001307333572	0
2231	Ccdc85a	0.1217660328	0	0.0001307333572	0
2232	Sox3	0.1216672442	0	0.0001307333572	0
2233	Arx	0.1216572747	0	0.0001307333572	0
2234	Lhfpl2	0.1215514452	0	0.0001307333572	0
2235	H2-D1	0.1213873933	0	0.0001307333572	0
2236	B2m	0.1213414999	0	0.0001307333572	0
2237	Loxl1	0.1213026329	0	0.0001307333572	0
2238	Slc7a11	0.1212988971	0	0.0001307333572	0
2239	Plppr1	0.1210251903	0	0.0001307333572	0
2240	Nectin3	0.1210063624	0	0.0001307333572	0
2241	Dnaaf3	0.1208193536	0	0.0001307333572	0
2242	Abi1	0.1206444303	0	0.0001307333572	0
2243	Colec12	0.1206037313	0	0.0001307333572	0
2244	Nckipsd	0.1205970196	0	0.0001307333572	0
2245	Ankrd34b	0.1205483089	0	0.0001307333572	0
2246	Dlx1	0.1205234198	0	0.0001307333572	0
2247	Pstpip1	0.1205160557	0	0.0001307333572	0
2248	Fam189a2	0.1204755987	0	0.0001307333572	0
2249	Glra1	0.1202758228	0	0.0001307333572	0
2250	Kit	0.1202292671	0	0.0001307333572	0
2251	Dpep1	0.1200895579	0	0.0001307333572	0
2252	Elfn1	0.1200673243	0	0.0001307333572	0
2253	Cntnap2	0.1200042318	0	0.0001307333572	0
2254	Noct	0.119961038	0	0.0001307333572	0
2255	Iqcg	0.1198170946	0	0.0001307333572	0
2256	Perp	0.1196762216	0	0.0001307333572	0
2257	Rtl5	0.1195686471	0	0.0001307333572	0
2258	Acss3	0.1194840631	0	0.0001307333572	0
2259	Pcbp3	0.1194610339	0	0.0001307333572	0
2260	Hspb6	0.1194137862	0	0.0001307333572	0
2261	Cetn2	0.1193168921	0	0.0001307333572	0
2262	Vit	0.1192735488	0	0.0001307333572	0
2263	Bhlhe23	0.1191640611	0	0.0001307333572	0
2264	Slc9a2	0.1190556422	0	0.0001307333572	0
2265	Sytl1	0.118988754	0	0.0001307333572	0
2266	Fam216a	0.1189574222	0	0.0001307333572	0
2267	Ankrd6	0.1189495279	0	0.0001307333572	0
2268	Dab2	0.1189110596	0	0.0001307333572	0
2269	Defb9	0.1189029496	0	0.0001307333572	0
2270	4932443I19Rik	0.118804186	0	0.0001307333572	0
2271	Rxfp1	0.118670785	0	0.0001307333572	0
2272	Zfp36l1	0.1185475488	0	0.0001307333572	0
2273	Elmo2	0.1184820885	0	0.0001307333572	0
2274	Arhgap39	0.1184235652	0	0.0001307333572	0
2275	S100a8	0.1184160381	0	0.0001307333572	0
2276	Wnt2	0.1180087321	0	0.0001307333572	0
2277	Acsl4	0.1178848554	0	0.0001307333572	0
2278	Gm19412	0.117880359	0	0.0001307333572	0
2279	Bgn	0.1178164477	0	0.0001307333572	0
2280	Isyna1	0.1177212809	0	0.0001307333572	0
2281	Izumo4	0.1176323349	0	0.0001307333572	0
2282	Hist3h2ba	0.1176121435	0	0.0001307333572	0
2283	Klhl22	0.1174400596	0	0.0001307333572	0
2284	Wasl	0.1174231142	0	0.0001307333572	0
2285	Ucn	0.1172857436	0	0.0001307333572	0
2286	Zmynd10	0.1172388694	0	0.0001307333572	0
2287	Nudt11	0.1171878306	0	0.0001307333572	0
2288	Lmx1b	0.1171646442	0	0.0001307333572	0
2289	Fbxo25	0.1169543593	0	0.0001307333572	0
2290	Calca	0.1169422108	0	0.0001307333572	0
2291	Raver2	0.1168598697	0	0.0001307333572	0
2292	Htr1a	0.1168227882	0	0.0001307333572	0
2293	Mrps6	0.1167632847	0	0.0001307333572	0
2294	Arhgap12	0.116760242	0	0.0001307333572	0
2295	Slc35f4	0.1167298912	0	0.0001307333572	0
2296	Acad8	0.116713324	0	0.0001307333572	0
2297	Slc6a12	0.1166796788	0	0.0001307333572	0
2298	Jph1	0.1166783271	0	0.0001307333572	0
2299	Brd9	0.1166256149	0	0.0001307333572	0
2300	Clec3b	0.1166174512	0	0.0001307333572	0
2301	Flrt2	0.116519689	0	0.0001307333572	0
2302	Col4a3	0.1165044286	0	0.0001307333572	0
2303	Tnnt2	0.1164505056	0	0.0001307333572	0
2304	Sema5b	0.1161639723	0	0.0001307333572	0
2305	Ccdc40	0.1160994539	0	0.0001307333572	0
2306	Carmil2	0.1160217663	0	0.0001307333572	0
2307	Glipr1	0.1159658142	0	0.0001307333572	0
2308	2610524H06Rik	0.1159347811	0	0.0001307333572	0
2309	Fam84a	0.1158890195	0	0.0001307333572	0
2310	Sox14	0.1158183184	0	0.0001307333572	0
2311	Tmem40	0.1157319718	0	0.0001307333572	0
2312	Dpysl5	0.1156367549	0	0.0001307333572	0
2313	Igkc	0.1156262846	0	0.0001307333572	0
2314	Tmem25	0.1156003261	0	0.0001307333572	0
2315	Neto1	0.1155980227	0	0.0001307333572	0
2316	Fam216b	0.1155092957	0	0.0001307333572	0
2317	Ank1	0.1154889838	0	0.0001307333572	0
2318	Ubash3b	0.1154592992	0	0.0001307333572	0
2319	Inpp5j	0.1154029895	0	0.0001307333572	0
2320	Anxa1	0.1153501221	0	0.0001307333572	0
2321	Qrfpr	0.1152862088	0	0.0001307333572	0
2322	Ctnna1	0.1149826921	0	0.0001307333572	0
2323	Ttc21a	0.114969507	0	0.0001307333572	0
2324	Zar1	0.114883597	0	0.0001307333572	0
2325	Emp3	0.1148688718	0	0.0001307333572	0
2326	Galnt13	0.114838588	0	0.0001307333572	0
2327	Pradc1	0.1147954897	0	0.0001307333572	0
2328	Eipr1	0.1147094375	0	0.0001307333572	0
2329	Ahnak	0.1147018536	0	0.0001307333572	0
2330	Slc36a2	0.114575938	0	0.0001307333572	0
2331	Praf2	0.1144776825	0	0.0001307333572	0
2332	Cpt1c	0.1144543234	0	0.0001307333572	0
2333	Uckl1os	0.1143658056	0	0.0001307333572	0
2334	9630013A20Rik	0.1143641777	0	0.0001307333572	0
2335	Kcne1l	0.1143589966	0	0.0001307333572	0
2336	Kif1bp	0.1143582683	0	0.0001307333572	0
2337	Tmem132e	0.114167888	0	0.0001307333572	0
2338	Naaa	0.1141255684	0	0.0001307333572	0
2339	Clec18a	0.1140671844	0	0.0001307333572	0
2340	Slc44a5	0.1140529633	0	0.0001307333572	0
2341	St8sia3	0.1138832777	0	0.0001307333572	0
2342	Efemp2	0.1138005087	0	0.0001307333572	0
2343	Plpp4	0.1137296198	0	0.0001307333572	0
2344	Tacr1	0.1136501685	0	0.0001307333572	0
2345	Gpr27	0.113544923	0	0.0001307333572	0
2346	Lhx6	0.1134709286	0	0.0001307333572	0
2347	BC051019	0.1132356954	0	0.0001307333572	0
2348	Thyn1	0.1131824962	0	0.0001307333572	0
2349	Syt3	0.113145215	0	0.0001307333572	0
2350	Plxna1	0.1130235077	0	0.0001307333572	0
2351	2900026A02Rik	0.1129567931	0	0.0001307333572	0
2352	Rtl3	0.1129476087	0	0.0001307333572	0
2353	Cilp	0.1128872746	0	0.0001307333572	0
2354	Myh14	0.1128307907	0	0.0001307333572	0
2355	Lrrc3b	0.1127202565	0	0.0001307333572	0
2356	Slco1a5	0.1124331537	0	0.0001307333572	0
2357	Cpq	0.1123332723	0	0.0001307333572	0
2358	Fbln7	0.1120548816	0	0.0001307333572	0
2359	Cabcoco1	0.1120043498	0	0.0001307333572	0
2360	Iyd	0.1119914968	0	0.0001307333572	0
2361	Efhc1	0.1118951968	0	0.0001307333572	0
2362	Grcc10	0.1118898398	0	0.0001307333572	0
2363	Wscd2	0.1118410781	0	0.0001307333572	0
2364	Obscn	0.1117823711	0	0.0001307333572	0
2365	Hmgn1	0.111764714	0	0.0001307333572	0
2366	Cfap70	0.1117415503	0	0.0001307333572	0
2367	Myh11	0.1116570876	0	0.0001307333572	0
2368	Rapgef2	0.1114939796	0	0.0001307333572	0
2369	Barhl1	0.111315007	0	0.0001307333572	0
2370	Pax6	0.111141876	0	0.0001307333572	0
2371	Col5a1	0.1111028799	0	0.0001307333572	0
2372	Dlec1	0.1110298122	0	0.0001307333572	0
2373	Nkx2-2	0.1109982506	0	0.0001307333572	0
2374	Galm	0.1108896129	0	0.0001307333572	0
2375	Zim1	0.1108754395	0	0.0001307333572	0
2376	Pcdh11x	0.1104873189	0	0.0001307333572	0
2377	Pwwp2b	0.1104224419	0	0.0001307333572	0
2378	Ptgs2	0.1102284787	0	0.0001307333572	0
2379	Wfdc18	0.1101840255	0	0.0001307333572	0
2380	Gsx1	0.1100295907	0	0.0001307333572	0
2381	Fsip1	0.1100146334	0	0.0001307333572	0
2382	Gpr150	0.110003553	0	0.0001307333572	0
2383	Dach1	0.1099234442	0	0.0001307333572	0
2384	Foxd1	0.1099157509	0	0.0001307333572	0
2385	Kbtbd11	0.1098844269	0	0.0001307333572	0
2386	Tmtc4	0.1097992663	0	0.0001307333572	0
2387	Pnma2	0.109775593	0	0.0001307333572	0
2388	Rsph10b	0.1096241801	0	0.0001307333572	0
2389	Pcsk1	0.1095712269	0	0.0001307333572	0
2390	Abca8a	0.1095326353	0	0.0001307333572	0
2391	Ube2e2	0.109478822	0	0.0001307333572	0
2392	Serhl	0.1092487344	0	0.0001307333572	0
2393	Stk32b	0.1092414431	0	0.0001307333572	0
2394	Cox20	0.1091717612	0	0.0001307333572	0
2395	C530008M17Rik	0.1090564524	0	0.0001307333572	0
2396	Upk1b	0.10904331	0	0.0001307333572	0
2397	Rspo3	0.1089041648	0	0.0001307333572	0
2398	Pip5k1b	0.1088716742	0	0.0001307333572	0
2399	Kcnmb1	0.1088406337	0	0.0001307333572	0
2400	Zfhx2	0.1087149685	0	0.0001307333572	0
2401	Chrna10	0.1087006275	0	0.0001307333572	0
2402	Ypel4	0.1086462152	0	0.0001307333572	0
2403	Mcub	0.1085764956	0	0.0001307333572	0
2404	Lrrc46	0.1084489009	0	0.0001307333572	0
2405	Tshz1	0.108414928	0	0.0001307333572	0
2406	Zscan10	0.10833778	0	0.0001307333572	0
2407	Tmem150c	0.1083331815	0	0.0001307333572	0
2408	Kdf1	0.1081417236	0	0.0001307333572	0
2409	Ebf1	0.1080148938	0	0.0001307333572	0
2410	Gzmm	0.1080095277	0	0.0001307333572	0
2411	Ankrd34a	0.1079765269	0	0.0001307333572	0
2412	Pbx4	0.1079448458	0	0.0001307333572	0
2413	Nqo1	0.1077873247	0	0.0001307333572	0
2414	Crls1	0.1076056338	0	0.0001307333572	0
2415	Arpc4	0.1075563556	0	0.0001307333572	0
2416	Fuca1	0.1073412241	0	0.0001307333572	0
2417	1110051M20Rik	0.1072803154	0	0.0001307333572	0
2418	Slc43a3	0.1071429208	0	0.0001307333572	0
2419	Gfra1	0.1071268241	0	0.0001307333572	0
2420	Ypel5	0.1067881158	0	0.0001307333572	0
2421	Irak1bp1	0.1067874338	0	0.0001307333572	0
2422	Tspan17	0.1067088663	0	0.0001307333572	0
2423	Grik4	0.1065386975	0	0.0001307333572	0
2424	Spred2	0.1064690803	0	0.0001307333572	0
2425	B4galnt4	0.1063988463	0	0.0001307333572	0
2426	Mrps26	0.1063860318	0	0.0001307333572	0
2427	Impdh1	0.1063354856	0	0.0001307333572	0
2428	Ltbp3	0.1063254961	0	0.0001307333572	0
2429	Mns1	0.1063007517	0	0.0001307333572	0
2430	Mrps33	0.1062401971	0	0.0001307333572	0
2431	Sptlc3	0.1062256333	0	0.0001307333572	0
2432	Flrt3	0.1062090141	0	0.0001307333572	0
2433	Cp	0.1061407456	0	0.0001307333572	0
2434	Ccl12	0.1059287585	0	0.0001307333572	0
2435	Phlda1	0.1058481871	0	0.0001307333572	0
2436	Dcakd	0.1057492166	0	0.0001307333572	0
2437	Myl9	0.1056950248	0	0.0001307333572	0
2438	Vgll2	0.1056237617	0	0.0001307333572	0
2439	Gm36447	0.1055443666	0	0.0001307333572	0
2440	Eef1akmt1	0.1054920344	0	0.0001307333572	0
2441	Itih2	0.1054092525	0	0.0001307333572	0
2442	Galnt18	0.1052441212	0	0.0001307333572	0
2443	Mtmr12	0.1051698896	0	0.0001307333572	0
2444	Fam110b	0.1051477635	0	0.0001307333572	0
2445	Gm853	0.1051290646	0	0.0001307333572	0
2446	Rabgap1l	0.1050720369	0	0.0001307333572	0
2447	Tuba8	0.1050698999	0	0.0001307333572	0
2448	Atp6v0e	0.1049065209	0	0.0001307333572	0
2449	Pigp	0.1048823724	0	0.0001307333572	0
2450	Slc10a4	0.1046058281	0	0.0001307333572	0
2451	Stoml1	0.1043855662	0	0.0001307333572	0
2452	Ube2l6	0.1041508924	0	0.0001307333572	0
2453	Dnajc12	0.1039601821	0	0.0001307333572	0
2454	Trpc4	0.1039235474	0	0.0001307333572	0
2455	Tle1	0.1038492151	0	0.0001307333572	0
2456	Ocln	0.103800141	0	0.0001307333572	0
2457	Bhlhb9	0.1035521417	0	0.0001307333572	0
2458	Tnfaip2	0.1035344701	0	0.0001307333572	0
2459	Bfsp2	0.103357491	0	0.0001307333572	0
2460	Fam46c	0.1033286724	0	0.0001307333572	0
2461	Maob	0.1031659164	0	0.0001307333572	0
2462	Nlgn1	0.1030107041	0	0.0001307333572	0
2463	Rps6ka6	0.1029984283	0	0.0001307333572	0
2464	Ica1	0.1029915874	0	0.0001307333572	0
2465	Hmgcs2	0.1029835171	0	0.0001307333572	0
2466	Ctsc	0.10297885	0	0.0001307333572	0
2467	Apoo	0.1028881538	0	0.0001307333572	0
2468	Col6a2	0.1028636449	0	0.0001307333572	0
2469	Cfap46	0.1028214676	0	0.0001307333572	0
2470	Exd2	0.1026619903	0	0.0001307333572	0
2471	Pcdh1	0.1023340532	0	0.0001307333572	0
2472	Tbc1d2	0.1023237638	0	0.0001307333572	0
2473	Bcam	0.1021657987	0	0.0001307333572	0
2474	Cald1	0.1020939933	0	0.0001307333572	0
2475	Fign	0.1020861721	0	0.0001307333572	0
2476	Slc13a3	0.1019137915	0	0.0001307333572	0
2477	Lurap1l	0.1018581246	0	0.0001307333572	0
2478	Slc26a10	0.1018449895	0	0.0001307333572	0
2479	B3gat2	0.1017830907	0	0.0001307333572	0
2480	Ksr1	0.1017421417	0	0.0001307333572	0
2481	Odc1	0.1017224326	0	0.0001307333572	0
2482	As3mt	0.1015755493	0	0.0001307333572	0
2483	Itih5	0.1013333018	0	0.0001307333572	0
2484	Tmem237	0.1012096415	0	0.0001307333572	0
2485	Wisp2	0.1011697798	0	0.0001307333572	0
2486	Scn3a	0.1010879673	0	0.0001307333572	0
2487	Tub	0.1010620974	0	0.0001307333572	0
2488	Serpina9	0.1009786828	0	0.0001307333572	0
2489	Tomm34	0.1008387232	0	0.0001307333572	0
2490	Pcdh18	0.1007426896	0	0.0001307333572	0
2491	Bmp7	0.1006949644	0	0.0001307333572	0
2492	Bace2	0.1005137024	0	0.0001307333572	0
2493	Umodl1	0.1003925766	0	0.0001307333572	0
2494	Upb1	0.1003058909	0	0.0001307333572	0
2495	Ehd3	0.1002554785	0	0.0001307333572	0
2496	Aard	0.1002314962	0	0.0001307333572	0
2497	Krt9	0.1001386228	0	0.0001307333572	0
2498	Napepld	0.1000531298	0	0.0001307333572	0
2499	Abi3bp	0.09997609729	0	0.0001307333572	0
2500	Ttll6	0.0998638577	0	0.0001307333572	0
2501	Gm16006	0.09982566595	0	0.0001307333572	0
2502	Casc1	0.09979264325	0	0.0001307333572	0
2503	Npr1	0.09978206569	0	0.0001307333572	0
2504	Slc47a1	0.09959690575	0	0.0001307333572	0
2505	A230050P20Rik	0.09957935509	0	0.0001307333572	0
2506	Acly	0.09957879133	0	0.0001307333572	0
2507	Ube2w	0.09939387206	0	0.0001307333572	0
2508	Slc39a6	0.09937271133	0	0.0001307333572	0
2509	Rsad2	0.09929045597	0	0.0001307333572	0
2510	Traf1	0.09928396234	0	0.0001307333572	0
2511	Cacna1s	0.09901773601	0	0.0001307333572	0
2512	Gm34721	0.09900782694	0	0.0001307333572	0
2513	Pdlim4	0.09894640136	0	0.0001307333572	0
2514	Rilp	0.09887801862	0	0.0001307333572	0
2515	Bche	0.09885890813	0	0.0001307333572	0
2516	Pclaf	0.09883085384	0	0.0001307333572	0
2517	B9d1	0.09865218692	0	0.0001307333572	0
2518	Rnf182	0.09859948343	0	0.0001307333572	0
2519	Pid1	0.09825955908	0	0.0001307333572	0
2520	Disp3	0.09810995963	0	0.0001307333572	0
2521	Dclk2	0.09809735744	0	0.0001307333572	0
2522	Dscaml1	0.09796372567	0	0.0001307333572	0
2523	Mpped2	0.09787769213	0	0.0001307333572	0
2524	Ahcyl2	0.09783424988	0	0.0001307333572	0
2525	Aprt	0.09782715224	0	0.0001307333572	0
2526	Gpr17	0.09782396328	0	0.0001307333572	0
2527	Pomgnt2	0.09769427662	0	0.0001307333572	0
2528	Prkag2	0.09764076842	0	0.0001307333572	0
2529	H2-K1	0.09751435706	0	0.0001307333572	0
2530	Scx	0.09745869942	0	0.0001307333572	0
2531	Igf1	0.09744929794	0	0.0001307333572	0
2532	Mcee	0.09738917452	0	0.0001307333572	0
2533	Spryd7	0.09737773251	0	0.0001307333572	0
2534	Chrna6	0.09735651162	0	0.0001307333572	0
2535	4921539H07Rik	0.09728674566	0	0.0001307333572	0
2536	C130060K24Rik	0.09728601919	0	0.0001307333572	0
2537	Mrc2	0.09712227844	0	0.0001307333572	0
2538	Ctsh	0.0971085319	0	0.0001307333572	0
2539	Ctnnal1	0.09708911617	0	0.0001307333572	0
2540	Cndp1	0.09699025381	0	0.0001307333572	0
2541	Rps6kl1	0.09692116072	0	0.0001307333572	0
2542	Ctss	0.09689925719	0	0.0001307333572	0
2543	Pipox	0.09676683643	0	0.0001307333572	0
2544	2900079G21Rik	0.09667252867	0	0.0001307333572	0
2545	Slc16a9	0.0966482668	0	0.0001307333572	0
2546	Wdr66	0.09661159176	0	0.0001307333572	0
2547	Tcerg1l	0.09652684138	0	0.0001307333572	0
2548	Lamb2	0.09649887833	0	0.0001307333572	0
2549	Cubn	0.09645222774	0	0.0001307333572	0
2550	Sox1	0.09636583574	0	0.0001307333572	0
2551	Ccdc34	0.09616897337	0	0.0001307333572	0
2552	Cyp2f2	0.09607434877	0	0.0001307333572	0
2553	Vtn	0.09587780046	0	0.0001307333572	0
2554	Gpr12	0.09580786693	0	0.0001307333572	0
2555	Manf	0.09579029956	0	0.0001307333572	0
2556	2010005H15Rik	0.09575462855	0	0.0001307333572	0
2557	Fmo1	0.09560655872	0	0.0001307333572	0
2558	Dlat	0.09558172917	0	0.0001307333572	0
2559	Timm9	0.0955680056	0	0.0001307333572	0
2560	2310009B15Rik	0.09542302606	0	0.0001307333572	0
2561	Tuft1	0.09541010842	0	0.0001307333572	0
2562	Plac8	0.09540949091	0	0.0001307333572	0
2563	Ccl4	0.09540948364	0	0.0001307333572	0
2564	Erich2	0.09536949544	0	0.0001307333572	0
2565	Nmt1	0.0953284817	0	0.0001307333572	0
2566	Gm10605	0.09529802151	0	0.0001307333572	0
2567	Stmnd1	0.0952821692	0	0.0001307333572	0
2568	Golm1	0.09506544375	0	0.0001307333572	0
2569	Cdk1	0.09505213232	0	0.0001307333572	0
2570	Antxr1	0.09502654146	0	0.0001307333572	0
2571	Plekha2	0.09478506086	0	0.0001307333572	0
2572	Npas1	0.09460739059	0	0.0001307333572	0
2573	Dnah12	0.09455780515	0	0.0001307333572	0
2574	Steap4	0.09449984162	0	0.0001307333572	0
2575	Nppc	0.09439609514	1.110223025e-16	0.0001307333572	1.706066884e-16
2576	Ankrd45	0.09439176154	1.110223025e-16	0.0001307333572	1.706066884e-16
2577	Med10	0.09438840507	1.110223025e-16	0.0001307333572	1.706066884e-16
2578	Kif9	0.0943140092	1.110223025e-16	0.0001307333572	1.706066884e-16
2579	Klc3	0.09422430301	1.110223025e-16	0.0001307333572	1.706066884e-16
2580	Mgl2	0.09421437736	1.110223025e-16	0.0001307333572	1.706066884e-16
2581	Efs	0.09421031433	1.110223025e-16	0.0001307333572	1.706066884e-16
2582	Gm14051	0.09413657146	1.110223025e-16	0.0001307333572	1.706066884e-16
2583	Vasn	0.09405301145	1.110223025e-16	0.0001307333572	1.706066884e-16
2584	Cetn4	0.09404566298	1.110223025e-16	0.0001307333572	1.706066884e-16
2585	Catsperz	0.09403335419	1.110223025e-16	0.0001307333572	1.706066884e-16
2586	Kctd9	0.09402267773	1.110223025e-16	0.0001307333572	1.706066884e-16
2587	Bcl6	0.09395134122	1.110223025e-16	0.0001307333572	1.706066884e-16
2588	Grem1	0.09390038555	1.110223025e-16	0.0001307333572	1.706066884e-16
2589	Large2	0.09388779264	1.110223025e-16	0.0001307333572	1.706066884e-16
2590	Ica1l	0.09379919351	1.110223025e-16	0.0001307333572	1.706066884e-16
2591	Parva	0.09379788927	1.110223025e-16	0.0001307333572	1.706066884e-16
2592	Chd7	0.09360737335	1.110223025e-16	0.0001307333572	1.706066884e-16
2593	Gramd1a	0.09356891935	1.110223025e-16	0.0001307333572	1.706066884e-16
2594	Sh3bp5	0.0935301045	1.110223025e-16	0.0001307333572	1.706066884e-16
2595	Nucb2	0.0935087911	1.110223025e-16	0.0001307333572	1.706066884e-16
2596	Lrg1	0.09348046501	1.110223025e-16	0.0001307333572	1.706066884e-16
2597	Cfap157	0.09334345615	1.110223025e-16	0.0001307333572	1.706066884e-16
2598	Ecm1	0.09330892972	1.110223025e-16	0.0001307333572	1.706066884e-16
2599	Ccng2	0.09315675651	1.110223025e-16	0.0001307333572	1.706066884e-16
2600	Crispld2	0.09312387273	1.110223025e-16	0.0001307333572	1.706066884e-16
2601	Wbp1	0.09301617909	1.110223025e-16	0.0001307333572	1.706066884e-16
2602	Foxc2	0.09301466602	1.110223025e-16	0.0001307333572	1.706066884e-16
2603	Ninj1	0.09299193569	1.110223025e-16	0.0001307333572	1.706066884e-16
2604	Slc35g2	0.09290984387	2.220446049e-16	0.0001307333572	3.401679126e-16
2605	Yjefn3	0.09280696869	2.220446049e-16	0.0001307333572	3.401679126e-16
2606	Dnah11	0.09279656493	2.220446049e-16	0.0001307333572	3.401679126e-16
2607	2610301B20Rik	0.09267940304	2.220446049e-16	0.0001307333572	3.401679126e-16
2608	Otub2	0.09256721532	2.220446049e-16	0.0001307333572	3.401679126e-16
2609	Zbtb7c	0.09254680033	2.220446049e-16	0.0001307333572	3.401679126e-16
2610	Vcam1	0.09247014331	2.220446049e-16	0.0001307333572	3.401679126e-16
2611	Rnase4	0.09241465907	2.220446049e-16	0.0001307333572	3.401679126e-16
2612	Nrip1	0.09214168819	3.330669074e-16	0.0001307333572	5.08887559e-16
2613	Ooep	0.09211017014	3.330669074e-16	0.0001307333572	5.08887559e-16
2614	Tmem199	0.09206829117	3.330669074e-16	0.0001307333572	5.08887559e-16
2615	S100a4	0.09203254002	3.330669074e-16	0.0001307333572	5.08887559e-16
2616	Myo16	0.09203203184	3.330669074e-16	0.0001307333572	5.08887559e-16
2617	Itga8	0.09198631997	3.330669074e-16	0.0001307333572	5.08887559e-16
2618	Ptpn14	0.09189176453	3.330669074e-16	0.0001307333572	5.08887559e-16
2619	Dusp6	0.09171304304	4.440892099e-16	0.0001307333572	6.769652589e-16
2620	Drd5	0.09157957503	4.440892099e-16	0.0001307333572	6.769652589e-16
2621	Cfap61	0.09152407445	4.440892099e-16	0.0001307333572	6.769652589e-16
2622	Fbln5	0.09148576389	4.440892099e-16	0.0001307333572	6.769652589e-16
2623	Fbxo36	0.09142840728	4.440892099e-16	0.0001307333572	6.769652589e-16
2624	Nsmce3	0.09141550226	4.440892099e-16	0.0001307333572	6.769652589e-16
2625	Sowahc	0.09134164982	5.551115123e-16	0.0001307333572	8.44597204e-16
2626	1110004E09Rik	0.09128332461	5.551115123e-16	0.0001307333572	8.44597204e-16
2627	Usp18	0.09122607745	5.551115123e-16	0.0001307333572	8.44597204e-16
2628	Mchr1	0.09115361092	5.551115123e-16	0.0001307333572	8.44597204e-16
2629	Lbh	0.09112505419	5.551115123e-16	0.0001307333572	8.44597204e-16
2630	Npb	0.09109505226	6.661338148e-16	0.0001307333572	1.012361421e-15
2631	Ccl19	0.09103498511	6.661338148e-16	0.0001307333572	1.012361421e-15
2632	Skil	0.09096862568	6.661338148e-16	0.0001307333572	1.012361421e-15
2633	Ngp	0.09088827002	7.771561172e-16	0.0001307333572	1.179296081e-15
2634	Plxna4	0.0908057627	7.771561172e-16	0.0001307333572	1.179296081e-15
2635	Zic5	0.09079279207	7.771561172e-16	0.0001307333572	1.179296081e-15
2636	Sned1	0.09078428765	7.771561172e-16	0.0001307333572	1.179296081e-15
2637	Gpc3	0.09060425588	8.881784197e-16	0.0001307333572	1.346234816e-15
2638	Hebp1	0.09056497957	8.881784197e-16	0.0001307333572	1.346234816e-15
2639	Gkn3	0.09053498153	8.881784197e-16	0.0001307333572	1.346234816e-15
2640	Nxph2	0.09047800091	9.992007222e-16	0.0001307333572	1.513367243e-15
2641	Abcc8	0.0903956243	9.992007222e-16	0.0001307333572	1.513367243e-15
2642	Il6st	0.09025200644	1.110223025e-15	0.0001307333572	1.680246727e-15
2643	Ankrd66	0.09021140018	1.110223025e-15	0.0001307333572	1.680246727e-15
2644	E330017L17Rik	0.09018288519	1.221245327e-15	0.0001307333572	1.846873841e-15
2645	Clvs2	0.09013665829	1.221245327e-15	0.0001307333572	1.846873841e-15
2646	Slco1c1	0.09001691267	1.33226763e-15	0.0001307333572	2.013249157e-15
2647	Hes6	0.09001024778	1.33226763e-15	0.0001307333572	2.013249157e-15
2648	Mustn1	0.08965131896	1.776356839e-15	0.0001307333572	2.683318489e-15
2649	Clic1	0.08954918811	1.887379142e-15	0.0001307333572	2.849949629e-15
2650	Zrsr2	0.08941596146	1.998401444e-15	0.0001307333572	3.01645501e-15
2651	Stk32a	0.08930786371	2.220446049e-15	0.0001307333572	3.349089064e-15
2652	Slc6a15	0.08926978742	2.220446049e-15	0.0001307333572	3.349089064e-15
2653	Akr1c18	0.08918422448	2.442490654e-15	0.0001307333572	3.682609354e-15
2654	Lor	0.08910267909	2.553512957e-15	0.0001307333572	3.8471005e-15
2655	Fst	0.0890843898	2.553512957e-15	0.0001307333572	3.8471005e-15
2656	Idh2	0.08904928097	2.664535259e-15	0.0001307333572	4.012854306e-15
2657	Gm13373	0.08889178379	2.886579864e-15	0.0001307333572	4.345622678e-15
2658	Ppp1r13b	0.08881062032	3.108624469e-15	0.0001307333572	4.6763813e-15
2659	Enox2	0.08880223253	3.108624469e-15	0.0001307333572	4.6763813e-15
2660	Cma1	0.08877237967	3.219646771e-15	0.0001307333572	4.841574092e-15
2661	Seh1l	0.0886074573	3.552713679e-15	0.0001307333572	5.340418908e-15
2662	Kcnj11	0.08858856133	3.663735981e-15	0.0001307333572	5.505238139e-15
2663	Vps37b	0.08850031757	3.885780586e-15	0.0001307333572	5.836696337e-15
2664	Krt80	0.08844188366	3.996802889e-15	0.0001307333572	6.001205539e-15
2665	Nmu	0.08839878042	4.107825191e-15	0.0001307333572	6.165591281e-15
2666	Slc2a1	0.08837787473	4.218847494e-15	0.0001307333572	6.329853704e-15
2667	Asic4	0.08830685165	4.440892099e-15	0.0001307333572	6.660505585e-15
2668	Hunk	0.08822628743	4.662936703e-15	0.0001307333572	6.9909096e-15
2669	Kif2a	0.08819865832	4.773959006e-15	0.0001307333572	7.151998511e-15
2670	Arhgap28	0.08818561348	4.773959006e-15	0.0001307333572	7.151998511e-15
2671	Bambi	0.08808645992	5.107025913e-15	0.0001307333572	7.64811069e-15
2672	Lyz2	0.08800114257	5.440092821e-15	0.0001307333572	8.143851528e-15
2673	Ppp4r4	0.08782945712	6.106226635e-15	0.0001307333572	9.137638063e-15
2674	1700003F12Rik	0.08776265313	6.32827124e-15	0.0001307333572	9.466374331e-15
2675	Plvap	0.08775262095	6.439293543e-15	0.0001307333572	9.628850157e-15
2676	Gpx2	0.08767963838	6.77236045e-15	0.0001307333572	1.012310979e-14
2677	G630093K05Rik	0.08752095371	7.549516567e-15	0.0001307333572	1.128056267e-14
2678	Sntb1	0.08740337147	8.10462808e-15	0.0001307333572	1.210549377e-14
2679	Spef1	0.08728617398	8.881784197e-15	0.0001307333572	1.326134259e-14
2680	Oxtr	0.08712722246	9.880984919e-15	0.0001307333572	1.474223785e-14
2681	Top2a	0.08712366716	9.880984919e-15	0.0001307333572	1.474223785e-14
2682	Lrp10	0.08710459334	9.992007222e-15	0.0001307333572	1.490232248e-14
2683	Gm47043	0.08701903622	1.054711873e-14	0.0001307333572	1.572436636e-14
2684	Rab27b	0.08700467723	1.065814104e-14	0.0001307333572	1.588396578e-14
2685	Gse1	0.08697339461	1.088018564e-14	0.0001307333572	1.620884267e-14
2686	Itga4	0.08691424471	1.132427485e-14	0.0001307333572	1.686414721e-14
2687	Ppbp	0.08689283924	1.154631946e-14	0.0001307333572	1.71884175e-14
2688	Foxo1	0.08681245102	1.221245327e-14	0.0001307333572	1.817329356e-14
2689	Rmnd5b	0.08674042751	1.276756478e-14	0.0001307333572	1.899228677e-14
2690	Arhgap24	0.08668641034	1.33226763e-14	0.0001307333572	1.981067107e-14
2691	Maf	0.08664488672	1.36557432e-14	0.0001307333572	2.029839198e-14
2692	Cttnbp2	0.08656349463	1.443289932e-14	0.0001307333572	2.144561563e-14
2693	Gm29508	0.08655248427	1.454392162e-14	0.0001307333572	2.160255718e-14
2694	Foxc1	0.08651854831	1.487698853e-14	0.0001307333572	2.208906983e-14
2695	2010111I01Rik	0.0864684523	1.543210004e-14	0.0001307333572	2.29047867e-14
2696	Rgmb	0.08640991808	1.598721155e-14	0.0001307333572	2.371989845e-14
2697	Flna	0.08622617478	1.80966353e-14	0.0001307333572	2.683965191e-14
2698	Slc38a5	0.08618687939	1.865174681e-14	0.0001307333572	2.765270098e-14
2699	Rhcg	0.08614257756	1.920685833e-14	0.0001307333572	2.846514757e-14
2700	Magee2	0.08598270823	2.131628207e-14	0.0001307333572	3.157967714e-14
2701	Btbd9	0.08592156241	2.220446049e-14	0.0001307333572	3.288331802e-14
2702	Gadd45g	0.0858659993	2.309263891e-14	0.0001307333572	3.418599395e-14
2703	Cavin1	0.0858614213	2.320366121e-14	0.0001307333572	3.433764146e-14
2704	Ufsp1	0.08582735093	2.364775042e-14	0.0001307333572	3.498187933e-14
2705	Cdca7l	0.08579456652	2.420286194e-14	0.0001307333572	3.578981432e-14
2706	Sh3bgrl	0.08577007492	2.464695115e-14	0.0001307333572	3.641958056e-14
2707	Map4k3	0.08576948389	2.464695115e-14	0.0001307333572	3.641958056e-14
2708	Srr	0.08560055978	2.753353101e-14	0.0001307333572	4.066991287e-14
2709	Cnksr3	0.08559695794	2.764455331e-14	0.0001307333572	4.081883103e-14
2710	Parp1	0.08558987658	2.775557562e-14	0.0001307333572	4.096763929e-14
2711	Slc12a4	0.08545180033	3.042011087e-14	0.0001307333572	4.488397031e-14
2712	Cox7a1	0.0853341949	3.297362383e-14	0.0001307333572	4.863366347e-14
2713	Gramd1b	0.08522760419	3.541611449e-14	0.0001307333572	5.221690304e-14
2714	Sh3bp4	0.08518651199	3.630429291e-14	0.0001307333572	5.350669551e-14
2715	Tmem68	0.08516896351	3.674838212e-14	0.0001307333572	5.414126278e-14
2716	Tmem64	0.08509073686	3.874678356e-14	0.0001307333572	5.704347966e-14
2717	Ripor1	0.08508864843	3.874678356e-14	0.0001307333572	5.704347966e-14
2718	Plb1	0.08507733789	3.907985047e-14	0.0001307333572	5.751265705e-14
2719	Dnaja4	0.08506623763	3.941291737e-14	0.0001307333572	5.798148933e-14
2720	Ccnd3	0.08500448286	4.107825191e-14	0.0001307333572	6.040919399e-14
2721	Sytl3	0.0849493725	4.252154184e-14	0.0001307333572	6.250869804e-14
2722	Styxl1	0.08487131084	4.485301019e-14	0.0001307333572	6.591184452e-14
2723	Ramp2	0.08479290964	4.718447855e-14	0.0001307333572	6.931249144e-14
2724	Rrh	0.08472213073	4.95159469e-14	0.0001307333572	7.271064155e-14
2725	Sf3b5	0.08470453925	5.007105841e-14	0.0001307333572	7.349880134e-14
2726	Cldn22	0.0845219411	5.651035195e-14	0.0001307333572	8.292054579e-14
2727	Spata24	0.08448512529	5.784261958e-14	0.0001307333572	8.484432649e-14
2728	Notch2	0.08432806541	6.417089082e-14	0.0001307333572	9.409221528e-14
2729	Fn1	0.08420624668	6.949996134e-14	0.0001307333572	1.018687598e-13
2730	4933434E20Rik	0.08391217525	8.437694987e-14	0.0001307333572	1.236292306e-13
2731	Celsr3	0.08377873669	9.214851104e-14	0.0001307333572	1.34966695e-13
2732	Gm37748	0.08371099778	9.625633624e-14	0.0001307333572	1.409316782e-13
2733	H13	0.08366552565	9.91429161e-14	0.0001307333572	1.4510489e-13
2734	Pdpn	0.08362880739	1.015854068e-13	0.0001307333572	1.486253208e-13
2735	Cdc40	0.08354307465	1.074695888e-13	0.0001307333572	1.571767295e-13
2736	Ly6d	0.08353266801	1.081357226e-13	0.0001307333572	1.580931617e-13
2737	Uox	0.08337969836	1.195710198e-13	0.0001307333572	1.747475627e-13
2738	Gcm2	0.08326788519	1.285638263e-13	0.0001307333572	1.878215139e-13
2739	Dlx2	0.08321689117	1.32893696e-13	0.0001307333572	1.940762264e-13
2740	Krt10	0.08319487752	1.348920975e-13	0.0001307333572	1.969227701e-13
2741	Slitrk3	0.08310859073	1.426636587e-13	0.0001307333572	2.081921323e-13
2742	Rnf128	0.08310607795	1.428857033e-13	0.0001307333572	2.084401215e-13
2743	Gm34006	0.08304340003	1.487698853e-13	0.0001307333572	2.169447835e-13
2744	Nek7	0.08298935991	1.540989558e-13	0.0001307333572	2.246340464e-13
2745	Emp1	0.08282291197	1.716404796e-13	0.0001307333572	2.501136315e-13
2746	Hspb1	0.08281385623	1.726396803e-13	0.0001307333572	2.514780485e-13
2747	Plppr5	0.08269386593	1.866284904e-13	0.0001307333572	2.717560836e-13
2748	Rpp25	0.08257064409	2.021716128e-13	0.0001307333572	2.942818236e-13
2749	Rdh10	0.08251932905	2.089439732e-13	0.0001307333572	3.040290625e-13
2750	Aph1c	0.08251529061	2.094990847e-13	0.0001307333572	3.046151723e-13
2751	Mirt1	0.0825148409	2.094990847e-13	0.0001307333572	3.046151723e-13
2752	Ar	0.08241157443	2.239319841e-13	0.0001307333572	3.25482535e-13
2753	Rnh1	0.08240302981	2.252642517e-13	0.0001307333572	3.273000388e-13
2754	Sox9	0.08236500575	2.308153668e-13	0.0001307333572	3.352438153e-13
2755	Arrb2	0.08224567104	2.49245069e-13	0.0001307333572	3.61880318e-13
2756	Vav2	0.08222400581	2.527977827e-13	0.0001307333572	3.66905345e-13
2757	Pln	0.08213335986	2.678968158e-13	0.0001307333572	3.886787317e-13
2758	Prdm6	0.08212629374	2.691180612e-13	0.0001307333572	3.903090082e-13
2759	Haao	0.08212271587	2.69784195e-13	0.0001307333572	3.911333019e-13
2760	Chpf	0.08199709021	2.924327447e-13	0.0001307333572	4.23815572e-13
2761	Ddit4	0.08193715669	3.038680418e-13	0.0001307333572	4.402289632e-13
2762	Slc37a2	0.08182484045	3.265165915e-13	0.0001307333572	4.728697922e-13
2763	1700013F07Rik	0.08178601429	3.347322419e-13	0.0001307333572	4.845924603e-13
2764	Lama5	0.08174951496	3.427258477e-13	0.0001307333572	4.959853078e-13
2765	Asph	0.08174096272	3.446132268e-13	0.0001307333572	4.985363137e-13
2766	Mitf	0.08169850564	3.540501226e-13	0.0001307333572	5.120030695e-13
2767	Gm48570	0.08166862347	3.609335053e-13	0.0001307333572	5.217687102e-13
2768	Gm45645	0.08155801069	3.873568133e-13	0.0001307333572	5.597641811e-13
2769	Foxo6	0.08148211019	4.065636716e-13	0.0001307333572	5.873075791e-13
2770	Rhod	0.08143100168	4.199973702e-13	0.0001307333572	6.064943974e-13
2771	Esm1	0.08126527505	4.667377596e-13	0.0001307333572	6.737463148e-13
2772	Ascl4	0.08118644578	4.907185769e-13	0.0001307333572	7.081076146e-13
2773	Eya2	0.08097908366	5.59774449e-13	0.0001307333572	8.074640447e-13
2774	Ucma	0.08093502101	5.756506383e-13	0.0001307333572	8.300658086e-13
2775	Trio	0.0809118407	5.841993556e-13	0.0001307333572	8.420891612e-13
2776	Mup6	0.08089539407	5.903055822e-13	0.0001307333572	8.505844124e-13
2777	Yap1	0.08069257106	6.711298184e-13	0.0001307333572	9.666976138e-13
2778	Pcsk5	0.08067153851	6.801226249e-13	0.0001307333572	9.79298236e-13
2779	Ascc1	0.0805088846	7.536193891e-13	0.0001307333572	1.084734637e-12
2780	Cped1	0.08042470665	7.94697641e-13	0.0001307333572	1.143449843e-12
2781	Tubgcp2	0.08036414224	8.256728634e-13	0.0001307333572	1.187591317e-12
2782	Klhl26	0.08034285309	8.367750937e-13	0.0001307333572	1.203127381e-12
2783	Tnfrsf21	0.08029938755	8.599787549e-13	0.0001307333572	1.236045641e-12
2784	Prkar2a	0.0802964527	8.615330671e-13	0.0001307333572	1.237834867e-12
2785	Gldn	0.08028407836	8.683054276e-13	0.0001307333572	1.247117311e-12
2786	Lsm8	0.080259824	8.816281039e-13	0.0001307333572	1.265797708e-12
2787	Fkbp9	0.08015063509	9.442446824e-13	0.0001307333572	1.355213035e-12
2788	Epb41l4a	0.08008713076	9.826583991e-13	0.0001307333572	1.409839884e-12
2789	Ampd2	0.08003188634	1.017297357e-12	0.0001307333572	1.459013779e-12
2790	Ifngr2	0.07995919585	1.064703881e-12	0.0001307333572	1.526457177e-12
2791	Angpt2	0.07994834468	1.07192033e-12	0.0001307333572	1.536252713e-12
2792	Ak8	0.07986227032	1.131317262e-12	0.0001307333572	1.62079837e-12
2793	C1qc	0.07975739971	1.208033673e-12	0.0001307333572	1.730087609e-12
2794	Bphl	0.07971773813	1.238342762e-12	0.0001307333572	1.772860074e-12
2795	Gdf10	0.07963537612	1.303623876e-12	0.0001307333572	1.865651342e-12
2796	Prps2	0.07960813431	1.325939358e-12	0.0001307333572	1.896908953e-12
2797	Cldn5	0.07957078277	1.357247648e-12	0.0001307333572	1.940628581e-12
2798	Gata3	0.07957050511	1.357469692e-12	0.0001307333572	1.940628581e-12
2799	1700028P14Rik	0.07949983977	1.418642981e-12	0.0001307333572	2.027356886e-12
2800	Tmem200a	0.07932879416	1.577959985e-12	0.0001307333572	2.25422855e-12
2801	Ift43	0.07916310145	1.748934331e-12	0.0001307333572	2.49758562e-12
2802	Robo1	0.07887775539	2.087108264e-12	0.0001307333572	2.979455052e-12
2803	Eln	0.07887300128	2.093214491e-12	0.0001307333572	2.987105945e-12
2804	Clmp	0.0786925678	2.340017069e-12	0.0001307333572	3.338112795e-12
2805	Htr3a	0.07858347906	2.502775764e-12	0.0001307333572	3.569020698e-12
2806	Mettl26	0.07848053578	2.666533661e-12	0.0001307333572	3.801188397e-12
2807	Cfap53	0.07845550857	2.707944979e-12	0.0001307333572	3.858845713e-12
2808	Capzb	0.07832679063	2.930877763e-12	0.0001307333572	4.175039548e-12
2809	Isg15	0.07803887321	3.496758438e-12	0.0001307333572	4.979364099e-12
2810	Trim62	0.07793633836	3.723132913e-12	0.0001307333572	5.299833328e-12
2811	Ly6g6e	0.07791754767	3.766098544e-12	0.0001307333572	5.35908722e-12
2812	Slc2a6	0.07778975466	4.071742943e-12	0.0001307333572	5.791952977e-12
2813	Adamts1	0.07766215718	4.401146114e-12	0.0001307333572	6.258295221e-12
2814	Nol6	0.07749258766	4.879652238e-12	0.0001307333572	6.936250516e-12
2815	Dlx6os1	0.07748399588	4.905187367e-12	0.0001307333572	6.97007086e-12
2816	Prokr1	0.07746561565	4.960254429e-12	0.0001307333572	7.045815951e-12
2817	Cemip	0.07733503616	5.369593659e-12	0.0001307333572	7.624556136e-12
2818	Trappc2	0.07724222664	5.680456105e-12	0.0001307333572	8.06310306e-12
2819	2600014E21Rik	0.07722422227	5.742850639e-12	0.0001307333572	8.148777069e-12
2820	Cebpb	0.07702507678	6.478373393e-12	0.0001307333572	9.189182118e-12
2821	Fads3	0.07700688877	6.549982778e-12	0.0001307333572	9.287462288e-12
2822	Tnfaip8	0.07694108066	6.815548126e-12	0.0001307333572	9.660592666e-12
2823	Insrr	0.07690425057	6.968869926e-12	0.0001307333572	9.874417181e-12
2824	Cldn9	0.0768448779	7.222999976e-12	0.0001307333572	1.023087815e-11
2825	Cd55	0.07681967833	7.333578189e-12	0.0001307333572	1.038382752e-11
2826	Tsnaxip1	0.07672780603	7.751022046e-12	0.0001307333572	1.097101493e-11
2827	4921524J17Rik	0.07670185995	7.873035557e-12	0.0001307333572	1.11397744e-11
2828	Cryzl2	0.07668761647	7.940759161e-12	0.0001307333572	1.12316254e-11
2829	Il11ra1	0.07652885593	8.736233958e-12	0.0001307333572	1.235239867e-11
2830	Tgfbr3	0.07650350766	8.870237878e-12	0.0001307333572	1.25374387e-11
2831	Cbr2	0.07644651531	9.178990901e-12	0.0001307333572	1.296925595e-11
2832	Ptprc	0.07643526757	9.24116339e-12	0.0001307333572	1.305249066e-11
2833	Frem1	0.07642148677	9.317879801e-12	0.0001307333572	1.315620163e-11
2834	Zfp503	0.07629852959	1.003053196e-11	0.0001307333572	1.415741985e-11
2835	F11r	0.07619882135	1.06474829e-11	0.0001307333572	1.502290356e-11
2836	Rbm3	0.07612282355	1.114253134e-11	0.0001307333572	1.57158411e-11
2837	Krt23	0.07602391786	1.182065557e-11	0.0001307333572	1.666641602e-11
2838	Capn6	0.0758958267	1.275912709e-11	0.0001307333572	1.79832658e-11
2839	Ikzf3	0.07565289915	1.47434287e-11	0.0001307333572	2.077270687e-11
2840	Cnn1	0.07561373661	1.509048442e-11	0.0001307333572	2.125420341e-11
2841	Col12a1	0.07554303284	1.573718933e-11	0.0001307333572	2.215725354e-11
2842	Dnmt3l	0.07549284264	1.621280887e-11	0.0001307333572	2.281887245e-11
2843	Cftr	0.07530503536	1.812017203e-11	0.0001307333572	2.549443831e-11
2844	Hcar1	0.07529436424	1.823496909e-11	0.0001307333572	2.564693262e-11
2845	Gm1110	0.0749918843	2.17997842e-11	0.0001307333572	3.064996021e-11
2846	Rreb1	0.07482541116	2.4043878e-11	0.0001307333572	3.379322277e-11
2847	Cpa4	0.074823995	2.406386201e-11	0.0001307333572	3.38094303e-11
2848	Traip	0.074759588	2.499223051e-11	0.0001307333572	3.510144734e-11
2849	Gm43579	0.0746463209	2.671041166e-11	0.0001307333572	3.750145547e-11
2850	Tbx18	0.07459798321	2.747835293e-11	0.0001307333572	3.856610937e-11
2851	Mafa	0.07456404273	2.803046684e-11	0.0001307333572	3.932720707e-11
2852	Ecm2	0.07454930947	2.827349466e-11	0.0001307333572	3.965427021e-11
2853	Agtrap	0.07444466271	3.005995453e-11	0.0001307333572	4.214504665e-11
2854	Hectd2	0.07438328522	3.115863123e-11	0.0001307333572	4.367012086e-11
2855	Lyst	0.0742873425	3.295519413e-11	0.0001307333572	4.617190071e-11
2856	Cfap69	0.07428658991	3.296962703e-11	0.0001307333572	4.617594822e-11
2857	Plpp6	0.07426304128	3.342603971e-11	0.0001307333572	4.679879554e-11
2858	BC030500	0.07411312521	3.647993019e-11	0.0001307333572	5.105658529e-11
2859	Cttn	0.07397862136	3.9450887e-11	0.0001307333572	5.519536482e-11
2860	Ube2g2	0.07396185413	3.983746666e-11	0.0001307333572	5.571673659e-11
2861	Car3	0.07390326564	4.121747388e-11	0.0001307333572	5.762666743e-11
2862	Kctd6	0.07386193975	4.221889505e-11	0.0001307333572	5.900614262e-11
2863	Cd36	0.07384153076	4.272215914e-11	0.0001307333572	5.968866105e-11
2864	Dpf1	0.07381649022	4.334776982e-11	0.0001307333572	6.054157796e-11
2865	4933407L21Rik	0.0737882831	4.406308651e-11	0.0001307333572	6.151914347e-11
2866	Sorcs2	0.07364901117	4.776778972e-11	0.0001307333572	6.666823409e-11
2867	Tpsb2	0.07364744255	4.781119944e-11	0.0001307333572	6.670554509e-11
2868	Ube2c	0.07364635364	4.784139751e-11	0.0001307333572	6.672440378e-11
2869	Mblac2	0.073584252	4.959255229e-11	0.0001307333572	6.914263128e-11
2870	Zfp385c	0.07335837743	5.650613311e-11	0.0001307333572	7.875419248e-11
2871	Hspa1b	0.07333443658	5.729194896e-11	0.0001307333572	7.982159382e-11
2872	Cxcl12	0.07308111464	6.62894184e-11	0.0001307333572	9.232509526e-11
2873	Sgk3	0.0727970326	7.802591906e-11	0.0001307333572	1.086333715e-10
2874	Atp11c	0.0726243157	8.612954794e-11	0.0001307333572	1.198741099e-10
2875	Cers4	0.07258336848	8.816813946e-11	0.0001307333572	1.226687158e-10
2876	Acot1	0.07242430121	9.654443911e-11	0.0001307333572	1.342759932e-10
2877	Tacr3	0.07238752126	9.858913685e-11	0.0001307333572	1.370721402e-10
2878	Abhd17c	0.07236029894	1.001296823e-10	0.0001307333572	1.39165646e-10
2879	Lgr5	0.07230402297	1.033894081e-10	0.0001307333572	1.436462774e-10
2880	Shisa2	0.07221272013	1.088998891e-10	0.0001307333572	1.51249846e-10
2881	Slc16a12	0.07207544606	1.177286046e-10	0.0001307333572	1.634551956e-10
2882	Myof	0.07205574125	1.190519905e-10	0.0001307333572	1.652352401e-10
2883	Tnfrsf25	0.07198799899	1.237132619e-10	0.0001307333572	1.716451777e-10
2884	Greb1	0.07187078359	1.322032483e-10	0.0001307333572	1.833609547e-10
2885	Zmynd12	0.07167920158	1.47319601e-10	0.0001307333572	2.042559459e-10
2886	Alpl	0.07163724748	1.508485559e-10	0.0001307333572	2.090763075e-10
2887	Camp	0.07158920347	1.54991131e-10	0.0001307333572	2.147435137e-10
2888	Sphk1	0.07157706397	1.560552798e-10	0.0001307333572	2.161430468e-10
2889	Mrln	0.07141877514	1.706017549e-10	0.0001307333572	2.362087296e-10
2890	Defb30	0.07140848143	1.715922959e-10	0.0001307333572	2.374979874e-10
2891	Asic1	0.07137130876	1.752161749e-10	0.0001307333572	2.424298511e-10
2892	Cep162	0.07119272778	1.936938387e-10	0.0001307333572	2.679029582e-10
2893	Nfatc2	0.07110330837	2.036475433e-10	0.0001307333572	2.815728217e-10
2894	Aldh2	0.07103854344	2.111668618e-10	0.0001307333572	2.918685028e-10
2895	Bag4	0.07099618162	2.162309221e-10	0.0001307333572	2.987646591e-10
2896	Ehd1	0.07074974198	2.481289618e-10	0.0001307333572	3.427195605e-10
2897	Nppb	0.07074297296	2.490668782e-10	0.0001307333572	3.438962765e-10
2898	Mafb	0.07070943638	2.537653421e-10	0.0001307333572	3.50262722e-10
2899	Chia1	0.07068560392	2.571567403e-10	0.0001307333572	3.548213044e-10
2900	Mndal	0.0706125147	2.678356426e-10	0.0001307333572	3.694284725e-10
2901	Socs2	0.07056819659	2.745202954e-10	0.0001307333572	3.785181598e-10
2902	Gm17634	0.0705397237	2.789005693e-10	0.0001307333572	3.844253195e-10
2903	Il17b	0.07052163656	2.817184264e-10	0.0001307333572	3.881755789e-10
2904	Ccdc187	0.07050704697	2.84011592e-10	0.0001307333572	3.9120054e-10
2905	Lin7c	0.07046171646	2.912534658e-10	0.0001307333572	4.010374744e-10
2906	Pnp	0.0704576147	2.919176012e-10	0.0001307333572	4.018136286e-10
2907	Hist3h2a	0.07045617557	2.921509701e-10	0.0001307333572	4.019965189e-10
2908	Smoc1	0.07036368802	3.075357746e-10	0.0001307333572	4.230203227e-10
2909	Gbe1	0.07009963968	3.55938834e-10	0.0001307333572	4.894311914e-10
2910	Tgm2	0.07007014023	3.617872668e-10	0.0001307333572	4.97302085e-10
2911	Slc26a2	0.07001475009	3.730229459e-10	0.0001307333572	5.125701764e-10
2912	Prdm13	0.06997351535	3.816075234e-10	0.0001307333572	5.241861585e-10
2913	Nphp1	0.06995746934	3.849999208e-10	0.0001307333572	5.286644982e-10
2914	Bmp4	0.06989473708	3.985473063e-10	0.0001307333572	5.470793497e-10
2915	Fzd1	0.06965788497	4.54016047e-10	0.0001307333572	6.230065825e-10
2916	Eml5	0.06965157045	4.555934519e-10	0.0001307333572	6.249567241e-10
2917	Slc22a8	0.0695790568	4.740949855e-10	0.0001307333572	6.5011311e-10
2918	Hist1h4h	0.06951456498	4.911638873e-10	0.0001307333572	6.732883994e-10
2919	Pip5k1a	0.06943696194	5.124983771e-10	0.0001307333572	7.022930827e-10
2920	Mme	0.06930085146	5.521201274e-10	0.0001307333572	7.563289416e-10
2921	Xirp1	0.06926569913	5.628288946e-10	0.0001307333572	7.707345356e-10
2922	Spag17	0.06912954587	6.062502722e-10	0.0001307333572	8.299113925e-10
2923	Plat	0.06900685806	6.481627457e-10	0.0001307333572	8.869828884e-10
2924	Slc34a3	0.06885656173	7.033681415e-10	0.0001307333572	9.6219992e-10
2925	Galntl6	0.06862976771	7.954459313e-10	0.0001307333572	1.087789308e-09
2926	Ccdc141	0.06849678059	8.547952346e-10	0.0001307333572	1.168551243e-09
2927	Mamdc2	0.06839394494	9.036259518e-10	0.0001307333572	1.234883433e-09
2928	Kif26b	0.0683851171	9.079422769e-10	0.0001307333572	1.240358302e-09
2929	Fgfbp1	0.06836787829	9.164290438e-10	0.0001307333572	1.251524812e-09
2930	Cyp1b1	0.06826878889	9.667312506e-10	0.0001307333572	1.319769625e-09
2931	Lrrc34	0.06823570813	9.841158999e-10	0.0001307333572	1.343044558e-09
2932	Fam46a	0.06821975963	9.926055533e-10	0.0001307333572	1.354168558e-09
2933	A930003A15Rik	0.06818898188	1.009191397e-09	0.0001307333572	1.376326488e-09
2934	Prokr2	0.06798403396	1.126726823e-09	0.0001307333572	1.536096555e-09
2935	Amer3	0.06789664447	1.180805342e-09	0.0001307333572	1.609274743e-09
2936	Imp3	0.06787603621	1.193921961e-09	0.0001307333572	1.626596678e-09
2937	Smpdl3a	0.0678377901	1.218641632e-09	0.0001307333572	1.659709407e-09
2938	Hmgn3	0.06778812268	1.251488357e-09	0.0001307333572	1.70386434e-09
2939	Thbd	0.06768710259	1.320978438e-09	0.0001307333572	1.797861093e-09
2940	Rab34	0.06731944655	1.607052158e-09	0.0001307333572	2.186465521e-09
2941	Gm16174	0.06730756803	1.617235457e-09	0.0001307333572	2.199572195e-09
2942	Pxylp1	0.06726315352	1.655870996e-09	0.0001307333572	2.251354175e-09
2943	Nphs2	0.06724417289	1.672654681e-09	0.0001307333572	2.273400858e-09
2944	Nrp1	0.06724347136	1.673278183e-09	0.0001307333572	2.273475792e-09
2945	Mrc1	0.06717240159	1.737628819e-09	0.0001307333572	2.360107054e-09
2946	Cenpv	0.06713435964	1.77305759e-09	0.0001307333572	2.407410169e-09
2947	Plscr2	0.06711536305	1.791011561e-09	0.0001307333572	2.430962418e-09
2948	Ppfia4	0.06710354018	1.802274774e-09	0.0001307333572	2.445420317e-09
2949	Ska1	0.06707235802	1.832312524e-09	0.0001307333572	2.485334044e-09
2950	Hfe	0.06706794452	1.836603314e-09	0.0001307333572	2.490309578e-09
2951	Armcx3	0.06699467744	1.909277292e-09	0.0001307333572	2.587973286e-09
2952	Tnni3	0.06689053177	2.017417122e-09	0.0001307333572	2.733627537e-09
2953	Tead1	0.06688003206	2.028644697e-09	0.0001307333572	2.747910189e-09
2954	6820408C15Rik	0.06687484035	2.034218793e-09	0.0001307333572	2.754527818e-09
2955	Samd3	0.06687343788	2.035727142e-09	0.0001307333572	2.755637418e-09
2956	Lsp1	0.06678504894	2.133014543e-09	0.0001307333572	2.886352561e-09
2957	Gast	0.06668295089	2.251029141e-09	0.0001307333572	3.045017438e-09
2958	Dgkd	0.06662970657	2.31507058e-09	0.0001307333572	3.130589019e-09
2959	Otx2os1	0.06635302629	2.677473243e-09	0.0001307333572	3.619429866e-09
2960	1700063D05Rik	0.06625061699	2.825142786e-09	0.0001307333572	3.817760522e-09
2961	Anpep	0.06623027312	2.8554068e-09	0.0001307333572	3.857354677e-09
2962	Htra4	0.0661773102	2.935682697e-09	0.0001307333572	3.96446009e-09
2963	Ocrl	0.06605912854	3.12280557e-09	0.0001307333572	4.215734822e-09
2964	Morn1	0.06597597181	3.261373061e-09	0.0001307333572	4.401313172e-09
2965	C1qtnf12	0.06593946006	3.324086673e-09	0.0001307333572	4.48443396e-09
2966	Ascl1	0.06593020814	3.340163257e-09	0.0001307333572	4.504603179e-09
2967	Gm45716	0.06591314491	3.370011936e-09	0.0001307333572	4.543325832e-09
2968	Ryr3	0.06584580971	3.490353229e-09	0.0001307333572	4.703980093e-09
2969	Nkx2-9	0.06579552117	3.582944608e-09	0.0001307333572	4.827139923e-09
2970	Col5a2	0.06573400233	3.69946529e-09	0.0001307333572	4.982444835e-09
2971	Abhd6	0.06571320739	3.739679344e-09	0.0001307333572	5.034909921e-09
2972	Avpr1a	0.06559229288	3.982066898e-09	0.0001307333572	5.359444009e-09
2973	Ctf1	0.06542244854	4.348502669e-09	0.0001307333572	5.850659494e-09
2974	Neil3	0.0654180512	4.358412409e-09	0.0001307333572	5.862020725e-09
2975	Krt73	0.06532580856	4.571421575e-09	0.0001307333572	6.146449176e-09
2976	Etnk2	0.06518118997	4.925898356e-09	0.0001307333572	6.620831123e-09
2977	Ip6k2	0.06516168729	4.975700185e-09	0.0001307333572	6.685522587e-09
2978	Pim2	0.06510357567	5.127012703e-09	0.0001307333572	6.88651807e-09
2979	Nek6	0.06508402073	5.178928841e-09	0.0001307333572	6.953915866e-09
2980	Ager	0.06505035953	5.269494729e-09	0.0001307333572	7.073147288e-09
2981	Ccnl2	0.06502299962	5.344239273e-09	0.0001307333572	7.171069136e-09
2982	Nkd2	0.06491919469	5.637308065e-09	0.0001307333572	7.561781442e-09
2983	Inmt	0.06491461499	5.650591217e-09	0.0001307333572	7.577058286e-09
2984	Epb42	0.06489950626	5.694629102e-09	0.0001307333572	7.633551075e-09
2985	Ckm	0.06488390019	5.740466769e-09	0.0001307333572	7.69241778e-09
2986	Abhd14b	0.06486215064	5.804947412e-09	0.0001307333572	7.776218904e-09
2987	Arl6	0.06478159028	6.049971968e-09	0.0001307333572	8.101736817e-09
2988	Gm16253	0.06473742551	6.188534019e-09	0.0001307333572	8.284516758e-09
2989	Gsto1	0.06471095543	6.273053632e-09	0.0001307333572	8.394852636e-09
2990	Cdh11	0.06466946105	6.40780784e-09	0.0001307333572	8.57231818e-09
2991	Stab1	0.06466174077	6.433188204e-09	0.0001307333572	8.603394456e-09
2992	Gm30648	0.06462202912	6.565290644e-09	0.0001307333572	8.77712653e-09
2993	Rab3ip	0.06444459522	7.188434736e-09	0.0001307333572	9.606995972e-09
2994	Plin5	0.06443167026	7.236006905e-09	0.0001307333572	9.667343894e-09
2995	Pdgfd	0.0643050492	7.718522821e-09	0.0001307333572	1.030854467e-08
2996	Fibin	0.06418004198	8.225479742e-09	0.0001307333572	1.098194892e-08
2997	Slc5a6	0.06408550841	8.630181791e-09	0.0001307333572	1.151842748e-08
2998	Gm28703	0.06407752537	8.665229423e-09	0.0001307333572	1.15613468e-08
2999	Serpind1	0.06384946616	9.726939365e-09	0.0001307333572	1.297357701e-08
3000	Rbm24	0.06377266952	1.011210127e-08	0.0001307333572	1.348280169e-08
3001	Ryr1	0.06373896016	1.028580421e-08	0.0001307333572	1.370983567e-08
3002	Them6	0.0637224876	1.03717368e-08	0.0001307333572	1.381976922e-08
3003	A330048O09Rik	0.06364295493	1.079653877e-08	0.0001307333572	1.438100403e-08
3004	Sh3bgr	0.06362640542	1.088703272e-08	0.0001307333572	1.449671467e-08
3005	Plek2	0.06362112943	1.091603674e-08	0.0001307333572	1.453049816e-08
3006	A230028O05Rik	0.06353025399	1.142754325e-08	0.0001307333572	1.52063117e-08
3007	Cnst	0.06352642568	1.144959449e-08	0.0001307333572	1.523058795e-08
3008	Adamtsl3	0.06324367896	1.31975828e-08	0.0001307333572	1.754997713e-08
3009	Dmrt2	0.06316593343	1.372194414e-08	0.0001307333572	1.824120191e-08
3010	Spx	0.06301366495	1.480812872e-08	0.0001307333572	1.967857638e-08
3011	Comtd1	0.06297163778	1.512232461e-08	0.0001307333572	2.008943821e-08
3012	Zfand6	0.06291892192	1.552558315e-08	0.0001307333572	2.061400694e-08
3013	Pbk	0.06291867442	1.552750073e-08	0.0001307333572	2.061400694e-08
3014	Ufd1	0.06291406976	1.556322038e-08	0.0001307333572	2.06545725e-08
3015	Kdm7a	0.06272365493	1.711219377e-08	0.0001307333572	2.270274464e-08
3016	Gm12326	0.06272056301	1.713853992e-08	0.0001307333572	2.273015905e-08
3017	Spns2	0.06270523855	1.726970134e-08	0.0001307333572	2.289652149e-08
3018	Cyba	0.06264273898	1.781478698e-08	0.0001307333572	2.361138102e-08
3019	Med27	0.06258588674	1.832508645e-08	0.0001307333572	2.427967731e-08
3020	Arl16	0.06257155194	1.845597519e-08	0.0001307333572	2.444500026e-08
3021	Ptprg	0.06250210794	1.91030004e-08	0.0001307333572	2.529361192e-08
3022	Lats2	0.06239675122	2.012682732e-08	0.0001307333572	2.664040677e-08
3023	Tmem86a	0.06235549986	2.054202386e-08	0.0001307333572	2.718097765e-08
3024	Nfam1	0.06210132302	2.328965332e-08	0.0001307333572	3.080641973e-08
3025	Itm2a	0.06191577065	2.55171092e-08	0.0001307333572	3.3741632e-08
3026	Tapbp	0.06191278877	2.555453882e-08	0.0001307333572	3.377995878e-08
3027	Ssfa2	0.0618025287	2.697654777e-08	0.0001307333572	3.564789927e-08
3028	Gm38414	0.06173571561	2.787522746e-08	0.0001307333572	3.682328594e-08
3029	1700016C15Rik	0.06168596031	2.856324743e-08	0.0001307333572	3.771970609e-08
3030	Tsen15	0.06164630254	2.912339603e-08	0.0001307333572	3.844672743e-08
3031	Dapl1	0.0614774281	3.163016749e-08	0.0001307333572	4.174222037e-08
3032	Tmem37	0.06143072258	3.235958057e-08	0.0001307333572	4.269073954e-08
3033	Ccdc167	0.06142101621	3.251319991e-08	0.0001307333572	4.287926134e-08
3034	Calcrl	0.06133247685	3.394748693e-08	0.0001307333572	4.475608033e-08
3035	Gtsf1l	0.06132323501	3.410068494e-08	0.0001307333572	4.49432421e-08
3036	Tex15	0.06128662023	3.471424104e-08	0.0001307333572	4.573681296e-08
3037	Ghr	0.06126493192	3.508270219e-08	0.0001307333572	4.620704931e-08
3038	Sox11	0.06121131584	3.600991394e-08	0.0001307333572	4.741265825e-08
3039	Banf1	0.06118836115	3.641409851e-08	0.0001307333572	4.792905365e-08
3040	Capn3	0.06116681299	3.679751304e-08	0.0001307333572	4.841778031e-08
3041	Wnt11	0.06116003721	3.691888317e-08	0.0001307333572	4.856150368e-08
3042	Aox3	0.06099619249	3.997461384e-08	0.0001307333572	5.256359479e-08
3043	Ggh	0.06090956888	4.168771506e-08	0.0001307333572	5.47981795e-08
3044	Gpr6	0.06085935195	4.271315135e-08	0.0001307333572	5.612766275e-08
3045	H2-Q10	0.0607694713	4.460982317e-08	0.0001307333572	5.860075293e-08
3046	Dsg2	0.06074370338	4.516845398e-08	0.0001307333572	5.9315107e-08
3047	Scn10a	0.06060379117	4.832188949e-08	0.0001307333572	6.343536526e-08
3048	Prelid3a	0.0605720778	4.906574769e-08	0.0001307333572	6.4390745e-08
3049	Agfg2	0.0604768545	5.136648829e-08	0.0001307333572	6.73879807e-08
3050	Csf1r	0.06037810827	5.386252877e-08	0.0001307333572	7.063938199e-08
3051	Copz2	0.06029915904	5.594221386e-08	0.0001307333572	7.334279103e-08
3052	Lrat	0.0602806117	5.644194534e-08	0.0001307333572	7.397371604e-08
3053	Klhl7	0.06027178197	5.668136505e-08	0.0001307333572	7.426317071e-08
3054	Lman2l	0.06026105125	5.697365346e-08	0.0001307333572	7.462168102e-08
3055	Ptprb	0.06019401643	5.88328688e-08	0.0001307333572	7.703157944e-08
3056	Klf2	0.0601288682	6.069593639e-08	0.0001307333572	7.944494292e-08
3057	Tspan8	0.0600638752	6.261138508e-08	0.0001307333572	8.19252667e-08
3058	A530013C23Rik	0.06001976889	6.394444307e-08	0.0001307333572	8.364217537e-08
3059	Hikeshi	0.05985798768	6.907316186e-08	0.0001307333572	9.032123159e-08
3060	Igtp	0.05969154939	7.476397346e-08	0.0001307333572	9.773068426e-08
3061	St3gal6	0.05964541201	7.642011635e-08	0.0001307333572	9.986294197e-08
3062	Paqr5	0.05964075165	7.658936352e-08	0.0001307333572	1.00051422e-07
3063	Hoga1	0.05952142299	8.104851579e-08	0.0001307333572	1.058420056e-07
3064	Epha3	0.05951905904	8.11393408e-08	0.0001307333572	1.059260324e-07
3065	Map3k6	0.05945301485	8.371697602e-08	0.0001307333572	1.092554336e-07
3066	Acacb	0.05932468227	8.895391956e-08	0.0001307333572	1.160520803e-07
3067	Commd3	0.05919979681	9.435347315e-08	0.0001307333572	1.230563719e-07
3068	Rassf4	0.05917181894	9.560586023e-08	0.0001307333572	1.246491007e-07
3069	Tmem53	0.05916055428	9.611463003e-08	0.0001307333572	1.252715934e-07
3070	Cd79a	0.05911475956	9.821003022e-08	0.0001307333572	1.279609514e-07
3071	Dhx33	0.05908949832	9.938471834e-08	0.0001307333572	1.294493238e-07
3072	Cd164	0.05905946254	1.007991075e-07	0.0001307333572	1.312488379e-07
3073	Mcm6	0.05898841735	1.042224961e-07	0.0001307333572	1.356622142e-07
3074	Lmo2	0.05895582048	1.05830561e-07	0.0001307333572	1.377105543e-07
3075	Krt19	0.0588924963	1.090232676e-07	0.0001307333572	1.418188847e-07
3076	Fat3	0.05866409617	1.213303242e-07	0.0001307333572	1.577767545e-07
3077	Sox4	0.05860397605	1.247866658e-07	0.0001307333572	1.6221861e-07
3078	Eno4	0.05853321137	1.289769068e-07	0.0001307333572	1.676113149e-07
3079	Birc7	0.05842127318	1.358840745e-07	0.0001307333572	1.765301391e-07
3080	Ifit3	0.05839685272	1.374377299e-07	0.0001307333572	1.784905583e-07
3081	Tor1a	0.05832572785	1.420611433e-07	0.0001307333572	1.844351098e-07
3082	Oasl2	0.0582139886	1.496294462e-07	0.0001307333572	1.941978536e-07
3083	St6galnac4	0.05819326078	1.510755511e-07	0.0001307333572	1.960110945e-07
3084	Aldh1b1	0.05813919805	1.549110957e-07	0.0001307333572	2.009223032e-07
3085	Hspb2	0.05787747639	1.748480656e-07	0.0001307333572	2.267073784e-07
3086	Foxb1	0.05783935694	1.779509928e-07	0.0001307333572	2.306558559e-07
3087	Syt15	0.05772811229	1.873132172e-07	0.0001307333572	2.427122995e-07
3088	4631405J19Rik	0.05759348792	1.99279743e-07	0.0001307333572	2.581343822e-07
3089	Ccl3	0.05752633247	2.055215754e-07	0.0001307333572	2.661334742e-07
3090	Il1r1	0.05743851659	2.13968855e-07	0.0001307333572	2.769823365e-07
3091	Cngb1	0.05738910326	2.188683272e-07	0.0001307333572	2.832330343e-07
3092	Bzw2	0.05731508364	2.26410619e-07	0.0001307333572	2.928986016e-07
3093	Akap14	0.0573110367	2.268301337e-07	0.0001307333572	2.933464386e-07
3094	Hpdl	0.05730481936	2.27476098e-07	0.0001307333572	2.940867459e-07
3095	Gm9885	0.05727568325	2.305269763e-07	0.0001307333572	2.979347028e-07
3096	Rras2	0.0572536063	2.328649252e-07	0.0001307333572	3.008590765e-07
3097	Gm45623	0.05707918736	2.521573019e-07	0.0001307333572	3.256794342e-07
3098	Mindy3	0.05704316336	2.56329644e-07	0.0001307333572	3.309614512e-07
3099	9530053A07Rik	0.05700685741	2.606019631e-07	0.0001307333572	3.363691037e-07
3100	Crh	0.05697883767	2.639460611e-07	0.0001307333572	3.405755627e-07
3101	Mctp2	0.05697386337	2.645440427e-07	0.0001307333572	3.412370754e-07
3102	Rnaset2b	0.05695184206	2.672070444e-07	0.0001307333572	3.445609857e-07
3103	Twist1	0.05673093646	2.953912646e-07	0.0001307333572	3.807815205e-07
3104	Cenpa	0.05654265319	3.216565422e-07	0.0001307333572	4.145058533e-07
3105	Myadm	0.0563956526	3.437134698e-07	0.0001307333572	4.427870786e-07
3106	Cnnm2	0.0563769134	3.46627835e-07	0.0001307333572	4.46397727e-07
3107	Plet1	0.05636217773	3.489362688e-07	0.0001307333572	4.492259656e-07
3108	Htr4	0.05629680803	3.593566726e-07	0.0001307333572	4.624925002e-07
3109	Abcg4	0.0562354878	3.694036461e-07	0.0001307333572	4.752700497e-07
3110	H2-T23	0.0561001484	3.925449479e-07	0.0001307333572	5.048809619e-07
3111	Itga7	0.0560094845	4.088217243e-07	0.0001307333572	5.256467043e-07
3112	Tmem26	0.0556337397	4.834797499e-07	0.0001307333572	6.214392672e-07
3113	Cfap44	0.05561766092	4.869510581e-07	0.0001307333572	6.257000426e-07
3114	Btg1	0.05533961498	5.509129961e-07	0.0001307333572	7.076595968e-07
3115	Agmat	0.05531884838	5.560017359e-07	0.0001307333572	7.139669161e-07
3116	Dap	0.05530768328	5.587563483e-07	0.0001307333572	7.172738746e-07
3117	Qrfp	0.05525167848	5.727729728e-07	0.0001307333572	7.350310848e-07
3118	Gm11728	0.05495959817	6.515323944e-07	0.0001307333572	8.358337324e-07
3119	Ckap2l	0.05475648132	7.123371161e-07	0.0001307333572	9.13545516e-07
3120	Tmem108	0.054737672	7.182360889e-07	0.0001307333572	9.208154986e-07
3121	Igfbp7	0.05458573226	7.676403995e-07	0.0001307333572	9.838390253e-07
3122	Sema3c	0.0544808497	8.036326072e-07	0.0001307333572	1.02963819e-06
3123	Akain1	0.05420384837	9.066599105e-07	0.0001307333572	1.161267897e-06
3124	Nid2	0.05420028203	9.080657224e-07	0.0001307333572	1.162696187e-06
3125	Mospd1	0.05405014385	9.691860066e-07	0.0001307333572	1.240558088e-06
3126	Fam174b	0.05397222389	1.002445495e-06	0.0001307333572	1.282719763e-06
3127	Pole4	0.05395053885	1.011894878e-06	0.0001307333572	1.294397029e-06
3128	Kcnn2	0.05363411435	1.159899477e-06	0.0001307333572	1.483247413e-06
3129	Tgtp1	0.0534179261	1.272743113e-06	0.0001307333572	1.627028587e-06
3130	Cd52	0.0534153043	1.27417423e-06	0.0001307333572	1.628337674e-06
3131	Slc24a5	0.05325073231	1.367164503e-06	0.0001307333572	1.74661706e-06
3132	Pon3	0.05317690993	1.410961938e-06	0.0001307333572	1.801994812e-06
3133	Depdc7	0.05309686305	1.459972888e-06	0.0001307333572	1.863993473e-06
3134	Trdn	0.05305999692	1.483090716e-06	0.0001307333572	1.892904551e-06
3135	Tnfrsf1a	0.05293024956	1.567277349e-06	0.0001307333572	1.999715916e-06
3136	Nab2	0.05290774792	1.58233641e-06	0.0001307333572	2.018286237e-06
3137	Grik1	0.05286849361	1.608939915e-06	0.0001307333572	2.051565081e-06
3138	Tinagl1	0.05286728354	1.609766782e-06	0.0001307333572	2.051965305e-06
3139	Fkbp11	0.05284244007	1.626833256e-06	0.0001307333572	2.073059262e-06
3140	Gm5127	0.05281669551	1.64470178e-06	0.0001307333572	2.095161503e-06
3141	Otx1	0.05277967912	1.670723948e-06	0.0001307333572	2.127633172e-06
3142	Etfb	0.05274934786	1.692340415e-06	0.0001307333572	2.154475385e-06
3143	D930028M14Rik	0.05267263776	1.748213615e-06	0.0001307333572	2.224898015e-06
3144	Ust	0.05263323242	1.777598642e-06	0.0001307333572	2.26157588e-06
3145	Olfr464	0.05244366831	1.925703347e-06	0.0001307333572	2.449225243e-06
3146	1700016G14Rik	0.05243309554	1.934302832e-06	0.0001307333572	2.459380587e-06
3147	Sim1	0.05240284328	1.959112688e-06	0.0001307333572	2.490133699e-06
3148	Gm3693	0.05239740339	1.963606166e-06	0.0001307333572	2.495052307e-06
3149	Ptprr	0.05239410744	1.966333512e-06	0.0001307333572	2.497724372e-06
3150	A330070K13Rik	0.05239042382	1.969385936e-06	0.0001307333572	2.500807538e-06
3151	Nkx6-1	0.05226030511	2.080169854e-06	0.0001307333572	2.640647229e-06
3152	Tnfsf13os	0.05215654552	2.172766769e-06	0.0001307333572	2.757318235e-06
3153	Ostf1	0.05213774352	2.189963309e-06	0.0001307333572	2.778259828e-06
3154	Fbn1	0.05210368714	2.221444248e-06	0.0001307333572	2.817304056e-06
3155	Lamc3	0.05196744905	2.351770489e-06	0.0001307333572	2.981642458e-06
3156	Spire2	0.05196567337	2.353516524e-06	0.0001307333572	2.982910677e-06
3157	Wdpcp	0.05196180923	2.35732044e-06	0.0001307333572	2.98678548e-06
3158	Plcb3	0.05194076071	2.378144554e-06	0.0001307333572	3.012216027e-06
3159	Ccl8	0.05192492686	2.393925592e-06	0.0001307333572	3.031244815e-06
3160	Eno3	0.05187474875	2.44460166e-06	0.0001307333572	3.094432481e-06
3161	Fgl2	0.05181432923	2.506984677e-06	0.0001307333572	3.172394403e-06
3162	Trappc6a	0.05170627304	2.622372796e-06	0.0001307333572	3.317359641e-06
3163	D630039A03Rik	0.05170506208	2.623694294e-06	0.0001307333572	3.317982035e-06
3164	Cnr2	0.0516837985	2.647002965e-06	0.0001307333572	3.346400714e-06
3165	Pxdc1	0.05148224483	2.878012699e-06	0.0001307333572	3.637298829e-06
3166	Selplg	0.05127632099	3.133897989e-06	0.0001307333572	3.959441552e-06
3167	Syt12	0.05120036965	3.233661548e-06	0.0001307333572	4.084195198e-06
3168	Rgs5	0.05100670096	3.501987908e-06	0.0001307333572	4.421701904e-06
3169	Ly6a	0.05082046222	3.780015665e-06	0.0001307333572	4.771240979e-06
3170	2300009A05Rik	0.05077889941	3.844882041e-06	0.0001307333572	4.851586171e-06
3171	Stard5	0.0507723314	3.855229499e-06	0.0001307333572	4.863108797e-06
3172	Orai3	0.05074952235	3.891370832e-06	0.0001307333572	4.907151112e-06
3173	Etfa	0.05072550716	3.929773293e-06	0.0001307333572	4.954016127e-06
3174	Gchfr	0.05069631378	3.976944164e-06	0.0001307333572	5.011901907e-06
3175	Rrm2	0.05069118899	3.985280499e-06	0.0001307333572	5.020385416e-06
3176	Fkbp5	0.05069063293	3.986186021e-06	0.0001307333572	5.020385416e-06
3177	Dpm1	0.05068956528	3.987925207e-06	0.0001307333572	5.020994909e-06
3178	Zcchc14	0.05061876941	4.104883808e-06	0.0001307333572	5.166625309e-06
3179	Mpzl2	0.05057722219	4.175041283e-06	0.0001307333572	5.253276229e-06
3180	Mybpc1	0.05055204943	4.218104517e-06	0.0001307333572	5.305791845e-06
3181	Pqlc3	0.05053189317	4.252891731e-06	0.0001307333572	5.347867628e-06
3182	Dut	0.05052847935	4.258810643e-06	0.0001307333572	5.353627458e-06
3183	Epha1	0.05050428473	4.300985709e-06	0.0001307333572	5.404945911e-06
3184	Clic3	0.05044881567	4.399188798e-06	0.0001307333572	5.526619093e-06
3185	Cdh1	0.05042950342	4.433879563e-06	0.0001307333572	5.56845157e-06
3186	Col4a1	0.05032818194	4.62020978e-06	0.0001307333572	5.800640025e-06
3187	Acvrl1	0.0502680094	4.734383329e-06	0.0001307333572	5.94211902e-06
3188	Zdhhc18	0.05019129409	4.883858171e-06	0.0001307333572	6.127801972e-06
3189	Cytl1	0.05017307013	4.920023331e-06	0.0001307333572	6.171242811e-06
3190	Mageh1	0.05012992171	5.006673282e-06	0.0001307333572	6.277960228e-06
3191	Rwdd3	0.0500809325	5.106819328e-06	0.0001307333572	6.401528459e-06
3192	Tmem102	0.05003903269	5.193988067e-06	0.0001307333572	6.508756977e-06
3193	Cyb5r1	0.04997886476	5.321650819e-06	0.0001307333572	6.666646813e-06
3194	Cers3	0.04992194388	5.445177938e-06	0.0001307333572	6.819258532e-06
3195	Fxyd5	0.0498536806	5.596931368e-06	0.0001307333572	7.007112824e-06
3196	Folr2	0.04977343708	5.780481295e-06	0.0001307333572	7.234644925e-06
3197	Gm11730	0.04976960439	5.789390464e-06	0.0001307333572	7.243528888e-06
3198	Nup62cl	0.04970818904	5.933951935e-06	0.0001307333572	7.422078718e-06
3199	B930025P03Rik	0.0496786588	6.004681607e-06	0.0001307333572	7.508198321e-06
3200	P3h3	0.04957961446	6.247830299e-06	0.0001307333572	7.809787874e-06
3201	Arhgef26	0.04941505711	6.672710239e-06	0.0001307333572	8.338282085e-06
3202	Bhmt	0.04927867364	7.045599127e-06	0.0001307333572	8.801497973e-06
3203	Ptgis	0.04922704665	7.191873006e-06	0.0001307333572	8.981421175e-06
3204	Prss23	0.04910915583	7.536824853e-06	0.0001307333572	9.40926948e-06
3205	Tmem252	0.04906347778	7.674674376e-06	0.0001307333572	9.578376756e-06
3206	Bdkrb2	0.04905242224	7.708397829e-06	0.0001307333572	9.61746454e-06
3207	Barhl2	0.04894705569	8.036973056e-06	0.0001307333572	1.002428819e-05
3208	Myo7a	0.04873829856	8.727802953e-06	0.0001307333572	1.088254732e-05
3209	Tex2	0.04848457957	9.643703296e-06	0.0001307333572	1.202082056e-05
3210	Tnxb	0.04840068763	9.966180391e-06	0.0001307333572	1.241891637e-05
3211	Fam107b	0.04839194893	1.000035593e-05	0.0001307333572	1.245762184e-05
3212	Lepr	0.04813720356	1.104710639e-05	0.0001307333572	1.375729313e-05
3213	Ceacam9	0.04805829594	1.139195218e-05	0.0001307333572	1.418232453e-05
3214	Zfp260	0.04799381234	1.168134382e-05	0.0001307333572	1.453807569e-05
3215	Dmgdh	0.04798810887	1.170727402e-05	0.0001307333572	1.456581526e-05
3216	Fgd5	0.04792092896	1.201685176e-05	0.0001307333572	1.494633304e-05
3217	Rtp4	0.04751834129	1.404160157e-05	0.0001307333572	1.74592497e-05
3218	Tnmd	0.04741819547	1.459348292e-05	0.0001307333572	1.813981718e-05
3219	Gypa	0.04728967286	1.533199226e-05	0.0001307333572	1.905186984e-05
3220	Cdc14a	0.04701688237	1.701886397e-05	0.0001307333572	2.114144593e-05
3221	Gpr39	0.04693011141	1.759140464e-05	0.0001307333572	2.184589214e-05
3222	Mapk13	0.046899897	1.779502694e-05	0.0001307333572	2.209190185e-05
3223	Flt1	0.04689380451	1.783635599e-05	0.0001307333572	2.213634004e-05
3224	Clip4	0.04676499005	1.873181622e-05	0.0001307333572	2.324046678e-05
3225	Col22a1	0.04673886835	1.891853369e-05	0.0001307333572	2.346484798e-05
3226	Ptpre	0.04667018148	1.941797383e-05	0.0001307333572	2.407684294e-05
3227	Omp	0.04659482296	1.998031391e-05	0.0001307333572	2.476642567e-05
3228	Rd3l	0.04652846804	2.048823099e-05	0.0001307333572	2.538814249e-05
3229	1700017N19Rik	0.04651400435	2.06005588e-05	0.0001307333572	2.551942868e-05
3230	Ren1	0.04642878609	2.127433588e-05	0.0001307333572	2.634592679e-05
3231	Sipa1l2	0.04642478512	2.130647776e-05	0.0001307333572	2.637756454e-05
3232	Emx2os	0.0464217025	2.133127352e-05	0.0001307333572	2.640009099e-05
3233	Krt14	0.04633357875	2.20518042e-05	0.0001307333572	2.728339524e-05
3234	H2-Q7	0.04595275228	2.543950494e-05	0.0001307333572	3.146506486e-05
3235	Ush1c	0.04589177427	2.602577873e-05	0.0001307333572	3.218025191e-05
3236	Atf3	0.04582611282	2.667138865e-05	0.0001307333572	3.296834196e-05
3237	Aqp6	0.04572559238	2.76892201e-05	0.0001307333572	3.421590373e-05
3238	Fam90a1b	0.0456235108	2.876044872e-05	0.0001307333572	3.552865808e-05
3239	Frrs1	0.04557793052	2.925133263e-05	0.0001307333572	3.612390569e-05
3240	Jchain	0.04555805696	2.946783885e-05	0.0001307333572	3.638004797e-05
3241	Klhl14	0.04539960161	3.124918158e-05	0.0001307333572	3.856733302e-05
3242	Col10a1	0.04524546826	3.307938615e-05	0.0001307333572	4.081355478e-05
3243	Kif6	0.0451117722	3.474863328e-05	0.0001307333572	4.285986221e-05
3244	Nlrp6	0.04506207664	3.538917768e-05	0.0001307333572	4.363647063e-05
3245	Gsdme	0.04496355492	3.669222676e-05	0.0001307333572	4.522924716e-05
3246	Gm4208	0.04482939494	3.853973564e-05	0.0001307333572	4.749197244e-05
3247	Sertad4	0.04478428313	3.918048406e-05	0.0001307333572	4.826668809e-05
3248	Emp2	0.04474982238	3.967672101e-05	0.0001307333572	4.886295691e-05
3249	Thbs1	0.04469577762	4.046695175e-05	0.0001307333572	4.982080856e-05
3250	Coq8a	0.04458976094	4.206051587e-05	0.0001307333572	5.176678877e-05
3251	Mc4r	0.044578659	4.223077994e-05	0.0001307333572	5.196035674e-05
3252	Glb1l	0.04445206495	4.421890384e-05	0.0001307333572	5.438979562e-05
3253	Cpt1a	0.04437083184	4.554087372e-05	0.0001307333572	5.599861509e-05
3254	Spn	0.04427180317	4.720295051e-05	0.0001307333572	5.802452429e-05
3255	Onecut2	0.0442512571	4.755489257e-05	0.0001307333572	5.84391921e-05
3256	Gm15420	0.0442423203	4.770874667e-05	0.0001307333572	5.86102539e-05
3257	Il10rb	0.04421375497	4.820367963e-05	0.0001307333572	5.92000978e-05
3258	Irgm1	0.04416043723	4.9140478e-05	0.0001307333572	6.033207858e-05
3259	Cblb	0.04395398375	5.293251482e-05	0.0001307333572	6.496779972e-05
3260	Myl1	0.04395022055	5.300413235e-05	0.0001307333572	6.503574521e-05
3261	Nectin2	0.04383400802	5.526132255e-05	0.0001307333572	6.778451095e-05
3262	Eppk1	0.04374546231	5.704168586e-05	0.0001307333572	6.994688641e-05
3263	Tmem131l	0.0437383533	5.718694652e-05	0.0001307333572	7.01035201e-05
3264	Slc35c2	0.0437180942	5.760282332e-05	0.0001307333572	7.059169524e-05
3265	Hoxd1	0.04367236695	5.855201636e-05	0.0001307333572	7.1732945e-05
3266	Sp8	0.04346033169	6.3149379e-05	0.0001307333572	7.73415542e-05
3267	Mycl	0.04335937009	6.545608795e-05	0.0001307333572	8.014213401e-05
3268	Padi6	0.04332088629	6.635606349e-05	0.0001307333572	8.121917196e-05
3269	Fzd4	0.04329135941	6.705446516e-05	0.0001307333572	8.2048902e-05
3270	Ctla2a	0.04314364247	7.065364065e-05	0.0001307333572	8.642647174e-05
3271	Cntnap3	0.04305219727	7.297210539e-05	0.0001307333572	8.923522518e-05
3272	Syce2	0.04293050676	7.616863261e-05	0.0001307333572	9.311568779e-05
3273	Mgat4c	0.04285699769	7.816292509e-05	0.0001307333572	9.552450363e-05
3274	Atf6b	0.04275060149	8.113664595e-05	0.0001307333572	9.912846176e-05
3275	Cacng6	0.04273345416	8.162575319e-05	0.0001307333572	9.969557642e-05
3276	Tekt2	0.04266757883	8.353068827e-05	0.0001307333572	0.0001019910724
3277	E130218I03Rik	0.0426010737	8.549620334e-05	0.0001307333572	0.000104359113
3278	Gm33543	0.04227708494	9.570943737e-05	0.0001307333572	0.0001167900395
3279	Vpreb3	0.04217976078	9.899467836e-05	0.0001307333572	0.0001207620352
3280	Agbl2	0.04215271934	9.992611765e-05	0.0001307333572	0.0001218611191
3281	Bbc3	0.04214903601	0.0001000536246	0.0001307333572	0.0001219794265
3282	Gm567	0.04206397212	0.000103041186	0.0001307333572	0.0001255834077
3283	Sod3	0.04203990465	0.0001039015562	0.0001307333572	0.0001265934282
3284	Des	0.04162131138	0.0001199881232	0.0001307333572	0.0001461487494
3285	Il25	0.04148568299	0.000125682811	0.0001307333572	0.0001530384304
3286	Parp8	0.04131909724	0.0001330242405	0.0001307333572	0.0001619284729
3287	Msi2	0.04131203738	0.0001333440767	0.0001307333572	0.0001622684232
3288	4930562F07Rik	0.04117470108	0.0001397111329	0.0001307333572	0.0001699648818
3289	Ccdc88c	0.04109827043	0.0001433768258	0.0001307333572	0.0001743713297
3290	Slc26a7	0.04105677047	0.0001454047619	0.0001307333572	0.000176783905
3291	C430042M11Rik	0.04091662255	0.0001524535668	0.0001307333572	0.0001852975592
3292	Retnlg	0.04077249634	0.0001600353023	0.0001307333572	0.0001944535872
3293	Snx31	0.04068134856	0.0001650107822	0.0001307333572	0.0002004382414
3294	Adgra3	0.04041457008	0.0001804179585	0.0001307333572	0.0002190867741
3295	Maml2	0.04034531136	0.0001846323133	0.0001307333572	0.0002241363439
3296	Krt25	0.04031685781	0.0001863902232	0.0001307333572	0.0002262017272
3297	Ppp1r3b	0.03994610318	0.0002107733072	0.0001307333572	0.000255715265
3298	Rdh14	0.03993901914	0.0002112669622	0.0001307333572	0.0002562364612
3299	Ifit1	0.0399335572	0.0002116483173	0.0001307333572	0.0002566211789
3300	H2-Q6	0.03988172799	0.0002152991838	0.0001307333572	0.0002609687076
3301	Trpm4	0.03966710093	0.00023105248	0.0001307333572	0.0002799787701
3302	Fam117a	0.03964204436	0.0002329601197	0.0001307333572	0.0002822048694
3303	Ifng	0.03959902809	0.000236269397	0.0001307333572	0.0002861270324
3304	Dpy19l2	0.0395855703	0.0002373136881	0.0001307333572	0.0002873047071
3305	Timm29	0.03956441919	0.0002389636676	0.0001307333572	0.0002892147263
3306	Ulk4	0.03936507284	0.0002550487895	0.0001307333572	0.000308588977
3307	Anks3	0.03930557815	0.0002600415168	0.0001307333572	0.0003145346439
3308	Lama1	0.03918956524	0.0002700402192	0.0001307333572	0.0003265298903
3309	Wfdc1	0.03913174018	0.0002751566294	0.0001307333572	0.0003326160524
3310	Pdgfra	0.03885684148	0.0003007385031	0.0001307333572	0.0003634302152
3311	Palmd	0.03877310132	0.0003089606913	0.0001307333572	0.0003732536289
3312	Psmb9	0.03864673088	0.0003217654079	0.0001307333572	0.0003886055651
3313	Cavin4	0.03857341384	0.000329418904	0.0001307333572	0.0003977288307
3314	Wdr27	0.03856203044	0.0003306222782	0.0001307333572	0.0003990612894
3315	Wnt8b	0.03837783264	0.0003506714471	0.0001307333572	0.0004231329678
3316	Scnn1a	0.03835037911	0.0003537546219	0.0001307333572	0.0004267245137
3317	Gm26723	0.03781593781	0.0004190267828	0.0001307333572	0.0005053081493
3318	Prdm16	0.03778297303	0.000423397784	0.0001307333572	0.0005104252972
3319	Efna4	0.03756797566	0.0004529590352	0.0001307333572	0.0005458982045
3320	Lhx1	0.03721821733	0.000505164914	0.0001307333572	0.0006086324265
3321	Susd6	0.03719655955	0.0005085740085	0.0001307333572	0.0006125552646
3322	Tpst2	0.03705525217	0.0005313447606	0.0001307333572	0.0006397889953
3323	Smim3	0.03705308185	0.0005317017341	0.0001307333572	0.000640026162
3324	Fgf16	0.0369400856	0.0005505967979	0.0001307333572	0.0006625713573
3325	Crtap	0.03676446689	0.0005811994089	0.0001307333572	0.0006991872588
3326	Fam180a	0.0364946508	0.0006312914432	0.0001307333572	0.0007592200159
3327	Insm1	0.03647615502	0.0006348671619	0.0001307333572	0.0007632908469
3328	Ltbp4	0.03644912604	0.0006401262108	0.0001307333572	0.0007693824649
3329	Gm48107	0.03638686756	0.0006523932455	0.0001307333572	0.0007838909528
3330	S100g	0.03635959334	0.0006578352294	0.0001307333572	0.0007901924678
3331	Gpx6	0.03631521865	0.0006667788351	0.0001307333572	0.0008006950887
3332	Tmem221	0.03617910648	0.0006949164341	0.0001307333572	0.0008342334142
3333	Ap1m2	0.03614907752	0.0007012697699	0.0001307333572	0.0008416078846
3334	Mki67	0.03602859526	0.000727302904	0.0001307333572	0.000872588967
3335	Ndufa4l2	0.03588001949	0.0007606321255	0.0001307333572	0.0009123023994
3336	Ccdc189	0.03564497902	0.0008162412815	0.0001307333572	0.0009787065725
3337	C1ql1	0.03563029802	0.0008198359026	0.0001307333572	0.0009827220888
3338	Klhl31	0.0356061042	0.0008257915231	0.0001307333572	0.0009895644375
3339	Insig2	0.03550178876	0.0008519287229	0.0001307333572	0.001020579482
3340	Galr1	0.03542957653	0.0008704655457	0.0001307333572	0.001042473707
3341	Chad	0.03540182636	0.0008776871035	0.0001307333572	0.001050807667
3342	8430408G22Rik	0.03536568925	0.0008871738086	0.0001307333572	0.001061847766
3343	Myoz2	0.03507985683	0.0009655978076	0.0001307333572	0.001155366805
3344	Lypd2	0.0350582383	0.0009717808758	0.0001307333572	0.001162417316
3345	Fut4	0.03505706558	0.0009721173199	0.0001307333572	0.001162472131
3346	Htr3b	0.03502718858	0.0009807249538	0.0001307333572	0.001172414768
3347	Col6a4	0.03496522159	0.0009988012559	0.0001307333572	0.00119366747
3348	Klk9	0.03492506826	0.00101067706	0.0001307333572	0.001207499474
3349	Tpbgl	0.03481197983	0.001044824056	0.0001307333572	0.001247923626
3350	A630019I02Rik	0.03477437682	0.001056410622	0.0001307333572	0.001261385818
3351	Cyp4f18	0.03477134019	0.001057351416	0.0001307333572	0.001262132398
3352	Slc6a19	0.03466118314	0.001092003746	0.0001307333572	0.001303107095
3353	Serpina3g	0.03464358807	0.001097634105	0.0001307333572	0.001309435258
3354	Calr3	0.03457949231	0.001118370273	0.0001307333572	0.001333774924
3355	Tmem2	0.03449021959	0.00114785007	0.0001307333572	0.001368524674
3356	Antxr2	0.03445808811	0.001158633611	0.0001307333572	0.001380969739
3357	Slc27a3	0.03433913338	0.001199368139	0.0001307333572	0.001429095191
3358	G630016G05Rik	0.03432969169	0.00120265683	0.0001307333572	0.001432587052
3359	Lmod1	0.03429103027	0.001216209504	0.0001307333572	0.001448299498
3360	2200002D01Rik	0.03399228528	0.001325740263	0.0001307333572	0.001578262217
3361	D130079A08Rik	0.03389147041	0.001364690536	0.0001307333572	0.001624148214
3362	Olfml2a	0.03381207659	0.001396097493	0.0001307333572	0.001661032116
3363	Tat	0.03376713904	0.001414165285	0.0001307333572	0.00168202829
3364	Gm16933	0.03375321242	0.001419807872	0.0001307333572	0.00168823766
3365	Pigx	0.03368060367	0.001449560803	0.0001307333572	0.001723103481
3366	Tbx2	0.03363291345	0.001469411346	0.0001307333572	0.001746181041
3367	Klre1	0.03358213682	0.001490818987	0.0001307333572	0.001771094727
3368	Ly6c1	0.03353529539	0.001510819454	0.0001307333572	0.001794322392
3369	Cflar	0.03347889781	0.001535224838	0.0001307333572	0.001822766207
3370	Pdzk1ip1	0.03346191401	0.001542644499	0.0001307333572	0.001831032046
3371	Fam114a2	0.03331284235	0.001609185698	0.0001307333572	0.001909446096
3372	Ccl5	0.03323071586	0.001646951982	0.0001307333572	0.001953679694
3373	Sec14l2	0.03320229329	0.00166020915	0.0001307333572	0.001968821998
3374	Gm39158	0.03298457738	0.001765026555	0.0001307333572	0.002092503325
3375	Clec12a	0.03297574899	0.001769401239	0.0001307333572	0.002097068135
3376	Gm32122	0.03292783284	0.001793317401	0.0001307333572	0.00212478365
3377	Serpina12	0.03292079196	0.001796856354	0.0001307333572	0.002128346289
3378	AC123870.1	0.03277878263	0.001869604104	0.0001307333572	0.002213859211
3379	Gm20063	0.03261047224	0.00195928617	0.0001307333572	0.002319368062
3380	Zfp979	0.032571542	0.001980578293	0.0001307333572	0.002343879636
3381	Cybb	0.03253577727	0.002000324062	0.0001307333572	0.002366547249
3382	Spon2	0.03251593461	0.002011356153	0.0001307333572	0.002378895509
3383	Clec1b	0.03251447336	0.002012170755	0.0001307333572	0.002379155489
3384	Laptm5	0.03251167788	0.002013729986	0.0001307333572	0.002380295492
3385	Prdm12	0.03222339244	0.002180540671	0.0001307333572	0.002576709803
3386	Trrap	0.03214396091	0.002228653169	0.0001307333572	0.002632785788
3387	Alkal2	0.03208621199	0.002264234003	0.0001307333572	0.002674028938
3388	Tbc1d1	0.03197551633	0.002333878885	0.0001307333572	0.002755465035
3389	Fbln2	0.03191608051	0.002372068306	0.0001307333572	0.002799726535
3390	Fmo2	0.03161963064	0.002571125503	0.0001307333572	0.003033776405
3391	Gm5483	0.03143170708	0.002705006088	0.0001307333572	0.003190806356
3392	Ddr2	0.03140533094	0.00272429244	0.0001307333572	0.003212609009
3393	Ckap2	0.03126468815	0.002829242256	0.0001307333572	0.003335387275
3394	Igsf3	0.03119803584	0.002880241602	0.0001307333572	0.003394509843
3395	Fam187b	0.03116646745	0.002904684381	0.0001307333572	0.00342230855
3396	Clec14a	0.03111664899	0.002943638438	0.0001307333572	0.003467183083
3397	Knstrn	0.0309037041	0.003115505946	0.0001307333572	0.003668538059
3398	Gm20234	0.03079021146	0.003210749669	0.0001307333572	0.003779575831
3399	Col5a3	0.03074645219	0.003248167009	0.0001307333572	0.003822497216
3400	Stac	0.03058852775	0.003386487802	0.0001307333572	0.003984103296
3401	Mpzl1	0.03057905208	0.003394953163	0.0001307333572	0.003992888165
3402	Dnaaf1	0.0305391143	0.003430842055	0.0001307333572	0.004033911881
3403	Tbx15	0.03032995406	0.003624423581	0.0001307333572	0.004260268681
3404	Abcc4	0.03029466078	0.003658037858	0.0001307333572	0.004298516872
3405	Slc52a3	0.03026022119	0.003691108426	0.0001307333572	0.004336103877
3406	Rs1	0.03022325168	0.00372690659	0.0001307333572	0.004376872097
3407	Erp27	0.03020318338	0.00374646916	0.0001307333572	0.004398554928
3408	Vsig8	0.03019188824	0.003757520107	0.0001307333572	0.004410234868
3409	Ces2g	0.03014726378	0.00380146623	0.0001307333572	0.00446050599
3410	Gm11716	0.03011822198	0.003830313527	0.0001307333572	0.004493036395
3411	Dnah5	0.03010255365	0.003845958261	0.0001307333572	0.00451006539
3412	Vsx1	0.03007094046	0.003877698297	0.0001307333572	0.004545953455
3413	Nmur2	0.0299864184	0.003963715301	0.0001307333572	0.004645432524
3414	Nfatc4	0.02985840185	0.004097252259	0.0001307333572	0.004800529887
3415	Rbpms	0.02976608209	0.004196037116	0.0001307333572	0.004914831176
3416	Gm128	0.02956522106	0.004418358164	0.0001307333572	0.005173721503
3417	Cpeb1	0.02934877813	0.004669651546	0.0001307333572	0.005466375822
3418	Gja4	0.02931916259	0.004705009442	0.0001307333572	0.005506154994
3419	Ccdc68	0.02925209237	0.004785968624	0.0001307333572	0.005599261333
3420	Mpl	0.02917742303	0.004877559771	0.0001307333572	0.00570474827
3421	Ndc80	0.02899477509	0.005108216236	0.0001307333572	0.005972775488
3422	Fgf15	0.02898403817	0.005122072666	0.0001307333572	0.005987226962
3423	Grap2	0.02880869616	0.005353141722	0.0001307333572	0.006255497192
3424	Upk1a	0.02861361473	0.005621075823	0.0001307333572	0.006566677364
3425	Emid1	0.02842847748	0.005886298044	0.0001307333572	0.006874508664
3426	Clec4a2	0.02836127441	0.005985282434	0.0001307333572	0.006988070559
3427	Gm26710	0.02834635681	0.006007453894	0.0001307333572	0.007011910002
3428	Cd247	0.02826562262	0.006128713936	0.0001307333572	0.007151358152
3429	Samd13	0.02811285249	0.006364116387	0.0001307333572	0.007423874467
3430	Mkrn2os	0.02803756552	0.00648304244	0.0001307333572	0.007560399347
3431	Thumpd3	0.02795815671	0.006610605774	0.0001307333572	0.007706914339
3432	Gm20721	0.02793633501	0.0066460469	0.0001307333572	0.007745975408
3433	Cdx1	0.02780629481	0.006860751798	0.0001307333572	0.007993884996
3434	F13a1	0.02772635634	0.006995755289	0.0001307333572	0.008148812218
3435	Tmem136	0.02759277584	0.007226589715	0.0001307333572	0.008415242754
3436	Gm5914	0.02749943165	0.007391855428	0.0001307333572	0.008605186761
3437	Slc2a4	0.02695917454	0.008415383288	0.0001307333572	0.009793870571
3438	Plcd1	0.02678785703	0.008764955924	0.0001307333572	0.01019773813
3439	Spdef	0.02668713488	0.008976367391	0.0001307333572	0.01044067158
3440	Gm30551	0.02660818468	0.009145190278	0.0001307333572	0.01063394218
3441	Cpxm2	0.02655414895	0.009262333724	0.0001307333572	0.01076702554
3442	Ms4a1	0.02639496082	0.009615101292	0.0001307333572	0.01117385391
3443	A130051J06Rik	0.02633440517	0.009752346742	0.0001307333572	0.01133005721
3444	Slc39a11	0.02621844857	0.01001993718	0.0001307333572	0.0116375577
3445	Batf3	0.02598477391	0.01057871155	0.0001307333572	0.01228297423
3446	Rbp7	0.02564922616	0.01142849477	0.0001307333572	0.01326580936
3447	Ppif	0.02562725117	0.01148616023	0.0001307333572	0.01332887755
3448	Chit1	0.02557464999	0.01162522063	0.0001307333572	0.01348633483
3449	Ippk	0.02555457667	0.01167867203	0.0001307333572	0.01354441522
3450	Cdca7	0.0254079315	0.01207567186	0.0001307333572	0.01400077896
3451	Ackr3	0.02529896609	0.01237819251	0.0001307333572	0.0143473689
3452	Mmgt2	0.02518731519	0.01269495635	0.0001307333572	0.01471026229
3453	Sult1c2	0.02517276792	0.01273674043	0.0001307333572	0.01475440537
3454	Klhl41	0.0251428392	0.01282307895	0.0001307333572	0.01485012038
3455	Pglyrp1	0.02513319604	0.01285100521	0.0001307333572	0.01487815365
3456	C130080G10Rik	0.02509326701	0.01296719889	0.0001307333572	0.01500833204
3457	Kntc1	0.02505496912	0.0130794983	0.0001307333572	0.01513392918
3458	Aoc3	0.02503051197	0.01315165199	0.0001307333572	0.0152130156
3459	Pcgf1	0.02491735385	0.01348998674	0.0001307333572	0.01559986903
3460	Ifi47	0.02490162678	0.01353759926	0.0001307333572	0.01565040377
3461	Ntrk1	0.02487597825	0.0136155594	0.0001307333572	0.01573598312
3462	C4bp	0.02478088002	0.01390800655	0.0001307333572	0.01606933166
3463	Kcnn4	0.02471420945	0.01411624794	0.0001307333572	0.0163052243
3464	Shroom3	0.0246900846	0.01419225965	0.0001307333572	0.01638829059
3465	AI661453	0.02467539031	0.01423873048	0.0001307333572	0.0164372069
3466	2610318N02Rik	0.02445583282	0.01494884883	0.0001307333572	0.01725198942
3467	Scara5	0.02444648524	0.01497974584	0.0001307333572	0.01728266033
3468	Rpl3l	0.02440670123	0.01511186063	0.0001307333572	0.0174300584
3469	Slc35g1	0.02411470259	0.01611252035	0.0001307333572	0.01857886462
3470	Gsx2	0.02408866205	0.01620445592	0.0001307333572	0.01867948809
3471	9930111J21Rik2	0.02401665751	0.01646100902	0.0001307333572	0.01896975974
3472	Bpifb1	0.02401083063	0.01648192153	0.0001307333572	0.01898838886
3473	Gm11513	0.02386515208	0.01701219879	0.0001307333572	0.01959366403
3474	Insm2	0.0238096247	0.01721812586	0.0001307333572	0.01982513052
3475	Sln	0.02378331355	0.01731644384	0.0001307333572	0.01993259723
3476	Gm42722	0.02375880881	0.01740844263	0.0001307333572	0.0200327303
3477	Btg2	0.02362823608	0.01790572286	0.0001307333572	0.02059904845
3478	Rorc	0.02351287083	0.01835511722	0.0001307333572	0.02110996805
3479	Klk10	0.02342182035	0.01871654673	0.0001307333572	0.02151945585
3480	Bloc1s4	0.02322144272	0.01953333521	0.0001307333572	0.02245210944
3481	Mettl27	0.02287745821	0.02100610111	0.0001307333572	0.0241380076
3482	Tpst1	0.0228628965	0.02107046617	0.0001307333572	0.0242050157
3483	Prtg	0.02282193042	0.02125243844	0.0001307333572	0.0244070496
3484	Sult1a1	0.02258021531	0.0223534085	0.0001307333572	0.02566407405
3485	Pax7	0.02256431186	0.02242750266	0.0001307333572	0.02574175342
3486	Anks4b	0.0225138511	0.02266397188	0.0001307333572	0.02600570497
3487	Gm5547	0.02250390493	0.02271082871	0.0001307333572	0.02605199737
3488	Spata13	0.02230587991	0.02366086295	0.0001307333572	0.02713401714
3489	Gzma	0.02216128405	0.02437549232	0.0001307333572	0.02794553433
3490	Scn11a	0.02207295449	0.02482089117	0.0001307333572	0.0284480128
3491	Itgbl1	0.02203402348	0.02501935583	0.0001307333572	0.02866726534
3492	Cnn2	0.02195265709	0.02543844798	0.0001307333572	0.02913911567
3493	Spp2	0.02193305349	0.02554029411	0.0001307333572	0.02924740236
3494	Ror2	0.02184135485	0.02602123864	0.0001307333572	0.02978962637
3495	Pitx1	0.02171284983	0.0267079538	0.0001307333572	0.03056704298
3496	Gm28523	0.02126047841	0.02924688422	0.0001307333572	0.03346325426
3497	Clybl	0.0211553125	0.02986500452	0.0001307333572	0.03416071435
3498	Serpinf2	0.02107151731	0.03036523942	0.0001307333572	0.03472297246
3499	Gmnc	0.02098628191	0.03088117486	0.0001307333572	0.0353028578
3500	Gbp8	0.02097086046	0.03097529271	0.0001307333572	0.03540033453
3501	Gm16364	0.02095909931	0.03104723101	0.0001307333572	0.03547241475
3502	Notch3	0.02090525094	0.03137836777	0.0001307333572	0.03584051144
3503	Ikbke	0.0208845454	0.03150646992	0.0001307333572	0.03597655715
3504	Spg21	0.02080746541	0.03198715831	0.0001307333572	0.0365150209
3505	Cdca3	0.02047077887	0.03415833114	0.0001307333572	0.03898240359
3506	Krtap17-1	0.02027351682	0.03548573611	0.0001307333572	0.04048572289
3507	Arg2	0.02007797434	0.03684302076	0.0001307333572	0.04202226491
3508	Gm42788	0.02004917088	0.03704649003	0.0001307333572	0.04224229194
3509	Wdr93	0.01998306674	0.03751692739	0.0001307333572	0.0427665174
3510	Dnah3	0.0199295363	0.03790144736	0.0001307333572	0.04319253261
3511	Ptgdr	0.01983759187	0.03856940423	0.0001307333572	0.04394121815
3512	Tmem182	0.01972302585	0.03941509272	0.0001307333572	0.04489190515
3513	Nme7	0.01955080608	0.04071468667	0.0001307333572	0.04635888035
3514	Pawr	0.01939319592	0.04193430532	0.0001307333572	0.04773398443
3515	Icam1	0.01922374043	0.04327840776	0.0001307333572	0.04924996615
3516	Gm38413	0.01903301002	0.04483265052	0.0001307333572	0.05100415303
3517	Gm17745	0.01895717181	0.04546300317	0.0001307333572	0.0517065717
3518	Upk3bl	0.01885385779	0.04633317659	0.0001307333572	0.05268126957
3519	Tie1	0.01881336937	0.04667782085	0.0001307333572	0.05305805155
3520	Higd1b	0.01873963772	0.04731071841	0.0001307333572	0.05376218002
3521	Rassf10	0.01872627547	0.04742615001	0.0001307333572	0.05387804602
3522	Mis18a	0.01853307744	0.04912046432	0.0001307333572	0.05578701229
3523	Plbd1	0.01853102151	0.04913875111	0.0001307333572	0.05579193994
3524	Ap3b1	0.01846248259	0.04975149911	0.0001307333572	0.05647162214
3525	Hcrtr2	0.0183404885	0.0508572117	0.0001307333572	0.05771031114
3526	Zfp189	0.01825496408	0.05164397659	0.0001307333572	0.05858647373
3527	Emcn	0.01812352485	0.05287195489	0.0001307333572	0.05996252327
3528	5330429C05Rik	0.01811411059	0.0529607895	0.0001307333572	0.0600462466
3529	Pde6c	0.01802631534	0.05379495167	0.0001307333572	0.06097472561
3530	Otos	0.0179252105	0.05476842413	0.0001307333572	0.06206053725
3531	mt-Nd6	0.01791499987	0.05486750493	0.0001307333572	0.06215520241
3532	AC102334.1	0.01788912407	0.05511922999	0.0001307333572	0.06242268402
3533	Epcam	0.01782139611	0.05578242191	0.0001307333572	0.0631558697
3534	Gm45155	0.01753456025	0.05866116611	0.0001307333572	0.06639633968
3535	Rspo4	0.01746567614	0.05936957663	0.0001307333572	0.06717915318
3536	Stat4	0.01735496809	0.06052213922	0.0001307333572	0.06846395839
3537	Sema3g	0.01726331656	0.06148949069	0.0001307333572	0.06953858149
3538	Tusc5	0.01716587103	0.06253119703	0.0001307333572	0.07069666143
3539	Gm21814	0.01714426329	0.06276403982	0.0001307333572	0.07093985852
3540	Gm5532	0.01702044544	0.0641113403	0.0001307333572	0.07244219243
3541	A430105J06Rik	0.01691031209	0.06532853295	0.0001307333572	0.07379670483
3542	Cyp7b1	0.01668641786	0.06785819652	0.0001307333572	0.07663263299
3543	Gm31409	0.01666701441	0.06808093975	0.0001307333572	0.07686247784
3544	Tmem119	0.01665059224	0.06826989981	0.0001307333572	0.077054063
3545	Npy5r	0.01662074998	0.06861431247	0.0001307333572	0.07742094496
3546	Trpm1	0.01660560102	0.06878966032	0.0001307333572	0.07759690956
3547	Mfap4	0.01636409681	0.07163192887	0.0001307333572	0.08078029757
3548	Filip1l	0.01632858257	0.07205738826	0.0001307333572	0.08123719082
3549	Cdca8	0.01626220132	0.07285782459	0.0001307333572	0.08211645488
3550	Ddias	0.0158669261	0.07776572377	0.0001307333572	0.08762335073
3551	Il2rg	0.01575993392	0.07913639852	0.0001307333572	0.08914266237
3552	Egfl8	0.01570740918	0.07981595101	0.0001307333572	0.08988282771
3553	AB124611	0.01568914855	0.08005323368	0.0001307333572	0.09012466499
3554	Mir17hg	0.01560119346	0.08120361749	0.0001307333572	0.09139405458
3555	Trdc	0.01559232717	0.08132027024	0.0001307333572	0.09149960084
3556	Hmgn5	0.0155387256	0.08202819312	0.0001307333572	0.09227018349
3557	Lox	0.01553457583	0.08208319269	0.0001307333572	0.09230609243
3558	Slc4a7	0.01520824375	0.08649580647	0.0001307333572	0.09724092914
3559	Pirb	0.01510200442	0.08796996298	0.0001307333572	0.09887042763
3560	Kcnj8	0.01508626045	0.08819000771	0.0001307333572	0.0990898963
3561	Fgr	0.01469475543	0.09379459801	0.0001307333572	0.1053575939
3562	Gm13404	0.01456040915	0.0957771908	0.0001307333572	0.1075543973
3563	Agtr1a	0.01451921665	0.09639121442	0.0001307333572	0.1082135441
3564	Map7d3	0.01436475948	0.09871934395	0.0001307333572	0.1107961212
3565	Timp1	0.01426442463	0.1002535795	0.0001307333572	0.1124864848
3566	Ano7	0.01424825497	0.1005024519	0.0001307333572	0.112734102
3567	Spta1	0.01413981384	0.1021831595	0.0001307333572	0.1145872268
3568	Dbh	0.01399395354	0.1044759361	0.0001307333572	0.1171254889
3569	AI463170	0.01380019989	0.1075788722	0.0001307333572	0.1205703247
3570	Crygs	0.01375900805	0.1082470267	0.0001307333572	0.1212851839
3571	Rab38	0.01369847434	0.1092343288	0.0001307333572	0.1223571311
3572	Rxfp2	0.01360705829	0.1107375565	0.0001307333572	0.1240062223
3573	Wfdc21	0.013534644	0.1119388018	0.0001307333572	0.1253163188
3574	Iigp1	0.01335447233	0.1149679384	0.0001307333572	0.1286714475
3575	Mfsd13b	0.0132449608	0.1168373464	0.0001307333572	0.1307271008
3576	Igbp1b	0.01322914809	0.1171090461	0.0001307333572	0.1309944587
3577	E2f7	0.01302743372	0.1206143007	0.0001307333572	0.1348776077
3578	Aagab	0.0128862571	0.1231111048	0.0001307333572	0.137631196
3579	Pdgfrb	0.01265717201	0.1272393008	0.0001307333572	0.1422065391
3580	Krt2	0.01264069335	0.1275399217	0.0001307333572	0.1425027058
3581	Trpa1	0.0125078209	0.1299819673	0.0001307333572	0.1451906924
3582	Gm12927	0.01248576753	0.1303903944	0.0001307333572	0.1456062473
3583	Gm47328	0.01240875889	0.1318235481	0.0001307333572	0.1471655575
3584	Irgm2	0.01238467045	0.132274064	0.0001307333572	0.1476273036
3585	Parvaos	0.012278688	0.1342688094	0.0001307333572	0.1498117818
3586	9530036O11Rik	0.01213857315	0.1369375456	0.0001307333572	0.1527468439
3587	Pappa2	0.012128428	0.1371321756	0.0001307333572	0.1529212998
3588	Uba1y	0.01202585085	0.1391106867	0.0001307333572	0.1550843776
3589	Abcc9	0.01198327084	0.1399376501	0.0001307333572	0.155962831
3590	Mb	0.01185360964	0.142476397	0.0001307333572	0.1587480747
3591	Calr4	0.01180503146	0.1434355234	0.0001307333572	0.1597722343
3592	Itgal	0.01164680389	0.1465897331	0.0001307333572	0.1632402373
3593	Npsr1	0.01160830587	0.1473641654	0.0001307333572	0.1640569612
3594	Lncenc1	0.01152290751	0.1490918234	0.0001307333572	0.1658938752
3595	Slc26a3	0.0115226467	0.1490971204	0.0001307333572	0.1658938752
3596	Evi2	0.01146204533	0.1503313246	0.0001307333572	0.1672206058
3597	Ttc6	0.01131786757	0.153294935	0.0001307333572	0.1704697637
3598	Ly6k	0.01128254547	0.1540268536	0.0001307333572	0.1712360796
3599	Gm807	0.01118465011	0.1560674339	0.0001307333572	0.1734564422
3600	Col9a1	0.01097411794	0.16051596	0.0001307333572	0.1783510666
3601	Syce1	0.01095023117	0.1610258672	0.0001307333572	0.1788679447
3602	Myh8	0.01066823635	0.1671253655	0.0001307333572	0.185591744
3603	Slc35g3	0.01053663185	0.1700222716	0.0001307333572	0.188703964
3604	Awat2	0.01051992062	0.1703924122	0.0001307333572	0.1890623159
3605	Dusp13	0.01022584913	0.1769901746	0.0001307333572	0.1963285354
3606	2310026L22Rik	0.009952362385	0.1832689572	0.0001307333572	0.2032369916
3607	Aox1	0.009733974607	0.1883812326	0.0001307333572	0.2088483731
3608	Fgf3	0.009520863919	0.1934538858	0.0001307333572	0.2144127302
3609	Lefty2	0.009224139126	0.2006540428	0.0001307333572	0.2222697788
3610	Draxin	0.009200557776	0.201233074	0.0001307333572	0.2228494728
3611	Zfand2b	0.008971551471	0.2069081682	0.0001307333572	0.2290073805
3612	Slfn1	0.008688272345	0.2140577007	0.0001307333572	0.2368549939
3613	Gm5868	0.008594083611	0.2164663621	0.0001307333572	0.2393215722
3614	Tspan32	0.008499906212	0.2188903407	0.0001307333572	0.2418677797
3615	Gm29107	0.008380675117	0.2219814471	0.0001307333572	0.2452156279
3616	Foxs1	0.007715811278	0.2396683494	0.0001307333572	0.264461627
3617	Ifi204	0.007125948937	0.2559825992	0.0001307333572	0.2822299881
3618	Ccl22	0.006941076144	0.2612124772	0.0001307333572	0.2879167564
3619	Gm30655	0.006859860841	0.2635272178	0.0001307333572	0.2903881188
3620	Brip1	0.00675283765	0.2665934221	0.0001307333572	0.2935242743
3621	Rgs22	0.006738870325	0.2669949114	0.0001307333572	0.2938045793
3622	Helt	0.006452045427	0.2753065966	0.0001307333572	0.3026178584
3623	Plekhg4	0.006393642485	0.2770144859	0.0001307333572	0.304411523
3624	P2ry12	0.006222383167	0.2820523564	0.0001307333572	0.3094375825
3625	Wfdc17	0.00612047485	0.2850709464	0.0001307333572	0.3126635004
3626	Dupd1	0.005951272486	0.2901165755	0.0001307333572	0.3181102802
3627	Oas3	0.005910144432	0.2913493111	0.0001307333572	0.3193744161
3628	Irx6	0.005846723611	0.2932550061	0.0001307333572	0.3213753492
3629	Hepacam2	0.005779057547	0.2952946119	0.0001307333572	0.3235218974
3630	Tvp23bos	0.005710433415	0.2973697385	0.0001307333572	0.3256170145
3631	Gm13848	0.005687930984	0.2980516374	0.0001307333572	0.3262743704
3632	Gm36356	0.005453047753	0.3052115073	0.0001307333572	0.3333823128
3633	Cd163	0.005446613658	0.305408706	0.0001307333572	0.3335066405
3634	Hmcn2	0.005438672128	0.3056521839	0.0001307333572	0.3336814235
3635	Cyb5r2	0.005356897683	0.3081642757	0.0001307333572	0.3363320881
3636	Noxred1	0.005226943341	0.3121749572	0.0001307333572	0.3404307058
3637	Hbq1b	0.005138204212	0.3149265305	0.0001307333572	0.3432441749
3638	Tns4	0.005110922982	0.3157745298	0.0001307333572	0.3440746715
3639	Gm42756	0.004976572842	0.3199647095	0.0001307333572	0.3483556989
3640	Cdc42bpg	0.004805042256	0.3253479974	0.0001307333572	0.3536391277
3641	1700041G16Rik	0.00476829623	0.3265060337	0.0001307333572	0.3547050882
3642	Gm47202	0.004764588379	0.3266229783	0.0001307333572	0.3547357897
3643	Ddx60	0.004424532188	0.3374194195	0.0001307333572	0.3657928323
3644	Gm15690	0.004172468565	0.3455100988	0.0001307333572	0.3738275345
3645	Irak4	0.004140617801	0.3465375731	0.0001307333572	0.3747364943
3646	1700003M07Rik	0.004001699332	0.3510320735	0.0001307333572	0.3788797339
3647	Nkg7	0.003924972098	0.353523481	0.0001307333572	0.3812601575
3648	Dlx4	0.003900031858	0.3543346743	0.0001307333572	0.3818261576
3649	Gpr20	0.003893397484	0.354550572	0.0001307333572	0.3818456276
3650	Ephx3	0.003876798963	0.3550909304	0.0001307333572	0.3821263712
3651	Gm9889	0.003739719478	0.3595645564	0.0001307333572	0.3861095908
3652	Acot6	0.003712682834	0.3604492045	0.0001307333572	0.3869556677
3653	Fyb2	0.003655652653	0.3623176978	0.0001307333572	0.388544448
3654	Vsx2	0.003551872688	0.365726267	0.0001307333572	0.3913603713
3655	Gm26530	0.003393595422	0.370945149	0.0001307333572	0.3960635014
3656	Cyth4	0.00323373245	0.3762405208	0.0001307333572	0.4004688886
3657	Myo3b	0.002966777086	0.3851349653	0.0001307333572	0.4078739373
3658	Klrg1	0.002925986355	0.3864995046	0.0001307333572	0.4089912992
3659	Pde11a	0.002886716106	0.387814508	0.0001307333572	0.4100602781
3660	Chil3	0.002477498042	0.4015915332	0.0001307333572	0.4210658278
3661	Gm42984	0.002196014479	0.4111408166	0.0001307333572	0.4285142568
3662	Cd300lg	0.002133236173	0.4132779762	0.0001307333572	0.4303592432
3663	Prss50	0.002035125717	0.4166230759	0.0001307333572	0.4325181167
3664	C230014O12Rik	0.001844399583	0.4231430254	0.0001307333572	0.4375832734
3665	P2rx2	0.001419451626	0.437743172	0.0001307333572	0.4471588592
3666	Gm15997	0.001410692183	0.4380450892	0.0001307333572	0.4473271271
3667	Ch25h	0.001330455028	0.4408123294	0.0001307333572	0.4488923924
3668	Piezo2	0.001233271698	0.4441678755	0.0001307333572	0.4516195988
3669	Birc5	0.001185991699	0.4458018229	0.0001307333572	0.452857261
3670	Pimreg	0.00105899428	0.4501952044	0.0001307333572	0.4556631623
3671	Clrn1	0.000989763662	0.4525927944	0.0001307333572	0.4572799135
3672	Gypc	0.000975338519	0.4530925857	0.0001307333572	0.4576692784
3673	Rab43	0.0007327386017	0.4615085142	0.0001307333572	0.4631294673
3674	Fbxw10	0.00051303822	0.4691450509	0.0001307333572	0.469967494
3675	Lrrc9	0.0004886606392	0.46999314	0.0001307333572	0.4706991888
3676	Gna14	0.0002799356802	0.4772597987	0.0001307333572	0.4778571201
3677	Prdm9	-3.483442468e-05	0.4882319083	0.0001307333572	0.4885983571
3678	Lancl3	-0.0003466213747	0.4991088466	0.0001307333572	0.4991088466
3679	Tk1	-0.0005174619924	0.4949304434	0.0001307333572	0.495054207
3680	Nusap1	-0.0005466604601	0.4939117715	0.0001307333572	0.4941588509
3681	Ttll13	-0.0009608066711	0.4794705143	0.0001307333572	0.4799504648
3682	AA543186	-0.001262509043	0.4689660305	0.0001307333572	0.4699058421
3683	Fpr2	-0.001270818996	0.4686769715	0.0001307333572	0.4697338727
3684	Kif2c	-0.001355630072	0.4657278174	0.0001307333572	0.466895055
3685	Tbx4	-0.001391350511	0.4644862564	0.0001307333572	0.465767116
3686	Gucy2f	-0.001415634223	0.4636424066	0.0001307333572	0.4650375192
3687	Mmrn1	-0.001431148252	0.4631033854	0.0001307333572	0.4646133788
3688	Klra9	-0.001492020409	0.4609890995	0.0001307333572	0.4627243157
3689	Stfa1	-0.001544340797	0.4591727226	0.0001307333572	0.4610167898
3690	Gm15689	-0.001550654665	0.4589535845	0.0001307333572	0.4609124625
3691	Spocd1	-0.001563233569	0.4585170405	0.0001307333572	0.4605896941
3692	Gm17399	-0.001564080449	0.4584876518	0.0001307333572	0.4605896941
3693	1700086P04Rik	-0.001566533869	0.4584025136	0.0001307333572	0.4605896941
3694	Tdrd9	-0.001567495138	0.4583691564	0.0001307333572	0.4605896941
3695	Reg3b	-0.001572352646	0.4582005991	0.0001307333572	0.4605896941
3696	2310043O21Rik	-0.001574051406	0.4581416533	0.0001307333572	0.4605896941
3697	Gm16291	-0.001596262254	0.4573710373	0.0001307333572	0.4601318283
3698	Gm13481	-0.001599386488	0.4572626533	0.0001307333572	0.4601318283
3699	Cr2	-0.001602905246	0.4571405865	0.0001307333572	0.4601314409
3700	Bmp15	-0.001606191294	0.4570265962	0.0001307333572	0.4601314409
3701	Gm43522	-0.001611405226	0.4568457364	0.0001307333572	0.4600661997
3702	Cyp26a1	-0.00161501625	0.4567204831	0.0001307333572	0.4600558883
3703	Dnajc5b	-0.001624111167	0.4564050327	0.0001307333572	0.4598539372
3704	Jaml	-0.001647206581	0.4556041095	0.0001307333572	0.4591626198
3705	5430427N15Rik	-0.001670785253	0.4547866135	0.0001307333572	0.4584542475
3706	Tbx19	-0.001671727527	0.4547539479	0.0001307333572	0.4584542475
3707	Slfn4	-0.001671932412	0.4547468452	0.0001307333572	0.4584542475
3708	Ctse	-0.001691687868	0.4540620591	0.0001307333572	0.4580701731
3709	Adamts7	-0.001693751073	0.4539905498	0.0001307333572	0.4580701731
3710	Lmntd2	-0.001695773304	0.453920462	0.0001307333572	0.4580701731
3711	Cd200r4	-0.001696320852	0.453901485	0.0001307333572	0.4580701731
3712	F930017D23Rik	-0.001702796647	0.4536770538	0.0001307333572	0.4580701731
3713	Adh6b	-0.001752421244	0.4519577133	0.0001307333572	0.4567536264
3714	Gm13003	-0.001752479012	0.4519557123	0.0001307333572	0.4567536264
3715	Gata6	-0.00176071458	0.4516704616	0.0001307333572	0.4566940966
3716	Trim63	-0.001778427419	0.4510570365	0.0001307333572	0.4561891646
3717	Tpsg1	-0.001787612218	0.4507389976	0.0001307333572	0.4559827998
3718	Stag3	-0.001795664368	0.4504602046	0.0001307333572	0.4558160431
3719	Crct1	-0.00180650641	0.4500848545	0.0001307333572	0.4556631623
3720	Nlrp4f	-0.00181095248	0.4499309451	0.0001307333572	0.4556262735
3721	Msx3	-0.001817729234	0.4496963689	0.0001307333572	0.4555040455
3722	Gm15635	-0.001825506313	0.4494271883	0.0001307333572	0.4553466953
3723	Gm16156	-0.001830882679	0.4492411149	0.0001307333572	0.4552734886
3724	Ceacam2	-0.001840431361	0.4489106672	0.0001307333572	0.4550538947
3725	Gm14133	-0.001863588643	0.4481094193	0.0001307333572	0.4543568257
3726	Gm12530	-0.001865874415	0.4480303425	0.0001307333572	0.4543568257
3727	Cblc	-0.001866466392	0.4480098632	0.0001307333572	0.4543568257
3728	Cd209f	-0.001869439935	0.4479069965	0.0001307333572	0.4543568257
3729	H19	-0.001890814038	0.4471676847	0.0001307333572	0.4538621514
3730	Cyp2a5	-0.001894852181	0.4470280293	0.0001307333572	0.4538355627
3731	1700013H16Rik	-0.001905310436	0.446666371	0.0001307333572	0.4535835197
3732	Eid3	-0.001929270474	0.4458379735	0.0001307333572	0.452857261
3733	Appbp2os	-0.001929349595	0.4458352384	0.0001307333572	0.452857261
3734	Wnt3a	-0.001934622337	0.4456529696	0.0001307333572	0.452857261
3735	Gm45083	-0.002016498783	0.4428241536	0.0001307333572	0.4503678145
3736	Slc23a1	-0.002025323368	0.4425194371	0.0001307333572	0.4501723674
3737	Gm5493	-0.002042890894	0.4419129247	0.0001307333572	0.4496697275
3738	Gm13093	-0.002043588065	0.441888858	0.0001307333572	0.4496697275
3739	Il1r2	-0.002065755511	0.4411237364	0.0001307333572	0.4490951758
3740	Acpp	-0.002077537205	0.440717174	0.0001307333572	0.4488923924
3741	Tmem30b	-0.002079163043	0.4406610745	0.0001307333572	0.4488923924
3742	Iqcf5	-0.002105252296	0.4397610294	0.0001307333572	0.4481641064
3743	Six2	-0.002106539829	0.4397166192	0.0001307333572	0.4481641064
3744	Gm42196	-0.002114727738	0.4394342159	0.0001307333572	0.4480593585
3745	3110099E03Rik	-0.002120653869	0.4392298411	0.0001307333572	0.4479651617
3746	Igf2os	-0.002122280904	0.4391737323	0.0001307333572	0.4479651617
3747	Serpinb7	-0.002129792212	0.4389147184	0.0001307333572	0.4478721616
3748	Zpbp2	-0.002139136011	0.4385925509	0.0001307333572	0.4476576176
3749	Trim10	-0.00214356529	0.4384398467	0.0001307333572	0.4476159741
3750	Gm26810	-0.002163040605	0.4377685232	0.0001307333572	0.4471588592
3751	D6Ertd474e	-0.00218604857	0.4369756584	0.0001307333572	0.4465770653
3752	Gm37083	-0.002210122106	0.4361463445	0.0001307333572	0.4458434393
3753	Gucy1b2	-0.002214062857	0.4360106155	0.0001307333572	0.4458186252
3754	Hsd17b14	-0.002217219576	0.4359018958	0.0001307333572	0.4458186252
3755	Pnma5	-0.002232868031	0.4353630236	0.0001307333572	0.4453841673
3756	Kel	-0.002235794495	0.4352622608	0.0001307333572	0.4453841673
3757	Cmah	-0.002240457126	0.4351017277	0.0001307333572	0.4453446547
3758	Peg12	-0.002257762455	0.4345060037	0.0001307333572	0.4448487368
3759	Slc25a31	-0.002264043035	0.4342898357	0.0001307333572	0.4447412552
3760	Gm26578	-0.002268564749	0.4341342174	0.0001307333572	0.4446957413
3761	Sun3	-0.002273586304	0.4339614086	0.0001307333572	0.4446325908
3762	AC124561.1	-0.002276820213	0.4338501255	0.0001307333572	0.4446324628
3763	Cd48	-0.002277801349	0.4338163644	0.0001307333572	0.4446324628
3764	Gm14091	-0.002286219818	0.4335267024	0.0001307333572	0.44452879
3765	Ccl7	-0.002291196984	0.4333554653	0.0001307333572	0.4444671439
3766	Ascl3	-0.002300507689	0.4330351684	0.0001307333572	0.4442525452
3767	Gm36388	-0.002303421855	0.4329349274	0.0001307333572	0.4442525452
3768	Gm31805	-0.002305784088	0.4328536749	0.0001307333572	0.4442525452
3769	Nanog	-0.0023127603	0.4326137342	0.0001307333572	0.4441619448
3770	Six1	-0.002313172923	0.4325995432	0.0001307333572	0.4441619448
3771	Gm26637	-0.002313927269	0.4325735997	0.0001307333572	0.4441619448
3772	Btnl9	-0.002336396884	0.43180096	0.0001307333572	0.4436691087
3773	Gm48657	-0.002350318292	0.4313223894	0.0001307333572	0.4432912532
3774	Galnt5	-0.002396293714	0.4297426308	0.0001307333572	0.4417811677
3775	Apela	-0.002403905577	0.4294811879	0.0001307333572	0.4416259001
3776	Mfsd4b3	-0.002406300191	0.429398947	0.0001307333572	0.4416259001
3777	Tmem51os1	-0.002413455155	0.4291532344	0.0001307333572	0.4415156733
3778	Gys2	-0.002444057584	0.4281026104	0.0001307333572	0.440548094
3779	Gimap7	-0.002446127465	0.4280315668	0.0001307333572	0.440548094
3780	Glrp1	-0.002451453961	0.4278487586	0.0001307333572	0.4405135224
3781	Fam46b	-0.002453995268	0.4277615451	0.0001307333572	0.4405135224
3782	Gbx1	-0.002454851816	0.4277321505	0.0001307333572	0.4405135224
3783	Hsf3	-0.002458786178	0.4275971384	0.0001307333572	0.4405135224
3784	Axdnd1	-0.002460836939	0.4275267675	0.0001307333572	0.4405135224
3785	Dmbx1	-0.002467307599	0.4273047451	0.0001307333572	0.4405135224
3786	Il1rl1	-0.002478835582	0.4269092521	0.0001307333572	0.4402260914
3787	Gm14061	-0.002499549953	0.4261987845	0.0001307333572	0.4396067916
3788	Gm26577	-0.002525392485	0.4253127656	0.0001307333572	0.4388060517
3789	Ltf	-0.00253022192	0.4251472287	0.0001307333572	0.4387484301
3790	Ptpn7	-0.002531348805	0.4251086048	0.0001307333572	0.4387484301
3791	Olfr286	-0.002536975577	0.424915758	0.0001307333572	0.4387359401
3792	Gm31718	-0.002542759685	0.4247175376	0.0001307333572	0.4386445005
3793	Fam24b	-0.00255973542	0.4241358922	0.0001307333572	0.4381569134
3794	Cd22	-0.002567459527	0.4238712931	0.0001307333572	0.4379966862
3795	4932435O22Rik	-0.002567888454	0.4238566007	0.0001307333572	0.4379966862
3796	Gm44175	-0.002581092509	0.4234043618	0.0001307333572	0.4377403585
3797	Cfc1	-0.002605591833	0.4225655275	0.0001307333572	0.4370990717
3798	Zmynd15	-0.002618869866	0.4221110464	0.0001307333572	0.4367419
3799	Gm10282	-0.002649452486	0.4210646585	0.0001307333572	0.4357719622
3800	1810013D15Rik	-0.002649548989	0.4210613575	0.0001307333572	0.4357719622
3801	AC124739.1	-0.0026539232	0.420911739	0.0001307333572	0.4357719622
3802	Gm826	-0.002667309338	0.4204539414	0.0001307333572	0.43547793
3803	Lyg2	-0.002678797637	0.4200611345	0.0001307333572	0.4351837705
3804	Gm16503	-0.002680034209	0.4200188585	0.0001307333572	0.4351837705
3805	Gm19619	-0.002703579727	0.4192140591	0.0001307333572	0.434531287
3806	Slc5a1	-0.002706032972	0.4191302252	0.0001307333572	0.434531287
3807	Gm47193	-0.002713043119	0.4188906899	0.0001307333572	0.4344212496
3808	Gm36500	-0.002729427071	0.4183309711	0.0001307333572	0.4339532895
3809	AC161165.2	-0.002735063714	0.4181384468	0.0001307333572	0.4338660926
3810	Gm6559	-0.002765595342	0.4170959549	0.0001307333572	0.4328966839
3811	Ccdc105	-0.002782224434	0.416528405	0.0001307333572	0.4325181167
3812	Gm13383	-0.002813052768	0.4154766968	0.0001307333572	0.4315520091
3813	Gm11630	-0.002827793827	0.4149740191	0.0001307333572	0.4311418381
3814	Smc1b	-0.002838057421	0.4146241075	0.0001307333572	0.430890213
3815	5430427O19Rik	-0.00283852077	0.4146083124	0.0001307333572	0.430890213
3816	C1s2	-0.002838561612	0.4146069201	0.0001307333572	0.430890213
3817	Musk	-0.002845404033	0.4143736846	0.0001307333572	0.430890213
3818	A530021J07Rik	-0.002857799711	0.413951234	0.0001307333572	0.4306384749
3819	Ly6c2	-0.002868834915	0.4135752327	0.0001307333572	0.4303592432
3820	Gm15579	-0.002871123475	0.4134972648	0.0001307333572	0.4303592432
3821	Hist2h3b	-0.002871950798	0.4134690799	0.0001307333572	0.4303592432
3822	Usp51	-0.002917326207	0.4119239378	0.0001307333572	0.4290874352
3823	Fbxo24	-0.002921713959	0.4117745962	0.0001307333572	0.4290436012
3824	Cd3g	-0.002939791926	0.4111594294	0.0001307333572	0.4285142568
3825	4930426I24Rik	-0.002956636217	0.4105864393	0.0001307333572	0.428140187
3826	Cd200r1	-0.002965923303	0.4102706032	0.0001307333572	0.4279224023
3827	AC110166.1	-0.002972533843	0.4100458267	0.0001307333572	0.4277995062
3828	Gm26944	-0.002985456286	0.4096065138	0.0001307333572	0.4274526624
3829	Scin	-0.002988105459	0.4095164661	0.0001307333572	0.4274526624
3830	Lhx3	-0.003000062004	0.4091101126	0.0001307333572	0.4271575177
3831	Ankrd61	-0.003006205402	0.4089013618	0.0001307333572	0.4270510306
3832	Il12rb2	-0.003019063354	0.4084645362	0.0001307333572	0.4267062274
3833	Gm15478	-0.003046993702	0.4075160459	0.0001307333572	0.4258265892
3834	Gm35552	-0.003054527159	0.4072603088	0.0001307333572	0.4256705605
3835	Esrp1	-0.003061269101	0.4070314746	0.0001307333572	0.4255425767
3836	Ckmt2	-0.00307493515	0.4065677207	0.0001307333572	0.4251688583
3837	Gm33370	-0.00307712253	0.4064935047	0.0001307333572	0.4251688583
3838	Serpina3i	-0.003081460837	0.4063463194	0.0001307333572	0.4251596332
3839	Mgarp	-0.003102107854	0.4056460118	0.0001307333572	0.4245379506
3840	H2-Q1	-0.003145860579	0.4041630027	0.0001307333572	0.4230965744
3841	Hipk4	-0.003171456405	0.4032960627	0.0001307333572	0.4222995421
3842	2010109A12Rik	-0.003171882063	0.4032816496	0.0001307333572	0.4222995421
3843	Apol7a	-0.003177321061	0.4030974914	0.0001307333572	0.4222995421
3844	Olfr658	-0.003178505184	0.4030574013	0.0001307333572	0.4222995421
3845	Gm19990	-0.003204485532	0.4021780567	0.0001307333572	0.42157029
3846	Vil1	-0.003226602734	0.4014298559	0.0001307333572	0.4210066659
3847	Myod1	-0.003227964809	0.4013837902	0.0001307333572	0.4210066659
3848	Pcdhga2	-0.003228598796	0.4013623491	0.0001307333572	0.4210066659
3849	Gm20186	-0.003233261276	0.4012046753	0.0001307333572	0.4210066659
3850	4921536K21Rik	-0.003243854862	0.4008464859	0.0001307333572	0.4208362057
3851	Cd300e	-0.003244096075	0.400838331	0.0001307333572	0.4208362057
3852	Iglc2	-0.003246612563	0.4007532564	0.0001307333572	0.4208362057
3853	Klk1	-0.00325571005	0.4004457382	0.0001307333572	0.4207467698
3854	Gm4952	-0.003258385316	0.4003553191	0.0001307333572	0.4207467698
3855	Gm13470	-0.003259102069	0.4003310951	0.0001307333572	0.4207467698
3856	Rdh16	-0.003297805355	0.3990236156	0.0001307333572	0.419583192
3857	Gm49227	-0.003310135711	0.398607307	0.0001307333572	0.4192556476
3858	Tmem171	-0.003334038629	0.397800604	0.0001307333572	0.4185172057
3859	Rtn4rl2	-0.003342867314	0.3975027538	0.0001307333572	0.4183138687
3860	Hist1h3a	-0.00335684157	0.3970314314	0.0001307333572	0.4179278225
3861	Chrne	-0.003359072992	0.3969561841	0.0001307333572	0.4179278225
3862	Tex11	-0.003363112302	0.3968199816	0.0001307333572	0.4179252044
3863	Gm38405	-0.003391174074	0.3958741077	0.0001307333572	0.4170388282
3864	Golt1a	-0.003397507048	0.3956607276	0.0001307333572	0.4169238437
3865	Gm26776	-0.003397631993	0.3956565181	0.0001307333572	0.4169238437
3866	Gdap10	-0.003421996667	0.3948358816	0.0001307333572	0.4162739922
3867	Rfx8	-0.003436056144	0.3943625506	0.0001307333572	0.4158845774
3868	Zscan25	-0.003474808715	0.3930587028	0.0001307333572	0.4146188849
3869	4933428P19Rik	-0.003491903241	0.39248393	0.0001307333572	0.4141217937
3870	Tex14	-0.003492174162	0.3924748226	0.0001307333572	0.4141217937
3871	4930500F10Rik	-0.003514840024	0.3917130902	0.0001307333572	0.4135266194
3872	Arhgap8	-0.003536797263	0.3909755681	0.0001307333572	0.4128569885
3873	Gm14033	-0.00356564294	0.3900072661	0.0001307333572	0.4119432439
3874	H2-M5	-0.003607228068	0.3886125236	0.0001307333572	0.4105784718
3875	Adam21	-0.003617664769	0.3882627069	0.0001307333572	0.4103172596
3876	Gm14412	-0.003620846573	0.3881560774	0.0001307333572	0.4103129782
3877	Gm4681	-0.003646335813	0.3873021797	0.0001307333572	0.4096268426
3878	Spink2	-0.003667337509	0.3865990255	0.0001307333572	0.4089912992
3879	Gm26834	-0.003693227749	0.3857327112	0.0001307333572	0.4082907766
3880	8030423F21Rik	-0.003706549412	0.3852871762	0.0001307333572	0.407927132
3881	Arhgef39	-0.003718659491	0.3848822932	0.0001307333572	0.4077142936
3882	Tas1r3	-0.003736098782	0.3842994563	0.0001307333572	0.4072047219
3883	Gm45389	-0.00374265259	0.3840804896	0.0001307333572	0.4070805401
3884	Klrk1	-0.003752270032	0.3837592321	0.0001307333572	0.4068478474
3885	Zfp970	-0.003814287801	0.3816895404	0.0001307333572	0.4047609124
3886	AL589670.5	-0.003841471513	0.3807834115	0.0001307333572	0.4039070925
3887	Edar	-0.003845552951	0.3806474191	0.0001307333572	0.4038699407
3888	Neurog2	-0.003849141729	0.3805278542	0.0001307333572	0.4038502034
3889	Spata17	-0.003866495369	0.3799498557	0.0001307333572	0.4033437959
3890	Gm44837	-0.00386838819	0.3798868276	0.0001307333572	0.4033437959
3891	Areg	-0.003875181207	0.3796606567	0.0001307333572	0.4032508303
3892	Gm44899	-0.003886938975	0.3792692836	0.0001307333572	0.402942134
3893	Ltb4r2	-0.003918204507	0.3782291712	0.0001307333572	0.4019438589
3894	Glipr1l3	-0.003923313365	0.3780592981	0.0001307333572	0.4018701016
3895	Mettl11b	-0.003952363247	0.3770938183	0.0001307333572	0.4009503651
3896	0610005C13Rik	-0.003955905016	0.3769761592	0.0001307333572	0.4009318364
3897	Ankrd7	-0.003964454824	0.3766921779	0.0001307333572	0.4007363594
3898	Gm7967	-0.00396489644	0.3766775114	0.0001307333572	0.4007363594
3899	Slc38a11	-0.003993995632	0.3757114961	0.0001307333572	0.4000122396
3900	Zfp551	-0.003998643223	0.3755572805	0.0001307333572	0.3999545053
3901	Rtp2	-0.004000034845	0.3755111078	0.0001307333572	0.3999545053
3902	Gm32051	-0.004005548418	0.3753281901	0.0001307333572	0.3999234844
3903	1700034P13Rik	-0.00403064305	0.3744960081	0.0001307333572	0.3991430942
3904	Gm17281	-0.004041688484	0.3741299071	0.0001307333572	0.398859176
3905	Gm4926	-0.004050629695	0.3738336337	0.0001307333572	0.3986495694
3906	Gm12108	-0.004053060123	0.3737531126	0.0001307333572	0.3986495694
3907	Gm42846	-0.004068782832	0.3732323459	0.0001307333572	0.3982206945
3908	Col6a3	-0.004093337992	0.3724194947	0.0001307333572	0.3974594394
3909	9430078K24Rik	-0.00413588257	0.3710124849	0.0001307333572	0.3960635014
3910	Psma8	-0.004140237487	0.3708685585	0.0001307333572	0.3960635014
3911	Lipo2	-0.004142844564	0.3707824054	0.0001307333572	0.3960635014
3912	E030037K01Rik	-0.004182862471	0.3694607944	0.0001307333572	0.3948285272
3913	Prr33	-0.004193923503	0.3690957695	0.0001307333572	0.3945438477
3914	Adh7	-0.004194591927	0.3690737147	0.0001307333572	0.3945438477
3915	Gm26829	-0.004247597463	0.3673261578	0.0001307333572	0.3928622008
3916	Prss56	-0.004265543709	0.3667351022	0.0001307333572	0.3923349582
3917	Gzmb	-0.004297475306	0.3656842239	0.0001307333572	0.3913603713
3918	Il18rap	-0.004315856673	0.3650797439	0.0001307333572	0.3908776702
3919	Gm16796	-0.004327982924	0.3646811498	0.0001307333572	0.3905554482
3920	Alx4	-0.004363283257	0.3635216492	0.0001307333572	0.3894179424
3921	Trbc1	-0.004369936794	0.3633032419	0.0001307333572	0.3892882313
3922	Sox30	-0.004376473303	0.3630887193	0.0001307333572	0.3891626145
3923	Pax6os1	-0.00438281889	0.3628805037	0.0001307333572	0.389043692
3924	Gm26675	-0.004419907802	0.3616643305	0.0001307333572	0.3879477935
3925	Klf14	-0.004425120436	0.3614935159	0.0001307333572	0.3878685793
3926	Slc28a2	-0.00443298765	0.3612357648	0.0001307333572	0.387696018
3927	9130008F23Rik	-0.004503309745	0.3589346335	0.0001307333572	0.3855366632
3928	0610043K17Rik	-0.004532846403	0.3579696321	0.0001307333572	0.3846034188
3929	Gm26658	-0.004534809942	0.3579055128	0.0001307333572	0.3846034188
3930	Gm28370	-0.004535664364	0.3578776129	0.0001307333572	0.3846034188
3931	Aspm	-0.004551021801	0.3573762683	0.0001307333572	0.3842755573
3932	Dgat2l6	-0.004555391276	0.3572336714	0.0001307333572	0.3842255137
3933	Fan1	-0.004599415258	0.3557980733	0.0001307333572	0.3827843715
3934	Ear2	-0.00463026871	0.3547931751	0.0001307333572	0.3819086923
3935	5031425F14Rik	-0.004635001208	0.3546391266	0.0001307333572	0.3818456276
3936	Gm15124	-0.004640016999	0.3544758825	0.0001307333572	0.3818456276
3937	Zfp558	-0.004656176963	0.3539501216	0.0001307333572	0.3815145477
3938	Gm45474	-0.004656675875	0.353933894	0.0001307333572	0.3815145477
3939	Mrpl53	-0.004676700883	0.3532827818	0.0001307333572	0.3811033244
3940	Gja5	-0.004702245541	0.3524528214	0.0001307333572	0.3803105707
3941	Pkhd1l1	-0.004752103607	0.35083493	0.0001307333572	0.3787691552
3942	Gucy2c	-0.004765264503	0.3504083091	0.0001307333572	0.378410701
3943	Clec4n	-0.004801851384	0.3492233087	0.0001307333572	0.3772328477
3944	9430060I03Rik	-0.004841226891	0.347949629	0.0001307333572	0.3759585403
3945	Gm5464	-0.004842300347	0.3479149299	0.0001307333572	0.3759585403
3946	4930404N11Rik	-0.004871941096	0.3469573053	0.0001307333572	0.3750889787
3947	Calcb	-0.004905716108	0.3458673027	0.0001307333572	0.3741128207
3948	Iqgap3	-0.00493844951	0.3448121329	0.0001307333572	0.373173304
3949	9430085M18Rik	-0.00494927798	0.3444633394	0.0001307333572	0.3728967138
3950	2010109I03Rik	-0.004996254943	0.3429517088	0.0001307333572	0.3713608108
3951	A330032B11Rik	-0.005071479005	0.3405363751	0.0001307333572	0.3688452479
3952	Rec114	-0.005145342549	0.3381710716	0.0001307333572	0.3663825261
3953	Ptx3	-0.005157825175	0.3377719723	0.0001307333572	0.3660492791
3954	A930001A20Rik	-0.005168090945	0.3374438878	0.0001307333572	0.3657928323
3955	Il7	-0.005221417421	0.3357416154	0.0001307333572	0.3641449191
3956	Hist2h2ac	-0.00524221451	0.3350786469	0.0001307333572	0.3635244338
3957	Gm43570	-0.005361951542	0.3312717181	0.0001307333572	0.3594918264
3958	Cdk15	-0.005367057935	0.3311097485	0.0001307333572	0.3594135669
3959	P2ry10b	-0.005420594575	0.3294135285	0.0001307333572	0.357669412
3960	Gm10330	-0.005531646893	0.325906223	0.0001307333572	0.3541496582
3961	Gm48898	-0.005626856889	0.322911459	0.0001307333572	0.3510861202
3962	Ms4a4b	-0.005684447395	0.3211055315	0.0001307333572	0.3492175438
3963	Rtp1	-0.005688262538	0.3209860446	0.0001307333572	0.3491825343
3964	Adprhl1	-0.005691312126	0.3208905476	0.0001307333572	0.34917361
3965	Dennd2c	-0.005703101124	0.3205214897	0.0001307333572	0.3488669276
3966	B230303O12Rik	-0.005758147572	0.3188005981	0.0001307333572	0.3471827913
3967	Cytip	-0.005847068415	0.3160289549	0.0001307333572	0.3442581208
3968	Rbm3os	-0.005953891086	0.3127129488	0.0001307333572	0.3409244468
3969	Bmx	-0.006060032811	0.3094330257	0.0001307333572	0.3375326159
3970	3110006O06Rik	-0.006071013476	0.3090945671	0.0001307333572	0.3372553924
3971	Tspan1	-0.006210711241	0.3048028615	0.0001307333572	0.3330268904
3972	Gm8369	-0.006214466315	0.3046878667	0.0001307333572	0.3329922041
3973	Ccr1	-0.006228058459	0.3042717847	0.0001307333572	0.3326283517
3974	Ifi207	-0.006300876932	0.3020469927	0.0001307333572	0.3302864874
3975	Cldn23	-0.006333551545	0.3010510791	0.0001307333572	0.3292874806
3976	C030017D09Rik	-0.006336310621	0.300967051	0.0001307333572	0.3292856138
3977	Klkb1	-0.006351290768	0.3005110129	0.0001307333572	0.3288766216
3978	Gm29609	-0.006520666177	0.2953766111	0.0001307333572	0.3235231228
3979	Tdrd6	-0.006972115044	0.2818926182	0.0001307333572	0.3093471805
3980	Sell	-0.007004375932	0.2809405081	0.0001307333572	0.3083869464
3981	Dct	-0.007056950989	0.279392208	0.0001307333572	0.3067715706
3982	Gm43403	-0.007072352816	0.2789394208	0.0001307333572	0.3063585071
3983	Prc1	-0.007125942158	0.2773667739	0.0001307333572	0.3047149398
3984	Fbxl13	-0.007208434467	0.2749544385	0.0001307333572	0.3023138411
3985	Ighd	-0.00739864917	0.2694316683	0.0001307333572	0.2963229786
3986	Cdc6	-0.007435873959	0.2683574113	0.0001307333572	0.2952226747
3987	1810009A15Rik	-0.007488726019	0.266835882	0.0001307333572	0.293710382
3988	Gm33940	-0.007524766333	0.2658008425	0.0001307333572	0.2927322054
3989	Alox12	-0.007587582418	0.2640017086	0.0001307333572	0.290830855
3990	Ribc2	-0.007885133347	0.2555646117	0.0001307333572	0.2818468284
3991	4930458D05Rik	-0.007961119523	0.2534328137	0.0001307333572	0.2795728778
3992	Gm13112	-0.008706318501	0.2330311707	0.0001307333572	0.2572087977
3993	Pde6g	-0.008719037231	0.2326910642	0.0001307333572	0.2569042939
3994	Uprt	-0.009071891811	0.223366269	0.0001307333572	0.2466772711
3995	Bst1	-0.009333118993	0.2166020833	0.0001307333572	0.2394054527
3996	Ms4a7	-0.009352067075	0.2161160968	0.0001307333572	0.2390003835
3997	Dkk2	-0.009386109782	0.2152445468	0.0001307333572	0.2381023748
3998	Gm17275	-0.009774251678	0.2054526144	0.0001307333572	0.2274593019
3999	Gm765	-0.01011114807	0.1971718674	0.0001307333572	0.2184729833
4000	A330033J07Rik	-0.01133737006	0.1687765626	0.0001307333572	0.1873733695
